#,target,auid,jd,mag,uncertainty,fainterthan,band,type,observer,airmass,transformed
1,SN 2011BY,000-BKB-410,2455677.363194,14.5,,False,Unknown,Other,HTHA,,
2,SN 2011BY,000-BKB-410,2455679.365,14.2,0.05,False,Unfiltered with R Zeropoint,CCD,SIV,,False
3,SN 2011BY,000-BKB-410,2455679.65487,14.323,0.02,False,Johnson V,CCD,KRV,1.046,False
4,SN 2011BY,000-BKB-410,2455679.65572,14.350,0.02,False,Johnson V,CCD,KRV,1.045,False
5,SN 2011BY,000-BKB-410,2455679.66165,14.328,0.02,False,Johnson V,CCD,KRV,1.042,False
6,SN 2011BY,000-BKB-410,2455679.66249,14.330,0.02,False,Johnson V,CCD,KRV,1.042,False
7,SN 2011BY,000-BKB-410,2455679.80624,14.5,,False,Johnson V,CCD,NAO,,False
8,SN 2011BY,000-BKB-410,2455680.348,14.0,0.05,False,Unfiltered with R Zeropoint,CCD,SIV,,False
9,SN 2011BY,000-BKB-410,2455680.35529,14.177,0.020,False,Johnson V,CCD,LMJ,1.007,False
10,SN 2011BY,000-BKB-410,2455680.36009,14.177,0.019,False,Johnson V,CCD,LMJ,1.009,False
11,SN 2011BY,000-BKB-410,2455680.36460,14.163,0.023,False,Johnson V,CCD,LMJ,1.011,False
12,SN 2011BY,000-BKB-410,2455680.37230,14.193,0.019,False,Johnson V,CCD,LMJ,1.014,False
13,SN 2011BY,000-BKB-410,2455680.37589,14.183,0.018,False,Johnson V,CCD,LMJ,1.016,False
14,SN 2011BY,000-BKB-410,2455680.37758,14.188,0.022,False,Johnson V,CCD,ATE,1.04,False
15,SN 2011BY,000-BKB-410,2455680.37836,14.167,0.022,False,Johnson V,CCD,ATE,1.04,False
16,SN 2011BY,000-BKB-410,2455680.37902,14.184,0.022,False,Johnson V,CCD,ATE,1.04,False
17,SN 2011BY,000-BKB-410,2455680.37948,14.181,0.018,False,Johnson V,CCD,LMJ,1.018,False
18,SN 2011BY,000-BKB-410,2455680.37964,14.185,0.022,False,Johnson V,CCD,ATE,1.04,False
19,SN 2011BY,000-BKB-410,2455680.38027,14.198,0.022,False,Johnson V,CCD,ATE,1.04,False
20,SN 2011BY,000-BKB-410,2455680.38089,14.188,0.022,False,Johnson V,CCD,ATE,1.04,False
21,SN 2011BY,000-BKB-410,2455680.38152,14.144,0.022,False,Johnson V,CCD,ATE,1.04,False
22,SN 2011BY,000-BKB-410,2455680.38218,14.206,0.022,False,Johnson V,CCD,ATE,1.04,False
23,SN 2011by,000-BKB-410,2455680.38253,13.987,0.018,False,Johnson V,CCD,DAJB,1.050,False
24,SN 2011BY,000-BKB-410,2455680.38283,14.201,0.022,False,Johnson V,CCD,ATE,1.04,False
25,SN 2011BY,000-BKB-410,2455680.38307,14.204,0.017,False,Johnson V,CCD,LMJ,1.020,False
26,SN 2011BY,000-BKB-410,2455680.38345,14.203,0.022,False,Johnson V,CCD,ATE,1.04,False
27,SN 2011BY,000-BKB-410,2455680.38411,14.213,0.022,False,Johnson V,CCD,ATE,1.04,False
28,SN 2011BY,000-BKB-410,2455680.38474,14.166,0.022,False,Johnson V,CCD,ATE,1.04,False
29,SN 2011BY,000-BKB-410,2455680.38540,14.206,0.022,False,Johnson V,CCD,ATE,1.04,False
30,SN 2011BY,000-BKB-410,2455680.38605,14.165,0.022,False,Johnson V,CCD,ATE,1.04,False
31,SN 2011BY,000-BKB-410,2455680.38666,14.175,0.017,False,Johnson V,CCD,LMJ,1.023,False
32,SN 2011BY,000-BKB-410,2455680.38668,14.177,0.022,False,Johnson V,CCD,ATE,1.04,False
33,SN 2011BY,000-BKB-410,2455680.38731,14.182,0.022,False,Johnson V,CCD,ATE,1.04,False
34,SN 2011BY,000-BKB-410,2455680.38793,14.183,0.022,False,Johnson V,CCD,ATE,1.04,False
35,SN 2011BY,000-BKB-410,2455680.38856,14.201,0.022,False,Johnson V,CCD,ATE,1.04,False
36,SN 2011BY,000-BKB-410,2455680.38918,14.233,0.022,False,Johnson V,CCD,ATE,1.03,False
37,SN 2011BY,000-BKB-410,2455680.38981,14.192,0.022,False,Johnson V,CCD,ATE,1.03,False
38,SN 2011BY,000-BKB-410,2455680.39047,14.188,0.022,False,Johnson V,CCD,ATE,1.03,False
39,SN 2011BY,000-BKB-410,2455680.39109,14.212,0.022,False,Johnson V,CCD,ATE,1.03,False
40,SN 2011BY,000-BKB-410,2455680.39172,14.156,0.022,False,Johnson V,CCD,ATE,1.03,False
41,SN 2011BY,000-BKB-410,2455680.39234,14.135,0.021,False,Johnson V,CCD,ATE,1.03,False
42,SN 2011BY,000-BKB-410,2455680.39297,14.146,0.021,False,Johnson V,CCD,ATE,1.03,False
43,SN 2011BY,000-BKB-410,2455680.39364,14.167,0.022,False,Johnson V,CCD,ATE,1.03,False
44,SN 2011BY,000-BKB-410,2455680.39383,14.140,0.017,False,Johnson V,CCD,LMJ,1.028,False
45,SN 2011BY,000-BKB-410,2455680.39426,14.166,0.022,False,Johnson V,CCD,ATE,1.03,False
46,SN 2011BY,000-BKB-410,2455680.39491,14.137,0.021,False,Johnson V,CCD,ATE,1.03,False
47,SN 2011BY,000-BKB-410,2455680.39557,14.175,0.022,False,Johnson V,CCD,ATE,1.03,False
48,SN 2011BY,000-BKB-410,2455680.39622,14.215,0.022,False,Johnson V,CCD,ATE,1.03,False
49,SN 2011BY,000-BKB-410,2455680.39686,14.199,0.022,False,Johnson V,CCD,ATE,1.03,False
50,SN 2011BY,000-BKB-410,2455680.39742,14.132,0.017,False,Johnson V,CCD,LMJ,1.031,False
51,SN 2011BY,000-BKB-410,2455680.39751,14.213,0.022,False,Johnson V,CCD,ATE,1.03,False
52,SN 2011BY,000-BKB-410,2455680.39814,14.177,0.022,False,Johnson V,CCD,ATE,1.03,False
53,SN 2011BY,000-BKB-410,2455680.39876,14.183,0.022,False,Johnson V,CCD,ATE,1.03,False
54,SN 2011BY,000-BKB-410,2455680.39940,14.192,0.022,False,Johnson V,CCD,ATE,1.03,False
55,SN 2011BY,000-BKB-410,2455680.40003,14.173,0.022,False,Johnson V,CCD,ATE,1.03,False
56,SN 2011BY,000-BKB-410,2455680.40065,14.204,0.022,False,Johnson V,CCD,ATE,1.03,False
57,SN 2011BY,000-BKB-410,2455680.40101,14.159,0.018,False,Johnson V,CCD,LMJ,1.034,False
58,SN 2011BY,000-BKB-410,2455680.40130,14.183,0.022,False,Johnson V,CCD,ATE,1.03,False
59,SN 2011BY,000-BKB-410,2455680.40192,14.175,0.022,False,Johnson V,CCD,ATE,1.03,False
60,SN 2011BY,000-BKB-410,2455680.40255,14.161,0.022,False,Johnson V,CCD,ATE,1.03,False
61,SN 2011BY,000-BKB-410,2455680.40318,14.128,0.022,False,Johnson V,CCD,ATE,1.03,False
62,SN 2011BY,000-BKB-410,2455680.40383,14.166,0.022,False,Johnson V,CCD,ATE,1.03,False
63,SN 2011BY,000-BKB-410,2455680.40446,14.134,0.021,False,Johnson V,CCD,ATE,1.03,False
64,SN 2011BY,000-BKB-410,2455680.40460,14.153,0.018,False,Johnson V,CCD,LMJ,1.037,False
65,SN 2011BY,000-BKB-410,2455680.40512,14.148,0.022,False,Johnson V,CCD,ATE,1.03,False
66,SN 2011BY,000-BKB-410,2455680.40818,14.160,0.018,False,Johnson V,CCD,LMJ,1.040,False
67,SN 2011BY,000-BKB-410,2455680.41177,14.176,0.017,False,Johnson V,CCD,LMJ,1.043,False
68,SN 2011BY,000-BKB-410,2455680.41536,14.159,0.017,False,Johnson V,CCD,LMJ,1.047,False
69,SN 2011BY,000-BKB-410,2455680.41895,14.147,0.017,False,Johnson V,CCD,LMJ,1.051,False
70,SN 2011BY,000-BKB-410,2455680.42254,14.189,0.017,False,Johnson V,CCD,LMJ,1.055,False
71,SN 2011BY,000-BKB-410,2455680.42355,14.181,0.011,False,Johnson V,CCD,BDG,1.007,True
72,SN 2011BY,000-BKB-410,2455680.42429,14.039,0.020,False,Cousins R,CCD,BDG,1.007,True
73,SN 2011BY,000-BKB-410,2455680.42613,14.184,0.016,False,Johnson V,CCD,LMJ,1.059,False
74,SN 2011BY,000-BKB-410,2455680.42971,14.130,0.017,False,Johnson V,CCD,LMJ,1.063,False
75,SN 2011BY,000-BKB-410,2455680.43330,14.167,0.017,False,Johnson V,CCD,LMJ,1.067,False
76,SN 2011BY,000-BKB-410,2455680.43689,14.169,0.017,False,Johnson V,CCD,LMJ,1.072,False
77,SN 2011BY,000-BKB-410,2455680.44048,14.562,0.014,False,Johnson V,CCD,LMJ,1.077,False
78,SN 2011BY,000-BKB-410,2455680.4653,14.0,,False,Visual,Visual,PKU,,
79,SN 2011BY,000-BKB-410,2455680.569086,13.976,0.028,False,Unfiltered with V Zeropoint,CCD,CDK,1.09,False
80,SN 2011BY,000-BKB-410,2455680.569479,13.906,0.027,False,Unfiltered with V Zeropoint,CCD,CDK,1.09,False
81,SN 2011BY,000-BKB-410,2455680.569861,13.922,0.027,False,Unfiltered with V Zeropoint,CCD,CDK,1.09,False
82,SN 2011BY,000-BKB-410,2455680.570255,13.904,0.026,False,Unfiltered with V Zeropoint,CCD,CDK,1.09,False
83,SN 2011BY,000-BKB-410,2455680.570637,13.912,0.027,False,Unfiltered with V Zeropoint,CCD,CDK,1.09,False
84,SN 2011BY,000-BKB-410,2455680.57103,13.870,0.026,False,Unfiltered with V Zeropoint,CCD,CDK,1.09,False
85,SN 2011BY,000-BKB-410,2455680.571412,13.891,0.026,False,Unfiltered with V Zeropoint,CCD,CDK,1.09,False
86,SN 2011BY,000-BKB-410,2455680.571806,13.907,0.027,False,Unfiltered with V Zeropoint,CCD,CDK,1.09,False
87,SN 2011BY,000-BKB-410,2455680.572188,13.884,0.027,False,Unfiltered with V Zeropoint,CCD,CDK,1.09,False
88,SN 2011BY,000-BKB-410,2455680.572581,13.863,0.025,False,Unfiltered with V Zeropoint,CCD,CDK,1.09,False
89,SN 2011BY,000-BKB-410,2455680.572963,13.936,0.026,False,Unfiltered with V Zeropoint,CCD,CDK,1.09,False
90,SN 2011BY,000-BKB-410,2455680.573356,13.851,0.026,False,Unfiltered with V Zeropoint,CCD,CDK,1.09,False
91,SN 2011BY,000-BKB-410,2455680.573738,13.930,0.032,False,Unfiltered with V Zeropoint,CCD,CDK,1.09,False
92,SN 2011BY,000-BKB-410,2455680.574132,13.874,0.026,False,Unfiltered with V Zeropoint,CCD,CDK,1.09,False
93,SN 2011BY,000-BKB-410,2455680.574514,13.885,0.026,False,Unfiltered with V Zeropoint,CCD,CDK,1.09,False
94,SN 2011BY,000-BKB-410,2455680.574907,13.856,0.026,False,Unfiltered with V Zeropoint,CCD,CDK,1.09,False
95,SN 2011BY,000-BKB-410,2455680.575289,13.868,0.025,False,Unfiltered with V Zeropoint,CCD,CDK,1.09,False
96,SN 2011BY,000-BKB-410,2455680.575683,13.891,0.027,False,Unfiltered with V Zeropoint,CCD,CDK,1.09,False
97,SN 2011BY,000-BKB-410,2455680.576065,13.861,0.026,False,Unfiltered with V Zeropoint,CCD,CDK,1.09,False
98,SN 2011BY,000-BKB-410,2455680.576458,13.762,0.027,False,Unfiltered with V Zeropoint,CCD,CDK,1.09,False
99,SN 2011BY,000-BKB-410,2455680.57684,13.929,0.027,False,Unfiltered with V Zeropoint,CCD,CDK,1.09,False
100,SN 2011BY,000-BKB-410,2455680.58636,13.90,0.18,False,Johnson V,CCD,SDI,1.231,False
101,SN 2011BY,000-BKB-410,2455680.6653,13.9,,False,Visual,Visual,BTB,,
102,SN 2011BY,000-BKB-410,2455680.66806,13.9,,False,Visual,Visual,CKB,,
103,SN 2011BY,000-BKB-410,2455680.672188,14.386,0.023,False,Johnson B,CCD,EM,,False
104,SN 2011BY,000-BKB-410,2455680.673264,14.086,0.029,False,Johnson V,CCD,EM,,False
105,SN 2011BY,000-BKB-410,2455680.67434,13.925,0.037,False,Cousins R,CCD,EM,,False
106,SN 2011BY,000-BKB-410,2455680.675417,14.465,0.025,False,Johnson B,CCD,EM,,False
107,SN 2011BY,000-BKB-410,2455680.676493,14.078,0.029,False,Johnson V,CCD,EM,,False
108,SN 2011BY,000-BKB-410,2455680.677569,13.917,0.037,False,Cousins R,CCD,EM,,False
109,SN 2011BY,000-BKB-410,2455680.678646,14.419,0.024,False,Johnson B,CCD,EM,,False
110,SN 2011BY,000-BKB-410,2455680.679722,14.060,0.029,False,Johnson V,CCD,EM,,False
111,SN 2011BY,000-BKB-410,2455680.680799,13.904,0.037,False,Cousins R,CCD,EM,,False
112,SN 2011BY,000-BKB-410,2455680.681875,14.409,0.023,False,Johnson B,CCD,EM,,False
113,SN 2011BY,000-BKB-410,2455680.682951,14.073,0.029,False,Johnson V,CCD,EM,,False
114,SN 2011BY,000-BKB-410,2455680.684028,13.913,0.037,False,Cousins R,CCD,EM,,False
115,SN 2011BY,000-BKB-410,2455680.685093,14.431,0.025,False,Johnson B,CCD,EM,,False
116,SN 2011BY,000-BKB-410,2455680.686169,14.080,0.029,False,Johnson V,CCD,EM,,False
117,SN 2011BY,000-BKB-410,2455680.687245,13.924,0.038,False,Cousins R,CCD,EM,,False
118,SN 2011BY,000-BKB-410,2455680.688322,14.368,0.024,False,Johnson B,CCD,EM,,False
119,SN 2011BY,000-BKB-410,2455680.689398,14.051,0.030,False,Johnson V,CCD,EM,,False
120,SN 2011BY,000-BKB-410,2455680.690475,13.880,0.036,False,Cousins R,CCD,EM,,False
121,SN 2011BY,000-BKB-410,2455680.691551,14.442,0.026,False,Johnson B,CCD,EM,,False
122,SN 2011BY,000-BKB-410,2455680.692627,14.069,0.030,False,Johnson V,CCD,EM,,False
123,SN 2011BY,000-BKB-410,2455680.693704,13.901,0.038,False,Cousins R,CCD,EM,,False
124,SN 2011BY,000-BKB-410,2455680.69478,14.390,0.024,False,Johnson B,CCD,EM,,False
125,SN 2011BY,000-BKB-410,2455680.695856,14.073,0.029,False,Johnson V,CCD,EM,,False
126,SN 2011BY,000-BKB-410,2455680.696933,13.916,0.038,False,Cousins R,CCD,EM,,False
127,SN 2011BY,000-BKB-410,2455680.698009,14.420,0.024,False,Johnson B,CCD,EM,,False
128,SN 2011BY,000-BKB-410,2455680.699086,14.039,0.029,False,Johnson V,CCD,EM,,False
129,SN 2011BY,000-BKB-410,2455680.700162,13.882,0.036,False,Cousins R,CCD,EM,,False
130,SN 2011BY,000-BKB-410,2455680.701238,14.428,0.025,False,Johnson B,CCD,EM,,False
131,SN 2011BY,000-BKB-410,2455680.702315,14.055,0.030,False,Johnson V,CCD,EM,,False
132,SN 2011BY,000-BKB-410,2455680.703391,13.911,0.037,False,Cousins R,CCD,EM,,False
133,SN 2011BY,000-BKB-410,2455680.76649,14.214,0.051,False,Johnson B,CCD,SXN,1.153,False
134,SN 2011BY,000-BKB-410,2455680.76883,14.035,0.010,False,Johnson V,CCD,SXN,1.156,False
135,SN 2011BY,000-BKB-410,2455680.77012,13.841,0.017,False,Cousins R,CCD,SXN,1.158,False
136,SN 2011BY,000-BKB-410,2455680.77138,13.739,0.017,False,Cousins I,CCD,SXN,1.162,False
137,SN 2011BY,000-BKB-410,2455680.80421,13.8,,False,Johnson V,CCD,NAO,,False
138,SN 2011BY,000-BKB-410,2455681.305607,14.5195,0.0275,False,Cousins R,CCD,RNL,,False
139,SN 2011BY,000-BKB-410,2455681.35764,13.5,,False,Visual,Visual,WKL,,
140,SN 2011BY,000-BKB-410,2455681.36668,13.882,0.009,False,Johnson V,CCD,LMJ,1.013,False
141,SN 2011BY,000-BKB-410,2455681.37028,13.889,0.009,False,Johnson V,CCD,LMJ,1.015,False
142,SN 2011BY,000-BKB-410,2455681.37388,13.881,0.009,False,Johnson V,CCD,LMJ,1.016,False
143,SN 2011BY,000-BKB-410,2455681.37748,13.887,0.009,False,Johnson V,CCD,LMJ,1.019,False
144,SN 2011BY,000-BKB-410,2455681.38107,13.906,0.009,False,Johnson V,CCD,LMJ,1.021,False
145,SN 2011BY,000-BKB-410,2455681.38467,13.896,0.009,False,Johnson V,CCD,LMJ,1.023,False
146,SN 2011BY,000-BKB-410,2455681.38827,13.889,0.009,False,Johnson V,CCD,LMJ,1.026,False
147,SN 2011BY,000-BKB-410,2455681.39187,13.896,0.009,False,Johnson V,CCD,LMJ,1.028,False
148,SN 2011BY,000-BKB-410,2455681.39547,13.894,0.009,False,Johnson V,CCD,LMJ,1.031,False
149,SN 2011BY,000-BKB-410,2455681.39906,13.893,0.009,False,Johnson V,CCD,LMJ,1.034,False
150,SN 2011BY,000-BKB-410,2455681.40266,13.884,0.009,False,Johnson V,CCD,LMJ,1.037,False
151,SN 2011BY,000-BKB-410,2455681.40626,13.887,0.009,False,Johnson V,CCD,LMJ,1.041,False
152,SN 2011BY,000-BKB-410,2455681.40986,13.884,0.009,False,Johnson V,CCD,LMJ,1.044,False
153,SN 2011BY,000-BKB-410,2455681.41346,13.887,0.009,False,Johnson V,CCD,LMJ,1.048,False
154,SN 2011BY,000-BKB-410,2455681.41706,13.873,0.009,False,Johnson V,CCD,LMJ,1.052,False
155,SN 2011BY,000-BKB-410,2455681.42066,13.874,0.009,False,Johnson V,CCD,LMJ,1.055,False
156,SN 2011BY,000-BKB-410,2455681.42426,13.875,0.009,False,Johnson V,CCD,LMJ,1.060,False
157,SN 2011BY,000-BKB-410,2455681.42786,13.874,0.009,False,Johnson V,CCD,LMJ,1.064,False
158,SN 2011BY,000-BKB-410,2455681.43146,13.892,0.009,False,Johnson V,CCD,LMJ,1.068,False
159,SN 2011BY,000-BKB-410,2455681.43506,13.887,0.009,False,Johnson V,CCD,LMJ,1.073,False
160,SN 2011BY,000-BKB-410,2455681.43866,13.886,0.009,False,Johnson V,CCD,LMJ,1.078,False
161,SN 2011BY,000-BKB-410,2455681.44226,13.891,0.009,False,Johnson V,CCD,LMJ,1.083,False
162,SN 2011BY,000-BKB-410,2455681.44586,13.883,0.009,False,Johnson V,CCD,LMJ,1.088,False
163,SN 2011BY,000-BKB-410,2455681.44946,13.878,0.014,False,Johnson V,CCD,LMJ,1.093,False
164,SN 2011BY,000-BKB-410,2455681.563,13.718,0.024,False,Unfiltered with V Zeropoint,CCD,CDK,1.09,False
165,SN 2011BY,000-BKB-410,2455681.563,13.694,0.024,False,Unfiltered with V Zeropoint,CCD,CDK,1.09,False
166,SN 2011BY,000-BKB-410,2455681.564,13.721,0.023,False,Unfiltered with V Zeropoint,CCD,CDK,1.09,False
167,SN 2011BY,000-BKB-410,2455681.564,13.691,0.024,False,Unfiltered with V Zeropoint,CCD,CDK,1.09,False
168,SN 2011BY,000-BKB-410,2455681.565,13.705,0.024,False,Unfiltered with V Zeropoint,CCD,CDK,1.09,False
169,SN 2011BY,000-BKB-410,2455681.565,13.737,0.023,False,Unfiltered with V Zeropoint,CCD,CDK,1.09,False
170,SN 2011BY,000-BKB-410,2455681.565,13.69,0.024,False,Unfiltered with V Zeropoint,CCD,CDK,1.09,False
171,SN 2011BY,000-BKB-410,2455681.566,13.719,0.022,False,Unfiltered with V Zeropoint,CCD,CDK,1.09,False
172,SN 2011BY,000-BKB-410,2455681.566,13.721,0.024,False,Unfiltered with V Zeropoint,CCD,CDK,1.09,False
173,SN 2011BY,000-BKB-410,2455681.567,13.721,0.023,False,Unfiltered with V Zeropoint,CCD,CDK,1.09,False
174,SN 2011BY,000-BKB-410,2455681.567,13.727,0.024,False,Unfiltered with V Zeropoint,CCD,CDK,1.09,False
175,SN 2011BY,000-BKB-410,2455681.567,13.68,0.023,False,Unfiltered with V Zeropoint,CCD,CDK,1.09,False
176,SN 2011BY,000-BKB-410,2455681.568,13.729,0.023,False,Unfiltered with V Zeropoint,CCD,CDK,1.09,False
177,SN 2011BY,000-BKB-410,2455681.568,13.735,0.023,False,Unfiltered with V Zeropoint,CCD,CDK,1.09,False
178,SN 2011BY,000-BKB-410,2455681.569,13.696,0.023,False,Unfiltered with V Zeropoint,CCD,CDK,1.09,False
179,SN 2011BY,000-BKB-410,2455681.569,13.711,0.022,False,Unfiltered with V Zeropoint,CCD,CDK,1.09,False
180,SN 2011by,000-BKB-410,2455681.61944,11.7,,True,Visual,Visual,ASA,,
181,SN 2011by,000-BKB-410,2455681.67153,13.2,,False,Visual,Visual,ASA,,
182,SN 2011by,000-BKB-410,2455681.70000,13.7,,False,Visual,Visual,ASA,,
183,SN 2011BY,000-BKB-410,2455681.72403,13.701,0.067,False,Cousins I,CCD,NMR,,False
184,SN 2011BY,000-BKB-410,2455681.72471,13.700,0.030,False,Cousins R,CCD,NMR,,False
185,SN 2011BY,000-BKB-410,2455681.72610,13.867,0.018,False,Johnson V,CCD,NMR,,False
186,SN 2011BY,000-BKB-410,2455681.72679,13.995,0.030,False,Johnson B,CCD,NMR,,False
187,SN 2011BY,000-BKB-410,2455681.72985,13.680,0.056,False,Johnson V,CCD,LCO,,False
188,SN 2011BY,000-BKB-410,2455681.790451,13.680,,False,Cousins R,CCD,GERA,,False
189,SN 2011BY,000-BKB-410,2455681.791528,13.598,,False,Cousins R,CCD,GERA,,False
190,SN 2011BY,000-BKB-410,2455681.794213,14.009,,False,Johnson B,CCD,GERA,,False
191,SN 2011BY,000-BKB-410,2455681.795301,13.981,,False,Johnson B,CCD,GERA,,False
192,SN 2011BY,000-BKB-410,2455681.797928,13.884,,False,Johnson V,CCD,GERA,,False
193,SN 2011BY,000-BKB-410,2455681.799028,13.765,,False,Johnson V,CCD,GERA,,False
194,SN 2011BY,000-BKB-410,2455682.314,13.4,0.05,False,Unfiltered with R Zeropoint,CCD,SIV,,False
195,SN 2011BY,000-BKB-410,2455682.35069,13.3,,False,Visual,Visual,WKL,,
196,SN 2011BY,000-BKB-410,2455682.37746,13.708,0.015,False,Johnson V,CCD,BDG,1.004,True
197,SN 2011BY,000-BKB-410,2455682.37820,13.551,0.009,False,Cousins R,CCD,BDG,1.004,True
198,SN 2011BY,000-BKB-410,2455682.4028,13.5,,False,Visual,Visual,GGU,,
199,SN 2011BY,000-BKB-410,2455682.4132,13.7,,False,Visual,Visual,PKU,,
200,SN 2011by,000-BKB-410,2455682.41424,13.5,,False,Visual,Visual,KGEA,,
201,SN 2011BY,000-BKB-410,2455682.427,13.8,,False,Visual,Visual,SAQ,,
202,SN 2011BY,000-BKB-410,2455682.43264,13.52,0.1,False,Johnson V,CCD,EHEA,,True
203,SN 2011BY,000-BKB-410,2455682.5856,13.64,0.025,False,Johnson V,CCD,CNY,,False
204,SN 2011by,000-BKB-410,2455682.59975,13.763,0.013,False,Johnson V,CCD,SDI,1.289,False
205,SN 2011BY,000-BKB-410,2455682.624815,13.594,0.011,False,Unfiltered with V Zeropoint,CCD,VLYA,1.400,False
206,SN 2011BY,000-BKB-410,2455682.624815,13.593,0.011,False,Unfiltered with V Zeropoint,CCD,VLYA,1.400,False
207,SN 2011BY,000-BKB-410,2455682.71128,13.659,0.016,False,Johnson V,CCD,NMR,,False
208,SN 2011BY,000-BKB-410,2455682.71198,13.503,0.036,False,Cousins R,CCD,NMR,,False
209,SN 2011BY,000-BKB-410,2455682.71267,13.481,0.068,False,Cousins I,CCD,NMR,,False
210,SN 2011BY,000-BKB-410,2455682.71337,13.803,0.025,False,Johnson B,CCD,NMR,,False
211,SN 2011BY,000-BKB-410,2455682.78264,13.5,,False,Visual,Visual,LHS,,
212,SN 2011BY,000-BKB-410,2455682.80382,13.594,.005,False,Johnson V,CCD,CTX,1.054,True
213,SN 2011BY,000-BKB-410,2455682.81716,13.766,.006,False,Johnson B,CCD,CTX,1.072,True
214,SN 2011BY,000-BKB-410,2455682.82959,13.482,.004,False,Cousins R,CCD,CTX,1.091,True
215,SN 2011BY,000-BKB-410,2455682.83758,13.475,.008,False,Cousins I,CCD,CTX,1.105,True
216,SN 2011BY,000-BKB-410,2455683.40453,13.419,0.024,False,Johnson V,CCD,ATE,1.03,False
217,SN 2011BY,000-BKB-410,2455683.40504,13.491,0.021,False,Johnson V,CCD,ATE,1.03,False
218,SN 2011BY,000-BKB-410,2455683.40555,13.493,0.018,False,Johnson V,CCD,ATE,1.03,False
219,SN 2011BY,000-BKB-410,2455683.40605,13.481,0.018,False,Johnson V,CCD,ATE,1.03,False
220,SN 2011BY,000-BKB-410,2455683.40656,13.474,0.020,False,Johnson V,CCD,ATE,1.03,False
221,SN 2011BY,000-BKB-410,2455683.40707,13.501,0.019,False,Johnson V,CCD,ATE,1.03,False
222,SN 2011BY,000-BKB-410,2455683.40759,13.506,0.018,False,Johnson V,CCD,ATE,1.03,False
223,SN 2011BY,000-BKB-410,2455683.40915,13.373,0.040,False,Johnson V,CCD,ATE,1.03,False
224,SN 2011BY,000-BKB-410,2455683.40965,13.456,0.048,False,Johnson V,CCD,ATE,1.03,False
225,SN 2011BY,000-BKB-410,2455683.41018,13.462,0.018,False,Johnson V,CCD,ATE,1.03,False
226,SN 2011BY,000-BKB-410,2455683.41072,13.544,0.021,False,Johnson V,CCD,ATE,1.03,False
227,SN 2011BY,000-BKB-410,2455683.41111,13.513,0.012,False,Johnson V,CCD,BDG,1.005,True
228,SN 2011BY,000-BKB-410,2455683.41123,13.557,0.024,False,Johnson V,CCD,ATE,1.03,False
229,SN 2011BY,000-BKB-410,2455683.41177,13.536,0.020,False,Johnson V,CCD,ATE,1.03,False
230,SN 2011BY,000-BKB-410,2455683.41185,13.342,0.013,False,Cousins R,CCD,BDG,1.005,True
231,SN 2011BY,000-BKB-410,2455683.41215,13.5,,False,Visual,Visual,KGEA,,
232,SN 2011BY,000-BKB-410,2455683.41285,13.561,0.041,False,Johnson V,CCD,ATE,1.03,False
233,SN 2011BY,000-BKB-410,2455683.41441,13.458,0.041,False,Johnson V,CCD,ATE,1.03,False
234,SN 2011BY,000-BKB-410,2455683.41492,13.533,0.026,False,Johnson V,CCD,ATE,1.03,False
235,SN 2011BY,000-BKB-410,2455683.41543,13.519,0.028,False,Johnson V,CCD,ATE,1.03,False
236,SN 2011BY,000-BKB-410,2455683.465,13.3,,False,Visual,Visual,BMU,,
237,SN 2011BY,000-BKB-410,2455683.558,13.2,,False,Visual,Visual,VDE,,
238,SN 2011BY,000-BKB-410,2455683.570694,13.415,0.009,False,Unfiltered with V Zeropoint,CCD,VLYA,1.400,False
239,SN 2011BY,000-BKB-410,2455683.570694,13.416,0.009,False,Unfiltered with V Zeropoint,CCD,VLYA,1.400,False
240,SN 2011BY,000-BKB-410,2455683.71916,13.319,0.043,False,Cousins R,CCD,NMR,,False
241,SN 2011BY,000-BKB-410,2455683.71985,13.601,0.034,False,Johnson B,CCD,NMR,,False
242,SN 2011BY,000-BKB-410,2455683.72056,13.346,0.114,False,Cousins I,CCD,NMR,,False
243,SN 2011BY,000-BKB-410,2455683.72124,13.511,0.041,False,Johnson V,CCD,NMR,,False
244,SN 2011BY,000-BKB-410,2455684.2951,12.9,,False,Visual,Visual,BOZ,,
245,SN 2011BY,000-BKB-410,2455684.32,13.1,,False,Visual,Visual,BFO,,
246,SN 2011BY,000-BKB-410,2455684.35417,13.5,,False,Visual,Visual,WKL,,
247,SN 2011BY,000-BKB-410,2455684.35945,13.367,0.016,False,Johnson V,CCD,BDG,1.008,True
248,SN 2011BY,000-BKB-410,2455684.36020,13.214,0.005,False,Cousins R,CCD,BDG,1.008,True
249,SN 2011BY,000-BKB-410,2455684.39976,13.324,0.016,False,Johnson V,CCD,ATE,1.03,False
250,SN 2011BY,000-BKB-410,2455684.40039,13.348,0.016,False,Johnson V,CCD,ATE,1.03,False
251,SN 2011BY,000-BKB-410,2455684.40090,13.341,0.016,False,Johnson V,CCD,ATE,1.03,False
252,SN 2011BY,000-BKB-410,2455684.40141,13.314,0.016,False,Johnson V,CCD,ATE,1.03,False
253,SN 2011BY,000-BKB-410,2455684.40192,13.343,0.016,False,Johnson V,CCD,ATE,1.03,False
254,SN 2011BY,000-BKB-410,2455684.40242,13.310,0.016,False,Johnson V,CCD,ATE,1.03,False
255,SN 2011BY,000-BKB-410,2455684.40293,13.336,0.016,False,Johnson V,CCD,ATE,1.03,False
256,SN 2011BY,000-BKB-410,2455684.40344,13.315,0.016,False,Johnson V,CCD,ATE,1.03,False
257,SN 2011BY,000-BKB-410,2455684.40395,13.351,0.016,False,Johnson V,CCD,ATE,1.03,False
258,SN 2011BY,000-BKB-410,2455684.40446,13.348,0.016,False,Johnson V,CCD,ATE,1.03,False
259,SN 2011BY,000-BKB-410,2455684.40498,13.321,0.017,False,Johnson V,CCD,ATE,1.03,False
260,SN 2011BY,000-BKB-410,2455684.40549,13.348,0.018,False,Johnson V,CCD,ATE,1.03,False
261,SN 2011BY,000-BKB-410,2455684.40600,13.356,0.022,False,Johnson V,CCD,ATE,1.03,False
262,SN 2011BY,000-BKB-410,2455684.40651,13.338,0.024,False,Johnson V,CCD,ATE,1.03,False
263,SN 2011BY,000-BKB-410,2455684.40705,13.318,0.033,False,Johnson V,CCD,ATE,1.03,False
264,SN 2011BY,000-BKB-410,2455684.40756,13.372,0.029,False,Johnson V,CCD,ATE,1.03,False
265,SN 2011BY,000-BKB-410,2455684.40807,13.303,0.030,False,Johnson V,CCD,ATE,1.03,False
266,SN 2011BY,000-BKB-410,2455684.40858,13.355,0.033,False,Johnson V,CCD,ATE,1.03,False
267,SN 2011BY,000-BKB-410,2455684.40909,13.375,0.043,False,Johnson V,CCD,ATE,1.03,False
268,SN 2011BY,000-BKB-410,2455684.40963,13.311,0.031,False,Johnson V,CCD,ATE,1.03,False
269,SN 2011BY,000-BKB-410,2455684.41014,13.369,0.031,False,Johnson V,CCD,ATE,1.03,False
270,SN 2011BY,000-BKB-410,2455684.41065,13.369,0.034,False,Johnson V,CCD,ATE,1.03,False
271,SN 2011BY,000-BKB-410,2455684.41116,13.310,0.045,False,Johnson V,CCD,ATE,1.03,False
272,SN 2011BY,000-BKB-410,2455684.41171,13.386,0.036,False,Johnson V,CCD,ATE,1.03,False
273,SN 2011BY,000-BKB-410,2455684.41222,13.381,0.027,False,Johnson V,CCD,ATE,1.03,False
274,SN 2011BY,000-BKB-410,2455684.41275,13.395,0.026,False,Johnson V,CCD,ATE,1.03,False
275,SN 2011BY,000-BKB-410,2455684.41327,13.323,0.025,False,Johnson V,CCD,ATE,1.03,False
276,SN 2011BY,000-BKB-410,2455684.41378,13.344,0.025,False,Johnson V,CCD,ATE,1.03,False
277,SN 2011BY,000-BKB-410,2455684.41431,13.406,0.024,False,Johnson V,CCD,ATE,1.03,False
278,SN 2011BY,000-BKB-410,2455684.41482,13.374,0.022,False,Johnson V,CCD,ATE,1.03,False
279,SN 2011BY,000-BKB-410,2455684.41534,13.353,0.020,False,Johnson V,CCD,ATE,1.03,False
280,SN 2011BY,000-BKB-410,2455684.41585,13.320,0.021,False,Johnson V,CCD,ATE,1.03,False
281,SN 2011BY,000-BKB-410,2455684.41636,13.338,0.022,False,Johnson V,CCD,ATE,1.03,False
282,SN 2011BY,000-BKB-410,2455684.41690,13.357,0.023,False,Johnson V,CCD,ATE,1.03,False
283,SN 2011BY,000-BKB-410,2455684.41744,13.362,0.020,False,Johnson V,CCD,ATE,1.03,False
284,SN 2011BY,000-BKB-410,2455684.64921,13.443,0.03,False,Johnson V,CCD,KRV,1.042,False
285,SN 2011BY,000-BKB-410,2455684.64971,13.372,0.03,False,Johnson V,CCD,KRV,1.042,False
286,SN 2011BY,000-BKB-410,2455684.65021,13.365,0.03,False,Johnson V,CCD,KRV,1.041,False
287,SN 2011BY,000-BKB-410,2455684.65070,13.398,0.03,False,Johnson V,CCD,KRV,1.041,False
288,SN 2011BY,000-BKB-410,2455684.65120,13.410,0.03,False,Johnson V,CCD,KRV,1.041,False
289,SN 2011BY,000-BKB-410,2455684.65170,13.427,0.03,False,Johnson V,CCD,KRV,1.041,False
290,SN 2011BY,000-BKB-410,2455684.65220,13.419,0.03,False,Johnson V,CCD,KRV,1.040,False
291,SN 2011BY,000-BKB-410,2455684.695741,13.25,,False,Johnson V,CCD,NAO,,False
292,SN 2011BY,000-BKB-410,2455684.73443,13.433,0.047,False,Johnson B,CCD,SXN,1.119,False
293,SN 2011BY,000-BKB-410,2455684.73677,13.281,0.008,False,Johnson V,CCD,SXN,1.121,False
294,SN 2011BY,000-BKB-410,2455684.73806,13.106,0.009,False,Cousins R,CCD,SXN,1.123,False
295,SN 2011BY,000-BKB-410,2455684.73934,13.059,0.010,False,Cousins I,CCD,SXN,1.125,False
296,SN 2011BY,000-BKB-410,2455685.38819,13.221,0.015,False,Johnson V,CCD,ATE,1.03,False
297,SN 2011BY,000-BKB-410,2455685.38884,13.205,0.015,False,Johnson V,CCD,ATE,1.03,False
298,SN 2011BY,000-BKB-410,2455685.38939,13.202,0.015,False,Johnson V,CCD,ATE,1.03,False
299,SN 2011BY,000-BKB-410,2455685.38989,13.237,0.015,False,Johnson V,CCD,ATE,1.03,False
300,SN 2011BY,000-BKB-410,2455685.39040,13.204,0.015,False,Johnson V,CCD,ATE,1.03,False
301,SN 2011BY,000-BKB-410,2455685.39091,13.208,0.015,False,Johnson V,CCD,ATE,1.03,False
302,SN 2011BY,000-BKB-410,2455685.39142,13.218,0.015,False,Johnson V,CCD,ATE,1.03,False
303,SN 2011BY,000-BKB-410,2455685.39193,13.191,0.015,False,Johnson V,CCD,ATE,1.03,False
304,SN 2011BY,000-BKB-410,2455685.39245,13.216,0.015,False,Johnson V,CCD,ATE,1.03,False
305,SN 2011BY,000-BKB-410,2455685.39299,13.181,0.015,False,Johnson V,CCD,ATE,1.03,False
306,SN 2011BY,000-BKB-410,2455685.39349,13.233,0.015,False,Johnson V,CCD,ATE,1.03,False
307,SN 2011BY,000-BKB-410,2455685.39400,13.179,0.015,False,Johnson V,CCD,ATE,1.03,False
308,SN 2011BY,000-BKB-410,2455685.39452,13.248,0.015,False,Johnson V,CCD,ATE,1.03,False
309,SN 2011BY,000-BKB-410,2455685.39506,13.229,0.015,False,Johnson V,CCD,ATE,1.03,False
310,SN 2011BY,000-BKB-410,2455685.39557,13.206,0.015,False,Johnson V,CCD,ATE,1.03,False
311,SN 2011BY,000-BKB-410,2455685.39608,13.163,0.015,False,Johnson V,CCD,ATE,1.03,False
312,SN 2011BY,000-BKB-410,2455685.39660,13.214,0.015,False,Johnson V,CCD,ATE,1.03,False
313,SN 2011BY,000-BKB-410,2455685.39711,13.214,0.015,False,Johnson V,CCD,ATE,1.03,False
314,SN 2011BY,000-BKB-410,2455685.39761,13.187,0.015,False,Johnson V,CCD,ATE,1.03,False
315,SN 2011BY,000-BKB-410,2455685.39816,13.193,0.015,False,Johnson V,CCD,ATE,1.03,False
316,SN 2011BY,000-BKB-410,2455685.39867,13.213,0.015,False,Johnson V,CCD,ATE,1.03,False
317,SN 2011BY,000-BKB-410,2455685.39918,13.205,0.015,False,Johnson V,CCD,ATE,1.03,False
318,SN 2011BY,000-BKB-410,2455685.3993,13.3,,False,Visual,Visual,GGU,,
319,SN 2011BY,000-BKB-410,2455685.39969,13.218,0.015,False,Johnson V,CCD,ATE,1.03,False
320,SN 2011BY,000-BKB-410,2455685.40020,13.206,0.015,False,Johnson V,CCD,ATE,1.03,False
321,SN 2011BY,000-BKB-410,2455685.40070,13.209,0.015,False,Johnson V,CCD,ATE,1.03,False
322,SN 2011BY,000-BKB-410,2455685.40123,13.202,0.015,False,Johnson V,CCD,ATE,1.03,False
323,SN 2011BY,000-BKB-410,2455685.40174,13.196,0.015,False,Johnson V,CCD,ATE,1.03,False
324,SN 2011BY,000-BKB-410,2455685.40224,13.215,0.015,False,Johnson V,CCD,ATE,1.03,False
325,SN 2011BY,000-BKB-410,2455685.40275,13.207,0.015,False,Johnson V,CCD,ATE,1.03,False
326,SN 2011BY,000-BKB-410,2455685.40326,13.208,0.015,False,Johnson V,CCD,ATE,1.03,False
327,SN 2011BY,000-BKB-410,2455685.40377,13.202,0.015,False,Johnson V,CCD,ATE,1.03,False
328,SN 2011BY,000-BKB-410,2455685.40428,13.209,0.015,False,Johnson V,CCD,ATE,1.03,False
329,SN 2011BY,000-BKB-410,2455685.40479,13.199,0.015,False,Johnson V,CCD,ATE,1.03,False
330,SN 2011BY,000-BKB-410,2455685.40530,13.188,0.015,False,Johnson V,CCD,ATE,1.03,False
331,SN 2011BY,000-BKB-410,2455685.40581,13.231,0.015,False,Johnson V,CCD,ATE,1.03,False
332,SN 2011BY,000-BKB-410,2455685.40632,13.213,0.015,False,Johnson V,CCD,ATE,1.03,False
333,SN 2011BY,000-BKB-410,2455685.40686,13.225,0.015,False,Johnson V,CCD,ATE,1.03,False
334,SN 2011BY,000-BKB-410,2455685.40737,13.218,0.015,False,Johnson V,CCD,ATE,1.03,False
335,SN 2011BY,000-BKB-410,2455685.40788,13.211,0.015,False,Johnson V,CCD,ATE,1.03,False
336,SN 2011BY,000-BKB-410,2455685.40839,13.226,0.015,False,Johnson V,CCD,ATE,1.03,False
337,SN 2011BY,000-BKB-410,2455685.40890,13.205,0.015,False,Johnson V,CCD,ATE,1.03,False
338,SN 2011BY,000-BKB-410,2455685.40944,13.220,0.015,False,Johnson V,CCD,ATE,1.03,False
339,SN 2011by,000-BKB-410,2455685.4097,13.0,,False,Visual,Visual,PKU,,
340,SN 2011BY,000-BKB-410,2455685.40995,13.200,0.015,False,Johnson V,CCD,ATE,1.03,False
341,SN 2011BY,000-BKB-410,2455685.41046,13.203,0.015,False,Johnson V,CCD,ATE,1.03,False
342,SN 2011BY,000-BKB-410,2455685.41097,13.230,0.015,False,Johnson V,CCD,ATE,1.03,False
343,SN 2011BY,000-BKB-410,2455685.41152,13.198,0.015,False,Johnson V,CCD,ATE,1.03,False
344,SN 2011BY,000-BKB-410,2455685.41202,13.207,0.015,False,Johnson V,CCD,ATE,1.03,False
345,SN 2011BY,000-BKB-410,2455685.41257,13.181,0.015,False,Johnson V,CCD,ATE,1.03,False
346,SN 2011BY,000-BKB-410,2455685.41308,13.199,0.015,False,Johnson V,CCD,ATE,1.03,False
347,SN 2011BY,000-BKB-410,2455685.41359,13.189,0.015,False,Johnson V,CCD,ATE,1.03,False
348,SN 2011BY,000-BKB-410,2455685.41413,13.228,0.015,False,Johnson V,CCD,ATE,1.03,False
349,SN 2011BY,000-BKB-410,2455685.41464,13.206,0.015,False,Johnson V,CCD,ATE,1.03,False
350,SN 2011BY,000-BKB-410,2455685.41515,13.219,0.015,False,Johnson V,CCD,ATE,1.03,False
351,SN 2011BY,000-BKB-410,2455685.41566,13.200,0.015,False,Johnson V,CCD,ATE,1.03,False
352,SN 2011BY,000-BKB-410,2455685.41617,13.194,0.015,False,Johnson V,CCD,ATE,1.03,False
353,SN 2011BY,000-BKB-410,2455685.41668,13.200,0.015,False,Johnson V,CCD,ATE,1.03,False
354,SN 2011BY,000-BKB-410,2455685.41722,13.197,0.015,False,Johnson V,CCD,ATE,1.03,False
355,SN 2011BY,000-BKB-410,2455685.41773,13.217,0.015,False,Johnson V,CCD,ATE,1.03,False
356,SN 2011BY,000-BKB-410,2455685.41827,13.229,0.015,False,Johnson V,CCD,ATE,1.03,False
357,SN 2011BY,000-BKB-410,2455685.41878,13.200,0.015,False,Johnson V,CCD,ATE,1.04,False
358,SN 2011BY,000-BKB-410,2455685.41933,13.195,0.015,False,Johnson V,CCD,ATE,1.04,False
359,SN 2011BY,000-BKB-410,2455685.41985,13.194,0.015,False,Johnson V,CCD,ATE,1.04,False
360,SN 2011BY,000-BKB-410,2455685.42036,13.206,0.015,False,Johnson V,CCD,ATE,1.04,False
361,SN 2011BY,000-BKB-410,2455685.42087,13.191,0.015,False,Johnson V,CCD,ATE,1.04,False
362,SN 2011BY,000-BKB-410,2455685.42139,13.215,0.015,False,Johnson V,CCD,ATE,1.04,False
363,SN 2011BY,000-BKB-410,2455685.42190,13.227,0.015,False,Johnson V,CCD,ATE,1.04,False
364,SN 2011BY,000-BKB-410,2455685.42241,13.216,0.015,False,Johnson V,CCD,ATE,1.04,False
365,SN 2011BY,000-BKB-410,2455685.42292,13.194,0.015,False,Johnson V,CCD,ATE,1.04,False
366,SN 2011BY,000-BKB-410,2455685.42346,13.219,0.015,False,Johnson V,CCD,ATE,1.04,False
367,SN 2011BY,000-BKB-410,2455685.42397,13.182,0.015,False,Johnson V,CCD,ATE,1.04,False
368,SN 2011BY,000-BKB-410,2455685.42448,13.206,0.015,False,Johnson V,CCD,ATE,1.04,False
369,SN 2011BY,000-BKB-410,2455685.42499,13.203,0.015,False,Johnson V,CCD,ATE,1.04,False
370,SN 2011BY,000-BKB-410,2455685.43542,13.15,,False,Visual,Visual,KGEA,,
371,SN 2011BY,000-BKB-410,2455685.49948,13.225,0.007,False,Johnson V,CCD,BDG,1.097,True
372,SN 2011BY,000-BKB-410,2455685.50022,13.065,0.004,False,Cousins R,CCD,BDG,1.099,True
373,SN 2011BY,000-BKB-410,2455685.5257,13.3,,False,Visual,Visual,BVE,,
374,SN 2011BY,000-BKB-410,2455685.6424,13.2,,False,Visual,Visual,BTB,,
375,SN 2011BY,000-BKB-410,2455685.6569,13.4,,False,Visual,Visual,KRB,,
376,SN 2011BY,000-BKB-410,2455685.700093,13.488,0.013,False,Johnson B,CCD,EM,,False
377,SN 2011BY,000-BKB-410,2455685.700845,13.164,0.013,False,Johnson V,CCD,EM,,False
378,SN 2011BY,000-BKB-410,2455685.701609,12.990,0.016,False,Cousins R,CCD,EM,,False
379,SN 2011BY,000-BKB-410,2455685.702361,13.061,0.033,False,Cousins I,CCD,EM,,False
380,SN 2011BY,000-BKB-410,2455685.703889,13.512,0.013,False,Johnson B,CCD,EM,,False
381,SN 2011BY,000-BKB-410,2455685.704653,13.150,0.013,False,Johnson V,CCD,EM,,False
382,SN 2011BY,000-BKB-410,2455685.705405,12.997,0.017,False,Cousins R,CCD,EM,,False
383,SN 2011BY,000-BKB-410,2455685.706169,13.092,0.035,False,Cousins I,CCD,EM,,False
384,SN 2011BY,000-BKB-410,2455685.707697,13.511,0.013,False,Johnson B,CCD,EM,,False
385,SN 2011BY,000-BKB-410,2455685.708449,13.138,0.013,False,Johnson V,CCD,EM,,False
386,SN 2011BY,000-BKB-410,2455685.709213,13.002,0.017,False,Cousins R,CCD,EM,,False
387,SN 2011BY,000-BKB-410,2455685.709965,13.093,0.035,False,Cousins I,CCD,EM,,False
388,SN 2011BY,000-BKB-410,2455685.711505,13.478,0.014,False,Johnson B,CCD,EM,,False
389,SN 2011BY,000-BKB-410,2455685.712257,13.143,0.014,False,Johnson V,CCD,EM,,False
390,SN 2011BY,000-BKB-410,2455685.713009,12.995,0.017,False,Cousins R,CCD,EM,,False
391,SN 2011BY,000-BKB-410,2455685.71360,13.062,0.035,False,Cousins R,CCD,NMR,,False
392,SN 2011BY,000-BKB-410,2455685.713773,13.106,0.037,False,Cousins I,CCD,EM,,False
393,SN 2011BY,000-BKB-410,2455685.71429,13.334,0.015,False,Johnson B,CCD,NMR,,False
394,SN 2011BY,000-BKB-410,2455685.71499,13.114,0.086,False,Cousins I,CCD,NMR,,False
395,SN 2011BY,000-BKB-410,2455685.715301,13.489,0.013,False,Johnson B,CCD,EM,,False
396,SN 2011BY,000-BKB-410,2455685.71568,13.222,0.030,False,Johnson V,CCD,NMR,,False
397,SN 2011BY,000-BKB-410,2455685.716053,13.143,0.013,False,Johnson V,CCD,EM,,False
398,SN 2011BY,000-BKB-410,2455685.716817,13.002,0.017,False,Cousins R,CCD,EM,,False
399,SN 2011BY,000-BKB-410,2455685.717569,13.091,0.036,False,Cousins I,CCD,EM,,False
400,SN 2011BY,000-BKB-410,2455685.719097,13.461,0.013,False,Johnson B,CCD,EM,,False
401,SN 2011BY,000-BKB-410,2455685.719861,13.153,0.012,False,Johnson V,CCD,EM,,False
402,SN 2011BY,000-BKB-410,2455685.720613,12.999,0.016,False,Cousins R,CCD,EM,,False
403,SN 2011BY,000-BKB-410,2455685.721377,13.105,0.036,False,Cousins I,CCD,EM,,False
404,SN 2011BY,000-BKB-410,2455685.722905,13.457,0.012,False,Johnson B,CCD,EM,,False
405,SN 2011BY,000-BKB-410,2455685.723657,13.142,0.013,False,Johnson V,CCD,EM,,False
406,SN 2011BY,000-BKB-410,2455685.724421,12.988,0.016,False,Cousins R,CCD,EM,,False
407,SN 2011BY,000-BKB-410,2455685.725174,13.099,0.036,False,Cousins I,CCD,EM,,False
408,SN 2011BY,000-BKB-410,2455685.726701,13.476,0.012,False,Johnson B,CCD,EM,,False
409,SN 2011BY,000-BKB-410,2455685.727465,13.126,0.013,False,Johnson V,CCD,EM,,False
410,SN 2011BY,000-BKB-410,2455685.728218,13.004,0.016,False,Cousins R,CCD,EM,,False
411,SN 2011BY,000-BKB-410,2455685.72897,13.098,0.035,False,Cousins I,CCD,EM,,False
412,SN 2011BY,000-BKB-410,2455685.730509,13.471,0.012,False,Johnson B,CCD,EM,,False
413,SN 2011BY,000-BKB-410,2455685.731262,13.153,0.013,False,Johnson V,CCD,EM,,False
414,SN 2011BY,000-BKB-410,2455685.73179,13.335,0.059,False,Johnson B,CCD,SXN,1.119,False
415,SN 2011BY,000-BKB-410,2455685.732025,13.014,0.017,False,Cousins R,CCD,EM,,False
416,SN 2011BY,000-BKB-410,2455685.732778,13.070,0.034,False,Cousins I,CCD,EM,,False
417,SN 2011BY,000-BKB-410,2455685.73413,13.161,0.006,False,Johnson V,CCD,SXN,1.121,False
418,SN 2011BY,000-BKB-410,2455685.734306,13.491,0.013,False,Johnson B,CCD,EM,,False
419,SN 2011BY,000-BKB-410,2455685.735069,13.139,0.013,False,Johnson V,CCD,EM,,False
420,SN 2011BY,000-BKB-410,2455685.73542,12.990,0.006,False,Cousins R,CCD,SXN,1.123,False
421,SN 2011BY,000-BKB-410,2455685.735822,12.998,0.017,False,Cousins R,CCD,EM,,False
422,SN 2011BY,000-BKB-410,2455685.736574,13.077,0.035,False,Cousins I,CCD,EM,,False
423,SN 2011BY,000-BKB-410,2455685.73669,13.015,0.012,False,Cousins I,CCD,SXN,1.125,False
424,SN 2011BY,000-BKB-410,2455685.921817,13.08,,False,Johnson V,CCD,NAO,,False
425,SN 2011BY,000-BKB-410,2455686.3306,12.8,,False,Visual,Visual,BOZ,,
426,SN 2011BY,000-BKB-410,2455686.36111,13.1,,False,Visual,Visual,WKL,,
427,SN 2011BY,000-BKB-410,2455686.375,13.2,,False,Visual,Visual,TOZ,,
428,SN 2011BY,000-BKB-410,2455686.401,13.0,,False,Visual,Visual,PIJ,,
429,SN 2011BY,000-BKB-410,2455686.4021,13.1,,False,Visual,Visual,BBI,,
430,SN 2011BY,000-BKB-410,2455686.4896,12.6,,False,Visual,Visual,GDB,,
431,SN 2011by,000-BKB-410,2455686.51389,13.0,,False,Visual,Visual,HSW,,
432,SN 2011BY,000-BKB-410,2455686.590856,13.062,0.004,False,Johnson V,CCD,LCO,,False
433,SN 2011BY,000-BKB-410,2455686.71105,12.995,0.045,False,Cousins R,CCD,NMR,,False
434,SN 2011BY,000-BKB-410,2455686.71175,13.260,0.031,False,Johnson B,CCD,NMR,,False
435,SN 2011BY,000-BKB-410,2455686.71244,13.067,0.071,False,Cousins I,CCD,NMR,,False
436,SN 2011BY,000-BKB-410,2455686.71314,13.141,0.033,False,Johnson V,CCD,NMR,,False
437,SN 2011BY,000-BKB-410,2455687.3229,12.8,,False,Visual,Visual,BOZ,,
438,SN 2011BY,000-BKB-410,2455687.338,12.8,0.05,False,Unfiltered with R Zeropoint,CCD,SIV,,False
439,SN 2011BY,000-BKB-410,2455687.35359,13.045,0.014,False,Johnson V,CCD,ATE,1.04,False
440,SN 2011BY,000-BKB-410,2455687.35431,13.051,0.014,False,Johnson V,CCD,ATE,1.04,False
441,SN 2011BY,000-BKB-410,2455687.35487,13.017,0.014,False,Johnson V,CCD,ATE,1.04,False
442,SN 2011BY,000-BKB-410,2455687.35547,13.028,0.014,False,Johnson V,CCD,ATE,1.04,False
443,SN 2011BY,000-BKB-410,2455687.35604,13.031,0.014,False,Johnson V,CCD,ATE,1.04,False
444,SN 2011BY,000-BKB-410,2455687.35661,13.039,0.014,False,Johnson V,CCD,ATE,1.04,False
445,SN 2011BY,000-BKB-410,2455687.35718,13.018,0.015,False,Johnson V,CCD,ATE,1.04,False
446,SN 2011BY,000-BKB-410,2455687.35775,13.045,0.015,False,Johnson V,CCD,ATE,1.04,False
447,SN 2011BY,000-BKB-410,2455687.35831,13.016,0.015,False,Johnson V,CCD,ATE,1.04,False
448,SN 2011BY,000-BKB-410,2455687.35888,13.005,0.014,False,Johnson V,CCD,ATE,1.04,False
449,SN 2011BY,000-BKB-410,2455687.35948,13.025,0.015,False,Johnson V,CCD,ATE,1.04,False
450,SN 2011BY,000-BKB-410,2455687.36,13.0,,False,Visual,Visual,BFO,,
451,SN 2011BY,000-BKB-410,2455687.36005,13.063,0.015,False,Johnson V,CCD,ATE,1.04,False
452,SN 2011BY,000-BKB-410,2455687.36062,13.037,0.015,False,Johnson V,CCD,ATE,1.04,False
453,SN 2011BY,000-BKB-410,2455687.36118,13.012,0.014,False,Johnson V,CCD,ATE,1.04,False
454,SN 2011BY,000-BKB-410,2455687.36178,13.016,0.014,False,Johnson V,CCD,ATE,1.04,False
455,SN 2011BY,000-BKB-410,2455687.36235,13.030,0.014,False,Johnson V,CCD,ATE,1.04,False
456,SN 2011BY,000-BKB-410,2455687.36292,13.016,0.014,False,Johnson V,CCD,ATE,1.04,False
457,SN 2011BY,000-BKB-410,2455687.36349,13.016,0.015,False,Johnson V,CCD,ATE,1.04,False
458,SN 2011BY,000-BKB-410,2455687.36405,13.022,0.015,False,Johnson V,CCD,ATE,1.04,False
459,SN 2011BY,000-BKB-410,2455687.36462,13.029,0.015,False,Johnson V,CCD,ATE,1.04,False
460,SN 2011BY,000-BKB-410,2455687.36522,13.012,0.014,False,Johnson V,CCD,ATE,1.04,False
461,SN 2011BY,000-BKB-410,2455687.36579,13.026,0.014,False,Johnson V,CCD,ATE,1.04,False
462,SN 2011BY,000-BKB-410,2455687.36636,13.019,0.015,False,Johnson V,CCD,ATE,1.04,False
463,SN 2011BY,000-BKB-410,2455687.36692,13.021,0.015,False,Johnson V,CCD,ATE,1.04,False
464,SN 2011BY,000-BKB-410,2455687.36749,12.990,0.015,False,Johnson V,CCD,ATE,1.04,False
465,SN 2011BY,000-BKB-410,2455687.36806,12.998,0.015,False,Johnson V,CCD,ATE,1.04,False
466,SN 2011BY,000-BKB-410,2455687.36863,13.009,0.015,False,Johnson V,CCD,ATE,1.04,False
467,SN 2011BY,000-BKB-410,2455687.36924,13.016,0.015,False,Johnson V,CCD,ATE,1.04,False
468,SN 2011BY,000-BKB-410,2455687.36980,13.004,0.015,False,Johnson V,CCD,ATE,1.04,False
469,SN 2011BY,000-BKB-410,2455687.37037,13.010,0.015,False,Johnson V,CCD,ATE,1.03,False
470,SN 2011BY,000-BKB-410,2455687.37094,13.007,0.015,False,Johnson V,CCD,ATE,1.03,False
471,SN 2011BY,000-BKB-410,2455687.37159,13.025,0.015,False,Johnson V,CCD,ATE,1.03,False
472,SN 2011BY,000-BKB-410,2455687.37215,12.994,0.015,False,Johnson V,CCD,ATE,1.03,False
473,SN 2011BY,000-BKB-410,2455687.37272,13.008,0.015,False,Johnson V,CCD,ATE,1.03,False
474,SN 2011BY,000-BKB-410,2455687.37332,12.996,0.015,False,Johnson V,CCD,ATE,1.03,False
475,SN 2011BY,000-BKB-410,2455687.37389,13.005,0.015,False,Johnson V,CCD,ATE,1.03,False
476,SN 2011BY,000-BKB-410,2455687.37446,13.003,0.015,False,Johnson V,CCD,ATE,1.03,False
477,SN 2011BY,000-BKB-410,2455687.37502,13.006,0.015,False,Johnson V,CCD,ATE,1.03,False
478,SN 2011BY,000-BKB-410,2455687.37561,13.003,0.014,False,Johnson V,CCD,ATE,1.03,False
479,SN 2011BY,000-BKB-410,2455687.37618,13.014,0.014,False,Johnson V,CCD,ATE,1.03,False
480,SN 2011BY,000-BKB-410,2455687.37676,13.005,0.014,False,Johnson V,CCD,ATE,1.03,False
481,SN 2011BY,000-BKB-410,2455687.37680,13.076,0.013,False,Johnson V,CCD,BDG,1.003,True
482,SN 2011BY,000-BKB-410,2455687.37735,12.996,0.014,False,Johnson V,CCD,ATE,1.03,False
483,SN 2011BY,000-BKB-410,2455687.37755,12.944,0.012,False,Cousins R,CCD,BDG,1.003,True
484,SN 2011BY,000-BKB-410,2455687.37792,12.993,0.014,False,Johnson V,CCD,ATE,1.03,False
485,SN 2011BY,000-BKB-410,2455687.37848,13.012,0.014,False,Johnson V,CCD,ATE,1.03,False
486,SN 2011BY,000-BKB-410,2455687.37905,12.995,0.015,False,Johnson V,CCD,ATE,1.03,False
487,SN 2011BY,000-BKB-410,2455687.37963,12.990,0.015,False,Johnson V,CCD,ATE,1.03,False
488,SN 2011BY,000-BKB-410,2455687.38020,13.015,0.015,False,Johnson V,CCD,ATE,1.03,False
489,SN 2011BY,000-BKB-410,2455687.38027,12.994,0.008,False,Johnson V,CCD,DAJB,1.045,False
490,SN 2011BY,000-BKB-410,2455687.38079,13.022,0.015,False,Johnson V,CCD,ATE,1.03,False
491,SN 2011BY,000-BKB-410,2455687.38139,13.004,0.014,False,Johnson V,CCD,ATE,1.03,False
492,SN 2011BY,000-BKB-410,2455687.38196,13.019,0.014,False,Johnson V,CCD,ATE,1.03,False
493,SN 2011BY,000-BKB-410,2455687.38252,13.027,0.014,False,Johnson V,CCD,ATE,1.03,False
494,SN 2011BY,000-BKB-410,2455687.38309,12.998,0.014,False,Johnson V,CCD,ATE,1.03,False
495,SN 2011BY,000-BKB-410,2455687.38366,13.016,0.014,False,Johnson V,CCD,ATE,1.03,False
496,SN 2011BY,000-BKB-410,2455687.38423,13.028,0.013,False,Johnson V,CCD,ATE,1.03,False
497,SN 2011BY,000-BKB-410,2455687.38483,13.011,0.013,False,Johnson V,CCD,ATE,1.03,False
498,SN 2011BY,000-BKB-410,2455687.38539,12.991,0.013,False,Johnson V,CCD,ATE,1.03,False
499,SN 2011BY,000-BKB-410,2455687.38596,13.019,0.013,False,Johnson V,CCD,ATE,1.03,False
500,SN 2011BY,000-BKB-410,2455687.38653,13.019,0.013,False,Johnson V,CCD,ATE,1.03,False
501,SN 2011BY,000-BKB-410,2455687.38713,13.025,0.013,False,Johnson V,CCD,ATE,1.03,False
502,SN 2011BY,000-BKB-410,2455687.38770,13.026,0.013,False,Johnson V,CCD,ATE,1.03,False
503,SN 2011BY,000-BKB-410,2455687.38826,13.031,0.013,False,Johnson V,CCD,ATE,1.03,False
504,SN 2011BY,000-BKB-410,2455687.38883,13.050,0.014,False,Johnson V,CCD,ATE,1.03,False
505,SN 2011BY,000-BKB-410,2455687.38940,13.024,0.014,False,Johnson V,CCD,ATE,1.03,False
506,SN 2011BY,000-BKB-410,2455687.38997,13.028,0.015,False,Johnson V,CCD,ATE,1.03,False
507,SN 2011BY,000-BKB-410,2455687.39,12.8,,False,Visual,Visual,PPS,,
508,SN 2011BY,000-BKB-410,2455687.39057,13.037,0.015,False,Johnson V,CCD,ATE,1.03,False
509,SN 2011BY,000-BKB-410,2455687.39113,13.028,0.014,False,Johnson V,CCD,ATE,1.03,False
510,SN 2011BY,000-BKB-410,2455687.39170,13.015,0.014,False,Johnson V,CCD,ATE,1.03,False
511,SN 2011BY,000-BKB-410,2455687.39227,13.017,0.013,False,Johnson V,CCD,ATE,1.03,False
512,SN 2011BY,000-BKB-410,2455687.39285,13.021,0.013,False,Johnson V,CCD,ATE,1.03,False
513,SN 2011BY,000-BKB-410,2455687.39341,13.014,0.014,False,Johnson V,CCD,ATE,1.03,False
514,SN 2011BY,000-BKB-410,2455687.39398,13.049,0.014,False,Johnson V,CCD,ATE,1.03,False
515,SN 2011BY,000-BKB-410,2455687.39455,13.030,0.014,False,Johnson V,CCD,ATE,1.03,False
516,SN 2011BY,000-BKB-410,2455687.408003,13.1728,0.0143,False,Cousins R,CCD,RNL,,False
517,SN 2011BY,000-BKB-410,2455687.60417,12.9,,False,Visual,Visual,TYS,,
518,SN 2011BY,000-BKB-410,2455687.6674,12.9,,False,Visual,Visual,BTB,,
519,SN 2011BY,000-BKB-410,2455687.70828,12.958,0.083,False,Cousins R,CCD,NMR,,False
520,SN 2011BY,000-BKB-410,2455687.70897,13.176,0.032,False,Johnson B,CCD,NMR,,False
521,SN 2011BY,000-BKB-410,2455687.70966,13.027,0.105,False,Cousins I,CCD,NMR,,False
522,SN 2011BY,000-BKB-410,2455687.71036,13.064,0.073,False,Johnson V,CCD,NMR,,False
523,SN 2011BY,000-BKB-410,2455687.7139,13.0,,False,Visual,Visual,KRB,,
524,SN 2011BY,000-BKB-410,2455687.80889,13.186,0.021,False,Johnson B,CCD,SXN,1.334,False
525,SN 2011BY,000-BKB-410,2455687.81122,12.993,0.019,False,Johnson V,CCD,SXN,1.341,False
526,SN 2011BY,000-BKB-410,2455687.81249,12.859,0.011,False,Cousins R,CCD,SXN,1.345,False
527,SN 2011BY,000-BKB-410,2455687.81374,12.921,0.028,False,Cousins I,CCD,SXN,1.352,False
528,SN 2011BY,000-BKB-410,2455688.3215,12.7,,False,Visual,Visual,BOZ,,
529,SN 2011BY,000-BKB-410,2455688.35417,12.9,,False,Visual,Visual,WKL,,
530,SN 2011BY,000-BKB-410,2455688.386,12.9,,False,Visual,Visual,PIJ,,
531,SN 2011BY,000-BKB-410,2455688.390,12.8,,False,Visual,Visual,FRF,,
532,SN 2011BY,000-BKB-410,2455688.39,13.0,,False,Visual,Visual,PPS,,
533,SN 2011BY,000-BKB-410,2455688.396,12.5,,False,Visual,Visual,SAQ,,
534,SN 2011BY,000-BKB-410,2455688.556678,12.856,0.020,False,Johnson V,CCD,CDK,1.08,False
535,SN 2011BY,000-BKB-410,2455688.558229,12.844,0.021,False,Johnson V,CCD,CDK,1.08,False
536,SN 2011BY,000-BKB-410,2455688.55978,12.856,0.023,False,Johnson V,CCD,CDK,1.08,False
537,SN 2011BY,000-BKB-410,2455688.56042,12.8,,False,Visual,Visual,STI,,
538,SN 2011BY,000-BKB-410,2455688.561331,12.846,0.022,False,Johnson V,CCD,CDK,1.08,False
539,SN 2011BY,000-BKB-410,2455688.562882,12.875,0.022,False,Johnson V,CCD,CDK,1.08,False
540,SN 2011BY,000-BKB-410,2455688.564433,12.908,0.017,False,Johnson V,CCD,CDK,1.08,False
541,SN 2011BY,000-BKB-410,2455688.565984,12.891,0.022,False,Johnson V,CCD,CDK,1.08,False
542,SN 2011BY,000-BKB-410,2455688.567546,12.885,0.022,False,Johnson V,CCD,CDK,1.08,False
543,SN 2011BY,000-BKB-410,2455688.569097,12.873,0.023,False,Johnson V,CCD,CDK,1.08,False
544,SN 2011BY,000-BKB-410,2455688.57419,12.960,0.016,False,Unfiltered with V Zeropoint,CCD,CDK,1.07,False
545,SN 2011BY,000-BKB-410,2455688.574583,12.926,0.052,False,Unfiltered with V Zeropoint,CCD,CDK,1.07,False
546,SN 2011BY,000-BKB-410,2455688.574977,12.922,0.018,False,Unfiltered with V Zeropoint,CCD,CDK,1.07,False
547,SN 2011BY,000-BKB-410,2455688.575359,12.988,0.015,False,Unfiltered with V Zeropoint,CCD,CDK,1.07,False
548,SN 2011BY,000-BKB-410,2455688.575752,12.990,0.016,False,Unfiltered with V Zeropoint,CCD,CDK,1.07,False
549,SN 2011BY,000-BKB-410,2455688.576134,12.974,0.016,False,Unfiltered with V Zeropoint,CCD,CDK,1.07,False
550,SN 2011BY,000-BKB-410,2455688.576528,13.006,0.016,False,Unfiltered with V Zeropoint,CCD,CDK,1.07,False
551,SN 2011BY,000-BKB-410,2455688.57691,12.980,0.015,False,Unfiltered with V Zeropoint,CCD,CDK,1.07,False
552,SN 2011BY,000-BKB-410,2455688.577303,12.969,0.016,False,Unfiltered with V Zeropoint,CCD,CDK,1.07,False
553,SN 2011BY,000-BKB-410,2455688.577685,12.946,0.016,False,Unfiltered with V Zeropoint,CCD,CDK,1.07,False
554,SN 2011BY,000-BKB-410,2455688.578079,12.979,0.016,False,Unfiltered with V Zeropoint,CCD,CDK,1.07,False
555,SN 2011BY,000-BKB-410,2455688.578461,12.975,0.015,False,Unfiltered with V Zeropoint,CCD,CDK,1.07,False
556,SN 2011BY,000-BKB-410,2455688.578854,12.975,0.016,False,Unfiltered with V Zeropoint,CCD,CDK,1.07,False
557,SN 2011BY,000-BKB-410,2455688.579236,12.956,0.016,False,Unfiltered with V Zeropoint,CCD,CDK,1.07,False
558,SN 2011BY,000-BKB-410,2455688.57963,12.969,0.016,False,Unfiltered with V Zeropoint,CCD,CDK,1.07,False
559,SN 2011BY,000-BKB-410,2455688.580012,12.982,0.016,False,Unfiltered with V Zeropoint,CCD,CDK,1.07,False
560,SN 2011BY,000-BKB-410,2455688.580405,12.963,0.016,False,Unfiltered with V Zeropoint,CCD,CDK,1.07,False
561,SN 2011BY,000-BKB-410,2455688.580787,12.969,0.015,False,Unfiltered with V Zeropoint,CCD,CDK,1.07,False
562,SN 2011BY,000-BKB-410,2455688.581181,12.985,0.016,False,Unfiltered with V Zeropoint,CCD,CDK,1.07,False
563,SN 2011by,000-BKB-410,2455688.58264,13.0,,False,Unknown,Other,KGEA,,
564,SN 2011BY,000-BKB-410,2455688.70365,13.005,0.014,False,Johnson V,CCD,NMR,,False
565,SN 2011BY,000-BKB-410,2455688.70434,12.892,0.039,False,Cousins R,CCD,NMR,,False
566,SN 2011BY,000-BKB-410,2455688.70503,13.021,0.076,False,Cousins I,CCD,NMR,,False
567,SN 2011BY,000-BKB-410,2455688.70573,13.144,0.029,False,Johnson B,CCD,NMR,,False
568,SN 2011BY,000-BKB-410,2455688.71722,12.94,0.01,False,Unfiltered with V Zeropoint,CCD,HSW,1.110,False
569,SN 2011BY,000-BKB-410,2455688.72382,13.127,0.050,False,Johnson B,CCD,SXN,1.119,False
570,SN 2011BY,000-BKB-410,2455688.72616,12.963,0.011,False,Johnson V,CCD,SXN,1.122,False
571,SN 2011BY,000-BKB-410,2455688.72744,12.844,0.006,False,Cousins R,CCD,SXN,1.123,False
572,SN 2011BY,000-BKB-410,2455688.72872,12.914,0.009,False,Cousins I,CCD,SXN,1.125,False
573,SN 2011BY,000-BKB-410,2455688.744537,12.94,,False,Johnson V,CCD,NAO,,False
574,SN 2011BY,000-BKB-410,2455689.34305,12.923,0.012,False,Johnson V,CCD,ATE,1.05,False
575,SN 2011BY,000-BKB-410,2455689.34379,12.917,0.012,False,Johnson V,CCD,ATE,1.05,False
576,SN 2011BY,000-BKB-410,2455689.34440,12.924,0.012,False,Johnson V,CCD,ATE,1.05,False
577,SN 2011BY,000-BKB-410,2455689.34500,12.956,0.012,False,Johnson V,CCD,ATE,1.05,False
578,SN 2011BY,000-BKB-410,2455689.34557,12.941,0.012,False,Johnson V,CCD,ATE,1.05,False
579,SN 2011BY,000-BKB-410,2455689.34613,12.940,0.012,False,Johnson V,CCD,ATE,1.05,False
580,SN 2011BY,000-BKB-410,2455689.34670,12.953,0.012,False,Johnson V,CCD,ATE,1.05,False
581,SN 2011BY,000-BKB-410,2455689.34727,12.951,0.012,False,Johnson V,CCD,ATE,1.04,False
582,SN 2011BY,000-BKB-410,2455689.34783,12.956,0.012,False,Johnson V,CCD,ATE,1.04,False
583,SN 2011BY,000-BKB-410,2455689.34840,12.931,0.012,False,Johnson V,CCD,ATE,1.04,False
584,SN 2011BY,000-BKB-410,2455689.34900,12.942,0.012,False,Johnson V,CCD,ATE,1.04,False
585,SN 2011BY,000-BKB-410,2455689.34957,12.937,0.012,False,Johnson V,CCD,ATE,1.04,False
586,SN 2011BY,000-BKB-410,2455689.35014,12.928,0.012,False,Johnson V,CCD,ATE,1.04,False
587,SN 2011BY,000-BKB-410,2455689.35070,12.942,0.012,False,Johnson V,CCD,ATE,1.04,False
588,SN 2011BY,000-BKB-410,2455689.35131,12.941,0.012,False,Johnson V,CCD,ATE,1.04,False
589,SN 2011BY,000-BKB-410,2455689.35187,12.950,0.012,False,Johnson V,CCD,ATE,1.04,False
590,SN 2011BY,000-BKB-410,2455689.35244,12.938,0.012,False,Johnson V,CCD,ATE,1.04,False
591,SN 2011BY,000-BKB-410,2455689.35301,12.940,0.012,False,Johnson V,CCD,ATE,1.04,False
592,SN 2011BY,000-BKB-410,2455689.35357,12.929,0.012,False,Johnson V,CCD,ATE,1.04,False
593,SN 2011BY,000-BKB-410,2455689.35414,12.923,0.012,False,Johnson V,CCD,ATE,1.04,False
594,SN 2011BY,000-BKB-410,2455689.35417,12.9,,False,Visual,Visual,WKL,,
595,SN 2011BY,000-BKB-410,2455689.35474,12.918,0.012,False,Johnson V,CCD,ATE,1.04,False
596,SN 2011BY,000-BKB-410,2455689.35531,12.930,0.012,False,Johnson V,CCD,ATE,1.04,False
597,SN 2011BY,000-BKB-410,2455689.35588,12.940,0.012,False,Johnson V,CCD,ATE,1.04,False
598,SN 2011BY,000-BKB-410,2455689.35644,12.928,0.012,False,Johnson V,CCD,ATE,1.04,False
599,SN 2011BY,000-BKB-410,2455689.35701,12.928,0.012,False,Johnson V,CCD,ATE,1.04,False
600,SN 2011BY,000-BKB-410,2455689.35759,12.948,0.012,False,Johnson V,CCD,ATE,1.04,False
601,SN 2011BY,000-BKB-410,2455689.35816,12.929,0.012,False,Johnson V,CCD,ATE,1.04,False
602,SN 2011BY,000-BKB-410,2455689.35875,12.926,0.012,False,Johnson V,CCD,ATE,1.04,False
603,SN 2011BY,000-BKB-410,2455689.35932,12.939,0.012,False,Johnson V,CCD,ATE,1.04,False
604,SN 2011BY,000-BKB-410,2455689.35988,12.937,0.012,False,Johnson V,CCD,ATE,1.04,False
605,SN 2011BY,000-BKB-410,2455689.36046,12.933,0.012,False,Johnson V,CCD,ATE,1.04,False
606,SN 2011BY,000-BKB-410,2455689.36103,12.911,0.012,False,Johnson V,CCD,ATE,1.04,False
607,SN 2011BY,000-BKB-410,2455689.36160,12.948,0.012,False,Johnson V,CCD,ATE,1.04,False
608,SN 2011BY,000-BKB-410,2455689.36216,12.929,0.012,False,Johnson V,CCD,ATE,1.04,False
609,SN 2011BY,000-BKB-410,2455689.36276,12.945,0.012,False,Johnson V,CCD,ATE,1.04,False
610,SN 2011BY,000-BKB-410,2455689.36331,12.984,0.019,False,Johnson V,CCD,SJAR,1.025,False
611,SN 2011BY,000-BKB-410,2455689.36333,12.950,0.012,False,Johnson V,CCD,ATE,1.04,False
612,SN 2011BY,000-BKB-410,2455689.36390,12.927,0.012,False,Johnson V,CCD,ATE,1.04,False
613,SN 2011BY,000-BKB-410,2455689.36408,12.830,0.018,False,Cousins R,CCD,SJAR,1.025,False
614,SN 2011BY,000-BKB-410,2455689.36447,12.936,0.012,False,Johnson V,CCD,ATE,1.04,False
615,SN 2011BY,000-BKB-410,2455689.36481,13.126,0.043,False,Johnson B,CCD,SJAR,1.026,False
616,SN 2011BY,000-BKB-410,2455689.36531,12.941,0.012,False,Johnson V,CCD,ATE,1.03,False
617,SN 2011BY,000-BKB-410,2455689.36553,12.960,0.046,False,Cousins I,CCD,SJAR,1.027,False
618,SN 2011BY,000-BKB-410,2455689.36588,12.954,0.012,False,Johnson V,CCD,ATE,1.03,False
619,SN 2011BY,000-BKB-410,2455689.36644,12.913,0.012,False,Johnson V,CCD,ATE,1.03,False
620,SN 2011BY,000-BKB-410,2455689.36705,12.942,0.012,False,Johnson V,CCD,ATE,1.03,False
621,SN 2011BY,000-BKB-410,2455689.36761,12.920,0.012,False,Johnson V,CCD,ATE,1.03,False
622,SN 2011BY,000-BKB-410,2455689.36818,12.932,0.012,False,Johnson V,CCD,ATE,1.03,False
623,SN 2011BY,000-BKB-410,2455689.36868,12.949,0.017,False,Johnson V,CCD,SJAR,1.029,False
624,SN 2011BY,000-BKB-410,2455689.36875,12.923,0.012,False,Johnson V,CCD,ATE,1.03,False
625,SN 2011BY,000-BKB-410,2455689.36932,12.946,0.012,False,Johnson V,CCD,ATE,1.03,False
626,SN 2011BY,000-BKB-410,2455689.36939,12.913,0.017,False,Johnson V,CCD,SJAR,1.029,False
627,SN 2011BY,000-BKB-410,2455689.36988,12.927,0.012,False,Johnson V,CCD,ATE,1.03,False
628,SN 2011BY,000-BKB-410,2455689.37011,12.957,0.017,False,Johnson V,CCD,SJAR,1.030,False
629,SN 2011BY,000-BKB-410,2455689.37048,12.929,0.012,False,Johnson V,CCD,ATE,1.03,False
630,SN 2011BY,000-BKB-410,2455689.37082,12.963,0.016,False,Johnson V,CCD,SJAR,1.031,False
631,SN 2011BY,000-BKB-410,2455689.37105,12.928,0.012,False,Johnson V,CCD,ATE,1.03,False
632,SN 2011BY,000-BKB-410,2455689.37153,12.938,0.017,False,Johnson V,CCD,SJAR,1.031,False
633,SN 2011BY,000-BKB-410,2455689.37162,12.911,0.012,False,Johnson V,CCD,ATE,1.03,False
634,SN 2011BY,000-BKB-410,2455689.37219,12.912,0.012,False,Johnson V,CCD,ATE,1.03,False
635,SN 2011BY,000-BKB-410,2455689.37225,12.954,0.016,False,Johnson V,CCD,SJAR,1.032,False
636,SN 2011BY,000-BKB-410,2455689.37275,12.930,0.012,False,Johnson V,CCD,ATE,1.03,False
637,SN 2011BY,000-BKB-410,2455689.37296,12.954,0.016,False,Johnson V,CCD,SJAR,1.032,False
638,SN 2011BY,000-BKB-410,2455689.37332,12.943,0.012,False,Johnson V,CCD,ATE,1.03,False
639,SN 2011BY,000-BKB-410,2455689.37370,12.951,0.016,False,Johnson V,CCD,SJAR,1.033,False
640,SN 2011BY,000-BKB-410,2455689.37389,12.931,0.012,False,Johnson V,CCD,ATE,1.03,False
641,SN 2011BY,000-BKB-410,2455689.37441,12.934,0.016,False,Johnson V,CCD,SJAR,1.033,False
642,SN 2011BY,000-BKB-410,2455689.37449,12.919,0.012,False,Johnson V,CCD,ATE,1.03,False
643,SN 2011BY,000-BKB-410,2455689.37506,12.927,0.012,False,Johnson V,CCD,ATE,1.03,False
644,SN 2011BY,000-BKB-410,2455689.37513,12.967,0.016,False,Johnson V,CCD,SJAR,1.034,False
645,SN 2011BY,000-BKB-410,2455689.37562,12.919,0.012,False,Johnson V,CCD,ATE,1.03,False
646,SN 2011BY,000-BKB-410,2455689.37584,12.951,0.016,False,Johnson V,CCD,SJAR,1.035,False
647,SN 2011BY,000-BKB-410,2455689.37619,12.919,0.012,False,Johnson V,CCD,ATE,1.03,False
648,SN 2011BY,000-BKB-410,2455689.37656,12.943,0.016,False,Johnson V,CCD,SJAR,1.035,False
649,SN 2011BY,000-BKB-410,2455689.37679,12.913,0.012,False,Johnson V,CCD,ATE,1.03,False
650,SN 2011BY,000-BKB-410,2455689.37727,12.928,0.016,False,Johnson V,CCD,SJAR,1.036,False
651,SN 2011BY,000-BKB-410,2455689.37736,12.934,0.012,False,Johnson V,CCD,ATE,1.03,False
652,SN 2011BY,000-BKB-410,2455689.37794,12.919,0.012,False,Johnson V,CCD,ATE,1.03,False
653,SN 2011BY,000-BKB-410,2455689.37799,12.929,0.016,False,Johnson V,CCD,SJAR,1.036,False
654,SN 2011BY,000-BKB-410,2455689.37853,12.900,0.012,False,Johnson V,CCD,ATE,1.03,False
655,SN 2011BY,000-BKB-410,2455689.37871,12.953,0.016,False,Johnson V,CCD,SJAR,1.037,False
656,SN 2011BY,000-BKB-410,2455689.37910,12.921,0.012,False,Johnson V,CCD,ATE,1.03,False
657,SN 2011BY,000-BKB-410,2455689.37942,12.942,0.016,False,Johnson V,CCD,SJAR,1.038,False
658,SN 2011BY,000-BKB-410,2455689.37966,12.920,0.012,False,Johnson V,CCD,ATE,1.03,False
659,SN 2011BY,000-BKB-410,2455689.38014,12.961,0.016,False,Johnson V,CCD,SJAR,1.038,False
660,SN 2011BY,000-BKB-410,2455689.38023,12.912,0.012,False,Johnson V,CCD,ATE,1.03,False
661,SN 2011BY,000-BKB-410,2455689.38080,12.912,0.012,False,Johnson V,CCD,ATE,1.03,False
662,SN 2011BY,000-BKB-410,2455689.38091,12.946,0.015,False,Johnson V,CCD,SJAR,1.039,False
663,SN 2011BY,000-BKB-410,2455689.38136,12.910,0.012,False,Johnson V,CCD,ATE,1.03,False
664,SN 2011BY,000-BKB-410,2455689.38163,12.927,0.016,False,Johnson V,CCD,SJAR,1.040,False
665,SN 2011BY,000-BKB-410,2455689.38193,12.916,0.012,False,Johnson V,CCD,ATE,1.03,False
666,SN 2011BY,000-BKB-410,2455689.38234,12.949,0.015,False,Johnson V,CCD,SJAR,1.040,False
667,SN 2011BY,000-BKB-410,2455689.38250,12.920,0.012,False,Johnson V,CCD,ATE,1.03,False
668,SN 2011BY,000-BKB-410,2455689.38305,12.958,0.015,False,Johnson V,CCD,SJAR,1.041,False
669,SN 2011BY,000-BKB-410,2455689.38307,12.904,0.012,False,Johnson V,CCD,ATE,1.03,False
670,SN 2011BY,000-BKB-410,2455689.38363,12.908,0.012,False,Johnson V,CCD,ATE,1.03,False
671,SN 2011BY,000-BKB-410,2455689.38377,12.967,0.015,False,Johnson V,CCD,SJAR,1.042,False
672,SN 2011BY,000-BKB-410,2455689.38420,12.904,0.012,False,Johnson V,CCD,ATE,1.03,False
673,SN 2011BY,000-BKB-410,2455689.38448,12.968,0.015,False,Johnson V,CCD,SJAR,1.042,False
674,SN 2011BY,000-BKB-410,2455689.38477,12.906,0.012,False,Johnson V,CCD,ATE,1.03,False
675,SN 2011BY,000-BKB-410,2455689.38519,12.958,0.015,False,Johnson V,CCD,SJAR,1.043,False
676,SN 2011BY,000-BKB-410,2455689.38535,12.908,0.012,False,Johnson V,CCD,ATE,1.03,False
677,SN 2011BY,000-BKB-410,2455689.38591,12.945,0.015,False,Johnson V,CCD,SJAR,1.044,False
678,SN 2011BY,000-BKB-410,2455689.38591,12.906,0.012,False,Johnson V,CCD,ATE,1.03,False
679,SN 2011BY,000-BKB-410,2455689.38648,12.902,0.012,False,Johnson V,CCD,ATE,1.03,False
680,SN 2011BY,000-BKB-410,2455689.38662,12.956,0.015,False,Johnson V,CCD,SJAR,1.044,False
681,SN 2011BY,000-BKB-410,2455689.38705,12.907,0.012,False,Johnson V,CCD,ATE,1.03,False
682,SN 2011BY,000-BKB-410,2455689.38737,12.942,0.015,False,Johnson V,CCD,SJAR,1.045,False
683,SN 2011BY,000-BKB-410,2455689.38761,12.924,0.012,False,Johnson V,CCD,ATE,1.03,False
684,SN 2011BY,000-BKB-410,2455689.38809,12.936,0.015,False,Johnson V,CCD,SJAR,1.046,False
685,SN 2011BY,000-BKB-410,2455689.38817,12.935,0.012,False,Johnson V,CCD,ATE,1.03,False
686,SN 2011BY,000-BKB-410,2455689.38874,12.906,0.012,False,Johnson V,CCD,ATE,1.03,False
687,SN 2011BY,000-BKB-410,2455689.38880,12.951,0.015,False,Johnson V,CCD,SJAR,1.047,False
688,SN 2011BY,000-BKB-410,2455689.38931,12.909,0.012,False,Johnson V,CCD,ATE,1.03,False
689,SN 2011BY,000-BKB-410,2455689.38951,12.937,0.015,False,Johnson V,CCD,SJAR,1.047,False
690,SN 2011BY,000-BKB-410,2455689.38991,12.918,0.012,False,Johnson V,CCD,ATE,1.03,False
691,SN 2011BY,000-BKB-410,2455689.39047,12.925,0.012,False,Johnson V,CCD,ATE,1.03,False
692,SN 2011BY,000-BKB-410,2455689.39104,12.914,0.012,False,Johnson V,CCD,ATE,1.03,False
693,SN 2011BY,000-BKB-410,2455689.39161,12.927,0.012,False,Johnson V,CCD,ATE,1.03,False
694,SN 2011BY,000-BKB-410,2455689.39180,12.825,0.015,False,Cousins R,CCD,SJAR,1.050,False
695,SN 2011BY,000-BKB-410,2455689.39252,12.806,0.016,False,Cousins R,CCD,SJAR,1.050,False
696,SN 2011BY,000-BKB-410,2455689.39323,12.825,0.015,False,Cousins R,CCD,SJAR,1.051,False
697,SN 2011BY,000-BKB-410,2455689.39401,12.807,0.015,False,Cousins R,CCD,SJAR,1.052,False
698,SN 2011BY,000-BKB-410,2455689.39472,12.820,0.015,False,Cousins R,CCD,SJAR,1.053,False
699,SN 2011BY,000-BKB-410,2455689.39544,12.850,0.015,False,Cousins R,CCD,SJAR,1.054,False
700,SN 2011BY,000-BKB-410,2455689.39615,12.813,0.015,False,Cousins R,CCD,SJAR,1.054,False
701,SN 2011BY,000-BKB-410,2455689.39687,12.832,0.015,False,Cousins R,CCD,SJAR,1.055,False
702,SN 2011BY,000-BKB-410,2455689.39762,12.837,0.015,False,Cousins R,CCD,SJAR,1.056,False
703,SN 2011BY,000-BKB-410,2455689.39833,12.816,0.015,False,Cousins R,CCD,SJAR,1.057,False
704,SN 2011BY,000-BKB-410,2455689.42917,12.8,,False,Visual,Visual,SJZ,,
705,SN 2011BY,000-BKB-410,2455689.4826,12.8,,False,Visual,Visual,GDB,,
706,SN 2011BY,000-BKB-410,2455689.64444,12.9,,False,Visual,Visual,CKB,,
707,SN 2011BY,000-BKB-410,2455689.71868,13.100,0.050,False,Johnson B,CCD,SXN,1.116,False
708,SN 2011BY,000-BKB-410,2455689.72101,12.916,0.010,False,Johnson V,CCD,SXN,1.118,False
709,SN 2011BY,000-BKB-410,2455689.72227,12.825,0.005,False,Cousins R,CCD,SXN,1.120,False
710,SN 2011BY,000-BKB-410,2455689.72355,12.938,0.010,False,Cousins I,CCD,SXN,1.122,False
711,SN 2011BY,000-BKB-410,2455689.757,12.64,,False,Unknown,Other,SIV,,
712,SN 2011BY,000-BKB-410,2455690.34439,12.917,0.012,False,Johnson V,CCD,ATE,1.04,False
713,SN 2011BY,000-BKB-410,2455690.34554,12.901,0.012,False,Johnson V,CCD,ATE,1.04,False
714,SN 2011BY,000-BKB-410,2455690.34610,12.892,0.012,False,Johnson V,CCD,ATE,1.04,False
715,SN 2011BY,000-BKB-410,2455690.34672,12.899,0.012,False,Johnson V,CCD,ATE,1.04,False
716,SN 2011BY,000-BKB-410,2455690.34731,12.901,0.012,False,Johnson V,CCD,ATE,1.04,False
717,SN 2011BY,000-BKB-410,2455690.34787,12.897,0.012,False,Johnson V,CCD,ATE,1.04,False
718,SN 2011BY,000-BKB-410,2455690.34844,12.891,0.012,False,Johnson V,CCD,ATE,1.04,False
719,SN 2011BY,000-BKB-410,2455690.34902,12.895,0.012,False,Johnson V,CCD,ATE,1.04,False
720,SN 2011BY,000-BKB-410,2455690.34959,12.891,0.012,False,Johnson V,CCD,ATE,1.04,False
721,SN 2011BY,000-BKB-410,2455690.35015,12.889,0.012,False,Johnson V,CCD,ATE,1.04,False
722,SN 2011BY,000-BKB-410,2455690.35072,12.905,0.012,False,Johnson V,CCD,ATE,1.04,False
723,SN 2011BY,000-BKB-410,2455690.35131,12.882,0.012,False,Johnson V,CCD,ATE,1.04,False
724,SN 2011BY,000-BKB-410,2455690.35189,12.885,0.012,False,Johnson V,CCD,ATE,1.04,False
725,SN 2011BY,000-BKB-410,2455690.35246,12.890,0.012,False,Johnson V,CCD,ATE,1.04,False
726,SN 2011BY,000-BKB-410,2455690.35302,12.896,0.012,False,Johnson V,CCD,ATE,1.04,False
727,SN 2011BY,000-BKB-410,2455690.35359,12.884,0.012,False,Johnson V,CCD,ATE,1.04,False
728,SN 2011BY,000-BKB-410,2455690.35418,12.906,0.012,False,Johnson V,CCD,ATE,1.04,False
729,SN 2011BY,000-BKB-410,2455690.35475,12.905,0.012,False,Johnson V,CCD,ATE,1.04,False
730,SN 2011BY,000-BKB-410,2455690.35532,12.902,0.012,False,Johnson V,CCD,ATE,1.04,False
731,SN 2011BY,000-BKB-410,2455690.35589,12.912,0.012,False,Johnson V,CCD,ATE,1.04,False
732,SN 2011BY,000-BKB-410,2455690.35646,12.922,0.012,False,Johnson V,CCD,ATE,1.04,False
733,SN 2011BY,000-BKB-410,2455690.35703,12.922,0.012,False,Johnson V,CCD,ATE,1.04,False
734,SN 2011BY,000-BKB-410,2455690.35763,12.910,0.012,False,Johnson V,CCD,ATE,1.04,False
735,SN 2011BY,000-BKB-410,2455690.35820,12.908,0.012,False,Johnson V,CCD,ATE,1.04,False
736,SN 2011BY,000-BKB-410,2455690.35876,12.924,0.012,False,Johnson V,CCD,ATE,1.04,False
737,SN 2011BY,000-BKB-410,2455690.35933,12.914,0.012,False,Johnson V,CCD,ATE,1.04,False
738,SN 2011BY,000-BKB-410,2455690.35990,12.900,0.012,False,Johnson V,CCD,ATE,1.04,False
739,SN 2011BY,000-BKB-410,2455690.36047,12.909,0.012,False,Johnson V,CCD,ATE,1.04,False
740,SN 2011BY,000-BKB-410,2455690.36103,12.906,0.012,False,Johnson V,CCD,ATE,1.04,False
741,SN 2011BY,000-BKB-410,2455690.36164,12.886,0.012,False,Johnson V,CCD,ATE,1.04,False
742,SN 2011BY,000-BKB-410,2455690.36220,12.916,0.012,False,Johnson V,CCD,ATE,1.03,False
743,SN 2011BY,000-BKB-410,2455690.36277,12.896,0.012,False,Johnson V,CCD,ATE,1.03,False
744,SN 2011BY,000-BKB-410,2455690.36334,12.922,0.012,False,Johnson V,CCD,ATE,1.03,False
745,SN 2011BY,000-BKB-410,2455690.36390,12.892,0.012,False,Johnson V,CCD,ATE,1.03,False
746,SN 2011BY,000-BKB-410,2455690.36447,12.901,0.012,False,Johnson V,CCD,ATE,1.03,False
747,SN 2011BY,000-BKB-410,2455690.36507,12.906,0.012,False,Johnson V,CCD,ATE,1.03,False
748,SN 2011BY,000-BKB-410,2455690.36564,12.889,0.012,False,Johnson V,CCD,ATE,1.03,False
749,SN 2011BY,000-BKB-410,2455690.36621,12.893,0.012,False,Johnson V,CCD,ATE,1.03,False
750,SN 2011BY,000-BKB-410,2455690.36677,12.898,0.012,False,Johnson V,CCD,ATE,1.03,False
751,SN 2011BY,000-BKB-410,2455690.36734,12.904,0.012,False,Johnson V,CCD,ATE,1.03,False
752,SN 2011BY,000-BKB-410,2455690.36794,12.900,0.012,False,Johnson V,CCD,ATE,1.03,False
753,SN 2011BY,000-BKB-410,2455690.36851,12.895,0.012,False,Johnson V,CCD,ATE,1.03,False
754,SN 2011BY,000-BKB-410,2455690.36911,12.909,0.012,False,Johnson V,CCD,ATE,1.03,False
755,SN 2011BY,000-BKB-410,2455690.36944,12.6,,False,Visual,Visual,OJR,,
756,SN 2011BY,000-BKB-410,2455690.36968,12.905,0.012,False,Johnson V,CCD,ATE,1.03,False
757,SN 2011BY,000-BKB-410,2455690.37025,12.903,0.012,False,Johnson V,CCD,ATE,1.03,False
758,SN 2011BY,000-BKB-410,2455690.37081,12.904,0.012,False,Johnson V,CCD,ATE,1.03,False
759,SN 2011BY,000-BKB-410,2455690.37138,12.887,0.012,False,Johnson V,CCD,ATE,1.03,False
760,SN 2011BY,000-BKB-410,2455690.37195,12.882,0.012,False,Johnson V,CCD,ATE,1.03,False
761,SN 2011BY,000-BKB-410,2455690.37255,12.915,0.012,False,Johnson V,CCD,ATE,1.03,False
762,SN 2011BY,000-BKB-410,2455690.37312,12.896,0.012,False,Johnson V,CCD,ATE,1.03,False
763,SN 2011BY,000-BKB-410,2455690.37368,12.929,0.012,False,Johnson V,CCD,ATE,1.03,False
764,SN 2011BY,000-BKB-410,2455690.37425,12.892,0.012,False,Johnson V,CCD,ATE,1.03,False
765,SN 2011BY,000-BKB-410,2455690.37483,12.895,0.012,False,Johnson V,CCD,ATE,1.03,False
766,SN 2011BY,000-BKB-410,2455690.37540,12.878,0.012,False,Johnson V,CCD,ATE,1.03,False
767,SN 2011BY,000-BKB-410,2455690.37596,12.904,0.012,False,Johnson V,CCD,ATE,1.03,False
768,SN 2011BY,000-BKB-410,2455690.37656,12.908,0.012,False,Johnson V,CCD,ATE,1.03,False
769,SN 2011BY,000-BKB-410,2455690.37713,12.901,0.012,False,Johnson V,CCD,ATE,1.03,False
770,SN 2011BY,000-BKB-410,2455690.37770,12.908,0.012,False,Johnson V,CCD,ATE,1.03,False
771,SN 2011BY,000-BKB-410,2455690.37827,12.891,0.012,False,Johnson V,CCD,ATE,1.03,False
772,SN 2011BY,000-BKB-410,2455690.37847,12.7,,False,Visual,Visual,WKL,,
773,SN 2011BY,000-BKB-410,2455690.37883,12.897,0.012,False,Johnson V,CCD,ATE,1.03,False
774,SN 2011BY,000-BKB-410,2455690.37943,12.877,0.012,False,Johnson V,CCD,ATE,1.03,False
775,SN 2011BY,000-BKB-410,2455690.38000,12.877,0.012,False,Johnson V,CCD,ATE,1.03,False
776,SN 2011BY,000-BKB-410,2455690.38057,12.885,0.012,False,Johnson V,CCD,ATE,1.03,False
777,SN 2011BY,000-BKB-410,2455690.38114,12.884,0.012,False,Johnson V,CCD,ATE,1.03,False
778,SN 2011BY,000-BKB-410,2455690.38170,12.895,0.012,False,Johnson V,CCD,ATE,1.03,False
779,SN 2011BY,000-BKB-410,2455690.38227,12.894,0.012,False,Johnson V,CCD,ATE,1.03,False
780,SN 2011BY,000-BKB-410,2455690.38287,12.903,0.012,False,Johnson V,CCD,ATE,1.03,False
781,SN 2011BY,000-BKB-410,2455690.38344,12.880,0.012,False,Johnson V,CCD,ATE,1.03,False
782,SN 2011BY,000-BKB-410,2455690.38401,12.882,0.012,False,Johnson V,CCD,ATE,1.03,False
783,SN 2011BY,000-BKB-410,2455690.38457,12.875,0.012,False,Johnson V,CCD,ATE,1.03,False
784,SN 2011BY,000-BKB-410,2455690.38514,12.896,0.012,False,Johnson V,CCD,ATE,1.03,False
785,SN 2011BY,000-BKB-410,2455690.38571,12.894,0.012,False,Johnson V,CCD,ATE,1.03,False
786,SN 2011BY,000-BKB-410,2455690.38627,12.880,0.012,False,Johnson V,CCD,ATE,1.03,False
787,SN 2011BY,000-BKB-410,2455690.38685,12.875,0.012,False,Johnson V,CCD,ATE,1.03,False
788,SN 2011BY,000-BKB-410,2455690.38742,12.887,0.012,False,Johnson V,CCD,ATE,1.03,False
789,SN 2011BY,000-BKB-410,2455690.39540,12.942,0.005,False,Johnson V,CCD,BDG,1.006,True
790,SN 2011BY,000-BKB-410,2455690.39614,12.835,0.008,False,Cousins R,CCD,BDG,1.006,True
791,SN 2011BY,000-BKB-410,2455690.40,12.6,,False,Visual,Visual,HCS,,
792,SN 2011BY,000-BKB-410,2455690.41806,12.8,,False,Visual,Visual,SJZ,,
793,SN 2011BY,000-BKB-410,2455690.493,12.6,,False,Visual,Visual,PHG,,
794,SN 2011by,000-BKB-410,2455690.56549,12.914,0.021,False,Johnson V,CCD,RMU,1.388,False
795,SN 2011by,000-BKB-410,2455690.57211,13.106,0.025,False,Johnson B,CCD,RMU,1.426,False
796,SN 2011by,000-BKB-410,2455690.57851,12.783,0.058,False,Cousins R,CCD,RMU,1.458,False
797,SN 2011by,000-BKB-410,2455690.58490,13.039,0.053,False,Cousins I,CCD,RMU,1.491,False
798,SN 2011BY,000-BKB-410,2455690.611192,12.952,0.006,False,Unfiltered with V Zeropoint,CCD,VLYA,1.400,False
799,SN 2011BY,000-BKB-410,2455690.611192,12.949,0.006,False,Unfiltered with V Zeropoint,CCD,VLYA,1.400,False
800,SN 2011BY,000-BKB-410,2455690.67122,12.798,0.011,False,Johnson V,CCD,ROE,1.070,False
801,SN 2011BY,000-BKB-410,2455690.67201,12.815,0.014,False,Johnson V,CCD,ROE,1.071,False
802,SN 2011BY,000-BKB-410,2455690.67281,12.740,0.010,False,Johnson V,CCD,ROE,1.072,False
803,SN 2011BY,000-BKB-410,2455690.68766,12.849,0.010,False,Johnson V,CCD,ROE,1.090,False
804,SN 2011BY,000-BKB-410,2455690.68846,12.870,0.011,False,Johnson V,CCD,ROE,1.091,False
805,SN 2011BY,000-BKB-410,2455690.68926,12.838,0.010,False,Johnson V,CCD,ROE,1.092,False
806,SN 2011BY,000-BKB-410,2455690.71844,13.074,0.051,False,Johnson B,CCD,SXN,1.119,False
807,SN 2011BY,000-BKB-410,2455690.72078,12.888,0.017,False,Johnson V,CCD,SXN,1.122,False
808,SN 2011BY,000-BKB-410,2455690.72206,12.799,0.015,False,Cousins R,CCD,SXN,1.123,False
809,SN 2011BY,000-BKB-410,2455690.72334,12.983,0.011,False,Cousins I,CCD,SXN,1.125,False
810,SN 2011BY,000-BKB-410,2455691.337,12.66,,False,Unfiltered with R Zeropoint,CCD,SIV,,False
811,SN 2011by,000-BKB-410,2455691.3424,12.71,,False,Unfiltered with V Zeropoint,CCD,TCEB,,False
812,SN 2011by,000-BKB-410,2455691.3430,12.75,,False,Unfiltered with V Zeropoint,CCD,TCEB,,False
813,SN 2011by,000-BKB-410,2455691.3436,12.71,,False,Unfiltered with V Zeropoint,CCD,TCEB,,False
814,SN 2011by,000-BKB-410,2455691.3447,12.81,,False,Unfiltered with V Zeropoint,CCD,TCEB,,False
815,SN 2011by,000-BKB-410,2455691.3465,12.83,,False,Unfiltered with V Zeropoint,CCD,TCEB,,False
816,SN 2011by,000-BKB-410,2455691.3471,12.82,,False,Unfiltered with V Zeropoint,CCD,TCEB,,False
817,SN 2011by,000-BKB-410,2455691.3477,12.86,,False,Unfiltered with V Zeropoint,CCD,TCEB,,False
818,SN 2011BY,000-BKB-410,2455691.35300,12.917,0.013,False,Johnson V,CCD,ATE,1.04,False
819,SN 2011BY,000-BKB-410,2455691.35379,12.898,0.013,False,Johnson V,CCD,ATE,1.04,False
820,SN 2011BY,000-BKB-410,2455691.35436,12.896,0.013,False,Johnson V,CCD,ATE,1.04,False
821,SN 2011BY,000-BKB-410,2455691.35496,12.930,0.013,False,Johnson V,CCD,ATE,1.04,False
822,SN 2011BY,000-BKB-410,2455691.35556,12.909,0.013,False,Johnson V,CCD,ATE,1.04,False
823,SN 2011BY,000-BKB-410,2455691.35613,12.903,0.013,False,Johnson V,CCD,ATE,1.04,False
824,SN 2011BY,000-BKB-410,2455691.35670,12.885,0.012,False,Johnson V,CCD,ATE,1.04,False
825,SN 2011BY,000-BKB-410,2455691.35726,12.896,0.012,False,Johnson V,CCD,ATE,1.04,False
826,SN 2011BY,000-BKB-410,2455691.35783,12.891,0.012,False,Johnson V,CCD,ATE,1.04,False
827,SN 2011BY,000-BKB-410,2455691.35840,12.919,0.012,False,Johnson V,CCD,ATE,1.04,False
828,SN 2011BY,000-BKB-410,2455691.35897,12.881,0.012,False,Johnson V,CCD,ATE,1.04,False
829,SN 2011BY,000-BKB-410,2455691.35957,12.896,0.012,False,Johnson V,CCD,ATE,1.03,False
830,SN 2011BY,000-BKB-410,2455691.36013,12.897,0.012,False,Johnson V,CCD,ATE,1.03,False
831,SN 2011BY,000-BKB-410,2455691.36070,12.916,0.012,False,Johnson V,CCD,ATE,1.03,False
832,SN 2011BY,000-BKB-410,2455691.36111,12.6,,False,Visual,Visual,WKL,,
833,SN 2011BY,000-BKB-410,2455691.36127,12.909,0.012,False,Johnson V,CCD,ATE,1.03,False
834,SN 2011BY,000-BKB-410,2455691.36184,12.895,0.012,False,Johnson V,CCD,ATE,1.03,False
835,SN 2011BY,000-BKB-410,2455691.36244,12.886,0.012,False,Johnson V,CCD,ATE,1.03,False
836,SN 2011BY,000-BKB-410,2455691.36300,12.897,0.012,False,Johnson V,CCD,ATE,1.03,False
837,SN 2011BY,000-BKB-410,2455691.36357,12.893,0.012,False,Johnson V,CCD,ATE,1.03,False
838,SN 2011BY,000-BKB-410,2455691.36414,12.874,0.012,False,Johnson V,CCD,ATE,1.03,False
839,SN 2011BY,000-BKB-410,2455691.36471,12.868,0.013,False,Johnson V,CCD,ATE,1.03,False
840,SN 2011BY,000-BKB-410,2455691.36528,12.868,0.015,False,Johnson V,CCD,ATE,1.03,False
841,SN 2011BY,000-BKB-410,2455691.36588,12.913,0.014,False,Johnson V,CCD,ATE,1.03,False
842,SN 2011BY,000-BKB-410,2455691.36644,12.921,0.013,False,Johnson V,CCD,ATE,1.03,False
843,SN 2011BY,000-BKB-410,2455691.36701,12.904,0.015,False,Johnson V,CCD,ATE,1.03,False
844,SN 2011BY,000-BKB-410,2455691.36759,12.857,0.015,False,Johnson V,CCD,ATE,1.03,False
845,SN 2011BY,000-BKB-410,2455691.36816,12.900,0.014,False,Johnson V,CCD,ATE,1.03,False
846,SN 2011BY,000-BKB-410,2455691.36872,12.902,0.012,False,Johnson V,CCD,ATE,1.03,False
847,SN 2011BY,000-BKB-410,2455691.36929,12.913,0.012,False,Johnson V,CCD,ATE,1.03,False
848,SN 2011BY,000-BKB-410,2455691.36988,12.871,0.012,False,Johnson V,CCD,ATE,1.03,False
849,SN 2011BY,000-BKB-410,2455691.37046,12.863,0.013,False,Johnson V,CCD,ATE,1.03,False
850,SN 2011BY,000-BKB-410,2455691.37103,12.893,0.013,False,Johnson V,CCD,ATE,1.03,False
851,SN 2011BY,000-BKB-410,2455691.37159,12.928,0.012,False,Johnson V,CCD,ATE,1.03,False
852,SN 2011BY,000-BKB-410,2455691.37216,12.894,0.012,False,Johnson V,CCD,ATE,1.03,False
853,SN 2011BY,000-BKB-410,2455691.37273,12.881,0.012,False,Johnson V,CCD,ATE,1.03,False
854,SN 2011BY,000-BKB-410,2455691.37332,12.894,0.012,False,Johnson V,CCD,ATE,1.03,False
855,SN 2011BY,000-BKB-410,2455691.37390,12.905,0.012,False,Johnson V,CCD,ATE,1.03,False
856,SN 2011BY,000-BKB-410,2455691.37446,12.907,0.014,False,Johnson V,CCD,ATE,1.03,False
857,SN 2011BY,000-BKB-410,2455691.37503,12.894,0.014,False,Johnson V,CCD,ATE,1.03,False
858,SN 2011BY,000-BKB-410,2455691.37560,12.914,0.014,False,Johnson V,CCD,ATE,1.03,False
859,SN 2011BY,000-BKB-410,2455691.37619,12.887,0.012,False,Johnson V,CCD,ATE,1.03,False
860,SN 2011BY,000-BKB-410,2455691.37677,12.891,0.013,False,Johnson V,CCD,ATE,1.03,False
861,SN 2011BY,000-BKB-410,2455691.37736,12.895,0.013,False,Johnson V,CCD,ATE,1.03,False
862,SN 2011BY,000-BKB-410,2455691.37792,12.879,0.013,False,Johnson V,CCD,ATE,1.03,False
863,SN 2011BY,000-BKB-410,2455691.37849,12.870,0.013,False,Johnson V,CCD,ATE,1.03,False
864,SN 2011BY,000-BKB-410,2455691.37906,12.893,0.012,False,Johnson V,CCD,ATE,1.03,False
865,SN 2011BY,000-BKB-410,2455691.37963,12.907,0.013,False,Johnson V,CCD,ATE,1.03,False
866,SN 2011BY,000-BKB-410,2455691.38020,12.885,0.012,False,Johnson V,CCD,ATE,1.03,False
867,SN 2011BY,000-BKB-410,2455691.38079,12.867,0.012,False,Johnson V,CCD,ATE,1.03,False
868,SN 2011BY,000-BKB-410,2455691.38136,12.914,0.012,False,Johnson V,CCD,ATE,1.03,False
869,SN 2011BY,000-BKB-410,2455691.38193,12.894,0.012,False,Johnson V,CCD,ATE,1.03,False
870,SN 2011BY,000-BKB-410,2455691.38250,12.906,0.012,False,Johnson V,CCD,ATE,1.03,False
871,SN 2011BY,000-BKB-410,2455691.38306,12.872,0.012,False,Johnson V,CCD,ATE,1.03,False
872,SN 2011BY,000-BKB-410,2455691.38364,12.906,0.012,False,Johnson V,CCD,ATE,1.03,False
873,SN 2011BY,000-BKB-410,2455691.38421,12.906,0.012,False,Johnson V,CCD,ATE,1.03,False
874,SN 2011BY,000-BKB-410,2455691.38480,12.886,0.012,False,Johnson V,CCD,ATE,1.03,False
875,SN 2011BY,000-BKB-410,2455691.38537,12.882,0.012,False,Johnson V,CCD,ATE,1.03,False
876,SN 2011BY,000-BKB-410,2455691.38593,12.896,0.012,False,Johnson V,CCD,ATE,1.03,False
877,SN 2011BY,000-BKB-410,2455691.38650,12.890,0.012,False,Johnson V,CCD,ATE,1.03,False
878,SN 2011BY,000-BKB-410,2455691.38708,12.881,0.012,False,Johnson V,CCD,ATE,1.03,False
879,SN 2011BY,000-BKB-410,2455691.38995,12.870,0.026,False,Johnson V,CCD,ATE,1.03,False
880,SN 2011BY,000-BKB-410,2455691.41012,12.919,0.012,False,Johnson V,CCD,BDG,1.014,True
881,SN 2011BY,000-BKB-410,2455691.41086,12.838,0.009,False,Cousins R,CCD,BDG,1.014,True
882,SN 2011BY,000-BKB-410,2455691.41597,12.86,0.04,False,Johnson V,CCD,EHEA,,True
883,SN 2011BY,000-BKB-410,2455691.46667,12.8,,False,Visual,Visual,SJZ,,
884,SN 2011BY,000-BKB-410,2455691.61191,12.913,0.021,False,Johnson V,CCD,ROE,1.043,False
885,SN 2011BY,000-BKB-410,2455691.61352,12.967,0.019,False,Johnson V,CCD,ROE,1.043,False
886,SN 2011BY,000-BKB-410,2455691.61510,12.949,0.017,False,Johnson V,CCD,ROE,1.043,False
887,SN 2011BY,000-BKB-410,2455691.61677,13.128,0.103,False,Cousins I,CCD,ROE,1.043,False
888,SN 2011BY,000-BKB-410,2455691.61759,13.063,0.139,False,Cousins I,CCD,ROE,1.043,False
889,SN 2011BY,000-BKB-410,2455691.61840,13.054,0.075,False,Cousins I,CCD,ROE,1.043,False
890,SN 2011BY,000-BKB-410,2455691.61919,13.052,0.112,False,Cousins I,CCD,ROE,1.043,False
891,SN 2011by,000-BKB-410,2455691.63194,12.1,,True,Visual,Visual,ASA,,
892,SN 2011BY,000-BKB-410,2455691.64097,12.6,,False,Visual,Visual,ASA,,
893,SN 2011BY,000-BKB-410,2455691.69740,12.885,0.039,False,Cousins R,CCD,NMR,,False
894,SN 2011BY,000-BKB-410,2455691.69809,13.113,0.028,False,Johnson B,CCD,NMR,,False
895,SN 2011BY,000-BKB-410,2455691.69878,13.127,0.072,False,Cousins I,CCD,NMR,,False
896,SN 2011BY,000-BKB-410,2455691.69949,12.927,0.018,False,Johnson V,CCD,NMR,,False
897,SN 2011BY,000-BKB-410,2455692.308546,13.1993,0.0145,False,Cousins R,CCD,RNL,,False
898,SN 2011by,000-BKB-410,2455692.32439,12.830,0.036,False,Cousins R,CCD,NRNA,1.038,False
899,SN 2011by,000-BKB-410,2455692.32867,12.808,0.011,False,Cousins R,CCD,NRNA,1.036,False
900,SN 2011BY,000-BKB-410,2455692.344,12.70,,False,Unfiltered with R Zeropoint,CCD,SIV,,False
901,SN 2011BY,000-BKB-410,2455692.36049,12.881,0.012,False,Johnson V,CCD,ATE,1.03,False
902,SN 2011BY,000-BKB-410,2455692.36141,12.905,0.012,False,Johnson V,CCD,ATE,1.03,False
903,SN 2011BY,000-BKB-410,2455692.36198,12.917,0.012,False,Johnson V,CCD,ATE,1.03,False
904,SN 2011BY,000-BKB-410,2455692.36258,12.875,0.012,False,Johnson V,CCD,ATE,1.03,False
905,SN 2011BY,000-BKB-410,2455692.36319,12.913,0.012,False,Johnson V,CCD,ATE,1.03,False
906,SN 2011BY,000-BKB-410,2455692.36375,12.866,0.012,False,Johnson V,CCD,ATE,1.03,False
907,SN 2011BY,000-BKB-410,2455692.36432,12.908,0.012,False,Johnson V,CCD,ATE,1.03,False
908,SN 2011BY,000-BKB-410,2455692.36489,12.889,0.012,False,Johnson V,CCD,ATE,1.03,False
909,SN 2011BY,000-BKB-410,2455692.36545,12.886,0.012,False,Johnson V,CCD,ATE,1.03,False
910,SN 2011BY,000-BKB-410,2455692.36602,12.899,0.012,False,Johnson V,CCD,ATE,1.03,False
911,SN 2011BY,000-BKB-410,2455692.36659,12.889,0.012,False,Johnson V,CCD,ATE,1.03,False
912,SN 2011BY,000-BKB-410,2455692.36719,12.899,0.012,False,Johnson V,CCD,ATE,1.03,False
913,SN 2011BY,000-BKB-410,2455692.36776,12.899,0.012,False,Johnson V,CCD,ATE,1.03,False
914,SN 2011BY,000-BKB-410,2455692.368,13.0,,False,Visual,Visual,FRF,,
915,SN 2011BY,000-BKB-410,2455692.36832,12.906,0.012,False,Johnson V,CCD,ATE,1.03,False
916,SN 2011BY,000-BKB-410,2455692.36889,12.886,0.012,False,Johnson V,CCD,ATE,1.03,False
917,SN 2011BY,000-BKB-410,2455692.36946,12.891,0.012,False,Johnson V,CCD,ATE,1.03,False
918,SN 2011BY,000-BKB-410,2455692.37006,12.861,0.012,False,Johnson V,CCD,ATE,1.03,False
919,SN 2011BY,000-BKB-410,2455692.37063,12.877,0.012,False,Johnson V,CCD,ATE,1.03,False
920,SN 2011BY,000-BKB-410,2455692.37119,12.885,0.012,False,Johnson V,CCD,ATE,1.03,False
921,SN 2011BY,000-BKB-410,2455692.37176,12.891,0.012,False,Johnson V,CCD,ATE,1.03,False
922,SN 2011BY,000-BKB-410,2455692.37233,12.878,0.012,False,Johnson V,CCD,ATE,1.03,False
923,SN 2011BY,000-BKB-410,2455692.37290,12.865,0.012,False,Johnson V,CCD,ATE,1.03,False
924,SN 2011BY,000-BKB-410,2455692.37350,12.897,0.012,False,Johnson V,CCD,ATE,1.03,False
925,SN 2011BY,000-BKB-410,2455692.37406,12.877,0.012,False,Johnson V,CCD,ATE,1.03,False
926,SN 2011BY,000-BKB-410,2455692.37463,12.869,0.012,False,Johnson V,CCD,ATE,1.03,False
927,SN 2011BY,000-BKB-410,2455692.37520,12.878,0.012,False,Johnson V,CCD,ATE,1.03,False
928,SN 2011BY,000-BKB-410,2455692.37577,12.8776,0.012,False,Johnson V,CCD,ATE,1.03,False
929,SN 2011BY,000-BKB-410,2455692.37633,12.874,0.012,False,Johnson V,CCD,ATE,1.03,False
930,SN 2011BY,000-BKB-410,2455692.37690,12.886,0.012,False,Johnson V,CCD,ATE,1.03,False
931,SN 2011BY,000-BKB-410,2455692.37750,12.880,0.012,False,Johnson V,CCD,ATE,1.03,False
932,SN 2011BY,000-BKB-410,2455692.37807,12.881,0.012,False,Johnson V,CCD,ATE,1.03,False
933,SN 2011BY,000-BKB-410,2455692.37864,12.870,0.012,False,Johnson V,CCD,ATE,1.03,False
934,SN 2011BY,000-BKB-410,2455692.37920,12.873,0.012,False,Johnson V,CCD,ATE,1.03,False
935,SN 2011BY,000-BKB-410,2455692.37977,12.881,0.012,False,Johnson V,CCD,ATE,1.03,False
936,SN 2011BY,000-BKB-410,2455692.38034,12.868,0.012,False,Johnson V,CCD,ATE,1.03,False
937,SN 2011BY,000-BKB-410,2455692.38094,12.866,0.012,False,Johnson V,CCD,ATE,1.03,False
938,SN 2011BY,000-BKB-410,2455692.38151,12.864,0.012,False,Johnson V,CCD,ATE,1.03,False
939,SN 2011BY,000-BKB-410,2455692.38207,12.873,0.012,False,Johnson V,CCD,ATE,1.03,False
940,SN 2011BY,000-BKB-410,2455692.38264,12.862,0.012,False,Johnson V,CCD,ATE,1.03,False
941,SN 2011BY,000-BKB-410,2455692.38321,12.865,0.012,False,Johnson V,CCD,ATE,1.03,False
942,SN 2011BY,000-BKB-410,2455692.38381,12.874,0.012,False,Johnson V,CCD,ATE,1.03,False
943,SN 2011BY,000-BKB-410,2455692.38438,12.877,0.012,False,Johnson V,CCD,ATE,1.03,False
944,SN 2011BY,000-BKB-410,2455692.38498,12.894,0.012,False,Johnson V,CCD,ATE,1.03,False
945,SN 2011BY,000-BKB-410,2455692.38555,12.890,0.012,False,Johnson V,CCD,ATE,1.03,False
946,SN 2011BY,000-BKB-410,2455692.38611,12.876,0.012,False,Johnson V,CCD,ATE,1.03,False
947,SN 2011BY,000-BKB-410,2455692.38668,12.895,0.012,False,Johnson V,CCD,ATE,1.03,False
948,SN 2011BY,000-BKB-410,2455692.38725,12.889,0.012,False,Johnson V,CCD,ATE,1.03,False
949,SN 2011BY,000-BKB-410,2455692.38781,12.886,0.012,False,Johnson V,CCD,ATE,1.03,False
950,SN 2011BY,000-BKB-410,2455692.38842,12.902,0.012,False,Johnson V,CCD,ATE,1.03,False
951,SN 2011BY,000-BKB-410,2455692.38898,12.887,0.012,False,Johnson V,CCD,ATE,1.03,False
952,SN 2011BY,000-BKB-410,2455692.38955,12.892,0.012,False,Johnson V,CCD,ATE,1.03,False
953,SN 2011BY,000-BKB-410,2455692.39012,12.898,0.012,False,Johnson V,CCD,ATE,1.03,False
954,SN 2011BY,000-BKB-410,2455692.39069,12.881,0.012,False,Johnson V,CCD,ATE,1.03,False
955,SN 2011BY,000-BKB-410,2455692.69462,13.172,0.078,False,Cousins I,CCD,NMR,,False
956,SN 2011BY,000-BKB-410,2455692.69531,12.858,0.047,False,Cousins R,CCD,NMR,,False
957,SN 2011BY,000-BKB-410,2455692.69601,13.106,0.039,False,Johnson B,CCD,NMR,,False
958,SN 2011BY,000-BKB-410,2455692.69670,12.929,0.031,False,Johnson V,CCD,NMR,,False
959,SN 2011BY,000-BKB-410,2455693.41376,12.918,0.008,False,Johnson V,CCD,BDG,1.020,True
960,SN 2011BY,000-BKB-410,2455693.41450,12.832,0.012,False,Cousins R,CCD,BDG,1.020,True
961,SN 2011BY,000-BKB-410,2455693.58950,12.881,0.013,False,Johnson V,CCD,ROE,1.048,False
962,SN 2011BY,000-BKB-410,2455693.59031,12.894,0.018,False,Johnson V,CCD,ROE,1.047,False
963,SN 2011BY,000-BKB-410,2455693.59112,12.837,0.019,False,Johnson V,CCD,ROE,1.047,False
964,SN 2011BY,000-BKB-410,2455693.59192,12.860,0.017,False,Johnson V,CCD,ROE,1.047,False
965,SN 2011BY,000-BKB-410,2455693.68999,12.934,0.023,False,Johnson V,CCD,NMR,,False
966,SN 2011BY,000-BKB-410,2455693.69068,12.860,0.033,False,Cousins R,CCD,NMR,,False
967,SN 2011BY,000-BKB-410,2455693.69138,13.220,0.059,False,Cousins I,CCD,NMR,,False
968,SN 2011BY,000-BKB-410,2455693.69207,13.136,0.029,False,Johnson B,CCD,NMR,,False
969,SN 2011BY,000-BKB-410,2455694.29799,13.1934,0.0177,False,Cousins R,CCD,RNL,,False
970,SN 2011BY,000-BKB-410,2455694.344,12.70,,False,Unfiltered with R Zeropoint,CCD,SIV,,False
971,SN 2011BY,000-BKB-410,2455694.363,13.1,,False,Cousins R,CCD,SMRC,,False
972,SN 2011BY,000-BKB-410,2455694.377,12.7,,False,Johnson B,CCD,SMRC,,False
973,SN 2011BY,000-BKB-410,2455694.38585,12.937,0.011,False,Johnson V,CCD,BDG,1.007,True
974,SN 2011BY,000-BKB-410,2455694.38659,12.843,0.010,False,Cousins R,CCD,BDG,1.007,True
975,SN 2011BY,000-BKB-410,2455694.4,13.1,,False,Johnson V,CCD,SMRC,,False
976,SN 2011BY,000-BKB-410,2455694.410,12.7,,False,Visual,Visual,BMU,,
977,SN 2011BY,000-BKB-410,2455694.413,12.8,,False,Visual,Visual,VDE,,
978,SN 2011BY,000-BKB-410,2455694.4583,12.8,,False,Visual,Visual,WWJ,,
979,SN 2011BY,000-BKB-410,2455694.70619,13.036,0.007,False,Johnson B,CCD,NMR,,False
980,SN 2011BY,000-BKB-410,2455694.70758,13.083,0.012,False,Cousins I,CCD,NMR,,False
981,SN 2011BY,000-BKB-410,2455694.70828,12.760,0.005,False,Cousins R,CCD,NMR,,False
982,SN 2011BY,000-BKB-410,2455694.70897,12.818,0.006,False,Johnson V,CCD,NMR,,False
983,SN 2011BY,000-BKB-410,2455694.71912,13.176,0.078,False,Johnson B,CCD,SXN,1.137,False
984,SN 2011BY,000-BKB-410,2455694.72145,12.915,0.006,False,Johnson V,CCD,SXN,1.140,False
985,SN 2011BY,000-BKB-410,2455694.72271,12.828,0.006,False,Cousins R,CCD,SXN,1.141,False
986,SN 2011BY,000-BKB-410,2455694.72397,13.117,0.016,False,Cousins I,CCD,SXN,1.144,False
987,SN 2011BY,000-BKB-410,2455694.72703,13.062,0.010,False,Johnson B,CCD,NMR,,False
988,SN 2011BY,000-BKB-410,2455694.72841,13.126,0.016,False,Cousins I,CCD,NMR,,False
989,SN 2011BY,000-BKB-410,2455694.72911,12.802,0.007,False,Cousins R,CCD,NMR,,False
990,SN 2011BY,000-BKB-410,2455694.72981,12.852,0.006,False,Johnson V,CCD,NMR,,False
991,SN 2011BY,000-BKB-410,2455694.921,12.60,,False,Unknown,Other,SIV,,
992,SN 2011BY,000-BKB-410,2455695.36458,12.8,,False,Visual,Visual,WKL,,
993,SN 2011BY,000-BKB-410,2455695.43857,12.958,0.007,False,Johnson V,CCD,BDG,1.048,True
994,SN 2011BY,000-BKB-410,2455695.43931,12.872,0.008,False,Cousins R,CCD,BDG,1.049,True
995,SN 2011BY,000-BKB-410,2455695.4681,13.0,,False,Visual,Visual,WWJ,,
996,SN 2011BY,000-BKB-410,2455695.67609,13.221,0.046,False,Johnson B,CCD,SXN,1.091,False
997,SN 2011BY,000-BKB-410,2455695.67841,12.916,0.017,False,Johnson V,CCD,SXN,1.092,False
998,SN 2011BY,000-BKB-410,2455695.67969,12.860,0.008,False,Cousins R,CCD,SXN,1.092,False
999,SN 2011BY,000-BKB-410,2455695.68095,13.157,0.012,False,Cousins I,CCD,SXN,1.094,False
1000,SN 2011BY,000-BKB-410,2455695.851,12.76,,False,Unknown,Other,SIV,,
1001,SN 2011BY,000-BKB-410,2455696.309926,13.2599,0.0158,False,Cousins R,CCD,RNL,,False
1002,SN 2011BY,000-BKB-410,2455696.37153,13.0,,False,Visual,Visual,WKL,,
1003,SN 2011BY,000-BKB-410,2455696.38296,12.945,0.013,False,Johnson V,CCD,ATE,1.03,False
1004,SN 2011BY,000-BKB-410,2455696.38358,12.955,0.013,False,Johnson V,CCD,ATE,1.03,False
1005,SN 2011BY,000-BKB-410,2455696.38409,12.943,0.013,False,Johnson V,CCD,ATE,1.03,False
1006,SN 2011BY,000-BKB-410,2455696.38463,12.956,0.013,False,Johnson V,CCD,ATE,1.03,False
1007,SN 2011BY,000-BKB-410,2455696.38518,12.934,0.013,False,Johnson V,CCD,ATE,1.03,False
1008,SN 2011BY,000-BKB-410,2455696.38569,12.935,0.013,False,Johnson V,CCD,ATE,1.03,False
1009,SN 2011BY,000-BKB-410,2455696.38620,12.939,0.013,False,Johnson V,CCD,ATE,1.03,False
1010,SN 2011BY,000-BKB-410,2455696.38671,12.953,0.013,False,Johnson V,CCD,ATE,1.03,False
1011,SN 2011BY,000-BKB-410,2455696.38722,12.955,0.013,False,Johnson V,CCD,ATE,1.03,False
1012,SN 2011BY,000-BKB-410,2455696.38772,12.954,0.013,False,Johnson V,CCD,ATE,1.03,False
1013,SN 2011BY,000-BKB-410,2455696.38823,12.922,0.013,False,Johnson V,CCD,ATE,1.03,False
1014,SN 2011BY,000-BKB-410,2455696.38878,12.959,0.013,False,Johnson V,CCD,ATE,1.03,False
1015,SN 2011BY,000-BKB-410,2455696.38929,12.944,0.013,False,Johnson V,CCD,ATE,1.04,False
1016,SN 2011BY,000-BKB-410,2455696.38980,12.958,0.013,False,Johnson V,CCD,ATE,1.04,False
1017,SN 2011BY,000-BKB-410,2455696.39031,12.937,0.013,False,Johnson V,CCD,ATE,1.04,False
1018,SN 2011BY,000-BKB-410,2455696.39081,12.952,0.013,False,Johnson V,CCD,ATE,1.04,False
1019,SN 2011BY,000-BKB-410,2455696.39136,12.938,0.013,False,Johnson V,CCD,ATE,1.04,False
1020,SN 2011BY,000-BKB-410,2455696.39187,12.950,0.013,False,Johnson V,CCD,ATE,1.04,False
1021,SN 2011BY,000-BKB-410,2455696.39238,12.942,0.013,False,Johnson V,CCD,ATE,1.04,False
1022,SN 2011BY,000-BKB-410,2455696.39289,12.938,0.013,False,Johnson V,CCD,ATE,1.04,False
1023,SN 2011BY,000-BKB-410,2455696.39340,12.951,0.013,False,Johnson V,CCD,ATE,1.04,False
1024,SN 2011BY,000-BKB-410,2455696.39390,12.953,0.013,False,Johnson V,CCD,ATE,1.04,False
1025,SN 2011BY,000-BKB-410,2455696.39445,12.941,0.013,False,Johnson V,CCD,ATE,1.04,False
1026,SN 2011BY,000-BKB-410,2455696.39496,12.951,0.013,False,Johnson V,CCD,ATE,1.04,False
1027,SN 2011BY,000-BKB-410,2455696.395,13.1,,False,Cousins R,CCD,SMRC,,False
1028,SN 2011BY,000-BKB-410,2455696.39547,12.939,0.013,False,Johnson V,CCD,ATE,1.04,False
1029,SN 2011BY,000-BKB-410,2455696.39598,12.932,0.013,False,Johnson V,CCD,ATE,1.04,False
1030,SN 2011BY,000-BKB-410,2455696.39649,12.940,0.013,False,Johnson V,CCD,ATE,1.04,False
1031,SN 2011BY,000-BKB-410,2455696.39700,12.944,0.013,False,Johnson V,CCD,ATE,1.04,False
1032,SN 2011BY,000-BKB-410,2455696.39750,12.949,0.013,False,Johnson V,CCD,ATE,1.04,False
1033,SN 2011BY,000-BKB-410,2455696.39805,12.924,0.013,False,Johnson V,CCD,ATE,1.04,False
1034,SN 2011BY,000-BKB-410,2455696.39856,12.955,0.013,False,Johnson V,CCD,ATE,1.04,False
1035,SN 2011BY,000-BKB-410,2455696.39907,12.944,0.013,False,Johnson V,CCD,ATE,1.04,False
1036,SN 2011BY,000-BKB-410,2455696.39958,12.946,0.013,False,Johnson V,CCD,ATE,1.04,False
1037,SN 2011BY,000-BKB-410,2455696.40009,12.932,0.013,False,Johnson V,CCD,ATE,1.04,False
1038,SN 2011BY,000-BKB-410,2455696.40059,12.928,0.013,False,Johnson V,CCD,ATE,1.04,False
1039,SN 2011BY,000-BKB-410,2455696.40112,12.945,0.013,False,Johnson V,CCD,ATE,1.04,False
1040,SN 2011BY,000-BKB-410,2455696.40162,12.930,0.013,False,Johnson V,CCD,ATE,1.04,False
1041,SN 2011BY,000-BKB-410,2455696.40213,12.922,0.013,False,Johnson V,CCD,ATE,1.04,False
1042,SN 2011BY,000-BKB-410,2455696.40264,12.950,0.013,False,Johnson V,CCD,ATE,1.04,False
1043,SN 2011BY,000-BKB-410,2455696.40315,12.962,0.013,False,Johnson V,CCD,ATE,1.04,False
1044,SN 2011BY,000-BKB-410,2455696.40370,12.935,0.013,False,Johnson V,CCD,ATE,1.04,False
1045,SN 2011BY,000-BKB-410,2455696.40421,12.955,0.013,False,Johnson V,CCD,ATE,1.04,False
1046,SN 2011BY,000-BKB-410,2455696.40474,12.924,0.013,False,Johnson V,CCD,ATE,1.04,False
1047,SN 2011BY,000-BKB-410,2455696.40526,12.931,0.013,False,Johnson V,CCD,ATE,1.04,False
1048,SN 2011BY,000-BKB-410,2455696.40577,12.943,0.013,False,Johnson V,CCD,ATE,1.04,False
1049,SN 2011BY,000-BKB-410,2455696.40628,12.948,0.013,False,Johnson V,CCD,ATE,1.04,False
1050,SN 2011BY,000-BKB-410,2455696.40679,12.948,0.013,False,Johnson V,CCD,ATE,1.04,False
1051,SN 2011BY,000-BKB-410,2455696.407,12.7,,False,Johnson V,CCD,SMRC,,False
1052,SN 2011BY,000-BKB-410,2455696.40730,12.957,0.013,False,Johnson V,CCD,ATE,1.05,False
1053,SN 2011BY,000-BKB-410,2455696.40784,12.944,0.013,False,Johnson V,CCD,ATE,1.05,False
1054,SN 2011BY,000-BKB-410,2455696.40835,12.916,0.013,False,Johnson V,CCD,ATE,1.05,False
1055,SN 2011BY,000-BKB-410,2455696.40886,12.934,0.013,False,Johnson V,CCD,ATE,1.05,False
1056,SN 2011BY,000-BKB-410,2455696.417,12.7,,False,Johnson B,CCD,SMRC,,False
1057,SN 2011BY,000-BKB-410,2455696.4431,12.9,,False,Visual,Visual,WWJ,,
1058,SN 2011BY,000-BKB-410,2455696.46266,12.981,0.018,False,Johnson V,CCD,BDG,1.086,True
1059,SN 2011BY,000-BKB-410,2455696.46340,12.893,0.014,False,Cousins R,CCD,BDG,1.087,True
1060,SN 2011BY,000-BKB-410,2455696.68550,13.282,0.059,False,Johnson B,CCD,SXN,1.100,False
1061,SN 2011BY,000-BKB-410,2455696.68782,12.952,0.005,False,Johnson V,CCD,SXN,1.102,False
1062,SN 2011BY,000-BKB-410,2455696.68911,12.874,0.006,False,Cousins R,CCD,SXN,1.103,False
1063,SN 2011BY,000-BKB-410,2455696.69037,13.199,0.012,False,Cousins I,CCD,SXN,1.105,False
1064,SN 2011BY,000-BKB-410,2455696.837,13.12,,False,Unknown,Other,SIV,,
1065,SN 2011BY,000-BKB-410,2455697.36058,12.989,0.013,False,Johnson V,CCD,ATE,1.03,False
1066,SN 2011BY,000-BKB-410,2455697.36121,13.017,0.013,False,Johnson V,CCD,ATE,1.03,False
1067,SN 2011BY,000-BKB-410,2455697.36174,12.999,0.013,False,Johnson V,CCD,ATE,1.03,False
1068,SN 2011BY,000-BKB-410,2455697.36228,12.985,0.013,False,Johnson V,CCD,ATE,1.03,False
1069,SN 2011BY,000-BKB-410,2455697.36281,13.017,0.013,False,Johnson V,CCD,ATE,1.03,False
1070,SN 2011BY,000-BKB-410,2455697.36332,13.041,0.013,False,Johnson V,CCD,ATE,1.03,False
1071,SN 2011BY,000-BKB-410,2455697.36384,13.000,0.013,False,Johnson V,CCD,ATE,1.03,False
1072,SN 2011BY,000-BKB-410,2455697.36435,13.025,0.013,False,Johnson V,CCD,ATE,1.03,False
1073,SN 2011BY,000-BKB-410,2455697.36486,12.998,0.013,False,Johnson V,CCD,ATE,1.03,False
1074,SN 2011BY,000-BKB-410,2455697.36537,12.993,0.013,False,Johnson V,CCD,ATE,1.03,False
1075,SN 2011BY,000-BKB-410,2455697.36588,13.005,0.013,False,Johnson V,CCD,ATE,1.03,False
1076,SN 2011BY,000-BKB-410,2455697.36641,13.005,0.013,False,Johnson V,CCD,ATE,1.03,False
1077,SN 2011BY,000-BKB-410,2455697.36693,12.993,0.013,False,Johnson V,CCD,ATE,1.03,False
1078,SN 2011BY,000-BKB-410,2455697.36744,13.017,0.013,False,Johnson V,CCD,ATE,1.03,False
1079,SN 2011BY,000-BKB-410,2455697.36795,13.004,0.013,False,Johnson V,CCD,ATE,1.03,False
1080,SN 2011BY,000-BKB-410,2455697.36846,13.015,0.013,False,Johnson V,CCD,ATE,1.03,False
1081,SN 2011BY,000-BKB-410,2455697.36899,13.011,0.013,False,Johnson V,CCD,ATE,1.03,False
1082,SN 2011BY,000-BKB-410,2455697.36951,12.983,0.013,False,Johnson V,CCD,ATE,1.03,False
1083,SN 2011BY,000-BKB-410,2455697.37002,13.000,0.013,False,Johnson V,CCD,ATE,1.03,False
1084,SN 2011BY,000-BKB-410,2455697.37053,13.013,0.013,False,Johnson V,CCD,ATE,1.03,False
1085,SN 2011BY,000-BKB-410,2455697.37104,12.984,0.013,False,Johnson V,CCD,ATE,1.03,False
1086,SN 2011BY,000-BKB-410,2455697.37155,13.010,0.013,False,Johnson V,CCD,ATE,1.03,False
1087,SN 2011BY,000-BKB-410,2455697.37209,13.004,0.013,False,Johnson V,CCD,ATE,1.03,False
1088,SN 2011BY,000-BKB-410,2455697.37260,13.014,0.013,False,Johnson V,CCD,ATE,1.03,False
1089,SN 2011BY,000-BKB-410,2455697.37311,12.991,0.013,False,Johnson V,CCD,ATE,1.03,False
1090,SN 2011BY,000-BKB-410,2455697.37362,13.016,0.013,False,Johnson V,CCD,ATE,1.03,False
1091,SN 2011BY,000-BKB-410,2455697.37413,13.005,0.013,False,Johnson V,CCD,ATE,1.03,False
1092,SN 2011BY,000-BKB-410,2455697.37464,13.022,0.013,False,Johnson V,CCD,ATE,1.03,False
1093,SN 2011BY,000-BKB-410,2455697.37515,13.012,0.013,False,Johnson V,CCD,ATE,1.03,False
1094,SN 2011BY,000-BKB-410,2455697.37569,13.007,0.013,False,Johnson V,CCD,ATE,1.03,False
1095,SN 2011BY,000-BKB-410,2455697.37620,12.990,0.013,False,Johnson V,CCD,ATE,1.03,False
1096,SN 2011BY,000-BKB-410,2455697.37671,13.010,0.013,False,Johnson V,CCD,ATE,1.03,False
1097,SN 2011BY,000-BKB-410,2455697.37722,13.017,0.013,False,Johnson V,CCD,ATE,1.03,False
1098,SN 2011BY,000-BKB-410,2455697.37773,13.004,0.013,False,Johnson V,CCD,ATE,1.03,False
1099,SN 2011BY,000-BKB-410,2455697.37824,13.004,0.013,False,Johnson V,CCD,ATE,1.03,False
1100,SN 2011BY,000-BKB-410,2455697.37878,12.994,0.013,False,Johnson V,CCD,ATE,1.03,False
1101,SN 2011BY,000-BKB-410,2455697.37929,13.021,0.013,False,Johnson V,CCD,ATE,1.03,False
1102,SN 2011BY,000-BKB-410,2455697.37980,13.000,0.013,False,Johnson V,CCD,ATE,1.03,False
1103,SN 2011BY,000-BKB-410,2455697.38031,13.005,0.013,False,Johnson V,CCD,ATE,1.03,False
1104,SN 2011BY,000-BKB-410,2455697.38082,13.017,0.013,False,Johnson V,CCD,ATE,1.03,False
1105,SN 2011BY,000-BKB-410,2455697.38135,12.991,0.013,False,Johnson V,CCD,ATE,1.03,False
1106,SN 2011BY,000-BKB-410,2455697.38187,13.011,0.013,False,Johnson V,CCD,ATE,1.03,False
1107,SN 2011BY,000-BKB-410,2455697.38238,13.014,0.013,False,Johnson V,CCD,ATE,1.03,False
1108,SN 2011BY,000-BKB-410,2455697.38289,12.995,0.013,False,Johnson V,CCD,ATE,1.03,False
1109,SN 2011BY,000-BKB-410,2455697.38340,12.999,0.013,False,Johnson V,CCD,ATE,1.03,False
1110,SN 2011BY,000-BKB-410,2455697.38391,13.004,0.013,False,Johnson V,CCD,ATE,1.03,False
1111,SN 2011BY,000-BKB-410,2455697.38442,12.982,0.013,False,Johnson V,CCD,ATE,1.03,False
1112,SN 2011BY,000-BKB-410,2455697.38493,13.006,0.013,False,Johnson V,CCD,ATE,1.03,False
1113,SN 2011BY,000-BKB-410,2455697.38547,12.985,0.013,False,Johnson V,CCD,ATE,1.03,False
1114,SN 2011BY,000-BKB-410,2455697.38598,12.991,0.013,False,Johnson V,CCD,ATE,1.03,False
1115,SN 2011BY,000-BKB-410,2455697.38649,13.021,0.013,False,Johnson V,CCD,ATE,1.04,False
1116,SN 2011BY,000-BKB-410,2455697.38701,13.002,0.013,False,Johnson V,CCD,ATE,1.04,False
1117,SN 2011BY,000-BKB-410,2455697.38752,12.990,0.013,False,Johnson V,CCD,ATE,1.04,False
1118,SN 2011BY,000-BKB-410,2455697.38803,12.988,0.013,False,Johnson V,CCD,ATE,1.04,False
1119,SN 2011BY,000-BKB-410,2455697.67679,13.335,0.050,False,Johnson B,CCD,SXN,1.095,False
1120,SN 2011BY,000-BKB-410,2455697.67912,12.994,0.012,False,Johnson V,CCD,SXN,1.096,False
1121,SN 2011BY,000-BKB-410,2455697.68039,12.936,0.006,False,Cousins R,CCD,SXN,1.097,False
1122,SN 2011BY,000-BKB-410,2455697.68166,13.272,0.012,False,Cousins I,CCD,SXN,1.099,False
1123,SN 2011BY,000-BKB-410,2455697.805,13.0,,False,Unknown,Other,SIV,,
1124,SN 2011BY,000-BKB-410,2455698.35145,12.987,0.013,False,Johnson V,CCD,ATE,1.03,False
1125,SN 2011BY,000-BKB-410,2455698.35232,12.999,0.013,False,Johnson V,CCD,ATE,1.03,False
1126,SN 2011BY,000-BKB-410,2455698.35283,13.009,0.013,False,Johnson V,CCD,ATE,1.03,False
1127,SN 2011BY,000-BKB-410,2455698.35337,12.989,0.013,False,Johnson V,CCD,ATE,1.03,False
1128,SN 2011BY,000-BKB-410,2455698.35388,13.036,0.014,False,Johnson V,CCD,ATE,1.03,False
1129,SN 2011BY,000-BKB-410,2455698.35439,13.018,0.013,False,Johnson V,CCD,ATE,1.03,False
1130,SN 2011BY,000-BKB-410,2455698.35490,13.011,0.013,False,Johnson V,CCD,ATE,1.03,False
1131,SN 2011BY,000-BKB-410,2455698.35541,12.981,0.013,False,Johnson V,CCD,ATE,1.03,False
1132,SN 2011BY,000-BKB-410,2455698.35592,12.992,0.013,False,Johnson V,CCD,ATE,1.03,False
1133,SN 2011BY,000-BKB-410,2455698.35643,12.995,0.013,False,Johnson V,CCD,ATE,1.03,False
1134,SN 2011BY,000-BKB-410,2455698.38523,13.033,0.014,False,Johnson V,CCD,ATE,1.04,False
1135,SN 2011BY,000-BKB-410,2455698.38586,13.012,0.014,False,Johnson V,CCD,ATE,1.04,False
1136,SN 2011BY,000-BKB-410,2455698.38637,13.015,0.014,False,Johnson V,CCD,ATE,1.04,False
1137,SN 2011BY,000-BKB-410,2455698.38688,13.043,0.014,False,Johnson V,CCD,ATE,1.04,False
1138,SN 2011BY,000-BKB-410,2455698.38739,13.027,0.014,False,Johnson V,CCD,ATE,1.04,False
1139,SN 2011BY,000-BKB-410,2455698.38790,13.020,0.014,False,Johnson V,CCD,ATE,1.04,False
1140,SN 2011BY,000-BKB-410,2455698.38841,13.035,0.014,False,Johnson V,CCD,ATE,1.04,False
1141,SN 2011BY,000-BKB-410,2455698.38895,12.997,0.013,False,Johnson V,CCD,ATE,1.04,False
1142,SN 2011BY,000-BKB-410,2455698.38946,13.021,0.014,False,Johnson V,CCD,ATE,1.04,False
1143,SN 2011BY,000-BKB-410,2455698.38997,13.018,0.013,False,Johnson V,CCD,ATE,1.04,False
1144,SN 2011BY,000-BKB-410,2455698.39048,13.039,0.014,False,Johnson V,CCD,ATE,1.04,False
1145,SN 2011BY,000-BKB-410,2455698.39099,13.018,0.014,False,Johnson V,CCD,ATE,1.04,False
1146,SN 2011BY,000-BKB-410,2455698.39150,13.016,0.014,False,Johnson V,CCD,ATE,1.04,False
1147,SN 2011BY,000-BKB-410,2455698.39204,13.001,0.014,False,Johnson V,CCD,ATE,1.04,False
1148,SN 2011BY,000-BKB-410,2455698.39255,13.025,0.014,False,Johnson V,CCD,ATE,1.04,False
1149,SN 2011BY,000-BKB-410,2455698.39306,13.007,0.014,False,Johnson V,CCD,ATE,1.04,False
1150,SN 2011BY,000-BKB-410,2455698.39357,13.004,0.014,False,Johnson V,CCD,ATE,1.04,False
1151,SN 2011BY,000-BKB-410,2455698.39408,13.031,0.014,False,Johnson V,CCD,ATE,1.04,False
1152,SN 2011BY,000-BKB-410,2455698.39459,13.046,0.014,False,Johnson V,CCD,ATE,1.04,False
1153,SN 2011BY,000-BKB-410,2455698.39510,12.997,0.014,False,Johnson V,CCD,ATE,1.04,False
1154,SN 2011BY,000-BKB-410,2455698.39564,13.024,0.014,False,Johnson V,CCD,ATE,1.04,False
1155,SN 2011BY,000-BKB-410,2455698.39618,13.001,0.014,False,Johnson V,CCD,ATE,1.04,False
1156,SN 2011BY,000-BKB-410,2455698.39669,13.000,0.014,False,Johnson V,CCD,ATE,1.04,False
1157,SN 2011BY,000-BKB-410,2455698.39720,13.025,0.014,False,Johnson V,CCD,ATE,1.04,False
1158,SN 2011BY,000-BKB-410,2455698.39771,12.987,0.014,False,Johnson V,CCD,ATE,1.04,False
1159,SN 2011BY,000-BKB-410,2455698.39822,13.006,0.014,False,Johnson V,CCD,ATE,1.04,False
1160,SN 2011BY,000-BKB-410,2455698.39876,13.035,0.014,False,Johnson V,CCD,ATE,1.04,False
1161,SN 2011BY,000-BKB-410,2455698.39927,13.012,0.014,False,Johnson V,CCD,ATE,1.04,False
1162,SN 2011BY,000-BKB-410,2455698.39978,12.990,0.014,False,Johnson V,CCD,ATE,1.04,False
1163,SN 2011BY,000-BKB-410,2455698.40029,12.990,0.014,False,Johnson V,CCD,ATE,1.04,False
1164,SN 2011BY,000-BKB-410,2455698.42352,12.938,0.013,False,Unfiltered with R Zeropoint,CCD,SJAV,1.077,False
1165,SN 2011BY,000-BKB-410,2455698.4283,13.107,0.017,False,Johnson V,CCD,MMN,,False
1166,SN 2011BY,000-BKB-410,2455698.4287,13.090,0.015,False,Cousins R,CCD,MMN,,False
1167,SN 2011BY,000-BKB-410,2455698.66786,13.404,0.047,False,Johnson B,CCD,SXN,1.091,False
1168,SN 2011BY,000-BKB-410,2455698.67019,13.039,0.007,False,Johnson V,CCD,SXN,1.092,False
1169,SN 2011BY,000-BKB-410,2455698.67145,13.003,0.007,False,Cousins R,CCD,SXN,1.092,False
1170,SN 2011BY,000-BKB-410,2455698.67271,13.360,0.016,False,Cousins I,CCD,SXN,1.094,False
1171,SN 2011BY,000-BKB-410,2455698.71429,13.095,0.019,False,Johnson V,CCD,ROE,1.185,False
1172,SN 2011BY,000-BKB-410,2455698.71579,13.059,0.011,False,Johnson V,CCD,ROE,1.189,False
1173,SN 2011BY,000-BKB-410,2455698.71728,13.160,0.013,False,Johnson V,CCD,ROE,1.193,False
1174,SN 2011BY,000-BKB-410,2455698.718,12.96,,False,Unknown,Other,SIV,,
1175,SN 2011BY,000-BKB-410,2455699.35764,13.0,,False,Visual,Visual,WKL,,
1176,SN 2011BY,000-BKB-410,2455700.309494,13.6048,0.0210,False,Cousins R,CCD,RNL,,False
1177,SN 2011BY,000-BKB-410,2455700.356,13.0,,False,Unfiltered with R Zeropoint,CCD,SIV,,False
1178,SN 2011BY,000-BKB-410,2455700.36458,13.1,,False,Visual,Visual,WKL,,
1179,SN 2011BY,000-BKB-410,2455700.3792,13.162,0.025,False,Johnson V,CCD,MMN,,False
1180,SN 2011BY,000-BKB-410,2455700.41416,13.148,0.014,False,Johnson V,CCD,BDG,1.037,True
1181,SN 2011BY,000-BKB-410,2455700.41490,13.164,0.023,False,Cousins R,CCD,BDG,1.037,True
1182,SN 2011BY,000-BKB-410,2455700.5014,13.0,,False,Visual,Visual,WWJ,,
1183,SN 2011BY,000-BKB-410,2455701.3492,13.268,0.012,False,Johnson V,CCD,MMN,,False
1184,SN 2011by,000-BKB-410,2455701.36267,13.183,0.006,False,Cousins R,CCD,NRNA,1.038,False
1185,SN 2011BY,000-BKB-410,2455701.3639,13.1,,False,Visual,Visual,KWO,,
1186,SN 2011BY,000-BKB-410,2455701.36496,13.182,0.014,False,Johnson V,CCD,ATE,1.03,False
1187,SN 2011BY,000-BKB-410,2455701.365,13.20,,False,Unfiltered with R Zeropoint,CCD,SIV,,False
1188,SN 2011BY,000-BKB-410,2455701.36560,13.164,0.014,False,Johnson V,CCD,ATE,1.03,False
1189,SN 2011BY,000-BKB-410,2455701.36611,13.155,0.014,False,Johnson V,CCD,ATE,1.03,False
1190,SN 2011BY,000-BKB-410,2455701.36662,13.156,0.014,False,Johnson V,CCD,ATE,1.03,False
1191,SN 2011BY,000-BKB-410,2455701.36713,13.172,0.014,False,Johnson V,CCD,ATE,1.03,False
1192,SN 2011BY,000-BKB-410,2455701.36764,13.191,0.014,False,Johnson V,CCD,ATE,1.03,False
1193,SN 2011BY,000-BKB-410,2455701.36815,13.169,0.014,False,Johnson V,CCD,ATE,1.03,False
1194,SN 2011BY,000-BKB-410,2455701.36867,13.191,0.015,False,Johnson V,CCD,ATE,1.03,False
1195,SN 2011BY,000-BKB-410,2455701.36918,13.174,0.014,False,Johnson V,CCD,ATE,1.03,False
1196,SN 2011BY,000-BKB-410,2455701.36969,13.183,0.014,False,Johnson V,CCD,ATE,1.03,False
1197,SN 2011BY,000-BKB-410,2455701.37022,13.166,0.014,False,Johnson V,CCD,ATE,1.03,False
1198,SN 2011BY,000-BKB-410,2455701.37074,13.154,0.014,False,Johnson V,CCD,ATE,1.03,False
1199,SN 2011BY,000-BKB-410,2455701.37125,13.162,0.014,False,Johnson V,CCD,ATE,1.03,False
1200,SN 2011BY,000-BKB-410,2455701.37176,13.153,0.014,False,Johnson V,CCD,ATE,1.03,False
1201,SN 2011BY,000-BKB-410,2455701.37229,13.158,0.014,False,Johnson V,CCD,ATE,1.03,False
1202,SN 2011BY,000-BKB-410,2455701.37281,13.165,0.014,False,Johnson V,CCD,ATE,1.03,False
1203,SN 2011BY,000-BKB-410,2455701.37332,13.174,0.014,False,Johnson V,CCD,ATE,1.03,False
1204,SN 2011BY,000-BKB-410,2455701.37383,13.163,0.014,False,Johnson V,CCD,ATE,1.03,False
1205,SN 2011BY,000-BKB-410,2455701.37434,13.172,0.014,False,Johnson V,CCD,ATE,1.03,False
1206,SN 2011BY,000-BKB-410,2455701.37485,13.172,0.014,False,Johnson V,CCD,ATE,1.03,False
1207,SN 2011BY,000-BKB-410,2455701.37539,13.163,0.014,False,Johnson V,CCD,ATE,1.03,False
1208,SN 2011BY,000-BKB-410,2455701.37590,13.164,0.014,False,Johnson V,CCD,ATE,1.04,False
1209,SN 2011BY,000-BKB-410,2455701.37641,13.164,0.014,False,Johnson V,CCD,ATE,1.04,False
1210,SN 2011BY,000-BKB-410,2455701.37692,13.202,0.014,False,Johnson V,CCD,ATE,1.04,False
1211,SN 2011BY,000-BKB-410,2455701.37743,13.166,0.014,False,Johnson V,CCD,ATE,1.04,False
1212,SN 2011BY,000-BKB-410,2455701.37794,13.194,0.014,False,Johnson V,CCD,ATE,1.04,False
1213,SN 2011BY,000-BKB-410,2455701.37845,13.166,0.014,False,Johnson V,CCD,ATE,1.04,False
1214,SN 2011BY,000-BKB-410,2455701.37899,13.199,0.014,False,Johnson V,CCD,ATE,1.04,False
1215,SN 2011BY,000-BKB-410,2455701.37950,13.176,0.014,False,Johnson V,CCD,ATE,1.04,False
1216,SN 2011BY,000-BKB-410,2455701.38001,13.152,0.014,False,Johnson V,CCD,ATE,1.04,False
1217,SN 2011BY,000-BKB-410,2455701.38052,13.164,0.014,False,Johnson V,CCD,ATE,1.04,False
1218,SN 2011BY,000-BKB-410,2455701.38103,13.175,0.014,False,Johnson V,CCD,ATE,1.04,False
1219,SN 2011BY,000-BKB-410,2455701.38154,13.183,0.014,False,Johnson V,CCD,ATE,1.04,False
1220,SN 2011BY,000-BKB-410,2455701.38205,13.156,0.014,False,Johnson V,CCD,ATE,1.04,False
1221,SN 2011BY,000-BKB-410,2455701.38259,13.167,0.014,False,Johnson V,CCD,ATE,1.04,False
1222,SN 2011BY,000-BKB-410,2455701.38310,13.153,0.014,False,Johnson V,CCD,ATE,1.04,False
1223,SN 2011BY,000-BKB-410,2455701.38361,13.161,0.014,False,Johnson V,CCD,ATE,1.04,False
1224,SN 2011BY,000-BKB-410,2455701.38412,13.199,0.015,False,Johnson V,CCD,ATE,1.04,False
1225,SN 2011BY,000-BKB-410,2455701.38466,13.157,0.014,False,Johnson V,CCD,ATE,1.04,False
1226,SN 2011BY,000-BKB-410,2455701.38517,13.156,0.014,False,Johnson V,CCD,ATE,1.04,False
1227,SN 2011BY,000-BKB-410,2455701.38568,13.184,0.014,False,Johnson V,CCD,ATE,1.04,False
1228,SN 2011BY,000-BKB-410,2455701.38623,13.153,0.014,False,Johnson V,CCD,ATE,1.04,False
1229,SN 2011BY,000-BKB-410,2455701.38674,13.176,0.014,False,Johnson V,CCD,ATE,1.04,False
1230,SN 2011BY,000-BKB-410,2455701.38724,13.172,0.014,False,Johnson V,CCD,ATE,1.04,False
1231,SN 2011BY,000-BKB-410,2455701.38775,13.167,0.014,False,Johnson V,CCD,ATE,1.04,False
1232,SN 2011BY,000-BKB-410,2455701.38826,13.152,0.014,False,Johnson V,CCD,ATE,1.04,False
1233,SN 2011BY,000-BKB-410,2455701.38877,13.160,0.014,False,Johnson V,CCD,ATE,1.04,False
1234,SN 2011BY,000-BKB-410,2455701.38932,13.179,0.014,False,Johnson V,CCD,ATE,1.04,False
1235,SN 2011BY,000-BKB-410,2455701.38983,13.188,0.014,False,Johnson V,CCD,ATE,1.04,False
1236,SN 2011BY,000-BKB-410,2455701.39033,13.162,0.014,False,Johnson V,CCD,ATE,1.04,False
1237,SN 2011BY,000-BKB-410,2455701.39084,13.160,0.014,False,Johnson V,CCD,ATE,1.04,False
1238,SN 2011BY,000-BKB-410,2455701.39136,13.162,0.014,False,Johnson V,CCD,ATE,1.04,False
1239,SN 2011BY,000-BKB-410,2455701.39187,13.156,0.014,False,Johnson V,CCD,ATE,1.04,False
1240,SN 2011BY,000-BKB-410,2455701.39238,13.154,0.014,False,Johnson V,CCD,ATE,1.04,False
1241,SN 2011BY,000-BKB-410,2455701.39292,13.165,0.014,False,Johnson V,CCD,ATE,1.04,False
1242,SN 2011BY,000-BKB-410,2455701.39344,13.159,0.014,False,Johnson V,CCD,ATE,1.04,False
1243,SN 2011BY,000-BKB-410,2455701.39395,13.161,0.014,False,Johnson V,CCD,ATE,1.05,False
1244,SN 2011BY,000-BKB-410,2455701.39446,13.158,0.014,False,Johnson V,CCD,ATE,1.05,False
1245,SN 2011BY,000-BKB-410,2455701.39499,13.171,0.014,False,Johnson V,CCD,ATE,1.05,False
1246,SN 2011BY,000-BKB-410,2455701.39550,13.158,0.014,False,Johnson V,CCD,ATE,1.05,False
1247,SN 2011BY,000-BKB-410,2455701.39602,13.159,0.014,False,Johnson V,CCD,ATE,1.05,False
1248,SN 2011BY,000-BKB-410,2455701.39653,13.166,0.014,False,Johnson V,CCD,ATE,1.05,False
1249,SN 2011BY,000-BKB-410,2455701.41257,13.222,0.012,False,Johnson V,CCD,BDG,1.038,True
1250,SN 2011BY,000-BKB-410,2455701.41331,13.247,0.015,False,Cousins R,CCD,BDG,1.038,True
1251,SN 2011BY,000-BKB-410,2455701.69392,13.596,0.008,False,Johnson B,CCD,NMR,,False
1252,SN 2011BY,000-BKB-410,2455701.69531,13.579,0.013,False,Cousins I,CCD,NMR,,False
1253,SN 2011BY,000-BKB-410,2455701.69602,13.162,0.006,False,Cousins R,CCD,NMR,,False
1254,SN 2011BY,000-BKB-410,2455701.69670,13.099,0.005,False,Johnson V,CCD,NMR,,False
1255,SN 2011BY,000-BKB-410,2455701.71059,13.584,0.008,False,Johnson B,CCD,NMR,,False
1256,SN 2011BY,000-BKB-410,2455701.72105,13.628,0.014,False,Cousins I,CCD,NMR,,False
1257,SN 2011BY,000-BKB-410,2455701.72170,13.212,0.006,False,Cousins R,CCD,NMR,,False
1258,SN 2011BY,000-BKB-410,2455701.72240,13.143,0.005,False,Johnson V,CCD,NMR,,False
1259,SN 2011BY,000-BKB-410,2455702.35998,13.229,0.015,False,Johnson V,CCD,ATE,1.03,False
1260,SN 2011BY,000-BKB-410,2455702.36070,13.220,0.015,False,Johnson V,CCD,ATE,1.03,False
1261,SN 2011BY,000-BKB-410,2455702.36121,13.254,0.015,False,Johnson V,CCD,ATE,1.03,False
1262,SN 2011BY,000-BKB-410,2455702.36175,13.263,0.015,False,Johnson V,CCD,ATE,1.03,False
1263,SN 2011BY,000-BKB-410,2455702.36226,13.232,0.015,False,Johnson V,CCD,ATE,1.03,False
1264,SN 2011BY,000-BKB-410,2455702.36277,13.258,0.015,False,Johnson V,CCD,ATE,1.03,False
1265,SN 2011BY,000-BKB-410,2455702.363,13.1,,False,Johnson B,CCD,SMRC,,False
1266,SN 2011BY,000-BKB-410,2455702.36328,13.267,0.015,False,Johnson V,CCD,ATE,1.03,False
1267,SN 2011BY,000-BKB-410,2455702.36379,13.255,0.015,False,Johnson V,CCD,ATE,1.03,False
1268,SN 2011BY,000-BKB-410,2455702.36430,13.246,0.015,False,Johnson V,CCD,ATE,1.03,False
1269,SN 2011BY,000-BKB-410,2455702.36481,13.250,0.015,False,Johnson V,CCD,ATE,1.03,False
1270,SN 2011BY,000-BKB-410,2455702.36535,13.239,0.015,False,Johnson V,CCD,ATE,1.03,False
1271,SN 2011BY,000-BKB-410,2455702.36586,13.220,0.015,False,Johnson V,CCD,ATE,1.03,False
1272,SN 2011BY,000-BKB-410,2455702.36637,13.227,0.015,False,Johnson V,CCD,ATE,1.03,False
1273,SN 2011BY,000-BKB-410,2455702.36688,13.245,0.015,False,Johnson V,CCD,ATE,1.03,False
1274,SN 2011BY,000-BKB-410,2455702.36742,13.251,0.015,False,Johnson V,CCD,ATE,1.03,False
1275,SN 2011BY,000-BKB-410,2455702.36793,13.237,0.015,False,Johnson V,CCD,ATE,1.03,False
1276,SN 2011BY,000-BKB-410,2455702.36844,13.222,0.015,False,Johnson V,CCD,ATE,1.03,False
1277,SN 2011BY,000-BKB-410,2455702.36895,13.231,0.015,False,Johnson V,CCD,ATE,1.03,False
1278,SN 2011BY,000-BKB-410,2455702.36946,13.218,0.015,False,Johnson V,CCD,ATE,1.03,False
1279,SN 2011BY,000-BKB-410,2455702.36997,13.251,0.015,False,Johnson V,CCD,ATE,1.03,False
1280,SN 2011BY,000-BKB-410,2455702.37051,13.229,0.015,False,Johnson V,CCD,ATE,1.03,False
1281,SN 2011BY,000-BKB-410,2455702.37102,13.252,0.015,False,Johnson V,CCD,ATE,1.03,False
1282,SN 2011BY,000-BKB-410,2455702.37154,13.253,0.015,False,Johnson V,CCD,ATE,1.03,False
1283,SN 2011BY,000-BKB-410,2455702.37205,13.234,0.015,False,Johnson V,CCD,ATE,1.03,False
1284,SN 2011BY,000-BKB-410,2455702.37256,13.255,0.015,False,Johnson V,CCD,ATE,1.03,False
1285,SN 2011BY,000-BKB-410,2455702.37307,13.221,0.015,False,Johnson V,CCD,ATE,1.04,False
1286,SN 2011BY,000-BKB-410,2455702.37358,13.227,0.015,False,Johnson V,CCD,ATE,1.04,False
1287,SN 2011BY,000-BKB-410,2455702.37412,13.251,0.015,False,Johnson V,CCD,ATE,1.04,False
1288,SN 2011BY,000-BKB-410,2455702.37463,13.245,0.015,False,Johnson V,CCD,ATE,1.04,False
1289,SN 2011BY,000-BKB-410,2455702.37514,13.234,0.015,False,Johnson V,CCD,ATE,1.04,False
1290,SN 2011BY,000-BKB-410,2455702.37565,13.235,0.015,False,Johnson V,CCD,ATE,1.04,False
1291,SN 2011BY,000-BKB-410,2455702.37616,13.242,0.015,False,Johnson V,CCD,ATE,1.04,False
1292,SN 2011BY,000-BKB-410,2455702.37667,13.256,0.015,False,Johnson V,CCD,ATE,1.04,False
1293,SN 2011BY,000-BKB-410,2455702.37718,13.252,0.015,False,Johnson V,CCD,ATE,1.04,False
1294,SN 2011BY,000-BKB-410,2455702.37772,13.255,0.015,False,Johnson V,CCD,ATE,1.04,False
1295,SN 2011BY,000-BKB-410,2455702.37823,13.228,0.015,False,Johnson V,CCD,ATE,1.04,False
1296,SN 2011BY,000-BKB-410,2455702.37874,13.217,0.015,False,Johnson V,CCD,ATE,1.04,False
1297,SN 2011BY,000-BKB-410,2455702.37925,13.256,0.015,False,Johnson V,CCD,ATE,1.04,False
1298,SN 2011BY,000-BKB-410,2455702.37980,13.230,0.015,False,Johnson V,CCD,ATE,1.04,False
1299,SN 2011BY,000-BKB-410,2455702.38031,13.234,0.015,False,Johnson V,CCD,ATE,1.04,False
1300,SN 2011BY,000-BKB-410,2455702.38081,13.240,0.015,False,Johnson V,CCD,ATE,1.04,False
1301,SN 2011BY,000-BKB-410,2455702.38135,13.234,0.015,False,Johnson V,CCD,ATE,1.04,False
1302,SN 2011BY,000-BKB-410,2455702.38187,13.247,0.015,False,Johnson V,CCD,ATE,1.04,False
1303,SN 2011BY,000-BKB-410,2455702.38238,13.245,0.015,False,Johnson V,CCD,ATE,1.04,False
1304,SN 2011BY,000-BKB-410,2455702.38289,13.241,0.015,False,Johnson V,CCD,ATE,1.04,False
1305,SN 2011BY,000-BKB-410,2455702.38340,13.225,0.015,False,Johnson V,CCD,ATE,1.04,False
1306,SN 2011BY,000-BKB-410,2455702.38390,13.230,0.015,False,Johnson V,CCD,ATE,1.04,False
1307,SN 2011BY,000-BKB-410,2455702.38445,13.224,0.015,False,Johnson V,CCD,ATE,1.04,False
1308,SN 2011BY,000-BKB-410,2455702.38496,13.232,0.015,False,Johnson V,CCD,ATE,1.04,False
1309,SN 2011BY,000-BKB-410,2455702.385,13.6,,False,Johnson V,CCD,SMRC,,False
1310,SN 2011BY,000-BKB-410,2455702.38547,13.230,0.015,False,Johnson V,CCD,ATE,1.04,False
1311,SN 2011BY,000-BKB-410,2455702.38598,13.232,0.015,False,Johnson V,CCD,ATE,1.04,False
1312,SN 2011BY,000-BKB-410,2455702.38649,13.229,0.015,False,Johnson V,CCD,ATE,1.04,False
1313,SN 2011BY,000-BKB-410,2455702.38700,13.242,0.015,False,Johnson V,CCD,ATE,1.04,False
1314,SN 2011BY,000-BKB-410,2455702.38750,13.230,0.015,False,Johnson V,CCD,ATE,1.04,False
1315,SN 2011BY,000-BKB-410,2455702.38805,13.233,0.015,False,Johnson V,CCD,ATE,1.04,False
1316,SN 2011BY,000-BKB-410,2455702.390,14.2,,False,Cousins R,CCD,SMRC,,False
1317,SN 2011BY,000-BKB-410,2455702.4375,12.8,,False,Visual,Visual,DAM,,
1318,SN 2011BY,000-BKB-410,2455702.4674,13.3,,False,Visual,Visual,WWJ,,
1319,SN 2011BY,000-BKB-410,2455702.642361,13.23,,False,Johnson V,CCD,NAO,,False
1320,SN 2011BY,000-BKB-410,2455702.69363,13.775,0.036,False,Johnson B,CCD,NMR,,False
1321,SN 2011BY,000-BKB-410,2455702.69463,13.354,0.015,False,Cousins R,CCD,NMR,,False
1322,SN 2011BY,000-BKB-410,2455702.69531,13.283,0.008,False,Johnson V,CCD,NMR,,False
1323,SN 2011by,000-BKB-410,2455703.33692,13.333,0.007,False,Cousins R,CCD,NRNA,1.030,False
1324,SN 2011by,000-BKB-410,2455703.35170,13.335,0.007,False,Johnson V,CCD,NRNA,1.035,False
1325,SN 2011by,000-BKB-410,2455703.36581,13.672,0.012,False,Cousins I,CCD,NRNA,1.042,False
1326,SN 2011BY,000-BKB-410,2455703.38792,13.350,0.005,False,Johnson V,CCD,SJAV,1.054,False
1327,SN 2011BY,000-BKB-410,2455703.3896,13.3,,False,Visual,Visual,KWO,,
1328,SN 2011BY,000-BKB-410,2455703.39022,13.373,0.006,False,Cousins R,CCD,SJAV,1.054,False
1329,SN 2011BY,000-BKB-410,2455703.43611,13.1,,False,Visual,Visual,SJZ,,
1330,SN 2011BY,000-BKB-410,2455703.70792,13.249,0.012,False,Johnson V,CCD,ROE,1.205,False
1331,SN 2011BY,000-BKB-410,2455703.70872,13.239,0.010,False,Johnson V,CCD,ROE,1.207,False
1332,SN 2011BY,000-BKB-410,2455703.715567,13.31,,False,Johnson V,CCD,NAO,,False
1333,SN 2011BY,000-BKB-410,2455704.35756,13.500,0.017,False,Johnson V,CCD,ATE,1.03,False
1334,SN 2011BY,000-BKB-410,2455704.35828,13.476,0.018,False,Johnson V,CCD,ATE,1.03,False
1335,SN 2011BY,000-BKB-410,2455704.35889,13.503,0.018,False,Johnson V,CCD,ATE,1.03,False
1336,SN 2011BY,000-BKB-410,2455704.35948,13.468,0.017,False,Johnson V,CCD,ATE,1.03,False
1337,SN 2011BY,000-BKB-410,2455704.36006,13.460,0.017,False,Johnson V,CCD,ATE,1.03,False
1338,SN 2011BY,000-BKB-410,2455704.36063,13.498,0.017,False,Johnson V,CCD,ATE,1.03,False
1339,SN 2011BY,000-BKB-410,2455704.36119,13.475,0.019,False,Johnson V,CCD,ATE,1.03,False
1340,SN 2011BY,000-BKB-410,2455704.36176,13.471,0.018,False,Johnson V,CCD,ATE,1.03,False
1341,SN 2011BY,000-BKB-410,2455704.36233,13.497,0.017,False,Johnson V,CCD,ATE,1.03,False
1342,SN 2011BY,000-BKB-410,2455704.36289,13.476,0.017,False,Johnson V,CCD,ATE,1.03,False
1343,SN 2011BY,000-BKB-410,2455704.36350,13.478,0.018,False,Johnson V,CCD,ATE,1.03,False
1344,SN 2011BY,000-BKB-410,2455704.36406,13.460,0.017,False,Johnson V,CCD,ATE,1.03,False
1345,SN 2011BY,000-BKB-410,2455704.36463,13.472,0.018,False,Johnson V,CCD,ATE,1.03,False
1346,SN 2011BY,000-BKB-410,2455704.36520,13.463,0.019,False,Johnson V,CCD,ATE,1.03,False
1347,SN 2011BY,000-BKB-410,2455704.36580,13.466,0.018,False,Johnson V,CCD,ATE,1.03,False
1348,SN 2011BY,000-BKB-410,2455704.36637,13.471,0.019,False,Johnson V,CCD,ATE,1.03,False
1349,SN 2011BY,000-BKB-410,2455704.36693,13.487,0.021,False,Johnson V,CCD,ATE,1.03,False
1350,SN 2011BY,000-BKB-410,2455704.36750,13.486,0.020,False,Johnson V,CCD,ATE,1.04,False
1351,SN 2011BY,000-BKB-410,2455704.368,13.42,,False,Unfiltered with R Zeropoint,CCD,SIV,,False
1352,SN 2011BY,000-BKB-410,2455704.36807,13.479,0.018,False,Johnson V,CCD,ATE,1.04,False
1353,SN 2011BY,000-BKB-410,2455704.36864,13.488,0.020,False,Johnson V,CCD,ATE,1.04,False
1354,SN 2011BY,000-BKB-410,2455704.36924,13.466,0.023,False,Johnson V,CCD,ATE,1.04,False
1355,SN 2011BY,000-BKB-410,2455704.36980,13.463,0.025,False,Johnson V,CCD,ATE,1.04,False
1356,SN 2011BY,000-BKB-410,2455704.37037,13.479,0.025,False,Johnson V,CCD,ATE,1.04,False
1357,SN 2011BY,000-BKB-410,2455704.37094,13.453,0.021,False,Johnson V,CCD,ATE,1.04,False
1358,SN 2011BY,000-BKB-410,2455704.37151,13.444,0.020,False,Johnson V,CCD,ATE,1.04,False
1359,SN 2011BY,000-BKB-410,2455704.37207,13.449,0.023,False,Johnson V,CCD,ATE,1.04,False
1360,SN 2011BY,000-BKB-410,2455704.37264,13.475,0.031,False,Johnson V,CCD,ATE,1.04,False
1361,SN 2011BY,000-BKB-410,2455704.37324,13.440,0.033,False,Johnson V,CCD,ATE,1.04,False
1362,SN 2011BY,000-BKB-410,2455704.37381,13.444,0.026,False,Johnson V,CCD,ATE,1.04,False
1363,SN 2011BY,000-BKB-410,2455704.37438,13.470,0.022,False,Johnson V,CCD,ATE,1.04,False
1364,SN 2011BY,000-BKB-410,2455704.37494,13.431,0.023,False,Johnson V,CCD,ATE,1.04,False
1365,SN 2011BY,000-BKB-410,2455704.37552,13.471,0.028,False,Johnson V,CCD,ATE,1.04,False
1366,SN 2011BY,000-BKB-410,2455704.37609,13.423,0.021,False,Johnson V,CCD,ATE,1.04,False
1367,SN 2011BY,000-BKB-410,2455704.37666,13.449,0.018,False,Johnson V,CCD,ATE,1.04,False
1368,SN 2011BY,000-BKB-410,2455704.37725,13.437,0.018,False,Johnson V,CCD,ATE,1.04,False
1369,SN 2011BY,000-BKB-410,2455704.37782,13.438,0.018,False,Johnson V,CCD,ATE,1.04,False
1370,SN 2011BY,000-BKB-410,2455704.37839,13.409,0.018,False,Johnson V,CCD,ATE,1.04,False
1371,SN 2011BY,000-BKB-410,2455704.37896,13.393,0.019,False,Johnson V,CCD,ATE,1.04,False
1372,SN 2011BY,000-BKB-410,2455704.37956,13.406,0.020,False,Johnson V,CCD,ATE,1.04,False
1373,SN 2011BY,000-BKB-410,2455704.38013,13.396,0.020,False,Johnson V,CCD,ATE,1.04,False
1374,SN 2011BY,000-BKB-410,2455704.38070,13.408,0.019,False,Johnson V,CCD,ATE,1.04,False
1375,SN 2011BY,000-BKB-410,2455704.38129,13.419,0.019,False,Johnson V,CCD,ATE,1.04,False
1376,SN 2011BY,000-BKB-410,2455704.38185,13.396,0.018,False,Johnson V,CCD,ATE,1.04,False
1377,SN 2011BY,000-BKB-410,2455704.38243,13.384,0.018,False,Johnson V,CCD,ATE,1.04,False
1378,SN 2011BY,000-BKB-410,2455704.38300,13.391,0.019,False,Johnson V,CCD,ATE,1.04,False
1379,SN 2011BY,000-BKB-410,2455704.38357,13.386,0.020,False,Johnson V,CCD,ATE,1.04,False
1380,SN 2011BY,000-BKB-410,2455704.40,14.0,,False,Visual,Visual,HCS,,
1381,SN 2011BY,000-BKB-410,2455704.438,13.2,,False,Visual,Visual,PYG,,
1382,SN 2011BY,000-BKB-410,2455704.71013,14.006,0.026,False,Johnson B,CCD,NMR,,False
1383,SN 2011BY,000-BKB-410,2455704.71082,13.841,0.065,False,Cousins I,CCD,NMR,,False
1384,SN 2011BY,000-BKB-410,2455704.71153,13.483,0.051,False,Cousins R,CCD,NMR,,False
1385,SN 2011BY,000-BKB-410,2455704.71221,13.429,0.042,False,Johnson V,CCD,NMR,,False
1386,SN 2011BY,000-BKB-410,2455704.732882,13.35,,False,Johnson V,CCD,NAO,,False
1387,SN 2011by,000-BKB-410,2455705.35957,13.464,0.007,False,Cousins R,CCD,NRNA,1.043,False
1388,SN 2011BY,000-BKB-410,2455705.36678,13.470,0.017,False,Johnson V,CCD,ATE,1.04,False
1389,SN 2011BY,000-BKB-410,2455705.36759,13.480,0.017,False,Johnson V,CCD,ATE,1.04,False
1390,SN 2011BY,000-BKB-410,2455705.368,13.6,,False,Cousins R,CCD,SMRC,,False
1391,SN 2011BY,000-BKB-410,2455705.36819,13.507,0.017,False,Johnson V,CCD,ATE,1.04,False
1392,SN 2011BY,000-BKB-410,2455705.36879,13.475,0.017,False,Johnson V,CCD,ATE,1.04,False
1393,SN 2011BY,000-BKB-410,2455705.36936,13.481,0.017,False,Johnson V,CCD,ATE,1.04,False
1394,SN 2011BY,000-BKB-410,2455705.36993,13.502,0.017,False,Johnson V,CCD,ATE,1.04,False
1395,SN 2011BY,000-BKB-410,2455705.37049,13.498,0.017,False,Johnson V,CCD,ATE,1.04,False
1396,SN 2011BY,000-BKB-410,2455705.37106,13.470,0.016,False,Johnson V,CCD,ATE,1.04,False
1397,SN 2011BY,000-BKB-410,2455705.37163,13.494,0.017,False,Johnson V,CCD,ATE,1.04,False
1398,SN 2011BY,000-BKB-410,2455705.37220,13.487,0.017,False,Johnson V,CCD,ATE,1.04,False
1399,SN 2011BY,000-BKB-410,2455705.37279,13.455,0.017,False,Johnson V,CCD,ATE,1.04,False
1400,SN 2011BY,000-BKB-410,2455705.37335,13.459,0.017,False,Johnson V,CCD,ATE,1.04,False
1401,SN 2011BY,000-BKB-410,2455705.37393,13.500,0.017,False,Johnson V,CCD,ATE,1.04,False
1402,SN 2011BY,000-BKB-410,2455705.37450,13.499,0.017,False,Johnson V,CCD,ATE,1.04,False
1403,SN 2011BY,000-BKB-410,2455705.37509,13.459,0.017,False,Johnson V,CCD,ATE,1.04,False
1404,SN 2011BY,000-BKB-410,2455705.37566,13.489,0.017,False,Johnson V,CCD,ATE,1.04,False
1405,SN 2011BY,000-BKB-410,2455705.376,13.6,,False,Johnson V,CCD,SMRC,,False
1406,SN 2011BY,000-BKB-410,2455705.37622,13.499,0.017,False,Johnson V,CCD,ATE,1.04,False
1407,SN 2011BY,000-BKB-410,2455705.37680,13.492,0.017,False,Johnson V,CCD,ATE,1.04,False
1408,SN 2011BY,000-BKB-410,2455705.37737,13.457,0.017,False,Johnson V,CCD,ATE,1.04,False
1409,SN 2011BY,000-BKB-410,2455705.37794,13.489,0.017,False,Johnson V,CCD,ATE,1.04,False
1410,SN 2011BY,000-BKB-410,2455705.37854,13.499,0.017,False,Johnson V,CCD,ATE,1.04,False
1411,SN 2011BY,000-BKB-410,2455705.37910,13.472,0.017,False,Johnson V,CCD,ATE,1.04,False
1412,SN 2011BY,000-BKB-410,2455705.37967,13.461,0.017,False,Johnson V,CCD,ATE,1.04,False
1413,SN 2011BY,000-BKB-410,2455705.38024,13.481,0.017,False,Johnson V,CCD,ATE,1.04,False
1414,SN 2011BY,000-BKB-410,2455705.38081,13.492,0.017,False,Johnson V,CCD,ATE,1.04,False
1415,SN 2011BY,000-BKB-410,2455705.38137,13.467,0.017,False,Johnson V,CCD,ATE,1.04,False
1416,SN 2011BY,000-BKB-410,2455705.38194,13.473,0.017,False,Johnson V,CCD,ATE,1.04,False
1417,SN 2011BY,000-BKB-410,2455705.38254,13.477,0.017,False,Johnson V,CCD,ATE,1.04,False
1418,SN 2011BY,000-BKB-410,2455705.38311,13.475,0.017,False,Johnson V,CCD,ATE,1.05,False
1419,SN 2011BY,000-BKB-410,2455705.38368,13.462,0.016,False,Johnson V,CCD,ATE,1.05,False
1420,SN 2011BY,000-BKB-410,2455705.38424,13.460,0.017,False,Johnson V,CCD,ATE,1.05,False
1421,SN 2011BY,000-BKB-410,2455705.38481,13.436,0.016,False,Johnson V,CCD,ATE,1.05,False
1422,SN 2011BY,000-BKB-410,2455705.38538,13.469,0.017,False,Johnson V,CCD,ATE,1.05,False
1423,SN 2011BY,000-BKB-410,2455705.38595,13.460,0.017,False,Johnson V,CCD,ATE,1.05,False
1424,SN 2011BY,000-BKB-410,2455705.38655,13.460,0.016,False,Johnson V,CCD,ATE,1.05,False
1425,SN 2011BY,000-BKB-410,2455705.38711,13.475,0.017,False,Johnson V,CCD,ATE,1.05,False
1426,SN 2011BY,000-BKB-410,2455705.38768,13.460,0.017,False,Johnson V,CCD,ATE,1.05,False
1427,SN 2011BY,000-BKB-410,2455705.38825,13.467,0.017,False,Johnson V,CCD,ATE,1.05,False
1428,SN 2011BY,000-BKB-410,2455705.38885,13.488,0.017,False,Johnson V,CCD,ATE,1.05,False
1429,SN 2011BY,000-BKB-410,2455705.38942,13.466,0.017,False,Johnson V,CCD,ATE,1.05,False
1430,SN 2011BY,000-BKB-410,2455705.38998,13.457,0.017,False,Johnson V,CCD,ATE,1.05,False
1431,SN 2011BY,000-BKB-410,2455705.39059,13.466,0.017,False,Johnson V,CCD,ATE,1.05,False
1432,SN 2011BY,000-BKB-410,2455705.39115,13.459,0.017,False,Johnson V,CCD,ATE,1.05,False
1433,SN 2011BY,000-BKB-410,2455705.43819,13.3,,False,Visual,Visual,SJZ,,
1434,SN 2011BY,000-BKB-410,2455705.64028,13.5,,False,Visual,Visual,ASA,,
1435,SN 2011BY,000-BKB-410,2455705.64861,11.5,,True,Visual,Visual,ASA,,
1436,SN 2011BY,000-BKB-410,2455705.700856,13.44,,False,Johnson V,CCD,NAO,,False
1437,SN 2011BY,000-BKB-410,2455706.38090,13.534,0.028,False,Johnson V,CCD,ATE,1.05,False
1438,SN 2011BY,000-BKB-410,2455706.38149,13.509,0.029,False,Johnson V,CCD,ATE,1.05,False
1439,SN 2011BY,000-BKB-410,2455706.38194,13.2,,False,Visual,Visual,WKL,,
1440,SN 2011BY,000-BKB-410,2455706.38207,13.555,0.028,False,Johnson V,CCD,ATE,1.05,False
1441,SN 2011BY,000-BKB-410,2455706.38264,13.527,0.028,False,Johnson V,CCD,ATE,1.05,False
1442,SN 2011BY,000-BKB-410,2455706.38321,13.506,0.028,False,Johnson V,CCD,ATE,1.05,False
1443,SN 2011BY,000-BKB-410,2455706.38380,13.557,0.028,False,Johnson V,CCD,ATE,1.05,False
1444,SN 2011BY,000-BKB-410,2455706.38436,13.513,0.024,False,Johnson V,CCD,ATE,1.05,False
1445,SN 2011BY,000-BKB-410,2455706.38494,13.503,0.023,False,Johnson V,CCD,ATE,1.05,False
1446,SN 2011BY,000-BKB-410,2455706.38551,13.535,0.023,False,Johnson V,CCD,ATE,1.05,False
1447,SN 2011BY,000-BKB-410,2455706.38610,13.551,0.022,False,Johnson V,CCD,ATE,1.05,False
1448,SN 2011BY,000-BKB-410,2455706.38667,13.557,0.021,False,Johnson V,CCD,ATE,1.05,False
1449,SN 2011BY,000-BKB-410,2455706.38727,13.507,0.021,False,Johnson V,CCD,ATE,1.05,False
1450,SN 2011BY,000-BKB-410,2455706.38792,13.565,0.021,False,Johnson V,CCD,ATE,1.05,False
1451,SN 2011BY,000-BKB-410,2455706.38849,13.502,0.021,False,Johnson V,CCD,ATE,1.05,False
1452,SN 2011BY,000-BKB-410,2455706.38905,13.526,0.019,False,Johnson V,CCD,ATE,1.05,False
1453,SN 2011BY,000-BKB-410,2455706.38962,13.562,0.019,False,Johnson V,CCD,ATE,1.05,False
1454,SN 2011BY,000-BKB-410,2455706.39019,13.540,0.019,False,Johnson V,CCD,ATE,1.05,False
1455,SN 2011BY,000-BKB-410,2455706.39075,13.542,0.018,False,Johnson V,CCD,ATE,1.05,False
1456,SN 2011BY,000-BKB-410,2455706.39136,13.541,0.018,False,Johnson V,CCD,ATE,1.05,False
1457,SN 2011BY,000-BKB-410,2455706.39192,13.524,0.018,False,Johnson V,CCD,ATE,1.05,False
1458,SN 2011BY,000-BKB-410,2455706.39249,13.554,0.018,False,Johnson V,CCD,ATE,1.06,False
1459,SN 2011BY,000-BKB-410,2455706.39306,13.553,0.018,False,Johnson V,CCD,ATE,1.06,False
1460,SN 2011BY,000-BKB-410,2455706.39362,13.546,0.018,False,Johnson V,CCD,ATE,1.06,False
1461,SN 2011BY,000-BKB-410,2455706.39419,13.544,0.018,False,Johnson V,CCD,ATE,1.06,False
1462,SN 2011BY,000-BKB-410,2455706.39476,13.554,0.017,False,Johnson V,CCD,ATE,1.06,False
1463,SN 2011BY,000-BKB-410,2455706.39536,13.532,0.017,False,Johnson V,CCD,ATE,1.06,False
1464,SN 2011BY,000-BKB-410,2455706.39593,13.516,0.017,False,Johnson V,CCD,ATE,1.06,False
1465,SN 2011BY,000-BKB-410,2455706.39649,13.539,0.017,False,Johnson V,CCD,ATE,1.06,False
1466,SN 2011BY,000-BKB-410,2455706.39706,13.530,0.017,False,Johnson V,CCD,ATE,1.06,False
1467,SN 2011BY,000-BKB-410,2455706.39766,13.511,0.017,False,Johnson V,CCD,ATE,1.06,False
1468,SN 2011BY,000-BKB-410,2455706.39823,13.556,0.017,False,Johnson V,CCD,ATE,1.06,False
1469,SN 2011BY,000-BKB-410,2455706.39880,13.517,0.016,False,Johnson V,CCD,ATE,1.06,False
1470,SN 2011BY,000-BKB-410,2455706.39939,13.518,0.016,False,Johnson V,CCD,ATE,1.06,False
1471,SN 2011BY,000-BKB-410,2455706.39997,13.514,0.016,False,Johnson V,CCD,ATE,1.06,False
1472,SN 2011BY,000-BKB-410,2455706.40053,13.527,0.016,False,Johnson V,CCD,ATE,1.06,False
1473,SN 2011BY,000-BKB-410,2455706.40109,13.527,0.017,False,Johnson V,CCD,ATE,1.06,False
1474,SN 2011BY,000-BKB-410,2455706.40166,13.514,0.016,False,Johnson V,CCD,ATE,1.07,False
1475,SN 2011BY,000-BKB-410,2455706.40223,13.550,0.017,False,Johnson V,CCD,ATE,1.07,False
1476,SN 2011BY,000-BKB-410,2455706.40283,13.540,0.017,False,Johnson V,CCD,ATE,1.07,False
1477,SN 2011BY,000-BKB-410,2455706.40339,13.528,0.017,False,Johnson V,CCD,ATE,1.07,False
1478,SN 2011BY,000-BKB-410,2455706.40396,13.515,0.016,False,Johnson V,CCD,ATE,1.07,False
1479,SN 2011BY,000-BKB-410,2455706.40453,13.513,0.016,False,Johnson V,CCD,ATE,1.07,False
1480,SN 2011BY,000-BKB-410,2455706.40510,13.528,0.017,False,Johnson V,CCD,ATE,1.07,False
1481,SN 2011BY,000-BKB-410,2455706.40566,13.522,0.016,False,Johnson V,CCD,ATE,1.07,False
1482,SN 2011BY,000-BKB-410,2455706.40623,13.516,0.016,False,Johnson V,CCD,ATE,1.07,False
1483,SN 2011BY,000-BKB-410,2455706.40683,13.535,0.017,False,Johnson V,CCD,ATE,1.07,False
1484,SN 2011BY,000-BKB-410,2455706.40740,13.514,0.016,False,Johnson V,CCD,ATE,1.07,False
1485,SN 2011BY,000-BKB-410,2455706.40797,13.517,0.016,False,Johnson V,CCD,ATE,1.07,False
1486,SN 2011BY,000-BKB-410,2455706.40853,13.532,0.017,False,Johnson V,CCD,ATE,1.07,False
1487,SN 2011BY,000-BKB-410,2455706.40913,13.503,0.016,False,Johnson V,CCD,ATE,1.07,False
1488,SN 2011BY,000-BKB-410,2455706.40970,13.527,0.017,False,Johnson V,CCD,ATE,1.08,False
1489,SN 2011BY,000-BKB-410,2455706.41027,13.541,0.017,False,Johnson V,CCD,ATE,1.08,False
1490,SN 2011BY,000-BKB-410,2455706.413,13.2,,False,Visual,Visual,PYG,,
1491,SN 2011BY,000-BKB-410,2455706.4840,13.2,,False,Visual,Visual,WWJ,,
1492,SN 2011BY,000-BKB-410,2455707.3403,13.1,,False,Visual,Visual,BOZ,,
1493,SN 2011BY,000-BKB-410,2455707.35,12.8,,False,Visual,Visual,BFO,,
1494,SN 2011by,000-BKB-410,2455707.37642,13.521,0.008,False,Cousins R,CCD,NRNA,1.063,False
1495,SN 2011by,000-BKB-410,2455707.39462,13.698,0.013,False,Cousins I,CCD,NRNA,1.086,False
1496,SN 2011BY,000-BKB-410,2455707.408,13.3,,False,Visual,Visual,FRF,,
1497,SN 2011BY,000-BKB-410,2455707.46458,13.6,,False,Visual,Visual,SJZ,,
1498,SN 2011BY,000-BKB-410,2455707.4681,13.3,,False,Visual,Visual,KWO,,
1499,SN 2011BY,000-BKB-410,2455708.36806,13.4,,False,Visual,Visual,WKL,,
1500,SN 2011BY,000-BKB-410,2455708.63472,13.4,,False,Visual,Visual,CKB,,
1501,SN 2011BY,000-BKB-410,2455708.69740,14.487,0.043,False,Johnson B,CCD,NMR,,False
1502,SN 2011BY,000-BKB-410,2455708.69809,13.762,0.074,False,Cousins I,CCD,NMR,,False
1503,SN 2011BY,000-BKB-410,2455708.69878,13.615,0.059,False,Cousins R,CCD,NMR,,False
1504,SN 2011BY,000-BKB-410,2455708.69948,13.667,0.063,False,Johnson V,CCD,NMR,,False
1505,SN 2011BY,000-BKB-410,2455708.72977,13.415,0.036,False,Johnson V,CCD,ROE,,False
1506,SN 2011BY,000-BKB-410,2455708.73054,13.413,0.031,False,Johnson V,CCD,ROE,,False
1507,SN 2011BY,000-BKB-410,2455708.73132,13.559,0.033,False,Johnson V,CCD,ROE,,False
1508,SN 2011BY,000-BKB-410,2455709.30,14.2,,False,Visual,Visual,HCS,,
1509,SN 2011by,000-BKB-410,2455709.63264,12.1,,True,Visual,Visual,ASA,,
1510,SN 2011by,000-BKB-410,2455709.63889,13.4,,False,Visual,Visual,ASA,,
1511,SN 2011BY,000-BKB-410,2455709.741,13.7,,False,Unknown,CCD,HUR,,
1512,SN 2011BY,000-BKB-410,2455709.74833,14.607,0.047,False,Johnson B,CCD,NMR,,False
1513,SN 2011BY,000-BKB-410,2455709.74902,13.734,0.023,False,Johnson V,CCD,NMR,,False
1514,SN 2011BY,000-BKB-410,2455709.74971,13.729,0.072,False,Cousins I,CCD,NMR,,False
1515,SN 2011BY,000-BKB-410,2455710.36740,13.737,0.018,False,Johnson V,CCD,ATE,1.04,False
1516,SN 2011BY,000-BKB-410,2455710.36871,13.780,0.018,False,Johnson V,CCD,ATE,1.04,False
1517,SN 2011BY,000-BKB-410,2455710.36937,13.740,0.018,False,Johnson V,CCD,ATE,1.05,False
1518,SN 2011BY,000-BKB-410,2455710.36997,13.754,0.018,False,Johnson V,CCD,ATE,1.05,False
1519,SN 2011BY,000-BKB-410,2455710.37054,13.781,0.018,False,Johnson V,CCD,ATE,1.05,False
1520,SN 2011BY,000-BKB-410,2455710.37111,13.738,0.018,False,Johnson V,CCD,ATE,1.05,False
1521,SN 2011BY,000-BKB-410,2455710.37167,13.771,0.018,False,Johnson V,CCD,ATE,1.05,False
1522,SN 2011BY,000-BKB-410,2455710.37224,13.772,0.018,False,Johnson V,CCD,ATE,1.05,False
1523,SN 2011BY,000-BKB-410,2455710.37281,13.764,0.018,False,Johnson V,CCD,ATE,1.05,False
1524,SN 2011BY,000-BKB-410,2455710.37338,13.755,0.018,False,Johnson V,CCD,ATE,1.05,False
1525,SN 2011BY,000-BKB-410,2455710.37398,13.738,0.018,False,Johnson V,CCD,ATE,1.05,False
1526,SN 2011BY,000-BKB-410,2455710.37454,13.778,0.018,False,Johnson V,CCD,ATE,1.05,False
1527,SN 2011BY,000-BKB-410,2455710.37511,13.768,0.018,False,Johnson V,CCD,ATE,1.05,False
1528,SN 2011BY,000-BKB-410,2455710.37568,13.769,0.018,False,Johnson V,CCD,ATE,1.05,False
1529,SN 2011BY,000-BKB-410,2455710.37628,13.772,0.018,False,Johnson V,CCD,ATE,1.05,False
1530,SN 2011BY,000-BKB-410,2455710.37685,13.758,0.018,False,Johnson V,CCD,ATE,1.05,False
1531,SN 2011BY,000-BKB-410,2455710.37741,13.766,0.018,False,Johnson V,CCD,ATE,1.05,False
1532,SN 2011BY,000-BKB-410,2455710.37798,13.753,0.018,False,Johnson V,CCD,ATE,1.05,False
1533,SN 2011BY,000-BKB-410,2455710.37855,13.737,0.018,False,Johnson V,CCD,ATE,1.05,False
1534,SN 2011BY,000-BKB-410,2455710.37912,13.754,0.018,False,Johnson V,CCD,ATE,1.05,False
1535,SN 2011BY,000-BKB-410,2455710.37969,13.732,0.018,False,Johnson V,CCD,ATE,1.05,False
1536,SN 2011BY,000-BKB-410,2455710.38026,13.771,0.018,False,Johnson V,CCD,ATE,1.05,False
1537,SN 2011BY,000-BKB-410,2455710.38083,13.767,0.018,False,Johnson V,CCD,ATE,1.05,False
1538,SN 2011BY,000-BKB-410,2455710.38140,13.768,0.018,False,Johnson V,CCD,ATE,1.06,False
1539,SN 2011BY,000-BKB-410,2455710.38196,13.749,0.018,False,Johnson V,CCD,ATE,1.06,False
1540,SN 2011BY,000-BKB-410,2455710.38253,13.780,0.018,False,Johnson V,CCD,ATE,1.06,False
1541,SN 2011BY,000-BKB-410,2455710.38310,13.773,0.018,False,Johnson V,CCD,ATE,1.06,False
1542,SN 2011BY,000-BKB-410,2455710.38370,13.768,0.019,False,Johnson V,CCD,ATE,1.06,False
1543,SN 2011BY,000-BKB-410,2455710.38427,13.777,0.018,False,Johnson V,CCD,ATE,1.06,False
1544,SN 2011BY,000-BKB-410,2455710.38483,13.772,0.019,False,Johnson V,CCD,ATE,1.06,False
1545,SN 2011BY,000-BKB-410,2455710.38540,13.775,0.018,False,Johnson V,CCD,ATE,1.06,False
1546,SN 2011BY,000-BKB-410,2455710.38597,13.776,0.018,False,Johnson V,CCD,ATE,1.06,False
1547,SN 2011BY,000-BKB-410,2455710.38654,13.766,0.018,False,Johnson V,CCD,ATE,1.06,False
1548,SN 2011BY,000-BKB-410,2455710.38711,13.723,0.018,False,Johnson V,CCD,ATE,1.06,False
1549,SN 2011BY,000-BKB-410,2455710.38770,13.773,0.019,False,Johnson V,CCD,ATE,1.06,False
1550,SN 2011BY,000-BKB-410,2455710.38827,13.744,0.018,False,Johnson V,CCD,ATE,1.06,False
1551,SN 2011BY,000-BKB-410,2455710.38884,13.745,0.018,False,Johnson V,CCD,ATE,1.06,False
1552,SN 2011BY,000-BKB-410,2455710.38941,13.737,0.018,False,Johnson V,CCD,ATE,1.06,False
1553,SN 2011BY,000-BKB-410,2455710.39001,13.771,0.019,False,Johnson V,CCD,ATE,1.06,False
1554,SN 2011BY,000-BKB-410,2455710.39057,13.766,0.018,False,Johnson V,CCD,ATE,1.06,False
1555,SN 2011BY,000-BKB-410,2455710.39114,13.746,0.018,False,Johnson V,CCD,ATE,1.07,False
1556,SN 2011BY,000-BKB-410,2455710.39174,13.745,0.018,False,Johnson V,CCD,ATE,1.07,False
1557,SN 2011BY,000-BKB-410,2455710.39231,13.744,0.018,False,Johnson V,CCD,ATE,1.07,False
1558,SN 2011BY,000-BKB-410,2455710.39288,13.739,0.018,False,Johnson V,CCD,ATE,1.07,False
1559,SN 2011BY,000-BKB-410,2455710.39344,13.746,0.018,False,Johnson V,CCD,ATE,1.07,False
1560,SN 2011BY,000-BKB-410,2455710.39401,13.755,0.018,False,Johnson V,CCD,ATE,1.07,False
1561,SN 2011BY,000-BKB-410,2455710.39458,13.762,0.019,False,Johnson V,CCD,ATE,1.07,False
1562,SN 2011BY,000-BKB-410,2455710.39518,13.765,0.019,False,Johnson V,CCD,ATE,1.07,False
1563,SN 2011BY,000-BKB-410,2455710.49807,13.6,,False,Unknown,Other,KGEA,,
1564,SN 2011BY,000-BKB-410,2455711.3472,13.8,,False,Visual,Visual,BOZ,,
1565,SN 2011BY,000-BKB-410,2455711.36793,13.855,0.019,False,Johnson V,CCD,ATE,1.05,False
1566,SN 2011BY,000-BKB-410,2455711.36863,13.854,0.019,False,Johnson V,CCD,ATE,1.05,False
1567,SN 2011BY,000-BKB-410,2455711.36919,13.846,0.019,False,Johnson V,CCD,ATE,1.05,False
1568,SN 2011BY,000-BKB-410,2455711.36980,13.859,0.019,False,Johnson V,CCD,ATE,1.05,False
1569,SN 2011BY,000-BKB-410,2455711.37036,13.852,0.019,False,Johnson V,CCD,ATE,1.05,False
1570,SN 2011BY,000-BKB-410,2455711.37093,13.852,0.019,False,Johnson V,CCD,ATE,1.05,False
1571,SN 2011BY,000-BKB-410,2455711.37150,13.836,0.019,False,Johnson V,CCD,ATE,1.05,False
1572,SN 2011BY,000-BKB-410,2455711.37206,13.861,0.019,False,Johnson V,CCD,ATE,1.05,False
1573,SN 2011BY,000-BKB-410,2455711.37264,13.819,0.019,False,Johnson V,CCD,ATE,1.05,False
1574,SN 2011BY,000-BKB-410,2455711.37321,13.856,0.019,False,Johnson V,CCD,ATE,1.05,False
1575,SN 2011BY,000-BKB-410,2455711.37380,13.837,0.019,False,Johnson V,CCD,ATE,1.05,False
1576,SN 2011BY,000-BKB-410,2455711.37437,13.851,0.019,False,Johnson V,CCD,ATE,1.05,False
1577,SN 2011BY,000-BKB-410,2455711.37495,13.836,0.019,False,Johnson V,CCD,ATE,1.05,False
1578,SN 2011BY,000-BKB-410,2455711.37551,13.830,0.019,False,Johnson V,CCD,ATE,1.05,False
1579,SN 2011BY,000-BKB-410,2455711.37610,13.843,0.019,False,Johnson V,CCD,ATE,1.05,False
1580,SN 2011BY,000-BKB-410,2455711.37667,13.850,0.020,False,Johnson V,CCD,ATE,1.05,False
1581,SN 2011BY,000-BKB-410,2455711.37724,13.852,0.019,False,Johnson V,CCD,ATE,1.05,False
1582,SN 2011BY,000-BKB-410,2455711.37782,13.793,0.019,False,Johnson V,CCD,ATE,1.05,False
1583,SN 2011BY,000-BKB-410,2455711.37841,13.826,0.019,False,Johnson V,CCD,ATE,1.05,False
1584,SN 2011BY,000-BKB-410,2455711.37899,13.817,0.019,False,Johnson V,CCD,ATE,1.05,False
1585,SN 2011BY,000-BKB-410,2455711.37958,13.842,0.019,False,Johnson V,CCD,ATE,1.06,False
1586,SN 2011BY,000-BKB-410,2455711.38014,13.819,0.019,False,Johnson V,CCD,ATE,1.06,False
1587,SN 2011BY,000-BKB-410,2455711.38071,13.793,0.019,False,Johnson V,CCD,ATE,1.06,False
1588,SN 2011BY,000-BKB-410,2455711.38128,13.798,0.019,False,Johnson V,CCD,ATE,1.06,False
1589,SN 2011BY,000-BKB-410,2455711.38186,13.802,0.019,False,Johnson V,CCD,ATE,1.06,False
1590,SN 2011BY,000-BKB-410,2455711.38194,13.5,,False,Visual,Visual,WKL,,
1591,SN 2011BY,000-BKB-410,2455711.38242,13.868,0.020,False,Johnson V,CCD,ATE,1.06,False
1592,SN 2011BY,000-BKB-410,2455711.38299,13.811,0.019,False,Johnson V,CCD,ATE,1.06,False
1593,SN 2011BY,000-BKB-410,2455711.38358,13.799,0.019,False,Johnson V,CCD,ATE,1.06,False
1594,SN 2011BY,000-BKB-410,2455711.38415,13.827,0.019,False,Johnson V,CCD,ATE,1.06,False
1595,SN 2011BY,000-BKB-410,2455711.38473,13.806,0.019,False,Johnson V,CCD,ATE,1.06,False
1596,SN 2011BY,000-BKB-410,2455711.38529,13.778,0.019,False,Johnson V,CCD,ATE,1.06,False
1597,SN 2011BY,000-BKB-410,2455711.38586,13.781,0.019,False,Johnson V,CCD,ATE,1.06,False
1598,SN 2011BY,000-BKB-410,2455711.38643,13.825,0.019,False,Johnson V,CCD,ATE,1.06,False
1599,SN 2011BY,000-BKB-410,2455711.578,13.722,0.031,False,Unfiltered with V Zeropoint,CCD,CDK,1.082,False
1600,SN 2011BY,000-BKB-410,2455711.578,13.728,0.029,False,Unfiltered with V Zeropoint,CCD,CDK,1.082,False
1601,SN 2011BY,000-BKB-410,2455711.578,13.698,0.03,False,Unfiltered with V Zeropoint,CCD,CDK,1.082,False
1602,SN 2011BY,000-BKB-410,2455711.579,13.707,0.029,False,Unfiltered with V Zeropoint,CCD,CDK,1.082,False
1603,SN 2011BY,000-BKB-410,2455711.579,13.714,0.03,False,Unfiltered with V Zeropoint,CCD,CDK,1.082,False
1604,SN 2011BY,000-BKB-410,2455711.579,13.732,0.03,False,Unfiltered with V Zeropoint,CCD,CDK,1.082,False
1605,SN 2011BY,000-BKB-410,2455711.58,13.753,0.029,False,Unfiltered with V Zeropoint,CCD,CDK,1.082,False
1606,SN 2011BY,000-BKB-410,2455711.58,13.707,0.029,False,Unfiltered with V Zeropoint,CCD,CDK,1.082,False
1607,SN 2011BY,000-BKB-410,2455711.581,13.732,0.03,False,Unfiltered with V Zeropoint,CCD,CDK,1.082,False
1608,SN 2011BY,000-BKB-410,2455711.581,13.723,0.03,False,Unfiltered with V Zeropoint,CCD,CDK,1.082,False
1609,SN 2011BY,000-BKB-410,2455711.581,13.753,0.03,False,Unfiltered with V Zeropoint,CCD,CDK,1.082,False
1610,SN 2011BY,000-BKB-410,2455711.582,13.724,0.029,False,Unfiltered with V Zeropoint,CCD,CDK,1.082,False
1611,SN 2011BY,000-BKB-410,2455711.582,13.689,0.029,False,Unfiltered with V Zeropoint,CCD,CDK,1.082,False
1612,SN 2011BY,000-BKB-410,2455711.583,13.732,0.029,False,Unfiltered with V Zeropoint,CCD,CDK,1.082,False
1613,SN 2011BY,000-BKB-410,2455711.583,13.777,0.03,False,Unfiltered with V Zeropoint,CCD,CDK,1.082,False
1614,SN 2011BY,000-BKB-410,2455711.583,13.708,0.029,False,Unfiltered with V Zeropoint,CCD,CDK,1.082,False
1615,SN 2011BY,000-BKB-410,2455711.584,13.721,0.029,False,Unfiltered with V Zeropoint,CCD,CDK,1.082,False
1616,SN 2011BY,000-BKB-410,2455711.584,13.715,0.03,False,Unfiltered with V Zeropoint,CCD,CDK,1.082,False
1617,SN 2011BY,000-BKB-410,2455711.585,13.729,0.03,False,Unfiltered with V Zeropoint,CCD,CDK,1.082,False
1618,SN 2011BY,000-BKB-410,2455711.585,13.792,0.029,False,Unfiltered with V Zeropoint,CCD,CDK,1.082,False
1619,SN 2011BY,000-BKB-410,2455711.585,13.709,0.029,False,Unfiltered with V Zeropoint,CCD,CDK,1.082,False
1620,SN 2011BY,000-BKB-410,2455711.586,13.788,0.029,False,Unfiltered with V Zeropoint,CCD,CDK,1.082,False
1621,SN 2011BY,000-BKB-410,2455711.586,13.797,0.028,False,Unfiltered with V Zeropoint,CCD,CDK,1.082,False
1622,SN 2011BY,000-BKB-410,2455711.586,13.743,0.028,False,Unfiltered with V Zeropoint,CCD,CDK,1.082,False
1623,SN 2011BY,000-BKB-410,2455711.587,13.741,0.029,False,Unfiltered with V Zeropoint,CCD,CDK,1.082,False
1624,SN 2011BY,000-BKB-410,2455711.587,13.665,0.028,False,Unfiltered with V Zeropoint,CCD,CDK,1.082,False
1625,SN 2011BY,000-BKB-410,2455711.588,13.691,0.03,False,Unfiltered with V Zeropoint,CCD,CDK,1.082,False
1626,SN 2011BY,000-BKB-410,2455711.588,13.697,0.029,False,Unfiltered with V Zeropoint,CCD,CDK,1.082,False
1627,SN 2011BY,000-BKB-410,2455711.588,13.768,0.03,False,Unfiltered with V Zeropoint,CCD,CDK,1.082,False
1628,SN 2011BY,000-BKB-410,2455711.589,13.728,0.029,False,Unfiltered with V Zeropoint,CCD,CDK,1.082,False
1629,SN 2011BY,000-BKB-410,2455711.589,13.698,0.03,False,Unfiltered with V Zeropoint,CCD,CDK,1.082,False
1630,SN 2011BY,000-BKB-410,2455711.59,13.729,0.032,False,Unfiltered with V Zeropoint,CCD,CDK,1.082,False
1631,SN 2011BY,000-BKB-410,2455711.59,13.705,0.029,False,Unfiltered with V Zeropoint,CCD,CDK,1.082,False
1632,SN 2011BY,000-BKB-410,2455711.65001,13.798,0.016,False,Johnson V,CCD,ROE,,False
1633,SN 2011BY,000-BKB-410,2455711.65295,13.706,0.019,False,Johnson V,CCD,ROE,,False
1634,SN 2011BY,000-BKB-410,2455711.66554,14.768,0.060,False,Johnson B,CCD,SXN,1.126,False
1635,SN 2011BY,000-BKB-410,2455711.66789,13.734,0.009,False,Johnson V,CCD,SXN,1.128,False
1636,SN 2011BY,000-BKB-410,2455711.66916,13.553,0.016,False,Cousins R,CCD,SXN,1.130,False
1637,SN 2011BY,000-BKB-410,2455711.67041,13.508,0.015,False,Cousins I,CCD,SXN,1.132,False
1638,SN 2011BY,000-BKB-410,2455712.320748,13.8711,0.0260,False,Cousins R,CCD,RNL,,False
1639,SN 2011BY,000-BKB-410,2455712.38542,13.6,,False,Visual,Visual,WKL,,
1640,SN 2011BY,000-BKB-410,2455712.45618,13.623,0.021,False,Cousins R,CCD,BDG,1.160,True
1641,SN 2011BY,000-BKB-410,2455712.46063,13.838,0.013,False,Johnson V,CCD,BDG,1.170,True
1642,SN 2011BY,000-BKB-410,2455712.66586,14.870,0.055,False,Johnson B,CCD,SXN,1.130,False
1643,SN 2011BY,000-BKB-410,2455712.66819,13.785,0.009,False,Johnson V,CCD,SXN,1.133,False
1644,SN 2011BY,000-BKB-410,2455712.66946,13.573,0.010,False,Cousins R,CCD,SXN,1.134,False
1645,SN 2011BY,000-BKB-410,2455712.67071,13.526,0.017,False,Cousins I,CCD,SXN,1.137,False
1646,SN 2011BY,000-BKB-410,2455713.37736,13.936,0.021,False,Johnson V,CCD,ATE,1.06,False
1647,SN 2011BY,000-BKB-410,2455713.37820,13.922,0.020,False,Johnson V,CCD,ATE,1.06,False
1648,SN 2011BY,000-BKB-410,2455713.37885,13.935,0.020,False,Johnson V,CCD,ATE,1.06,False
1649,SN 2011BY,000-BKB-410,2455713.37945,13.909,0.020,False,Johnson V,CCD,ATE,1.06,False
1650,SN 2011BY,000-BKB-410,2455713.38002,13.892,0.020,False,Johnson V,CCD,ATE,1.06,False
1651,SN 2011BY,000-BKB-410,2455713.38059,13.931,0.020,False,Johnson V,CCD,ATE,1.06,False
1652,SN 2011BY,000-BKB-410,2455713.38115,13.917,0.020,False,Johnson V,CCD,ATE,1.06,False
1653,SN 2011BY,000-BKB-410,2455713.38172,13.926,0.020,False,Johnson V,CCD,ATE,1.06,False
1654,SN 2011BY,000-BKB-410,2455713.38229,13.925,0.020,False,Johnson V,CCD,ATE,1.06,False
1655,SN 2011BY,000-BKB-410,2455713.38286,13.931,0.020,False,Johnson V,CCD,ATE,1.07,False
1656,SN 2011BY,000-BKB-410,2455713.38346,13.900,0.020,False,Johnson V,CCD,ATE,1.07,False
1657,SN 2011BY,000-BKB-410,2455713.38402,13.928,0.021,False,Johnson V,CCD,ATE,1.07,False
1658,SN 2011BY,000-BKB-410,2455713.38459,13.931,0.021,False,Johnson V,CCD,ATE,1.07,False
1659,SN 2011BY,000-BKB-410,2455713.38516,13.897,0.020,False,Johnson V,CCD,ATE,1.07,False
1660,SN 2011BY,000-BKB-410,2455713.38576,13.909,0.020,False,Johnson V,CCD,ATE,1.07,False
1661,SN 2011BY,000-BKB-410,2455713.38633,13.894,0.020,False,Johnson V,CCD,ATE,1.07,False
1662,SN 2011BY,000-BKB-410,2455713.38689,13.920,0.021,False,Johnson V,CCD,ATE,1.07,False
1663,SN 2011BY,000-BKB-410,2455713.38746,13.892,0.021,False,Johnson V,CCD,ATE,1.07,False
1664,SN 2011BY,000-BKB-410,2455713.38803,13.891,0.021,False,Johnson V,CCD,ATE,1.07,False
1665,SN 2011BY,000-BKB-410,2455713.38860,13.893,0.020,False,Johnson V,CCD,ATE,1.07,False
1666,SN 2011BY,000-BKB-410,2455713.38917,13.904,0.021,False,Johnson V,CCD,ATE,1.07,False
1667,SN 2011BY,000-BKB-410,2455713.38975,13.938,0.021,False,Johnson V,CCD,ATE,1.07,False
1668,SN 2011BY,000-BKB-410,2455713.39032,13.928,0.021,False,Johnson V,CCD,ATE,1.07,False
1669,SN 2011BY,000-BKB-410,2455713.39089,13.928,0.021,False,Johnson V,CCD,ATE,1.08,False
1670,SN 2011BY,000-BKB-410,2455713.39145,13.932,0.021,False,Johnson V,CCD,ATE,1.08,False
1671,SN 2011BY,000-BKB-410,2455713.39202,13.893,0.021,False,Johnson V,CCD,ATE,1.08,False
1672,SN 2011BY,000-BKB-410,2455713.39259,13.888,0.021,False,Johnson V,CCD,ATE,1.08,False
1673,SN 2011BY,000-BKB-410,2455713.39319,13.933,0.021,False,Johnson V,CCD,ATE,1.08,False
1674,SN 2011BY,000-BKB-410,2455713.39376,13.910,0.021,False,Johnson V,CCD,ATE,1.08,False
1675,SN 2011BY,000-BKB-410,2455713.39432,13.935,0.021,False,Johnson V,CCD,ATE,1.08,False
1676,SN 2011BY,000-BKB-410,2455713.39489,13.918,0.021,False,Johnson V,CCD,ATE,1.08,False
1677,SN 2011BY,000-BKB-410,2455713.39546,13.928,0.020,False,Johnson V,CCD,ATE,1.08,False
1678,SN 2011BY,000-BKB-410,2455713.39603,13.895,0.020,False,Johnson V,CCD,ATE,1.08,False
1679,SN 2011BY,000-BKB-410,2455713.39659,13.930,0.021,False,Johnson V,CCD,ATE,1.08,False
1680,SN 2011BY,000-BKB-410,2455713.39720,13.933,0.021,False,Johnson V,CCD,ATE,1.08,False
1681,SN 2011BY,000-BKB-410,2455713.39776,13.937,0.021,False,Johnson V,CCD,ATE,1.08,False
1682,SN 2011BY,000-BKB-410,2455713.39833,13.901,0.021,False,Johnson V,CCD,ATE,1.09,False
1683,SN 2011BY,000-BKB-410,2455713.39890,13.900,0.021,False,Johnson V,CCD,ATE,1.09,False
1684,SN 2011BY,000-BKB-410,2455713.39950,13.933,0.033,False,Johnson V,CCD,ATE,1.09,False
1685,SN 2011BY,000-BKB-410,2455713.40007,13.922,0.023,False,Johnson V,CCD,ATE,1.09,False
1686,SN 2011BY,000-BKB-410,2455713.40063,13.926,0.028,False,Johnson V,CCD,ATE,1.09,False
1687,SN 2011BY,000-BKB-410,2455713.40123,13.891,0.030,False,Johnson V,CCD,ATE,1.09,False
1688,SN 2011BY,000-BKB-410,2455713.40751,13.930,0.027,False,Johnson V,CCD,ATE,1.10,False
1689,SN 2011BY,000-BKB-410,2455713.40868,13.934,0.029,False,Johnson V,CCD,ATE,1.10,False
1690,SN 2011BY,000-BKB-410,2455713.40924,13.928,0.026,False,Johnson V,CCD,ATE,1.10,False
1691,SN 2011BY,000-BKB-410,2455713.40981,13.910,0.026,False,Johnson V,CCD,ATE,1.10,False
1692,SN 2011BY,000-BKB-410,2455713.41038,13.893,0.030,False,Johnson V,CCD,ATE,1.11,False
1693,SN 2011BY,000-BKB-410,2455713.41098,13.898,0.024,False,Johnson V,CCD,ATE,1.11,False
1694,SN 2011BY,000-BKB-410,2455713.41155,13.890,0.027,False,Johnson V,CCD,ATE,1.11,False
1695,SN 2011BY,000-BKB-410,2455713.43,14.0,,False,Visual,Visual,PYG,,
1696,SN 2011BY,000-BKB-410,2455713.594583,13.670,0.026,False,Johnson V,CCD,CDK,1.11,False
1697,SN 2011BY,000-BKB-410,2455713.596146,13.722,0.025,False,Johnson V,CCD,CDK,1.11,False
1698,SN 2011BY,000-BKB-410,2455713.597697,13.700,0.026,False,Johnson V,CCD,CDK,1.11,False
1699,SN 2011BY,000-BKB-410,2455713.599248,13.671,0.027,False,Johnson V,CCD,CDK,1.11,False
1700,SN 2011BY,000-BKB-410,2455713.600799,13.678,0.025,False,Johnson V,CCD,CDK,1.11,False
1701,SN 2011BY,000-BKB-410,2455713.65950,13.983,0.016,False,Johnson V,CCD,ROE,,False
1702,SN 2011BY,000-BKB-410,2455713.66027,13.967,0.018,False,Johnson V,CCD,ROE,,False
1703,SN 2011BY,000-BKB-410,2455713.66104,13.928,0.015,False,Johnson V,CCD,ROE,,False
1704,SN 2011BY,000-BKB-410,2455713.66179,13.961,0.015,False,Johnson V,CCD,ROE,,False
1705,SN 2011BY,000-BKB-410,2455713.66257,14.029,0.017,False,Johnson V,CCD,ROE,,False
1706,SN 2011BY,000-BKB-410,2455713.66334,13.937,0.019,False,Johnson V,CCD,ROE,,False
1707,SN 2011BY,000-BKB-410,2455714.36938,13.928,0.019,False,Johnson V,CCD,ATE,1.05,False
1708,SN 2011BY,000-BKB-410,2455714.37009,13.962,0.019,False,Johnson V,CCD,ATE,1.05,False
1709,SN 2011BY,000-BKB-410,2455714.37069,13.973,0.020,False,Johnson V,CCD,ATE,1.06,False
1710,SN 2011BY,000-BKB-410,2455714.37129,13.987,0.020,False,Johnson V,CCD,ATE,1.06,False
1711,SN 2011BY,000-BKB-410,2455714.37186,13.936,0.019,False,Johnson V,CCD,ATE,1.06,False
1712,SN 2011BY,000-BKB-410,2455714.37242,13.945,0.019,False,Johnson V,CCD,ATE,1.06,False
1713,SN 2011BY,000-BKB-410,2455714.37299,13.979,0.020,False,Johnson V,CCD,ATE,1.06,False
1714,SN 2011BY,000-BKB-410,2455714.37356,13.943,0.020,False,Johnson V,CCD,ATE,1.06,False
1715,SN 2011BY,000-BKB-410,2455714.37413,13.947,0.019,False,Johnson V,CCD,ATE,1.06,False
1716,SN 2011BY,000-BKB-410,2455714.37469,13.945,0.019,False,Johnson V,CCD,ATE,1.06,False
1717,SN 2011BY,000-BKB-410,2455714.37527,13.966,0.019,False,Johnson V,CCD,ATE,1.06,False
1718,SN 2011BY,000-BKB-410,2455714.37584,13.945,0.019,False,Johnson V,CCD,ATE,1.06,False
1719,SN 2011BY,000-BKB-410,2455714.37641,13.949,0.019,False,Johnson V,CCD,ATE,1.06,False
1720,SN 2011BY,000-BKB-410,2455714.37697,13.979,0.020,False,Johnson V,CCD,ATE,1.06,False
1721,SN 2011BY,000-BKB-410,2455714.37757,13.953,0.019,False,Johnson V,CCD,ATE,1.06,False
1722,SN 2011BY,000-BKB-410,2455714.37814,13.935,0.019,False,Johnson V,CCD,ATE,1.06,False
1723,SN 2011BY,000-BKB-410,2455714.37871,13.956,0.019,False,Johnson V,CCD,ATE,1.06,False
1724,SN 2011BY,000-BKB-410,2455714.37928,13.944,0.019,False,Johnson V,CCD,ATE,1.06,False
1725,SN 2011BY,000-BKB-410,2455714.37984,13.956,0.019,False,Johnson V,CCD,ATE,1.07,False
1726,SN 2011BY,000-BKB-410,2455714.38042,13.937,0.019,False,Johnson V,CCD,ATE,1.07,False
1727,SN 2011BY,000-BKB-410,2455714.38101,13.946,0.019,False,Johnson V,CCD,ATE,1.07,False
1728,SN 2011BY,000-BKB-410,2455714.38158,13.925,0.019,False,Johnson V,CCD,ATE,1.07,False
1729,SN 2011BY,000-BKB-410,2455714.38215,13.962,0.019,False,Johnson V,CCD,ATE,1.07,False
1730,SN 2011BY,000-BKB-410,2455714.38271,13.949,0.019,False,Johnson V,CCD,ATE,1.07,False
1731,SN 2011BY,000-BKB-410,2455714.38329,13.957,0.019,False,Johnson V,CCD,ATE,1.07,False
1732,SN 2011BY,000-BKB-410,2455714.38386,13.921,0.019,False,Johnson V,CCD,ATE,1.07,False
1733,SN 2011BY,000-BKB-410,2455714.38443,13.934,0.019,False,Johnson V,CCD,ATE,1.07,False
1734,SN 2011BY,000-BKB-410,2455714.38502,13.973,0.020,False,Johnson V,CCD,ATE,1.07,False
1735,SN 2011BY,000-BKB-410,2455714.38558,13.938,0.019,False,Johnson V,CCD,ATE,1.07,False
1736,SN 2011BY,000-BKB-410,2455714.38616,13.959,0.019,False,Johnson V,CCD,ATE,1.07,False
1737,SN 2011BY,000-BKB-410,2455714.38673,13.954,0.019,False,Johnson V,CCD,ATE,1.07,False
1738,SN 2011BY,000-BKB-410,2455714.38730,13.949,0.019,False,Johnson V,CCD,ATE,1.07,False
1739,SN 2011BY,000-BKB-410,2455714.38786,13.964,0.019,False,Johnson V,CCD,ATE,1.07,False
1740,SN 2011BY,000-BKB-410,2455714.38843,13.949,0.019,False,Johnson V,CCD,ATE,1.08,False
1741,SN 2011BY,000-BKB-410,2455714.38902,13.950,0.019,False,Johnson V,CCD,ATE,1.08,False
1742,SN 2011BY,000-BKB-410,2455714.38960,13.928,0.019,False,Johnson V,CCD,ATE,1.08,False
1743,SN 2011BY,000-BKB-410,2455714.39017,13.937,0.019,False,Johnson V,CCD,ATE,1.08,False
1744,SN 2011BY,000-BKB-410,2455714.39073,13.939,0.020,False,Johnson V,CCD,ATE,1.08,False
1745,SN 2011BY,000-BKB-410,2455714.39132,13.930,0.019,False,Johnson V,CCD,ATE,1.08,False
1746,SN 2011BY,000-BKB-410,2455714.39189,13.933,0.019,False,Johnson V,CCD,ATE,1.08,False
1747,SN 2011BY,000-BKB-410,2455714.39247,13.943,0.019,False,Johnson V,CCD,ATE,1.08,False
1748,SN 2011BY,000-BKB-410,2455714.39306,13.930,0.020,False,Johnson V,CCD,ATE,1.08,False
1749,SN 2011BY,000-BKB-410,2455714.39363,13.926,0.019,False,Johnson V,CCD,ATE,1.08,False
1750,SN 2011BY,000-BKB-410,2455714.39419,13.994,0.020,False,Johnson V,CCD,ATE,1.08,False
1751,SN 2011BY,000-BKB-410,2455714.39477,13.961,0.020,False,Johnson V,CCD,ATE,1.08,False
1752,SN 2011BY,000-BKB-410,2455714.39534,13.933,0.019,False,Johnson V,CCD,ATE,1.09,False
1753,SN 2011BY,000-BKB-410,2455714.39591,13.968,0.020,False,Johnson V,CCD,ATE,1.09,False
1754,SN 2011BY,000-BKB-410,2455714.39650,13.966,0.020,False,Johnson V,CCD,ATE,1.09,False
1755,SN 2011BY,000-BKB-410,2455714.39708,13.974,0.020,False,Johnson V,CCD,ATE,1.09,False
1756,SN 2011BY,000-BKB-410,2455714.39764,13.954,0.019,False,Johnson V,CCD,ATE,1.09,False
1757,SN 2011BY,000-BKB-410,2455714.39821,13.956,0.019,False,Johnson V,CCD,ATE,1.09,False
1758,SN 2011BY,000-BKB-410,2455714.39878,13.964,0.020,False,Johnson V,CCD,ATE,1.09,False
1759,SN 2011BY,000-BKB-410,2455714.39934,13.943,0.019,False,Johnson V,CCD,ATE,1.09,False
1760,SN 2011BY,000-BKB-410,2455714.39991,13.970,0.020,False,Johnson V,CCD,ATE,1.09,False
1761,SN 2011BY,000-BKB-410,2455714.40051,13.972,0.020,False,Johnson V,CCD,ATE,1.09,False
1762,SN 2011BY,000-BKB-410,2455714.40108,13.953,0.019,False,Johnson V,CCD,ATE,1.09,False
1763,SN 2011BY,000-BKB-410,2455714.40165,13.966,0.020,False,Johnson V,CCD,ATE,1.09,False
1764,SN 2011BY,000-BKB-410,2455714.40222,13.970,0.020,False,Johnson V,CCD,ATE,1.10,False
1765,SN 2011BY,000-BKB-410,2455714.40282,13.960,0.020,False,Johnson V,CCD,ATE,1.10,False
1766,SN 2011BY,000-BKB-410,2455714.40338,13.953,0.020,False,Johnson V,CCD,ATE,1.10,False
1767,SN 2011BY,000-BKB-410,2455714.40395,13.973,0.020,False,Johnson V,CCD,ATE,1.10,False
1768,SN 2011BY,000-BKB-410,2455714.40452,13.967,0.020,False,Johnson V,CCD,ATE,1.10,False
1769,SN 2011BY,000-BKB-410,2455714.48371,13.964,0.012,False,Johnson V,CCD,BDG,1.250,True
1770,SN 2011BY,000-BKB-410,2455714.48445,13.661,0.015,False,Cousins R,CCD,BDG,1.252,True
1771,SN 2011BY,000-BKB-410,2455714.4903,14.2,,False,Unknown,CCD,HUR,,
1772,SN 2011BY,000-BKB-410,2455714.49203,13.899,0.041,False,Johnson V,CCD,RMU,1.352,False
1773,SN 2011by,000-BKB-410,2455714.49866,15.180,0.041,False,Johnson B,CCD,RMU,1.387,False
1774,SN 2011by,000-BKB-410,2455714.50506,13.669,0.051,False,Cousins R,CCD,RMU,1.416,False
1775,SN 2011by,000-BKB-410,2455714.51144,13.572,0.065,False,Cousins I,CCD,RMU,1.448,False
1776,SN 2011BY,000-BKB-410,2455715.36137,14.012,0.020,False,Johnson V,CCD,ATE,1.05,False
1777,SN 2011BY,000-BKB-410,2455715.36214,14.025,0.021,False,Johnson V,CCD,ATE,1.05,False
1778,SN 2011BY,000-BKB-410,2455715.36274,14.051,0.021,False,Johnson V,CCD,ATE,1.05,False
1779,SN 2011BY,000-BKB-410,2455715.36335,14.066,0.022,False,Johnson V,CCD,ATE,1.05,False
1780,SN 2011BY,000-BKB-410,2455715.36391,14.031,0.022,False,Johnson V,CCD,ATE,1.05,False
1781,SN 2011BY,000-BKB-410,2455715.36448,14.044,0.021,False,Johnson V,CCD,ATE,1.05,False
1782,SN 2011BY,000-BKB-410,2455715.36505,14.062,0.021,False,Johnson V,CCD,ATE,1.05,False
1783,SN 2011BY,000-BKB-410,2455715.36561,14.018,0.021,False,Johnson V,CCD,ATE,1.05,False
1784,SN 2011BY,000-BKB-410,2455715.36618,14.041,0.021,False,Johnson V,CCD,ATE,1.05,False
1785,SN 2011BY,000-BKB-410,2455715.36675,14.039,0.020,False,Johnson V,CCD,ATE,1.05,False
1786,SN 2011BY,000-BKB-410,2455715.36735,14.019,0.021,False,Johnson V,CCD,ATE,1.05,False
1787,SN 2011BY,000-BKB-410,2455715.36792,14.055,0.021,False,Johnson V,CCD,ATE,1.06,False
1788,SN 2011BY,000-BKB-410,2455715.36849,14.053,0.020,False,Johnson V,CCD,ATE,1.06,False
1789,SN 2011BY,000-BKB-410,2455715.36905,14.043,0.021,False,Johnson V,CCD,ATE,1.06,False
1790,SN 2011BY,000-BKB-410,2455715.36964,14.008,0.021,False,Johnson V,CCD,ATE,1.06,False
1791,SN 2011BY,000-BKB-410,2455715.37021,14.051,0.021,False,Johnson V,CCD,ATE,1.06,False
1792,SN 2011BY,000-BKB-410,2455715.37079,14.026,0.021,False,Johnson V,CCD,ATE,1.06,False
1793,SN 2011BY,000-BKB-410,2455715.37136,14.066,0.020,False,Johnson V,CCD,ATE,1.06,False
1794,SN 2011BY,000-BKB-410,2455715.37192,14.057,0.021,False,Johnson V,CCD,ATE,1.06,False
1795,SN 2011BY,000-BKB-410,2455715.37249,14.020,0.021,False,Johnson V,CCD,ATE,1.06,False
1796,SN 2011BY,000-BKB-410,2455715.37309,14.054,0.021,False,Johnson V,CCD,ATE,1.06,False
1797,SN 2011BY,000-BKB-410,2455715.37366,14.037,0.021,False,Johnson V,CCD,ATE,1.06,False
1798,SN 2011BY,000-BKB-410,2455715.37423,14.054,0.021,False,Johnson V,CCD,ATE,1.06,False
1799,SN 2011BY,000-BKB-410,2455715.37479,14.043,0.021,False,Johnson V,CCD,ATE,1.06,False
1800,SN 2011BY,000-BKB-410,2455715.37536,14.064,0.021,False,Johnson V,CCD,ATE,1.06,False
1801,SN 2011BY,000-BKB-410,2455715.37594,14.050,0.021,False,Johnson V,CCD,ATE,1.06,False
1802,SN 2011BY,000-BKB-410,2455715.37650,14.067,0.021,False,Johnson V,CCD,ATE,1.06,False
1803,SN 2011BY,000-BKB-410,2455715.37711,14.003,0.022,False,Johnson V,CCD,ATE,1.06,False
1804,SN 2011BY,000-BKB-410,2455715.37767,14.038,0.021,False,Johnson V,CCD,ATE,1.07,False
1805,SN 2011BY,000-BKB-410,2455715.37824,14.042,0.021,False,Johnson V,CCD,ATE,1.07,False
1806,SN 2011BY,000-BKB-410,2455715.37881,14.044,0.020,False,Johnson V,CCD,ATE,1.07,False
1807,SN 2011BY,000-BKB-410,2455715.37937,14.069,0.020,False,Johnson V,CCD,ATE,1.07,False
1808,SN 2011BY,000-BKB-410,2455715.37994,14.070,0.020,False,Johnson V,CCD,ATE,1.07,False
1809,SN 2011BY,000-BKB-410,2455715.38051,14.040,0.021,False,Johnson V,CCD,ATE,1.07,False
1810,SN 2011BY,000-BKB-410,2455715.38111,14.055,0.021,False,Johnson V,CCD,ATE,1.07,False
1811,SN 2011BY,000-BKB-410,2455715.38168,14.070,0.020,False,Johnson V,CCD,ATE,1.07,False
1812,SN 2011BY,000-BKB-410,2455715.38225,14.063,0.021,False,Johnson V,CCD,ATE,1.07,False
1813,SN 2011BY,000-BKB-410,2455715.38281,14.050,0.021,False,Johnson V,CCD,ATE,1.07,False
1814,SN 2011BY,000-BKB-410,2455715.38341,14.025,0.021,False,Johnson V,CCD,ATE,1.07,False
1815,SN 2011BY,000-BKB-410,2455715.38398,14.059,0.020,False,Johnson V,CCD,ATE,1.07,False
1816,SN 2011BY,000-BKB-410,2455715.38455,14.010,0.021,False,Johnson V,CCD,ATE,1.07,False
1817,SN 2011BY,000-BKB-410,2455715.38515,14.071,0.020,False,Johnson V,CCD,ATE,1.07,False
1818,SN 2011BY,000-BKB-410,2455715.38572,14.004,0.021,False,Johnson V,CCD,ATE,1.08,False
1819,SN 2011BY,000-BKB-410,2455715.38628,14.033,0.021,False,Johnson V,CCD,ATE,1.08,False
1820,SN 2011BY,000-BKB-410,2455715.38685,14.044,0.021,False,Johnson V,CCD,ATE,1.08,False
1821,SN 2011BY,000-BKB-410,2455715.38742,14.038,0.021,False,Johnson V,CCD,ATE,1.08,False
1822,SN 2011BY,000-BKB-410,2455715.38799,14.034,0.021,False,Johnson V,CCD,ATE,1.08,False
1823,SN 2011BY,000-BKB-410,2455715.38859,14.066,0.020,False,Johnson V,CCD,ATE,1.08,False
1824,SN 2011BY,000-BKB-410,2455715.40097,14.030,0.031,False,Johnson V,CCD,BDG,1.071,True
1825,SN 2011BY,000-BKB-410,2455715.40160,13.706,0.018,False,Cousins R,CCD,BDG,1.072,True
1826,SN 2011BY,000-BKB-410,2455715.462,13.9,,False,Visual,Visual,BMU,,
1827,SN 2011BY,000-BKB-410,2455715.463,13.8,,False,Visual,Visual,VDE,,
1828,SN 2011BY,000-BKB-410,2455715.49,14.1,,False,Visual,Visual,PYG,,
1829,SN 2011BY,000-BKB-410,2455715.4924,13.5,,True,Visual,Visual,WWJ,,
1830,SN 2011BY,000-BKB-410,2455715.70337,15.221,0.055,False,Johnson B,CCD,NMR,,False
1831,SN 2011BY,000-BKB-410,2455715.70457,13.709,0.054,False,Cousins R,CCD,NMR,,False
1832,SN 2011BY,000-BKB-410,2455715.70527,14.085,0.065,False,Johnson V,CCD,NMR,,False
1833,SN 2011BY,000-BKB-410,2455716.36586,14.029,0.020,False,Johnson V,CCD,ATE,1.06,False
1834,SN 2011BY,000-BKB-410,2455716.36662,14.051,0.020,False,Johnson V,CCD,ATE,1.06,False
1835,SN 2011BY,000-BKB-410,2455716.36722,14.101,0.021,False,Johnson V,CCD,ATE,1.06,False
1836,SN 2011BY,000-BKB-410,2455716.36782,14.106,0.021,False,Johnson V,CCD,ATE,1.06,False
1837,SN 2011BY,000-BKB-410,2455716.36839,14.043,0.020,False,Johnson V,CCD,ATE,1.06,False
1838,SN 2011BY,000-BKB-410,2455716.36896,14.107,0.021,False,Johnson V,CCD,ATE,1.06,False
1839,SN 2011BY,000-BKB-410,2455716.36952,14.065,0.020,False,Johnson V,CCD,ATE,1.06,False
1840,SN 2011BY,000-BKB-410,2455716.37009,14.093,0.021,False,Johnson V,CCD,ATE,1.06,False
1841,SN 2011BY,000-BKB-410,2455716.37066,14.100,0.021,False,Johnson V,CCD,ATE,1.06,False
1842,SN 2011BY,000-BKB-410,2455716.37122,14.105,0.021,False,Johnson V,CCD,ATE,1.06,False
1843,SN 2011BY,000-BKB-410,2455716.37181,14.066,0.021,False,Johnson V,CCD,ATE,1.06,False
1844,SN 2011BY,000-BKB-410,2455716.37238,14.049,0.020,False,Johnson V,CCD,ATE,1.06,False
1845,SN 2011BY,000-BKB-410,2455716.37295,14.087,0.021,False,Johnson V,CCD,ATE,1.06,False
1846,SN 2011BY,000-BKB-410,2455716.37352,14.043,0.020,False,Johnson V,CCD,ATE,1.06,False
1847,SN 2011BY,000-BKB-410,2455716.37412,14.083,0.021,False,Johnson V,CCD,ATE,1.06,False
1848,SN 2011BY,000-BKB-410,2455716.37468,14.038,0.020,False,Johnson V,CCD,ATE,1.07,False
1849,SN 2011BY,000-BKB-410,2455716.37525,14.103,0.021,False,Johnson V,CCD,ATE,1.07,False
1850,SN 2011BY,000-BKB-410,2455716.37582,14.069,0.020,False,Johnson V,CCD,ATE,1.07,False
1851,SN 2011BY,000-BKB-410,2455716.37639,14.068,0.021,False,Johnson V,CCD,ATE,1.07,False
1852,SN 2011BY,000-BKB-410,2455716.37695,14.089,0.021,False,Johnson V,CCD,ATE,1.07,False
1853,SN 2011BY,000-BKB-410,2455716.37755,14.100,0.021,False,Johnson V,CCD,ATE,1.07,False
1854,SN 2011BY,000-BKB-410,2455716.37812,14.085,0.021,False,Johnson V,CCD,ATE,1.07,False
1855,SN 2011BY,000-BKB-410,2455716.37869,14.103,0.021,False,Johnson V,CCD,ATE,1.07,False
1856,SN 2011BY,000-BKB-410,2455716.37926,14.103,0.021,False,Johnson V,CCD,ATE,1.07,False
1857,SN 2011BY,000-BKB-410,2455716.37982,14.106,0.021,False,Johnson V,CCD,ATE,1.07,False
1858,SN 2011BY,000-BKB-410,2455716.38039,14.035,0.020,False,Johnson V,CCD,ATE,1.07,False
1859,SN 2011BY,000-BKB-410,2455716.38096,14.041,0.020,False,Johnson V,CCD,ATE,1.07,False
1860,SN 2011BY,000-BKB-410,2455716.38156,14.046,0.020,False,Johnson V,CCD,ATE,1.07,False
1861,SN 2011BY,000-BKB-410,2455716.38213,14.051,0.021,False,Johnson V,CCD,ATE,1.07,False
1862,SN 2011BY,000-BKB-410,2455716.38269,14.039,0.020,False,Johnson V,CCD,ATE,1.08,False
1863,SN 2011BY,000-BKB-410,2455716.38327,14.050,0.020,False,Johnson V,CCD,ATE,1.08,False
1864,SN 2011BY,000-BKB-410,2455716.38384,14.069,0.021,False,Johnson V,CCD,ATE,1.08,False
1865,SN 2011BY,000-BKB-410,2455716.38441,14.060,0.021,False,Johnson V,CCD,ATE,1.08,False
1866,SN 2011BY,000-BKB-410,2455716.38497,14.047,0.021,False,Johnson V,CCD,ATE,1.08,False
1867,SN 2011BY,000-BKB-410,2455716.38556,14.050,0.020,False,Johnson V,CCD,ATE,1.08,False
1868,SN 2011BY,000-BKB-410,2455716.38613,14.064,0.020,False,Johnson V,CCD,ATE,1.08,False
1869,SN 2011BY,000-BKB-410,2455716.38671,14.041,0.021,False,Johnson V,CCD,ATE,1.08,False
1870,SN 2011BY,000-BKB-410,2455716.38728,14.038,0.020,False,Johnson V,CCD,ATE,1.08,False
1871,SN 2011BY,000-BKB-410,2455716.38787,14.040,0.020,False,Johnson V,CCD,ATE,1.08,False
1872,SN 2011BY,000-BKB-410,2455716.38843,14.037,0.020,False,Johnson V,CCD,ATE,1.08,False
1873,SN 2011BY,000-BKB-410,2455716.38900,14.077,0.021,False,Johnson V,CCD,ATE,1.08,False
1874,SN 2011BY,000-BKB-410,2455716.38960,14.065,0.020,False,Johnson V,CCD,ATE,1.08,False
1875,SN 2011BY,000-BKB-410,2455716.468,14.3,,False,Visual,Visual,PYG,,
1876,SN 2011BY,000-BKB-410,2455716.48473,14.159,0.016,False,Johnson V,CCD,SDI,1.221,False
1877,SN 2011BY,000-BKB-410,2455716.48819,14.2,,False,Visual,Visual,JDG,,
1878,SN 2011BY,000-BKB-410,2455716.50385,14.073,0.053,False,Johnson V,CCD,RMU,1.446,False
1879,SN 2011BY,000-BKB-410,2455716.51035,15.205,0.057,False,Johnson B,CCD,RMU,1.476,False
1880,SN 2011BY,000-BKB-410,2455716.51692,13.746,0.044,False,Cousins R,CCD,RMU,1.511,False
1881,SN 2011BY,000-BKB-410,2455716.52277,13.481,0.057,False,Cousins I,CCD,RMU,1.549,False
1882,SN 2011BY,000-BKB-410,2455716.587674,13.895,0.032,False,Johnson V,CCD,CDK,1.11,False
1883,SN 2011BY,000-BKB-410,2455716.590394,13.964,0.031,False,Johnson V,CCD,CDK,1.11,False
1884,SN 2011BY,000-BKB-410,2455716.593113,13.895,0.030,False,Johnson V,CCD,CDK,1.11,False
1885,SN 2011BY,000-BKB-410,2455716.595845,13.871,0.027,False,Johnson V,CCD,CDK,1.11,False
1886,SN 2011BY,000-BKB-410,2455716.598565,13.909,0.029,False,Johnson V,CCD,CDK,1.11,False
1887,SN 2011BY,000-BKB-410,2455716.601296,13.905,0.028,False,Johnson V,CCD,CDK,1.11,False
1888,SN 2011BY,000-BKB-410,2455716.66667,14.1,0.1,False,Unfiltered with V Zeropoint,CCD,HSW,,False
1889,SN 2011BY,000-BKB-410,2455716.67819,13.999,0.023,False,Johnson V,CCD,ROE,1.217,False
1890,SN 2011BY,000-BKB-410,2455716.67898,13.892,0.020,False,Johnson V,CCD,ROE,1.219,False
1891,SN 2011BY,000-BKB-410,2455716.67976,13.961,0.023,False,Johnson V,CCD,ROE,1.222,False
1892,SN 2011BY,000-BKB-410,2455716.68051,13.881,0.022,False,Johnson V,CCD,ROE,1.224,False
1893,SN 2011BY,000-BKB-410,2455716.68127,13.836,0.019,False,Johnson V,CCD,ROE,1.226,False
1894,SN 2011BY,000-BKB-410,2455716.68204,13.959,0.020,False,Johnson V,CCD,ROE,1.229,False
1895,SN 2011BY,000-BKB-410,2455716.69792,13.3,,False,Visual,Visual,CKB,,
1896,SN 2011BY,000-BKB-410,2455717.70082,14.103,0.017,False,Johnson V,CCD,ROE,1.239,False
1897,SN 2011BY,000-BKB-410,2455717.70380,14.018,0.023,False,Johnson V,CCD,ROE,1.248,False
1898,SN 2011BY,000-BKB-410,2455717.70713,14.078,0.030,False,Johnson V,CCD,ROE,1.259,False
1899,SN 2011BY,000-BKB-410,2455718.64505,14.111,0.031,False,Johnson V,CCD,ROE,1.146,False
1900,SN 2011BY,000-BKB-410,2455718.64580,13.967,0.031,False,Johnson V,CCD,ROE,1.147,False
1901,SN 2011BY,000-BKB-410,2455718.64654,13.974,0.036,False,Johnson V,CCD,ROE,1.149,False
1902,SN 2011BY,000-BKB-410,2455719.61043,14.052,0.034,False,Johnson V,CCD,ROE,1.090,False
1903,SN 2011BY,000-BKB-410,2455719.61186,14.041,0.037,False,Johnson V,CCD,ROE,1.092,False
1904,SN 2011BY,000-BKB-410,2455719.61330,14.092,0.039,False,Johnson V,CCD,ROE,1.094,False
1905,SN 2011BY,000-BKB-410,2455719.70434,15.547,0.052,False,Johnson B,CCD,NMR,,False
1906,SN 2011BY,000-BKB-410,2455719.70503,13.572,0.087,False,Cousins I,CCD,NMR,,False
1907,SN 2011BY,000-BKB-410,2455719.74777,13.868,0.042,False,Cousins R,CCD,NMR,,False
1908,SN 2011BY,000-BKB-410,2455719.75438,14.276,0.028,False,Johnson V,CCD,NMR,,False
1909,SN 2011BY,000-BKB-410,2455720.42043,14.309,0.024,False,Johnson V,CCD,BDG,1.129,True
1910,SN 2011BY,000-BKB-410,2455720.42117,13.877,0.009,False,Cousins R,CCD,BDG,1.130,True
1911,SN 2011BY,000-BKB-410,2455720.67870,15.569,0.076,False,Johnson B,CCD,SXN,1.201,False
1912,SN 2011BY,000-BKB-410,2455720.68104,14.234,0.012,False,Johnson V,CCD,SXN,1.206,False
1913,SN 2011BY,000-BKB-410,2455720.68230,13.817,0.013,False,Cousins R,CCD,SXN,1.208,False
1914,SN 2011BY,000-BKB-410,2455720.68356,13.491,0.020,False,Cousins I,CCD,SXN,1.212,False
1915,SN 2011BY,000-BKB-410,2455720.7056,14.3,,False,Unknown,CCD,HUR,,
1916,SN 2011BY,000-BKB-410,2455721.311903,13.9993,0.0449,False,Cousins R,CCD,RNL,,False
1917,SN 2011BY,000-BKB-410,2455721.37713,14.337,0.023,False,Johnson V,CCD,ATE,1.09,False
1918,SN 2011BY,000-BKB-410,2455721.37787,14.360,0.023,False,Johnson V,CCD,ATE,1.09,False
1919,SN 2011BY,000-BKB-410,2455721.37853,14.372,0.023,False,Johnson V,CCD,ATE,1.09,False
1920,SN 2011BY,000-BKB-410,2455721.37916,14.347,0.022,False,Johnson V,CCD,ATE,1.09,False
1921,SN 2011BY,000-BKB-410,2455721.37978,14.400,0.024,False,Johnson V,CCD,ATE,1.09,False
1922,SN 2011BY,000-BKB-410,2455721.38041,14.364,0.023,False,Johnson V,CCD,ATE,1.09,False
1923,SN 2011BY,000-BKB-410,2455721.38103,14.401,0.024,False,Johnson V,CCD,ATE,1.09,False
1924,SN 2011BY,000-BKB-410,2455721.38166,14.395,0.023,False,Johnson V,CCD,ATE,1.09,False
1925,SN 2011BY,000-BKB-410,2455721.38228,14.392,0.023,False,Johnson V,CCD,ATE,1.09,False
1926,SN 2011BY,000-BKB-410,2455721.38294,14.384,0.023,False,Johnson V,CCD,ATE,1.10,False
1927,SN 2011BY,000-BKB-410,2455721.38357,14.398,0.024,False,Johnson V,CCD,ATE,1.10,False
1928,SN 2011BY,000-BKB-410,2455721.38419,14.400,0.024,False,Johnson V,CCD,ATE,1.10,False
1929,SN 2011BY,000-BKB-410,2455721.38482,14.388,0.024,False,Johnson V,CCD,ATE,1.10,False
1930,SN 2011BY,000-BKB-410,2455721.38548,14.332,0.023,False,Johnson V,CCD,ATE,1.10,False
1931,SN 2011BY,000-BKB-410,2455721.38610,14.399,0.023,False,Johnson V,CCD,ATE,1.10,False
1932,SN 2011BY,000-BKB-410,2455721.38673,14.395,0.024,False,Johnson V,CCD,ATE,1.10,False
1933,SN 2011BY,000-BKB-410,2455721.38736,14.334,0.022,False,Johnson V,CCD,ATE,1.10,False
1934,SN 2011BY,000-BKB-410,2455721.38800,14.342,0.023,False,Johnson V,CCD,ATE,1.10,False
1935,SN 2011BY,000-BKB-410,2455721.38864,14.406,0.024,False,Johnson V,CCD,ATE,1.10,False
1936,SN 2011BY,000-BKB-410,2455721.38928,14.397,0.024,False,Johnson V,CCD,ATE,1.11,False
1937,SN 2011BY,000-BKB-410,2455721.38991,14.341,0.023,False,Johnson V,CCD,ATE,1.11,False
1938,SN 2011BY,000-BKB-410,2455721.39053,14.342,0.023,False,Johnson V,CCD,ATE,1.11,False
1939,SN 2011BY,000-BKB-410,2455721.39116,14.377,0.023,False,Johnson V,CCD,ATE,1.11,False
1940,SN 2011BY,000-BKB-410,2455721.39180,14.349,0.023,False,Johnson V,CCD,ATE,1.11,False
1941,SN 2011BY,000-BKB-410,2455721.39242,14.341,0.023,False,Johnson V,CCD,ATE,1.11,False
1942,SN 2011BY,000-BKB-410,2455721.39305,14.396,0.024,False,Johnson V,CCD,ATE,1.11,False
1943,SN 2011BY,000-BKB-410,2455721.39369,14.352,0.023,False,Johnson V,CCD,ATE,1.11,False
1944,SN 2011BY,000-BKB-410,2455721.39432,14.355,0.023,False,Johnson V,CCD,ATE,1.12,False
1945,SN 2011BY,000-BKB-410,2455721.39494,14.378,0.022,False,Johnson V,CCD,ATE,1.12,False
1946,SN 2011BY,000-BKB-410,2455721.39558,14.348,0.023,False,Johnson V,CCD,ATE,1.12,False
1947,SN 2011BY,000-BKB-410,2455721.39621,14.361,0.023,False,Johnson V,CCD,ATE,1.12,False
1948,SN 2011BY,000-BKB-410,2455721.53897,14.298,0.047,False,Johnson V,CCD,RMU,1.397,False
1949,SN 2011BY,000-BKB-410,2455721.56236,15.646,0.073,False,Johnson B,CCD,RMU,1.992,False
1950,SN 2011BY,000-BKB-410,2455721.56848,13.990,0.051,False,Cousins R,CCD,RMU,2.055,False
1951,SN 2011BY,000-BKB-410,2455721.57174,13.554,0.073,False,Cousins I,CCD,RMU,2.121,False
1952,SN 2011BY,000-BKB-410,2455721.593,14.63,,False,Unfiltered with V Zeropoint,CCD,PYG,,False
1953,SN 2011BY,000-BKB-410,2455721.68086,15.651,0.084,False,Johnson B,CCD,SXN,1.214,False
1954,SN 2011BY,000-BKB-410,2455721.68321,14.286,0.015,False,Johnson V,CCD,SXN,1.219,False
1955,SN 2011BY,000-BKB-410,2455721.68449,13.884,0.017,False,Cousins R,CCD,SXN,1.221,False
1956,SN 2011BY,000-BKB-410,2455721.68578,13.507,0.016,False,Cousins I,CCD,SXN,1.226,False
1957,SN 2011BY,000-BKB-410,2455721.71332,15.660,0.040,False,Johnson B,CCD,NMR,,False
1958,SN 2011BY,000-BKB-410,2455721.71383,13.536,0.013,False,Cousins I,CCD,NMR,,False
1959,SN 2011BY,000-BKB-410,2455721.71453,13.920,0.010,False,Cousins R,CCD,NMR,,False
1960,SN 2011BY,000-BKB-410,2455721.71522,14.308,0.011,False,Johnson V,CCD,NMR,,False
1961,SN 2011BY,000-BKB-410,2455722.69350,14.344,0.019,False,Johnson V,CCD,ROE,1.258,False
1962,SN 2011BY,000-BKB-410,2455722.69471,14.448,0.018,False,Johnson V,CCD,ROE,1.262,False
1963,SN 2011BY,000-BKB-410,2455722.69595,14.448,0.021,False,Johnson V,CCD,ROE,1.267,False
1964,SN 2011BY,000-BKB-410,2455722.76433,15.716,0.072,False,Johnson B,CCD,SXN,1.620,False
1965,SN 2011BY,000-BKB-410,2455722.76667,14.392,0.018,False,Johnson V,CCD,SXN,1.632,False
1966,SN 2011BY,000-BKB-410,2455722.76795,13.943,0.016,False,Cousins R,CCD,SXN,1.639,False
1967,SN 2011BY,000-BKB-410,2455722.76924,13.566,0.018,False,Cousins I,CCD,SXN,1.652,False
1968,SN 2011BY,000-BKB-410,2455723.37636,14.498,0.029,False,Johnson V,CCD,ATE,1.09,False
1969,SN 2011BY,000-BKB-410,2455723.38000,14.429,0.029,False,Johnson V,CCD,ATE,1.10,False
1970,SN 2011BY,000-BKB-410,2455723.38066,14.480,0.026,False,Johnson V,CCD,ATE,1.10,False
1971,SN 2011BY,000-BKB-410,2455723.38369,14.435,0.026,False,Johnson V,CCD,ATE,1.11,False
1972,SN 2011BY,000-BKB-410,2455723.38436,14.379,0.025,False,Johnson V,CCD,ATE,1.11,False
1973,SN 2011BY,000-BKB-410,2455723.38499,14.462,0.029,False,Johnson V,CCD,ATE,1.11,False
1974,SN 2011BY,000-BKB-410,2455723.38562,14.504,0.027,False,Johnson V,CCD,ATE,1.11,False
1975,SN 2011BY,000-BKB-410,2455723.38625,14.384,0.026,False,Johnson V,CCD,ATE,1.11,False
1976,SN 2011BY,000-BKB-410,2455723.38687,14.439,0.035,False,Johnson V,CCD,ATE,1.11,False
1977,SN 2011BY,000-BKB-410,2455723.39456,14.398,0.028,False,Johnson V,CCD,ATE,1.13,False
1978,SN 2011BY,000-BKB-410,2455723.39525,14.526,0.027,False,Johnson V,CCD,ATE,1.13,False
1979,SN 2011BY,000-BKB-410,2455723.39958,14.513,0.032,False,Johnson V,CCD,ATE,1.14,False
1980,SN 2011BY,000-BKB-410,2455723.40024,14.454,0.031,False,Johnson V,CCD,ATE,1.14,False
1981,SN 2011BY,000-BKB-410,2455723.40086,14.387,0.027,False,Johnson V,CCD,ATE,1.14,False
1982,SN 2011BY,000-BKB-410,2455723.40149,14.387,0.027,False,Johnson V,CCD,ATE,1.14,False
1983,SN 2011BY,000-BKB-410,2455723.40211,14.396,0.027,False,Johnson V,CCD,ATE,1.14,False
1984,SN 2011BY,000-BKB-410,2455723.40274,14.478,0.028,False,Johnson V,CCD,ATE,1.14,False
1985,SN 2011BY,000-BKB-410,2455723.40336,14.471,0.026,False,Johnson V,CCD,ATE,1.14,False
1986,SN 2011BY,000-BKB-410,2455723.40402,14.384,0.029,False,Johnson V,CCD,ATE,1.15,False
1987,SN 2011BY,000-BKB-410,2455723.40465,14.504,0.030,False,Johnson V,CCD,ATE,1.15,False
1988,SN 2011BY,000-BKB-410,2455723.40880,14.393,0.029,False,Johnson V,CCD,ATE,1.16,False
1989,SN 2011BY,000-BKB-410,2455723.40943,14.463,0.029,False,Johnson V,CCD,ATE,1.16,False
1990,SN 2011BY,000-BKB-410,2455723.41005,14.400,0.030,False,Johnson V,CCD,ATE,1.16,False
1991,SN 2011BY,000-BKB-410,2455723.41068,14.497,0.032,False,Johnson V,CCD,ATE,1.16,False
1992,SN 2011BY,000-BKB-410,2455723.41133,14.450,0.029,False,Johnson V,CCD,ATE,1.16,False
1993,SN 2011BY,000-BKB-410,2455723.41195,14.412,0.029,False,Johnson V,CCD,ATE,1.17,False
1994,SN 2011BY,000-BKB-410,2455723.41259,14.493,0.034,False,Johnson V,CCD,ATE,1.17,False
1995,SN 2011BY,000-BKB-410,2455723.41322,14.415,0.031,False,Johnson V,CCD,ATE,1.17,False
1996,SN 2011BY,000-BKB-410,2455723.65625,13.3,,False,Visual,Visual,CKB,,
1997,SN 2011BY,000-BKB-410,2455723.69645,15.719,0.067,False,Johnson B,CCD,SXN,1.280,False
1998,SN 2011BY,000-BKB-410,2455723.69878,14.419,0.029,False,Johnson V,CCD,SXN,1.286,False
1999,SN 2011BY,000-BKB-410,2455723.70007,13.985,0.022,False,Cousins R,CCD,SXN,1.289,False
2000,SN 2011BY,000-BKB-410,2455723.70135,13.595,0.016,False,Cousins I,CCD,SXN,1.295,False
2001,SN 2011BY,000-BKB-410,2455723.70644,15.835,0.086,False,Johnson B,CCD,NMR,,False
2002,SN 2011BY,000-BKB-410,2455723.70712,13.710,0.022,False,Cousins I,CCD,NMR,,False
2003,SN 2011BY,000-BKB-410,2455723.70781,14.102,0.017,False,Cousins R,CCD,NMR,,False
2004,SN 2011BY,000-BKB-410,2455723.70851,14.444,0.024,False,Johnson V,CCD,NMR,,False
2005,SN 2011BY,000-BKB-410,2455723.802419,14.60,,False,Johnson V,CCD,NAO,,False
2006,SN 2011BY,000-BKB-410,2455724.38104,14.618,0.027,False,Johnson V,CCD,ATE,1.11,False
2007,SN 2011BY,000-BKB-410,2455724.38181,14.603,0.026,False,Johnson V,CCD,ATE,1.11,False
2008,SN 2011BY,000-BKB-410,2455724.38244,14.589,0.024,False,Johnson V,CCD,ATE,1.11,False
2009,SN 2011BY,000-BKB-410,2455724.38310,14.552,0.026,False,Johnson V,CCD,ATE,1.11,False
2010,SN 2011BY,000-BKB-410,2455724.38372,14.582,0.026,False,Johnson V,CCD,ATE,1.11,False
2011,SN 2011BY,000-BKB-410,2455724.38435,14.605,0.029,False,Johnson V,CCD,ATE,1.11,False
2012,SN 2011BY,000-BKB-410,2455724.38497,14.518,0.031,False,Johnson V,CCD,ATE,1.11,False
2013,SN 2011BY,000-BKB-410,2455724.38560,14.535,0.035,False,Johnson V,CCD,ATE,1.11,False
2014,SN 2011BY,000-BKB-410,2455724.39067,14.611,0.041,False,Johnson V,CCD,ATE,1.12,False
2015,SN 2011BY,000-BKB-410,2455724.39129,14.540,0.044,False,Johnson V,CCD,ATE,1.13,False
2016,SN 2011BY,000-BKB-410,2455724.39192,14.563,0.034,False,Johnson V,CCD,ATE,1.13,False
2017,SN 2011BY,000-BKB-410,2455724.39318,14.557,0.037,False,Johnson V,CCD,ATE,1.13,False
2018,SN 2011BY,000-BKB-410,2455724.39383,14.569,0.035,False,Johnson V,CCD,ATE,1.13,False
2019,SN 2011BY,000-BKB-410,2455724.39445,14.587,0.040,False,Johnson V,CCD,ATE,1.13,False
2020,SN 2011BY,000-BKB-410,2455724.39570,14.617,0.030,False,Johnson V,CCD,ATE,1.13,False
2021,SN 2011BY,000-BKB-410,2455724.39634,14.598,0.028,False,Johnson V,CCD,ATE,1.14,False
2022,SN 2011BY,000-BKB-410,2455724.39696,14.567,0.026,False,Johnson V,CCD,ATE,1.14,False
2023,SN 2011BY,000-BKB-410,2455724.39761,14.602,0.029,False,Johnson V,CCD,ATE,1.14,False
2024,SN 2011BY,000-BKB-410,2455724.39824,14.582,0.029,False,Johnson V,CCD,ATE,1.14,False
2025,SN 2011BY,000-BKB-410,2455724.39886,14.545,0.028,False,Johnson V,CCD,ATE,1.14,False
2026,SN 2011BY,000-BKB-410,2455724.39949,14.535,0.027,False,Johnson V,CCD,ATE,1.14,False
2027,SN 2011BY,000-BKB-410,2455724.40012,14.605,0.028,False,Johnson V,CCD,ATE,1.14,False
2028,SN 2011BY,000-BKB-410,2455724.40075,14.523,0.028,False,Johnson V,CCD,ATE,1.15,False
2029,SN 2011BY,000-BKB-410,2455724.42814,14.565,0.020,False,Johnson V,CCD,BDG,1.171,True
2030,SN 2011BY,000-BKB-410,2455724.42889,14.158,0.015,False,Cousins R,CCD,BDG,1.173,True
2031,SN 2011BY,000-BKB-410,2455724.456,14.7,,False,Visual,Visual,PYG,,
2032,SN 2011BY,000-BKB-410,2455724.66770,14.352,0.143,False,Johnson V,CCD,ROE,1.253,False
2033,SN 2011BY,000-BKB-410,2455724.69686,15.800,0.056,False,Johnson B,CCD,SXN,1.291,False
2034,SN 2011BY,000-BKB-410,2455724.69919,14.508,0.021,False,Johnson V,CCD,SXN,1.297,False
2035,SN 2011BY,000-BKB-410,2455724.70047,14.087,0.017,False,Cousins R,CCD,SXN,1.301,False
2036,SN 2011BY,000-BKB-410,2455724.70175,13.680,0.018,False,Cousins I,CCD,SXN,1.307,False
2037,SN 2011BY,000-BKB-410,2455724.810475,14.74,,False,Johnson V,CCD,NAO,,False
2038,SN 2011BY,000-BKB-410,2455725.39406,14.664,0.028,False,Johnson V,CCD,ATE,1.14,False
2039,SN 2011BY,000-BKB-410,2455725.39485,14.638,0.024,False,Johnson V,CCD,ATE,1.14,False
2040,SN 2011BY,000-BKB-410,2455725.39567,14.623,0.026,False,Johnson V,CCD,ATE,1.14,False
2041,SN 2011BY,000-BKB-410,2455725.39638,14.709,0.030,False,Johnson V,CCD,ATE,1.14,False
2042,SN 2011BY,000-BKB-410,2455725.39701,14.697,0.027,False,Johnson V,CCD,ATE,1.14,False
2043,SN 2011BY,000-BKB-410,2455725.39765,14.717,0.027,False,Johnson V,CCD,ATE,1.14,False
2044,SN 2011BY,000-BKB-410,2455725.39828,14.709,0.027,False,Johnson V,CCD,ATE,1.15,False
2045,SN 2011BY,000-BKB-410,2455725.39890,14.705,0.030,False,Johnson V,CCD,ATE,1.15,False
2046,SN 2011BY,000-BKB-410,2455725.39953,14.715,0.029,False,Johnson V,CCD,ATE,1.15,False
2047,SN 2011BY,000-BKB-410,2455725.40015,14.699,0.029,False,Johnson V,CCD,ATE,1.15,False
2048,SN 2011BY,000-BKB-410,2455725.40081,14.662,0.038,False,Johnson V,CCD,ATE,1.15,False
2049,SN 2011BY,000-BKB-410,2455725.40144,14.649,0.031,False,Johnson V,CCD,ATE,1.15,False
2050,SN 2011BY,000-BKB-410,2455725.68953,14.459,0.031,False,Johnson V,CCD,ROE,1.273,False
2051,SN 2011BY,000-BKB-410,2455725.69074,14.580,0.028,False,Johnson V,CCD,ROE,1.277,False
2052,SN 2011BY,000-BKB-410,2455725.69199,14.516,0.025,False,Johnson V,CCD,ROE,1.281,False
2053,SN 2011BY,000-BKB-410,2455725.69531,15.859,0.072,False,Johnson B,CCD,SXN,1.296,False
2054,SN 2011BY,000-BKB-410,2455725.69759,14.563,0.018,False,Johnson V,CCD,SXN,1.302,False
2055,SN 2011BY,000-BKB-410,2455725.69882,14.158,0.017,False,Cousins R,CCD,SXN,1.305,False
2056,SN 2011BY,000-BKB-410,2455725.70002,13.744,0.022,False,Cousins I,CCD,SXN,1.311,False
2057,SN 2011BY,000-BKB-410,2455726.37086,14.651,0.025,False,Johnson V,CCD,ATE,1.10,False
2058,SN 2011BY,000-BKB-410,2455726.37168,14.629,0.028,False,Johnson V,CCD,ATE,1.10,False
2059,SN 2011BY,000-BKB-410,2455726.37234,14.621,0.026,False,Johnson V,CCD,ATE,1.10,False
2060,SN 2011BY,000-BKB-410,2455726.37300,14.647,0.026,False,Johnson V,CCD,ATE,1.10,False
2061,SN 2011BY,000-BKB-410,2455726.37363,14.650,0.026,False,Johnson V,CCD,ATE,1.10,False
2062,SN 2011BY,000-BKB-410,2455726.37425,14.649,0.026,False,Johnson V,CCD,ATE,1.10,False
2063,SN 2011BY,000-BKB-410,2455726.37488,14.631,0.026,False,Johnson V,CCD,ATE,1.10,False
2064,SN 2011BY,000-BKB-410,2455726.37550,14.621,0.024,False,Johnson V,CCD,ATE,1.11,False
2065,SN 2011BY,000-BKB-410,2455726.37613,14.672,0.026,False,Johnson V,CCD,ATE,1.11,False
2066,SN 2011BY,000-BKB-410,2455726.37675,14.694,0.025,False,Johnson V,CCD,ATE,1.11,False
2067,SN 2011BY,000-BKB-410,2455726.37738,14.682,0.025,False,Johnson V,CCD,ATE,1.11,False
2068,SN 2011BY,000-BKB-410,2455726.37800,14.625,0.025,False,Johnson V,CCD,ATE,1.11,False
2069,SN 2011BY,000-BKB-410,2455726.37863,14.650,0.026,False,Johnson V,CCD,ATE,1.11,False
2070,SN 2011BY,000-BKB-410,2455726.37925,14.643,0.026,False,Johnson V,CCD,ATE,1.11,False
2071,SN 2011BY,000-BKB-410,2455726.37991,14.658,0.025,False,Johnson V,CCD,ATE,1.11,False
2072,SN 2011BY,000-BKB-410,2455726.38054,14.653,0.025,False,Johnson V,CCD,ATE,1.11,False
2073,SN 2011BY,000-BKB-410,2455726.38116,14.689,0.026,False,Johnson V,CCD,ATE,1.12,False
2074,SN 2011BY,000-BKB-410,2455726.38180,14.621,0.025,False,Johnson V,CCD,ATE,1.12,False
2075,SN 2011BY,000-BKB-410,2455726.38242,14.606,0.025,False,Johnson V,CCD,ATE,1.12,False
2076,SN 2011BY,000-BKB-410,2455726.38305,14.669,0.025,False,Johnson V,CCD,ATE,1.12,False
2077,SN 2011BY,000-BKB-410,2455726.38370,14.625,0.026,False,Johnson V,CCD,ATE,1.12,False
2078,SN 2011BY,000-BKB-410,2455726.38432,14.688,0.025,False,Johnson V,CCD,ATE,1.12,False
2079,SN 2011BY,000-BKB-410,2455726.38496,14.616,0.026,False,Johnson V,CCD,ATE,1.12,False
2080,SN 2011BY,000-BKB-410,2455726.38558,14.610,0.027,False,Johnson V,CCD,ATE,1.12,False
2081,SN 2011BY,000-BKB-410,2455726.38621,14.622,0.026,False,Johnson V,CCD,ATE,1.13,False
2082,SN 2011BY,000-BKB-410,2455726.38683,14.663,0.026,False,Johnson V,CCD,ATE,1.13,False
2083,SN 2011BY,000-BKB-410,2455726.38749,14.635,0.026,False,Johnson V,CCD,ATE,1.13,False
2084,SN 2011BY,000-BKB-410,2455726.38812,14.643,0.026,False,Johnson V,CCD,ATE,1.13,False
2085,SN 2011BY,000-BKB-410,2455726.38874,14.640,0.026,False,Johnson V,CCD,ATE,1.13,False
2086,SN 2011BY,000-BKB-410,2455726.38937,14.649,0.025,False,Johnson V,CCD,ATE,1.13,False
2087,SN 2011BY,000-BKB-410,2455726.38999,14.654,0.027,False,Johnson V,CCD,ATE,1.13,False
2088,SN 2011BY,000-BKB-410,2455726.39062,14.637,0.027,False,Johnson V,CCD,ATE,1.14,False
2089,SN 2011BY,000-BKB-410,2455726.39124,14.646,0.026,False,Johnson V,CCD,ATE,1.14,False
2090,SN 2011BY,000-BKB-410,2455726.39190,14.615,0.026,False,Johnson V,CCD,ATE,1.14,False
2091,SN 2011BY,000-BKB-410,2455726.39253,14.601,0.025,False,Johnson V,CCD,ATE,1.14,False
2092,SN 2011BY,000-BKB-410,2455726.39315,14.652,0.025,False,Johnson V,CCD,ATE,1.14,False
2093,SN 2011BY,000-BKB-410,2455726.39378,14.604,0.026,False,Johnson V,CCD,ATE,1.14,False
2094,SN 2011BY,000-BKB-410,2455726.39444,14.628,0.026,False,Johnson V,CCD,ATE,1.14,False
2095,SN 2011BY,000-BKB-410,2455726.39506,14.622,0.025,False,Johnson V,CCD,ATE,1.14,False
2096,SN 2011BY,000-BKB-410,2455726.39569,14.641,0.026,False,Johnson V,CCD,ATE,1.15,False
2097,SN 2011BY,000-BKB-410,2455726.39633,14.636,0.026,False,Johnson V,CCD,ATE,1.15,False
2098,SN 2011BY,000-BKB-410,2455726.39697,14.649,0.026,False,Johnson V,CCD,ATE,1.15,False
2099,SN 2011BY,000-BKB-410,2455726.39760,14.684,0.027,False,Johnson V,CCD,ATE,1.15,False
2100,SN 2011BY,000-BKB-410,2455726.44769,14.562,0.040,False,Johnson V,CCD,RMU,1.309,False
2101,SN 2011BY,000-BKB-410,2455726.45883,15.727,0.075,False,Johnson B,CCD,RMU,1.336,False
2102,SN 2011BY,000-BKB-410,2455726.46612,14.234,0.047,False,Cousins R,CCD,RMU,1.385,False
2103,SN 2011BY,000-BKB-410,2455726.47284,13.880,0.046,False,Cousins I,CCD,RMU,1.415,False
2104,SN 2011BY,000-BKB-410,2455726.65194,14.594,0.026,False,Johnson V,CCD,ROE,1.175,False
2105,SN 2011BY,000-BKB-410,2455726.65317,14.596,0.028,False,Johnson V,CCD,ROE,1.178,False
2106,SN 2011BY,000-BKB-410,2455726.65439,14.618,0.024,False,Johnson V,CCD,ROE,1.180,False
2107,SN 2011BY,000-BKB-410,2455727.37483,14.702,0.022,False,Johnson V,CCD,ATE,1.11,False
2108,SN 2011BY,000-BKB-410,2455727.37582,14.641,0.023,False,Johnson V,CCD,ATE,1.11,False
2109,SN 2011BY,000-BKB-410,2455727.37660,14.706,0.023,False,Johnson V,CCD,ATE,1.11,False
2110,SN 2011BY,000-BKB-410,2455727.37736,14.715,0.023,False,Johnson V,CCD,ATE,1.11,False
2111,SN 2011BY,000-BKB-410,2455727.37812,14.696,0.024,False,Johnson V,CCD,ATE,1.12,False
2112,SN 2011BY,000-BKB-410,2455727.37886,14.688,0.023,False,Johnson V,CCD,ATE,1.12,False
2113,SN 2011BY,000-BKB-410,2455727.37960,14.642,0.023,False,Johnson V,CCD,ATE,1.12,False
2114,SN 2011BY,000-BKB-410,2455727.38034,14.655,0.024,False,Johnson V,CCD,ATE,1.12,False
2115,SN 2011BY,000-BKB-410,2455727.38108,14.672,0.024,False,Johnson V,CCD,ATE,1.12,False
2116,SN 2011BY,000-BKB-410,2455727.38182,14.730,0.025,False,Johnson V,CCD,ATE,1.12,False
2117,SN 2011BY,000-BKB-410,2455727.38259,14.702,0.023,False,Johnson V,CCD,ATE,1.12,False
2118,SN 2011BY,000-BKB-410,2455727.38334,14.734,0.025,False,Johnson V,CCD,ATE,1.13,False
2119,SN 2011BY,000-BKB-410,2455727.38408,14.645,0.024,False,Johnson V,CCD,ATE,1.13,False
2120,SN 2011BY,000-BKB-410,2455727.38482,14.732,0.026,False,Johnson V,CCD,ATE,1.13,False
2121,SN 2011BY,000-BKB-410,2455727.38559,14.724,0.025,False,Johnson V,CCD,ATE,1.13,False
2122,SN 2011BY,000-BKB-410,2455727.38633,14.654,0.024,False,Johnson V,CCD,ATE,1.13,False
2123,SN 2011BY,000-BKB-410,2455727.38707,14.647,0.024,False,Johnson V,CCD,ATE,1.13,False
2124,SN 2011BY,000-BKB-410,2455727.38781,14.735,0.026,False,Johnson V,CCD,ATE,1.13,False
2125,SN 2011BY,000-BKB-410,2455727.38856,14.689,0.024,False,Johnson V,CCD,ATE,1.14,False
2126,SN 2011BY,000-BKB-410,2455727.38930,14.748,0.025,False,Johnson V,CCD,ATE,1.14,False
2127,SN 2011BY,000-BKB-410,2455727.39007,14.734,0.025,False,Johnson V,CCD,ATE,1.14,False
2128,SN 2011BY,000-BKB-410,2455727.39081,14.720,0.024,False,Johnson V,CCD,ATE,1.14,False
2129,SN 2011BY,000-BKB-410,2455727.39155,14.674,0.025,False,Johnson V,CCD,ATE,1.14,False
2130,SN 2011BY,000-BKB-410,2455727.39229,14.676,0.024,False,Johnson V,CCD,ATE,1.14,False
2131,SN 2011BY,000-BKB-410,2455727.39303,14.724,0.025,False,Johnson V,CCD,ATE,1.15,False
2132,SN 2011BY,000-BKB-410,2455727.39378,14.657,0.024,False,Johnson V,CCD,ATE,1.15,False
2133,SN 2011BY,000-BKB-410,2455727.39455,14.638,0.023,False,Johnson V,CCD,ATE,1.15,False
2134,SN 2011BY,000-BKB-410,2455727.39529,14.739,0.025,False,Johnson V,CCD,ATE,1.15,False
2135,SN 2011BY,000-BKB-410,2455727.39603,14.743,0.025,False,Johnson V,CCD,ATE,1.15,False
2136,SN 2011BY,000-BKB-410,2455727.39677,14.686,0.024,False,Johnson V,CCD,ATE,1.15,False
2137,SN 2011BY,000-BKB-410,2455727.39751,14.738,0.026,False,Johnson V,CCD,ATE,1.16,False
2138,SN 2011BY,000-BKB-410,2455727.39825,14.667,0.024,False,Johnson V,CCD,ATE,1.16,False
2139,SN 2011BY,000-BKB-410,2455727.39900,14.673,0.024,False,Johnson V,CCD,ATE,1.16,False
2140,SN 2011BY,000-BKB-410,2455727.39977,14.647,0.024,False,Johnson V,CCD,ATE,1.16,False
2141,SN 2011BY,000-BKB-410,2455727.44529,14.641,0.050,False,Johnson V,CCD,RMU,1.311,False
2142,SN 2011BY,000-BKB-410,2455727.45181,16.055,0.089,False,Johnson B,CCD,RMU,1.337,False
2143,SN 2011BY,000-BKB-410,2455727.45823,14.270,0.048,False,Cousins R,CCD,RMU,1.363,False
2144,SN 2011BY,000-BKB-410,2455727.46469,13.893,0.049,False,Cousins I,CCD,RMU,1.391,False
2145,SN 2011BY,000-BKB-410,2455727.65757,14.652,0.032,False,Johnson V,CCD,ROE,1.194,False
2146,SN 2011BY,000-BKB-410,2455727.65878,14.670,0.031,False,Johnson V,CCD,ROE,1.197,False
2147,SN 2011BY,000-BKB-410,2455727.66000,14.663,0.029,False,Johnson V,CCD,ROE,1.201,False
2148,SN 2011BY,000-BKB-410,2455727.69189,15.912,0.056,False,Johnson B,CCD,SXN,1.303,False
2149,SN 2011BY,000-BKB-410,2455727.69416,14.634,0.029,False,Johnson V,CCD,SXN,1.309,False
2150,SN 2011BY,000-BKB-410,2455727.69538,14.258,0.022,False,Cousins R,CCD,SXN,1.313,False
2151,SN 2011BY,000-BKB-410,2455727.69660,13.865,0.021,False,Cousins I,CCD,SXN,1.319,False
2152,SN 2011BY,000-BKB-410,2455727.70781,15.996,0.061,False,Johnson B,CCD,NMR,,False
2153,SN 2011BY,000-BKB-410,2455727.70851,13.942,0.019,False,Cousins I,CCD,NMR,,False
2154,SN 2011BY,000-BKB-410,2455727.70920,14.308,0.013,False,Cousins R,CCD,NMR,,False
2155,SN 2011BY,000-BKB-410,2455727.70990,14.696,0.016,False,Johnson V,CCD,NMR,,False
2156,SN 2011BY,000-BKB-410,2455728.3299,14.6,,False,Visual,Visual,BOZ,,
2157,SN 2011BY,000-BKB-410,2455728.37987,14.919,0.027,False,Johnson V,CCD,ATE,1.12,False
2158,SN 2011BY,000-BKB-410,2455728.38075,14.871,0.026,False,Johnson V,CCD,ATE,1.13,False
2159,SN 2011BY,000-BKB-410,2455728.38149,14.838,0.026,False,Johnson V,CCD,ATE,1.13,False
2160,SN 2011BY,000-BKB-410,2455728.38227,14.899,0.025,False,Johnson V,CCD,ATE,1.13,False
2161,SN 2011BY,000-BKB-410,2455728.38301,14.876,0.026,False,Johnson V,CCD,ATE,1.13,False
2162,SN 2011BY,000-BKB-410,2455728.38375,14.837,0.028,False,Johnson V,CCD,ATE,1.13,False
2163,SN 2011BY,000-BKB-410,2455728.38449,14.857,0.026,False,Johnson V,CCD,ATE,1.13,False
2164,SN 2011BY,000-BKB-410,2455728.38523,14.879,0.026,False,Johnson V,CCD,ATE,1.14,False
2165,SN 2011BY,000-BKB-410,2455728.38598,14.912,0.027,False,Johnson V,CCD,ATE,1.14,False
2166,SN 2011BY,000-BKB-410,2455728.38673,14.902,0.026,False,Johnson V,CCD,ATE,1.14,False
2167,SN 2011BY,000-BKB-410,2455728.38749,14.841,0.026,False,Johnson V,CCD,ATE,1.14,False
2168,SN 2011BY,000-BKB-410,2455728.38823,14.916,0.027,False,Johnson V,CCD,ATE,1.14,False
2169,SN 2011BY,000-BKB-410,2455728.38897,14.929,0.027,False,Johnson V,CCD,ATE,1.14,False
2170,SN 2011BY,000-BKB-410,2455728.38972,14.899,0.027,False,Johnson V,CCD,ATE,1.14,False
2171,SN 2011BY,000-BKB-410,2455728.39049,14.915,0.027,False,Johnson V,CCD,ATE,1.15,False
2172,SN 2011BY,000-BKB-410,2455728.39130,14.843,0.025,False,Johnson V,CCD,ATE,1.15,False
2173,SN 2011BY,000-BKB-410,2455728.39204,14.879,0.026,False,Johnson V,CCD,ATE,1.15,False
2174,SN 2011BY,000-BKB-410,2455728.39278,14.876,0.026,False,Johnson V,CCD,ATE,1.15,False
2175,SN 2011BY,000-BKB-410,2455728.39352,14.853,0.026,False,Johnson V,CCD,ATE,1.15,False
2176,SN 2011BY,000-BKB-410,2455728.39426,14.844,0.026,False,Johnson V,CCD,ATE,1.16,False
2177,SN 2011BY,000-BKB-410,2455728.39504,14.875,0.026,False,Johnson V,CCD,ATE,1.16,False
2178,SN 2011BY,000-BKB-410,2455728.39578,14.844,0.026,False,Johnson V,CCD,ATE,1.16,False
2179,SN 2011BY,000-BKB-410,2455728.39652,14.871,0.025,False,Johnson V,CCD,ATE,1.16,False
2180,SN 2011BY,000-BKB-410,2455728.39726,14.854,0.026,False,Johnson V,CCD,ATE,1.16,False
2181,SN 2011BY,000-BKB-410,2455728.39800,14.867,0.027,False,Johnson V,CCD,ATE,1.16,False
2182,SN 2011BY,000-BKB-410,2455728.39874,14.856,0.026,False,Johnson V,CCD,ATE,1.17,False
2183,SN 2011BY,000-BKB-410,2455728.39951,14.850,0.025,False,Johnson V,CCD,ATE,1.17,False
2184,SN 2011BY,000-BKB-410,2455728.40026,14.847,0.028,False,Johnson V,CCD,ATE,1.17,False
2185,SN 2011BY,000-BKB-410,2455728.40100,14.846,0.026,False,Johnson V,CCD,ATE,1.17,False
2186,SN 2011BY,000-BKB-410,2455728.40174,14.843,0.026,False,Johnson V,CCD,ATE,1.17,False
2187,SN 2011BY,000-BKB-410,2455728.40249,14.852,0.026,False,Johnson V,CCD,ATE,1.18,False
2188,SN 2011BY,000-BKB-410,2455728.67282,14.759,0.035,False,Johnson V,CCD,ROE,1.245,False
2189,SN 2011BY,000-BKB-410,2455728.67404,14.730,0.036,False,Johnson V,CCD,ROE,1.248,False
2190,SN 2011BY,000-BKB-410,2455728.67524,14.802,0.038,False,Johnson V,CCD,ROE,1.252,False
2191,SN 2011BY,000-BKB-410,2455728.68432,15.916,0.114,False,Johnson B,CCD,SXN,1.285,False
2192,SN 2011BY,000-BKB-410,2455728.68657,14.680,0.026,False,Johnson V,CCD,SXN,1.291,False
2193,SN 2011BY,000-BKB-410,2455728.68779,14.344,0.024,False,Cousins R,CCD,SXN,1.294,False
2194,SN 2011BY,000-BKB-410,2455728.68899,13.981,0.030,False,Cousins I,CCD,SXN,1.300,False
2195,SN 2011BY,000-BKB-410,2455729.37458,14.828,0.025,False,Johnson V,CCD,ATE,1.12,False
2196,SN 2011BY,000-BKB-410,2455729.37554,14.846,0.025,False,Johnson V,CCD,ATE,1.12,False
2197,SN 2011BY,000-BKB-410,2455729.37630,14.874,0.027,False,Johnson V,CCD,ATE,1.12,False
2198,SN 2011BY,000-BKB-410,2455729.37706,14.804,0.025,False,Johnson V,CCD,ATE,1.12,False
2199,SN 2011BY,000-BKB-410,2455729.37780,14.821,0.028,False,Johnson V,CCD,ATE,1.13,False
2200,SN 2011BY,000-BKB-410,2455729.37854,14.829,0.027,False,Johnson V,CCD,ATE,1.13,False
2201,SN 2011BY,000-BKB-410,2455729.37929,14.782,0.026,False,Johnson V,CCD,ATE,1.13,False
2202,SN 2011BY,000-BKB-410,2455729.38003,14.783,0.026,False,Johnson V,CCD,ATE,1.13,False
2203,SN 2011BY,000-BKB-410,2455729.38077,14.822,0.027,False,Johnson V,CCD,ATE,1.13,False
2204,SN 2011BY,000-BKB-410,2455729.38152,14.793,0.027,False,Johnson V,CCD,ATE,1.13,False
2205,SN 2011BY,000-BKB-410,2455729.38229,14.801,0.026,False,Johnson V,CCD,ATE,1.13,False
2206,SN 2011BY,000-BKB-410,2455729.38303,14.813,0.026,False,Johnson V,CCD,ATE,1.14,False
2207,SN 2011BY,000-BKB-410,2455729.38377,14.806,0.025,False,Johnson V,CCD,ATE,1.14,False
2208,SN 2011BY,000-BKB-410,2455729.38451,14.791,0.024,False,Johnson V,CCD,ATE,1.14,False
2209,SN 2011BY,000-BKB-410,2455729.38528,14.842,0.026,False,Johnson V,CCD,ATE,1.14,False
2210,SN 2011BY,000-BKB-410,2455729.38603,14.797,0.025,False,Johnson V,CCD,ATE,1.14,False
2211,SN 2011BY,000-BKB-410,2455729.38677,14.850,0.026,False,Johnson V,CCD,ATE,1.14,False
2212,SN 2011BY,000-BKB-410,2455729.38751,14.879,0.026,False,Johnson V,CCD,ATE,1.15,False
2213,SN 2011BY,000-BKB-410,2455729.38825,14.875,0.026,False,Johnson V,CCD,ATE,1.15,False
2214,SN 2011BY,000-BKB-410,2455729.38899,14.809,0.025,False,Johnson V,CCD,ATE,1.15,False
2215,SN 2011BY,000-BKB-410,2455729.38976,14.853,0.026,False,Johnson V,CCD,ATE,1.15,False
2216,SN 2011BY,000-BKB-410,2455729.39051,14.798,0.025,False,Johnson V,CCD,ATE,1.15,False
2217,SN 2011BY,000-BKB-410,2455729.39125,14.788,0.025,False,Johnson V,CCD,ATE,1.15,False
2218,SN 2011BY,000-BKB-410,2455729.39199,14.820,0.026,False,Johnson V,CCD,ATE,1.16,False
2219,SN 2011BY,000-BKB-410,2455729.39273,14.828,0.026,False,Johnson V,CCD,ATE,1.16,False
2220,SN 2011BY,000-BKB-410,2455729.39347,14.868,0.027,False,Johnson V,CCD,ATE,1.16,False
2221,SN 2011BY,000-BKB-410,2455729.39425,14.852,0.028,False,Johnson V,CCD,ATE,1.16,False
2222,SN 2011BY,000-BKB-410,2455729.39499,14.832,0.026,False,Johnson V,CCD,ATE,1.16,False
2223,SN 2011BY,000-BKB-410,2455729.39573,14.883,0.027,False,Johnson V,CCD,ATE,1.17,False
2224,SN 2011BY,000-BKB-410,2455729.39647,14.841,0.026,False,Johnson V,CCD,ATE,1.17,False
2225,SN 2011BY,000-BKB-410,2455729.39721,14.811,0.029,False,Johnson V,CCD,ATE,1.17,False
2226,SN 2011BY,000-BKB-410,2455729.39795,14.833,0.051,False,Johnson V,CCD,ATE,1.17,False
2227,SN 2011BY,000-BKB-410,2455729.39869,14.779,0.040,False,Johnson V,CCD,ATE,1.17,False
2228,SN 2011BY,000-BKB-410,2455729.39947,14.788,0.037,False,Johnson V,CCD,ATE,1.17,False
2229,SN 2011BY,000-BKB-410,2455729.46029,14.848,0.032,False,Johnson V,CCD,BDG,1.308,True
2230,SN 2011BY,000-BKB-410,2455729.46104,14.480,0.018,False,Cousins R,CCD,BDG,1.311,True
2231,SN 2011BY,000-BKB-410,2455730.37015,14.830,0.027,False,Johnson V,CCD,ATE,1.12,False
2232,SN 2011BY,000-BKB-410,2455730.37111,14.786,0.026,False,Johnson V,CCD,ATE,1.12,False
2233,SN 2011BY,000-BKB-410,2455730.37185,14.811,0.027,False,Johnson V,CCD,ATE,1.12,False
2234,SN 2011BY,000-BKB-410,2455730.37262,14.768,0.026,False,Johnson V,CCD,ATE,1.12,False
2235,SN 2011BY,000-BKB-410,2455730.37337,14.783,0.027,False,Johnson V,CCD,ATE,1.12,False
2236,SN 2011BY,000-BKB-410,2455730.37411,14.858,0.028,False,Johnson V,CCD,ATE,1.12,False
2237,SN 2011BY,000-BKB-410,2455730.37485,14.826,0.025,False,Johnson V,CCD,ATE,1.12,False
2238,SN 2011BY,000-BKB-410,2455730.37560,14.856,0.026,False,Johnson V,CCD,ATE,1.13,False
2239,SN 2011BY,000-BKB-410,2455730.37634,14.791,0.027,False,Johnson V,CCD,ATE,1.13,False
2240,SN 2011BY,000-BKB-410,2455730.37708,14.767,0.027,False,Johnson V,CCD,ATE,1.13,False
2241,SN 2011BY,000-BKB-410,2455730.37784,14.886,0.031,False,Johnson V,CCD,ATE,1.13,False
2242,SN 2011BY,000-BKB-410,2455730.37860,14.788,0.029,False,Johnson V,CCD,ATE,1.13,False
2243,SN 2011BY,000-BKB-410,2455730.37934,14.772,0.031,False,Johnson V,CCD,ATE,1.13,False
2244,SN 2011BY,000-BKB-410,2455730.38008,14.777,0.033,False,Johnson V,CCD,ATE,1.14,False
2245,SN 2011BY,000-BKB-410,2455730.38084,14.824,0.027,False,Johnson V,CCD,ATE,1.14,False
2246,SN 2011BY,000-BKB-410,2455730.38159,14.778,0.030,False,Johnson V,CCD,ATE,1.14,False
2247,SN 2011BY,000-BKB-410,2455730.38234,14.769,0.027,False,Johnson V,CCD,ATE,1.14,False
2248,SN 2011BY,000-BKB-410,2455730.38308,14.779,0.027,False,Johnson V,CCD,ATE,1.14,False
2249,SN 2011BY,000-BKB-410,2455730.38382,14.898,0.028,False,Johnson V,CCD,ATE,1.14,False
2250,SN 2011BY,000-BKB-410,2455730.38456,14.778,0.026,False,Johnson V,CCD,ATE,1.15,False
2251,SN 2011BY,000-BKB-410,2455730.38540,14.783,0.026,False,Johnson V,CCD,ATE,1.15,False
2252,SN 2011BY,000-BKB-410,2455730.38615,14.870,0.027,False,Johnson V,CCD,ATE,1.15,False
2253,SN 2011BY,000-BKB-410,2455730.38690,14.903,0.028,False,Johnson V,CCD,ATE,1.15,False
2254,SN 2011BY,000-BKB-410,2455730.38764,14.902,0.028,False,Johnson V,CCD,ATE,1.15,False
2255,SN 2011BY,000-BKB-410,2455730.38838,14.837,0.026,False,Johnson V,CCD,ATE,1.15,False
2256,SN 2011BY,000-BKB-410,2455730.38912,14.766,0.026,False,Johnson V,CCD,ATE,1.16,False
2257,SN 2011BY,000-BKB-410,2455730.38988,14.897,0.027,False,Johnson V,CCD,ATE,1.16,False
2258,SN 2011BY,000-BKB-410,2455730.39063,14.800,0.026,False,Johnson V,CCD,ATE,1.16,False
2259,SN 2011BY,000-BKB-410,2455730.39137,14.823,0.029,False,Johnson V,CCD,ATE,1.16,False
2260,SN 2011BY,000-BKB-410,2455730.39212,14.819,0.026,False,Johnson V,CCD,ATE,1.16,False
2261,SN 2011BY,000-BKB-410,2455730.39285,14.803,0.026,False,Johnson V,CCD,ATE,1.17,False
2262,SN 2011BY,000-BKB-410,2455730.39359,14.905,0.027,False,Johnson V,CCD,ATE,1.17,False
2263,SN 2011BY,000-BKB-410,2455730.39433,14.890,0.028,False,Johnson V,CCD,ATE,1.17,False
2264,SN 2011BY,000-BKB-410,2455730.39510,14.881,0.027,False,Johnson V,CCD,ATE,1.17,False
2265,SN 2011BY,000-BKB-410,2455730.39584,14.815,0.026,False,Johnson V,CCD,ATE,1.17,False
2266,SN 2011BY,000-BKB-410,2455730.39658,14.814,0.026,False,Johnson V,CCD,ATE,1.17,False
2267,SN 2011BY,000-BKB-410,2455730.39733,14.858,0.029,False,Johnson V,CCD,ATE,1.18,False
2268,SN 2011BY,000-BKB-410,2455730.39810,14.905,0.028,False,Johnson V,CCD,ATE,1.18,False
2269,SN 2011BY,000-BKB-410,2455730.39884,14.881,0.028,False,Johnson V,CCD,ATE,1.18,False
2270,SN 2011BY,000-BKB-410,2455730.39958,14.903,0.028,False,Johnson V,CCD,ATE,1.18,False
2271,SN 2011BY,000-BKB-410,2455730.40035,14.908,0.028,False,Johnson V,CCD,ATE,1.18,False
2272,SN 2011BY,000-BKB-410,2455730.40110,14.859,0.027,False,Johnson V,CCD,ATE,1.19,False
2273,SN 2011BY,000-BKB-410,2455730.43542,14.657,0.066,False,Johnson V,CCD,RMU,1.323,False
2274,SN 2011BY,000-BKB-410,2455730.44241,14.497,0.089,False,Cousins R,CCD,RMU,1.357,False
2275,SN 2011BY,000-BKB-410,2455730.45456,14.029,0.085,False,Cousins I,CCD,RMU,1.413,False
2276,SN 2011BY,000-BKB-410,2455730.67940,15.988,0.078,False,Johnson B,CCD,SXN,1.287,False
2277,SN 2011BY,000-BKB-410,2455730.68169,14.767,0.025,False,Johnson V,CCD,SXN,1.293,False
2278,SN 2011BY,000-BKB-410,2455730.68291,14.382,0.025,False,Cousins R,CCD,SXN,1.296,False
2279,SN 2011BY,000-BKB-410,2455730.68413,14.040,0.029,False,Cousins I,CCD,SXN,1.302,False
2280,SN 2011BY,000-BKB-410,2455731.37370,14.824,0.024,False,Johnson V,CCD,ATE,1.13,False
2281,SN 2011BY,000-BKB-410,2455731.37465,14.842,0.024,False,Johnson V,CCD,ATE,1.13,False
2282,SN 2011BY,000-BKB-410,2455731.37544,14.792,0.023,False,Johnson V,CCD,ATE,1.13,False
2283,SN 2011BY,000-BKB-410,2455731.37620,14.907,0.027,False,Johnson V,CCD,ATE,1.13,False
2284,SN 2011BY,000-BKB-410,2455731.37694,14.811,0.025,False,Johnson V,CCD,ATE,1.13,False
2285,SN 2011BY,000-BKB-410,2455731.37768,14.828,0.025,False,Johnson V,CCD,ATE,1.14,False
2286,SN 2011BY,000-BKB-410,2455731.37843,14.815,0.025,False,Johnson V,CCD,ATE,1.14,False
2287,SN 2011BY,000-BKB-410,2455731.37918,14.891,0.026,False,Johnson V,CCD,ATE,1.14,False
2288,SN 2011BY,000-BKB-410,2455731.37992,14.856,0.025,False,Johnson V,CCD,ATE,1.14,False
2289,SN 2011BY,000-BKB-410,2455731.38066,14.834,0.026,False,Johnson V,CCD,ATE,1.14,False
2290,SN 2011BY,000-BKB-410,2455731.38142,14.888,0.026,False,Johnson V,CCD,ATE,1.14,False
2291,SN 2011BY,000-BKB-410,2455731.38217,14.812,0.025,False,Johnson V,CCD,ATE,1.15,False
2292,SN 2011BY,000-BKB-410,2455731.38291,14.874,0.026,False,Johnson V,CCD,ATE,1.15,False
2293,SN 2011BY,000-BKB-410,2455731.38365,14.811,0.024,False,Johnson V,CCD,ATE,1.15,False
2294,SN 2011BY,000-BKB-410,2455731.38442,14.875,0.027,False,Johnson V,CCD,ATE,1.15,False
2295,SN 2011BY,000-BKB-410,2455731.38517,14.847,0.025,False,Johnson V,CCD,ATE,1.15,False
2296,SN 2011BY,000-BKB-410,2455731.38591,14.786,0.025,False,Johnson V,CCD,ATE,1.15,False
2297,SN 2011BY,000-BKB-410,2455731.38665,14.864,0.026,False,Johnson V,CCD,ATE,1.16,False
2298,SN 2011BY,000-BKB-410,2455731.38739,14.828,0.025,False,Johnson V,CCD,ATE,1.16,False
2299,SN 2011BY,000-BKB-410,2455731.38813,14.867,0.027,False,Johnson V,CCD,ATE,1.16,False
2300,SN 2011BY,000-BKB-410,2455731.38891,14.791,0.025,False,Johnson V,CCD,ATE,1.16,False
2301,SN 2011BY,000-BKB-410,2455731.38965,14.881,0.026,False,Johnson V,CCD,ATE,1.16,False
2302,SN 2011BY,000-BKB-410,2455731.39039,14.797,0.025,False,Johnson V,CCD,ATE,1.17,False
2303,SN 2011BY,000-BKB-410,2455731.39113,14.838,0.027,False,Johnson V,CCD,ATE,1.17,False
2304,SN 2011BY,000-BKB-410,2455731.39187,14.879,0.026,False,Johnson V,CCD,ATE,1.17,False
2305,SN 2011BY,000-BKB-410,2455731.39261,14.877,0.026,False,Johnson V,CCD,ATE,1.17,False
2306,SN 2011BY,000-BKB-410,2455731.39339,14.899,0.026,False,Johnson V,CCD,ATE,1.17,False
2307,SN 2011BY,000-BKB-410,2455731.39413,14.842,0.026,False,Johnson V,CCD,ATE,1.18,False
2308,SN 2011BY,000-BKB-410,2455731.39487,14.816,0.025,False,Johnson V,CCD,ATE,1.18,False
2309,SN 2011BY,000-BKB-410,2455731.39561,14.894,0.026,False,Johnson V,CCD,ATE,1.18,False
2310,SN 2011BY,000-BKB-410,2455731.39635,14.832,0.026,False,Johnson V,CCD,ATE,1.18,False
2311,SN 2011BY,000-BKB-410,2455731.39709,14.878,0.026,False,Johnson V,CCD,ATE,1.18,False
2312,SN 2011BY,000-BKB-410,2455731.39783,14.861,0.026,False,Johnson V,CCD,ATE,1.18,False
2313,SN 2011BY,000-BKB-410,2455731.39861,14.865,0.026,False,Johnson V,CCD,ATE,1.19,False
2314,SN 2011BY,000-BKB-410,2455731.39935,14.850,0.028,False,Johnson V,CCD,ATE,1.19,False
2315,SN 2011BY,000-BKB-410,2455731.40009,14.883,0.027,False,Johnson V,CCD,ATE,1.19,False
2316,SN 2011BY,000-BKB-410,2455731.46834,14.814,0.048,False,Johnson V,CCD,RMU,1.472,False
2317,SN 2011BY,000-BKB-410,2455731.47487,16.192,0.089,False,Johnson B,CCD,RMU,1.511,False
2318,SN 2011BY,000-BKB-410,2455731.48128,14.395,0.053,False,Cousins R,CCD,RMU,1.551,False
2319,SN 2011BY,000-BKB-410,2455731.48765,14.366,0.079,False,Cousins I,CCD,RMU,1.594,False
2320,SN 2011BY,000-BKB-410,2455731.62083,13.6,,False,Visual,Visual,CKB,,
2321,SN 2011BY,000-BKB-410,2455731.71000,16.095,0.117,False,Johnson B,CCD,NMR,,False
2322,SN 2011BY,000-BKB-410,2455731.71059,14.221,0.047,False,Cousins I,CCD,NMR,,False
2323,SN 2011BY,000-BKB-410,2455731.71128,14.493,0.023,False,Cousins R,CCD,NMR,,False
2324,SN 2011BY,000-BKB-410,2455731.71198,14.896,0.024,False,Johnson V,CCD,NMR,,False
2325,SN 2011BY,000-BKB-410,2455732.37191,15.026,0.030,False,Johnson V,CCD,ATE,1.13,False
2326,SN 2011BY,000-BKB-410,2455732.37286,14.998,0.026,False,Johnson V,CCD,ATE,1.13,False
2327,SN 2011BY,000-BKB-410,2455732.37363,15.048,0.028,False,Johnson V,CCD,ATE,1.13,False
2328,SN 2011BY,000-BKB-410,2455732.37441,14.925,0.026,False,Johnson V,CCD,ATE,1.14,False
2329,SN 2011BY,000-BKB-410,2455732.37515,14.987,0.027,False,Johnson V,CCD,ATE,1.14,False
2330,SN 2011BY,000-BKB-410,2455732.37589,15.020,0.029,False,Johnson V,CCD,ATE,1.14,False
2331,SN 2011BY,000-BKB-410,2455732.37663,15.040,0.028,False,Johnson V,CCD,ATE,1.14,False
2332,SN 2011BY,000-BKB-410,2455732.37737,15.009,0.030,False,Johnson V,CCD,ATE,1.14,False
2333,SN 2011BY,000-BKB-410,2455732.37811,14.967,0.026,False,Johnson V,CCD,ATE,1.14,False
2334,SN 2011BY,000-BKB-410,2455732.37885,14.986,0.027,False,Johnson V,CCD,ATE,1.14,False
2335,SN 2011BY,000-BKB-410,2455732.37963,14.982,0.027,False,Johnson V,CCD,ATE,1.15,False
2336,SN 2011BY,000-BKB-410,2455732.38037,14.994,0.027,False,Johnson V,CCD,ATE,1.15,False
2337,SN 2011BY,000-BKB-410,2455732.38111,15.001,0.027,False,Johnson V,CCD,ATE,1.15,False
2338,SN 2011BY,000-BKB-410,2455732.38185,14.963,0.027,False,Johnson V,CCD,ATE,1.15,False
2339,SN 2011BY,000-BKB-410,2455732.38262,15.010,0.028,False,Johnson V,CCD,ATE,1.15,False
2340,SN 2011BY,000-BKB-410,2455732.38337,15.032,0.028,False,Johnson V,CCD,ATE,1.16,False
2341,SN 2011BY,000-BKB-410,2455732.38411,15.018,0.030,False,Johnson V,CCD,ATE,1.16,False
2342,SN 2011BY,000-BKB-410,2455732.38485,14.920,0.026,False,Johnson V,CCD,ATE,1.16,False
2343,SN 2011BY,000-BKB-410,2455732.38559,15.022,0.028,False,Johnson V,CCD,ATE,1.16,False
2344,SN 2011BY,000-BKB-410,2455732.38634,15.017,0.027,False,Johnson V,CCD,ATE,1.16,False
2345,SN 2011BY,000-BKB-410,2455732.38710,14.988,0.027,False,Johnson V,CCD,ATE,1.16,False
2346,SN 2011BY,000-BKB-410,2455732.38784,14.939,0.026,False,Johnson V,CCD,ATE,1.17,False
2347,SN 2011BY,000-BKB-410,2455732.38859,14.944,0.026,False,Johnson V,CCD,ATE,1.17,False
2348,SN 2011BY,000-BKB-410,2455732.38933,15.012,0.028,False,Johnson V,CCD,ATE,1.17,False
2349,SN 2011BY,000-BKB-410,2455732.39008,15.010,0.028,False,Johnson V,CCD,ATE,1.17,False
2350,SN 2011BY,000-BKB-410,2455732.39082,15.010,0.027,False,Johnson V,CCD,ATE,1.17,False
2351,SN 2011BY,000-BKB-410,2455732.39158,15.007,0.028,False,Johnson V,CCD,ATE,1.18,False
2352,SN 2011BY,000-BKB-410,2455732.39234,15.025,0.028,False,Johnson V,CCD,ATE,1.18,False
2353,SN 2011BY,000-BKB-410,2455732.39308,15.005,0.029,False,Johnson V,CCD,ATE,1.18,False
2354,SN 2011BY,000-BKB-410,2455732.39382,14.956,0.027,False,Johnson V,CCD,ATE,1.18,False
2355,SN 2011BY,000-BKB-410,2455732.39456,15.014,0.028,False,Johnson V,CCD,ATE,1.18,False
2356,SN 2011BY,000-BKB-410,2455732.45426,14.700,0.053,False,Johnson V,CCD,RMU,1.412,False
2357,SN 2011BY,000-BKB-410,2455732.46094,15.998,0.073,False,Johnson B,CCD,RMU,1.448,False
2358,SN 2011BY,000-BKB-410,2455732.46792,14.267,0.047,False,Cousins R,CCD,RMU,1.485,False
2359,SN 2011BY,000-BKB-410,2455732.47442,14.181,0.069,False,Cousins I,CCD,RMU,1.528,False
2360,SN 2011BY,000-BKB-410,2455733.37328,15.028,0.034,False,Johnson V,CCD,ATE,1.14,False
2361,SN 2011BY,000-BKB-410,2455733.37426,15.097,0.033,False,Johnson V,CCD,ATE,1.14,False
2362,SN 2011BY,000-BKB-410,2455733.37503,15.112,0.031,False,Johnson V,CCD,ATE,1.14,False
2363,SN 2011BY,000-BKB-410,2455733.37581,15.107,0.032,False,Johnson V,CCD,ATE,1.14,False
2364,SN 2011BY,000-BKB-410,2455733.37655,15.105,0.031,False,Johnson V,CCD,ATE,1.15,False
2365,SN 2011BY,000-BKB-410,2455733.37729,15.055,0.030,False,Johnson V,CCD,ATE,1.15,False
2366,SN 2011BY,000-BKB-410,2455733.37803,14.986,0.028,False,Johnson V,CCD,ATE,1.15,False
2367,SN 2011BY,000-BKB-410,2455733.37877,14.988,0.027,False,Johnson V,CCD,ATE,1.15,False
2368,SN 2011BY,000-BKB-410,2455733.37951,15.038,0.029,False,Johnson V,CCD,ATE,1.15,False
2369,SN 2011BY,000-BKB-410,2455733.38025,14.995,0.029,False,Johnson V,CCD,ATE,1.15,False
2370,SN 2011BY,000-BKB-410,2455733.38103,15.008,0.029,False,Johnson V,CCD,ATE,1.16,False
2371,SN 2011BY,000-BKB-410,2455733.38177,15.084,0.030,False,Johnson V,CCD,ATE,1.16,False
2372,SN 2011BY,000-BKB-410,2455733.38251,14.986,0.029,False,Johnson V,CCD,ATE,1.16,False
2373,SN 2011BY,000-BKB-410,2455733.38325,15.100,0.031,False,Johnson V,CCD,ATE,1.16,False
2374,SN 2011BY,000-BKB-410,2455733.38402,14.973,0.029,False,Johnson V,CCD,ATE,1.16,False
2375,SN 2011BY,000-BKB-410,2455733.38476,15.110,0.032,False,Johnson V,CCD,ATE,1.17,False
2376,SN 2011BY,000-BKB-410,2455733.38551,15.106,0.031,False,Johnson V,CCD,ATE,1.17,False
2377,SN 2011BY,000-BKB-410,2455733.38625,15.019,0.029,False,Johnson V,CCD,ATE,1.17,False
2378,SN 2011BY,000-BKB-410,2455733.38699,15.044,0.029,False,Johnson V,CCD,ATE,1.17,False
2379,SN 2011BY,000-BKB-410,2455733.38773,14.975,0.028,False,Johnson V,CCD,ATE,1.17,False
2380,SN 2011BY,000-BKB-410,2455733.38850,15.064,0.033,False,Johnson V,CCD,ATE,1.17,False
2381,SN 2011BY,000-BKB-410,2455733.38924,14.970,0.028,False,Johnson V,CCD,ATE,1.18,False
2382,SN 2011BY,000-BKB-410,2455733.39002,14.983,0.027,False,Johnson V,CCD,ATE,1.18,False
2383,SN 2011BY,000-BKB-410,2455733.39076,14.975,0.028,False,Johnson V,CCD,ATE,1.18,False
2384,SN 2011BY,000-BKB-410,2455733.39150,14.999,0.028,False,Johnson V,CCD,ATE,1.18,False
2385,SN 2011BY,000-BKB-410,2455733.39224,14.987,0.029,False,Johnson V,CCD,ATE,1.18,False
2386,SN 2011BY,000-BKB-410,2455733.39298,15.111,0.031,False,Johnson V,CCD,ATE,1.19,False
2387,SN 2011BY,000-BKB-410,2455733.39376,15.075,0.030,False,Johnson V,CCD,ATE,1.19,False
2388,SN 2011BY,000-BKB-410,2455733.39450,15.011,0.029,False,Johnson V,CCD,ATE,1.19,False
2389,SN 2011BY,000-BKB-410,2455733.39524,14.990,0.029,False,Johnson V,CCD,ATE,1.19,False
2390,SN 2011BY,000-BKB-410,2455733.39598,14.993,0.028,False,Johnson V,CCD,ATE,1.19,False
2391,SN 2011BY,000-BKB-410,2455733.39672,15.108,0.032,False,Johnson V,CCD,ATE,1.20,False
2392,SN 2011by,000-BKB-410,2455733.39702,14.626,0.017,False,Cousins R,CCD,NRNA,1.268,False
2393,SN 2011BY,000-BKB-410,2455733.39747,15.079,0.029,False,Johnson V,CCD,ATE,1.20,False
2394,SN 2011by,000-BKB-410,2455733.40616,14.941,0.019,False,Johnson V,CCD,NRNA,1.301,False
2395,SN 2011BY,000-BKB-410,2455733.43374,14.918,0.054,False,Johnson V,CCD,RMU,1.331,False
2396,SN 2011BY,000-BKB-410,2455733.44027,16.315,0.116,False,Johnson B,CCD,RMU,1.361,False
2397,SN 2011BY,000-BKB-410,2455733.44668,14.635,0.056,False,Cousins R,CCD,RMU,1.391,False
2398,SN 2011BY,000-BKB-410,2455733.45309,14.381,0.082,False,Cousins I,CCD,RMU,1.424,False
2399,SN 2011BY,000-BKB-410,2455733.65347,12.1,,True,Visual,Visual,ASA,,
2400,SN 2011BY,000-BKB-410,2455733.69802,16.032,0.057,False,Johnson B,CCD,SXN,1.401,False
2401,SN 2011BY,000-BKB-410,2455733.70029,14.771,0.025,False,Johnson V,CCD,SXN,1.408,False
2402,SN 2011BY,000-BKB-410,2455733.70150,14.410,0.023,False,Cousins R,CCD,SXN,1.413,False
2403,SN 2011BY,000-BKB-410,2455733.70271,14.063,0.029,False,Cousins I,CCD,SXN,1.421,False
2404,SN 2011BY,000-BKB-410,2455733.74366,15.003,0.072,False,Johnson V,CCD,ROE,1.848,False
2405,SN 2011BY,000-BKB-410,2455733.74514,14.961,0.075,False,Johnson V,CCD,ROE,1.862,False
2406,SN 2011BY,000-BKB-410,2455734.39197,15.084,0.029,False,Johnson V,CCD,ATE,1.19,False
2407,SN 2011BY,000-BKB-410,2455734.39283,15.101,0.030,False,Johnson V,CCD,ATE,1.19,False
2408,SN 2011BY,000-BKB-410,2455734.39357,15.055,0.029,False,Johnson V,CCD,ATE,1.20,False
2409,SN 2011BY,000-BKB-410,2455734.39431,15.041,0.029,False,Johnson V,CCD,ATE,1.20,False
2410,SN 2011BY,000-BKB-410,2455734.39509,15.102,0.030,False,Johnson V,CCD,ATE,1.20,False
2411,SN 2011BY,000-BKB-410,2455734.39583,15.032,0.029,False,Johnson V,CCD,ATE,1.20,False
2412,SN 2011BY,000-BKB-410,2455734.39657,14.989,0.028,False,Johnson V,CCD,ATE,1.20,False
2413,SN 2011BY,000-BKB-410,2455734.39735,15.026,0.029,False,Johnson V,CCD,ATE,1.21,False
2414,SN 2011BY,000-BKB-410,2455734.39809,15.012,0.030,False,Johnson V,CCD,ATE,1.21,False
2415,SN 2011BY,000-BKB-410,2455734.39883,14.995,0.028,False,Johnson V,CCD,ATE,1.21,False
2416,SN 2011BY,000-BKB-410,2455734.39957,15.035,0.029,False,Johnson V,CCD,ATE,1.21,False
2417,SN 2011BY,000-BKB-410,2455734.40031,14.980,0.028,False,Johnson V,CCD,ATE,1.22,False
2418,SN 2011BY,000-BKB-410,2455734.40105,15.025,0.029,False,Johnson V,CCD,ATE,1.22,False
2419,SN 2011BY,000-BKB-410,2455734.40182,14.997,0.028,False,Johnson V,CCD,ATE,1.22,False
2420,SN 2011BY,000-BKB-410,2455734.40258,15.025,0.028,False,Johnson V,CCD,ATE,1.22,False
2421,SN 2011BY,000-BKB-410,2455734.40334,14.988,0.028,False,Johnson V,CCD,ATE,1.22,False
2422,SN 2011BY,000-BKB-410,2455734.40408,15.056,0.029,False,Johnson V,CCD,ATE,1.23,False
2423,SN 2011BY,000-BKB-410,2455734.40482,14.992,0.028,False,Johnson V,CCD,ATE,1.23,False
2424,SN 2011BY,000-BKB-410,2455734.40556,15.093,0.030,False,Johnson V,CCD,ATE,1.23,False
2425,SN 2011BY,000-BKB-410,2455734.40630,15.041,0.028,False,Johnson V,CCD,ATE,1.23,False
2426,SN 2011BY,000-BKB-410,2455734.42523,15.048,0.050,False,Johnson V,CCD,BDG,1.238,True
2427,SN 2011BY,000-BKB-410,2455734.42598,14.692,0.049,False,Cousins R,CCD,BDG,1.240,True
2428,SN 2011BY,000-BKB-410,2455734.42657,15.015,0.057,False,Johnson V,CCD,RMU,1.313,False
2429,SN 2011BY,000-BKB-410,2455734.43311,16.031,0.089,False,Johnson B,CCD,RMU,1.341,False
2430,SN 2011BY,000-BKB-410,2455734.43955,14.440,0.052,False,Cousins R,CCD,RMU,1.371,False
2431,SN 2011BY,000-BKB-410,2455734.44597,14.453,0.076,False,Cousins I,CCD,RMU,1.402,False
2432,SN 2011BY,000-BKB-410,2455734.70990,16.245,0.076,False,Johnson B,CCD,NMR,,False
2433,SN 2011BY,000-BKB-410,2455734.71059,14.385,0.028,False,Cousins I,CCD,NMR,,False
2434,SN 2011BY,000-BKB-410,2455734.71128,14.698,0.019,False,Cousins R,CCD,NMR,,False
2435,SN 2011BY,000-BKB-410,2455734.71198,14.995,0.019,False,Johnson V,CCD,NMR,,False
2436,SN 2011BY,000-BKB-410,2455735.40282,15.130,0.033,False,Johnson V,CCD,ATE,1.23,False
2437,SN 2011BY,000-BKB-410,2455735.40370,15.089,0.033,False,Johnson V,CCD,ATE,1.23,False
2438,SN 2011BY,000-BKB-410,2455735.40444,15.035,0.032,False,Johnson V,CCD,ATE,1.24,False
2439,SN 2011BY,000-BKB-410,2455735.40518,15.149,0.033,False,Johnson V,CCD,ATE,1.24,False
2440,SN 2011BY,000-BKB-410,2455735.40596,15.019,0.029,False,Johnson V,CCD,ATE,1.24,False
2441,SN 2011BY,000-BKB-410,2455735.40670,15.066,0.030,False,Johnson V,CCD,ATE,1.24,False
2442,SN 2011BY,000-BKB-410,2455735.40744,15.084,0.030,False,Johnson V,CCD,ATE,1.25,False
2443,SN 2011BY,000-BKB-410,2455735.40818,15.134,0.031,False,Johnson V,CCD,ATE,1.25,False
2444,SN 2011BY,000-BKB-410,2455735.40893,15.117,0.031,False,Johnson V,CCD,ATE,1.25,False
2445,SN 2011BY,000-BKB-410,2455735.40967,15.068,0.030,False,Johnson V,CCD,ATE,1.25,False
2446,SN 2011BY,000-BKB-410,2455735.41044,15.044,0.030,False,Johnson V,CCD,ATE,1.26,False
2447,SN 2011BY,000-BKB-410,2455735.41118,15.102,0.032,False,Johnson V,CCD,ATE,1.26,False
2448,SN 2011BY,000-BKB-410,2455735.41192,15.139,0.032,False,Johnson V,CCD,ATE,1.26,False
2449,SN 2011BY,000-BKB-410,2455735.41266,15.034,0.033,False,Johnson V,CCD,ATE,1.26,False
2450,SN 2011BY,000-BKB-410,2455735.41341,15.052,0.029,False,Johnson V,CCD,ATE,1.27,False
2451,SN 2011BY,000-BKB-410,2455735.41415,15.077,0.030,False,Johnson V,CCD,ATE,1.27,False
2452,SN 2011BY,000-BKB-410,2455735.41489,15.057,0.033,False,Johnson V,CCD,ATE,1.27,False
2453,SN 2011BY,000-BKB-410,2455735.41566,15.018,0.032,False,Johnson V,CCD,ATE,1.27,False
2454,SN 2011BY,000-BKB-410,2455735.41640,15.024,0.028,False,Johnson V,CCD,ATE,1.28,False
2455,SN 2011BY,000-BKB-410,2455735.41715,15.104,0.030,False,Johnson V,CCD,ATE,1.28,False
2456,SN 2011BY,000-BKB-410,2455735.41789,15.118,0.031,False,Johnson V,CCD,ATE,1.28,False
2457,SN 2011BY,000-BKB-410,2455735.41865,15.142,0.033,False,Johnson V,CCD,ATE,1.29,False
2458,SN 2011BY,000-BKB-410,2455735.41939,15.142,0.032,False,Johnson V,CCD,ATE,1.29,False
2459,SN 2011BY,000-BKB-410,2455735.42015,15.074,0.031,False,Johnson V,CCD,ATE,1.29,False
2460,SN 2011BY,000-BKB-410,2455735.42089,15.037,0.030,False,Johnson V,CCD,ATE,1.29,False
2461,SN 2011BY,000-BKB-410,2455735.42162,15.010,0.031,False,Johnson V,CCD,ATE,1.30,False
2462,SN 2011BY,000-BKB-410,2455735.42351,14.925,0.060,False,Johnson V,CCD,RMU,1.312,False
2463,SN 2011BY,000-BKB-410,2455735.43009,16.439,0.086,False,Johnson B,CCD,RMU,1.340,False
2464,SN 2011BY,000-BKB-410,2455735.43653,14.644,0.058,False,Cousins R,CCD,RMU,1.369,False
2465,SN 2011BY,000-BKB-410,2455735.44293,14.847,0.080,False,Cousins I,CCD,RMU,1.401,False
2466,SN 2011BY,000-BKB-410,2455735.69722,16.046,0.114,False,Johnson B,CCD,SXN,1.424,False
2467,SN 2011BY,000-BKB-410,2455735.69950,14.875,0.022,False,Johnson V,CCD,SXN,1.432,False
2468,SN 2011BY,000-BKB-410,2455735.70071,14.508,0.027,False,Cousins R,CCD,SXN,1.437,False
2469,SN 2011BY,000-BKB-410,2455735.70193,14.208,0.031,False,Cousins I,CCD,SXN,1.445,False
2470,SN 2011BY,000-BKB-410,2455736.38483,14.970,0.028,False,Johnson V,CCD,ATE,1.19,False
2471,SN 2011BY,000-BKB-410,2455736.38566,15.005,0.029,False,Johnson V,CCD,ATE,1.19,False
2472,SN 2011BY,000-BKB-410,2455736.38642,15.048,0.031,False,Johnson V,CCD,ATE,1.19,False
2473,SN 2011BY,000-BKB-410,2455736.38716,15.080,0.030,False,Johnson V,CCD,ATE,1.19,False
2474,SN 2011BY,000-BKB-410,2455736.38790,14.980,0.027,False,Johnson V,CCD,ATE,1.20,False
2475,SN 2011BY,000-BKB-410,2455736.38868,14.985,0.028,False,Johnson V,CCD,ATE,1.20,False
2476,SN 2011BY,000-BKB-410,2455736.38942,15.026,0.029,False,Johnson V,CCD,ATE,1.20,False
2477,SN 2011BY,000-BKB-410,2455736.39016,15.003,0.029,False,Johnson V,CCD,ATE,1.20,False
2478,SN 2011BY,000-BKB-410,2455736.39090,14.996,0.027,False,Johnson V,CCD,ATE,1.20,False
2479,SN 2011BY,000-BKB-410,2455736.39164,15.009,0.029,False,Johnson V,CCD,ATE,1.21,False
2480,SN 2011BY,000-BKB-410,2455736.39238,15.079,0.032,False,Johnson V,CCD,ATE,1.21,False
2481,SN 2011BY,000-BKB-410,2455736.39316,15.089,0.030,False,Johnson V,CCD,ATE,1.21,False
2482,SN 2011BY,000-BKB-410,2455736.39390,14.982,0.028,False,Johnson V,CCD,ATE,1.21,False
2483,SN 2011BY,000-BKB-410,2455736.39464,15.054,0.030,False,Johnson V,CCD,ATE,1.21,False
2484,SN 2011BY,000-BKB-410,2455736.39538,14.997,0.029,False,Johnson V,CCD,ATE,1.22,False
2485,SN 2011BY,000-BKB-410,2455736.39613,15.028,0.029,False,Johnson V,CCD,ATE,1.22,False
2486,SN 2011BY,000-BKB-410,2455736.39687,14.982,0.029,False,Johnson V,CCD,ATE,1.22,False
2487,SN 2011BY,000-BKB-410,2455736.39761,14.984,0.028,False,Johnson V,CCD,ATE,1.22,False
2488,SN 2011BY,000-BKB-410,2455736.39838,14.981,0.029,False,Johnson V,CCD,ATE,1.23,False
2489,SN 2011BY,000-BKB-410,2455736.39913,14.996,0.028,False,Johnson V,CCD,ATE,1.23,False
2490,SN 2011BY,000-BKB-410,2455736.39987,15.087,0.030,False,Johnson V,CCD,ATE,1.23,False
2491,SN 2011BY,000-BKB-410,2455736.40061,15.022,0.031,False,Johnson V,CCD,ATE,1.23,False
2492,SN 2011BY,000-BKB-410,2455736.40137,14.989,0.028,False,Johnson V,CCD,ATE,1.24,False
2493,SN 2011BY,000-BKB-410,2455736.40211,15.035,0.029,False,Johnson V,CCD,ATE,1.24,False
2494,SN 2011BY,000-BKB-410,2455736.40285,15.046,0.030,False,Johnson V,CCD,ATE,1.24,False
2495,SN 2011BY,000-BKB-410,2455736.40361,14.982,0.028,False,Johnson V,CCD,ATE,1.24,False
2496,SN 2011BY,000-BKB-410,2455736.40435,15.097,0.030,False,Johnson V,CCD,ATE,1.25,False
2497,SN 2011BY,000-BKB-410,2455736.40509,15.062,0.030,False,Johnson V,CCD,ATE,1.25,False
2498,SN 2011BY,000-BKB-410,2455736.40585,14.988,0.028,False,Johnson V,CCD,ATE,1.25,False
2499,SN 2011BY,000-BKB-410,2455736.40660,15.049,0.030,False,Johnson V,CCD,ATE,1.25,False
2500,SN 2011BY,000-BKB-410,2455736.40735,15.021,0.029,False,Johnson V,CCD,ATE,1.26,False
2501,SN 2011BY,000-BKB-410,2455736.40809,14.972,0.029,False,Johnson V,CCD,ATE,1.26,False
2502,SN 2011BY,000-BKB-410,2455736.42369,15.018,0.102,False,Johnson V,CCD,RMU,1.312,False
2503,SN 2011BY,000-BKB-410,2455736.44522,14.779,0.084,False,Cousins R,CCD,RMU,1.430,False
2504,SN 2011BY,000-BKB-410,2455736.45115,14.277,0.084,False,Cousins I,CCD,RMU,1.463,False
2505,SN 2011BY,000-BKB-410,2455736.72510,15.015,0.080,False,Johnson V,CCD,ROE,1.755,False
2506,SN 2011BY,000-BKB-410,2455736.72584,14.846,0.069,False,Johnson V,CCD,ROE,1.761,False
2507,SN 2011BY,000-BKB-410,2455736.72659,15.056,0.076,False,Johnson V,CCD,ROE,1.768,False
2508,SN 2011BY,000-BKB-410,2455736.72734,14.823,0.066,False,Johnson V,CCD,ROE,1.774,False
2509,SN 2011BY,000-BKB-410,2455736.72809,14.955,0.074,False,Johnson V,CCD,ROE,1.781,False
2510,SN 2011BY,000-BKB-410,2455736.72883,14.899,0.071,False,Johnson V,CCD,ROE,1.787,False
2511,SN 2011BY,000-BKB-410,2455737.38636,14.999,0.028,False,Johnson V,CCD,ATE,1.20,False
2512,SN 2011BY,000-BKB-410,2455737.38725,15.006,0.028,False,Johnson V,CCD,ATE,1.20,False
2513,SN 2011BY,000-BKB-410,2455737.38799,15.119,0.030,False,Johnson V,CCD,ATE,1.20,False
2514,SN 2011BY,000-BKB-410,2455737.38875,15.053,0.029,False,Johnson V,CCD,ATE,1.21,False
2515,SN 2011BY,000-BKB-410,2455737.38949,15.103,0.030,False,Johnson V,CCD,ATE,1.21,False
2516,SN 2011BY,000-BKB-410,2455737.39025,15.115,0.030,False,Johnson V,CCD,ATE,1.21,False
2517,SN 2011BY,000-BKB-410,2455737.39099,15.029,0.029,False,Johnson V,CCD,ATE,1.21,False
2518,SN 2011BY,000-BKB-410,2455737.39173,14.998,0.028,False,Johnson V,CCD,ATE,1.21,False
2519,SN 2011BY,000-BKB-410,2455737.39251,15.117,0.030,False,Johnson V,CCD,ATE,1.22,False
2520,SN 2011BY,000-BKB-410,2455737.39325,14.997,0.028,False,Johnson V,CCD,ATE,1.22,False
2521,SN 2011BY,000-BKB-410,2455737.39399,15.003,0.028,False,Johnson V,CCD,ATE,1.22,False
2522,SN 2011BY,000-BKB-410,2455737.39473,15.118,0.030,False,Johnson V,CCD,ATE,1.22,False
2523,SN 2011BY,000-BKB-410,2455737.39547,15.056,0.029,False,Johnson V,CCD,ATE,1.23,False
2524,SN 2011BY,000-BKB-410,2455737.39621,15.009,0.028,False,Johnson V,CCD,ATE,1.23,False
2525,SN 2011BY,000-BKB-410,2455737.39699,15.057,0.032,False,Johnson V,CCD,ATE,1.23,False
2526,SN 2011BY,000-BKB-410,2455737.39773,15.093,0.030,False,Johnson V,CCD,ATE,1.23,False
2527,SN 2011BY,000-BKB-410,2455737.39847,15.036,0.029,False,Johnson V,CCD,ATE,1.23,False
2528,SN 2011BY,000-BKB-410,2455737.39921,15.026,0.029,False,Johnson V,CCD,ATE,1.24,False
2529,SN 2011BY,000-BKB-410,2455737.39996,14.998,0.028,False,Johnson V,CCD,ATE,1.24,False
2530,SN 2011BY,000-BKB-410,2455737.40070,15.019,0.029,False,Johnson V,CCD,ATE,1.24,False
2531,SN 2011BY,000-BKB-410,2455737.41829,15.214,0.062,False,Johnson V,CCD,RMU,1.313,False
2532,SN 2011BY,000-BKB-410,2455737.42486,16.430,0.099,False,Johnson B,CCD,RMU,1.341,False
2533,SN 2011BY,000-BKB-410,2455737.43131,14.787,0.067,False,Cousins R,CCD,RMU,1.370,False
2534,SN 2011BY,000-BKB-410,2455737.43775,14.478,0.101,False,Cousins I,CCD,RMU,1.402,False
2535,SN 2011BY,000-BKB-410,2455737.69743,16.150,0.060,False,Johnson B,CCD,SXN,1.454,False
2536,SN 2011BY,000-BKB-410,2455737.69970,14.925,0.024,False,Johnson V,CCD,SXN,1.463,False
2537,SN 2011BY,000-BKB-410,2455737.70093,14.630,0.027,False,Cousins R,CCD,SXN,1.468,False
2538,SN 2011BY,000-BKB-410,2455737.70215,14.304,0.036,False,Cousins I,CCD,SXN,1.477,False
2539,SN 2011BY,000-BKB-410,2455737.7097,15.2,,False,Unknown,CCD,HUR,,
2540,SN 2011BY,000-BKB-410,2455738.39548,15.158,0.033,False,Johnson V,CCD,ATE,1.23,False
2541,SN 2011BY,000-BKB-410,2455738.39633,15.094,0.032,False,Johnson V,CCD,ATE,1.24,False
2542,SN 2011BY,000-BKB-410,2455738.39710,15.136,0.032,False,Johnson V,CCD,ATE,1.24,False
2543,SN 2011BY,000-BKB-410,2455738.39784,15.042,0.031,False,Johnson V,CCD,ATE,1.24,False
2544,SN 2011BY,000-BKB-410,2455738.39858,14.981,0.030,False,Johnson V,CCD,ATE,1.24,False
2545,SN 2011BY,000-BKB-410,2455738.39936,15.006,0.030,False,Johnson V,CCD,ATE,1.25,False
2546,SN 2011BY,000-BKB-410,2455738.40010,14.953,0.029,False,Johnson V,CCD,ATE,1.25,False
2547,SN 2011BY,000-BKB-410,2455738.40084,14.960,0.030,False,Johnson V,CCD,ATE,1.25,False
2548,SN 2011BY,000-BKB-410,2455738.40158,15.046,0.031,False,Johnson V,CCD,ATE,1.25,False
2549,SN 2011BY,000-BKB-410,2455738.40232,15.153,0.033,False,Johnson V,CCD,ATE,1.26,False
2550,SN 2011BY,000-BKB-410,2455738.40306,15.030,0.031,False,Johnson V,CCD,ATE,1.26,False
2551,SN 2011BY,000-BKB-410,2455738.40384,14.984,0.030,False,Johnson V,CCD,ATE,1.26,False
2552,SN 2011BY,000-BKB-410,2455738.40458,14.970,0.030,False,Johnson V,CCD,ATE,1.26,False
2553,SN 2011BY,000-BKB-410,2455738.40532,15.095,0.032,False,Johnson V,CCD,ATE,1.27,False
2554,SN 2011BY,000-BKB-410,2455738.40606,15.092,0.032,False,Johnson V,CCD,ATE,1.27,False
2555,SN 2011BY,000-BKB-410,2455738.40680,15.003,0.031,False,Johnson V,CCD,ATE,1.27,False
2556,SN 2011BY,000-BKB-410,2455738.40754,15.097,0.032,False,Johnson V,CCD,ATE,1.27,False
2557,SN 2011BY,000-BKB-410,2455738.40828,15.135,0.034,False,Johnson V,CCD,ATE,1.28,False
2558,SN 2011BY,000-BKB-410,2455738.40906,14.969,0.029,False,Johnson V,CCD,ATE,1.28,False
2559,SN 2011BY,000-BKB-410,2455738.40980,15.103,0.032,False,Johnson V,CCD,ATE,1.28,False
2560,SN 2011BY,000-BKB-410,2455738.41054,15.059,0.032,False,Johnson V,CCD,ATE,1.29,False
2561,SN 2011BY,000-BKB-410,2455738.41128,14.974,0.030,False,Johnson V,CCD,ATE,1.29,False
2562,SN 2011BY,000-BKB-410,2455738.41206,15.048,0.031,False,Johnson V,CCD,ATE,1.29,False
2563,SN 2011BY,000-BKB-410,2455738.41280,15.054,0.032,False,Johnson V,CCD,ATE,1.29,False
2564,SN 2011BY,000-BKB-410,2455738.41354,15.047,0.031,False,Johnson V,CCD,ATE,1.30,False
2565,SN 2011BY,000-BKB-410,2455738.41428,14.969,0.030,False,Johnson V,CCD,ATE,1.30,False
2566,SN 2011BY,000-BKB-410,2455738.41502,14.959,0.030,False,Johnson V,CCD,ATE,1.30,False
2567,SN 2011BY,000-BKB-410,2455738.41576,15.095,0.035,False,Johnson V,CCD,ATE,1.31,False
2568,SN 2011BY,000-BKB-410,2455738.41654,14.960,0.030,False,Johnson V,CCD,ATE,1.31,False
2569,SN 2011BY,000-BKB-410,2455738.41728,15.070,0.032,False,Johnson V,CCD,ATE,1.31,False
2570,SN 2011BY,000-BKB-410,2455738.41802,14.986,0.031,False,Johnson V,CCD,ATE,1.31,False
2571,SN 2011BY,000-BKB-410,2455738.41876,14.961,0.030,False,Johnson V,CCD,ATE,1.32,False
2572,SN 2011by,000-BKB-410,2455738.61806,13.5,,False,Visual,Visual,CKB,,
2573,SN 2011BY,000-BKB-410,2455738.69782,16.146,0.117,False,Johnson B,CCD,SXN,1.472,False
2574,SN 2011BY,000-BKB-410,2455738.70010,14.970,0.023,False,Johnson V,CCD,SXN,1.481,False
2575,SN 2011BY,000-BKB-410,2455738.70132,14.658,0.024,False,Cousins R,CCD,SXN,1.486,False
2576,SN 2011BY,000-BKB-410,2455738.70253,14.378,0.032,False,Cousins I,CCD,SXN,1.495,False
2577,SN 2011BY,000-BKB-410,2455738.71059,16.367,0.107,False,Johnson B,CCD,NMR,,False
2578,SN 2011BY,000-BKB-410,2455738.71130,14.574,0.035,False,Cousins I,CCD,NMR,,False
2579,SN 2011BY,000-BKB-410,2455738.71267,15.139,0.024,False,Johnson V,CCD,NMR,,False
2580,SN 2011BY,000-BKB-410,2455739.38845,15.104,0.029,False,Johnson V,CCD,ATE,1.23,False
2581,SN 2011BY,000-BKB-410,2455739.39079,15.122,0.032,False,Johnson V,CCD,ATE,1.23,False
2582,SN 2011BY,000-BKB-410,2455739.39349,15.079,0.031,False,Johnson V,CCD,ATE,1.24,False
2583,SN 2011BY,000-BKB-410,2455739.64583,12.1,,True,Visual,Visual,ASA,,
2584,SN 2011BY,000-BKB-410,2455739.71190,14.591,0.163,False,Johnson V,CCD,SXN,1.572,False
2585,SN 2011BY,000-BKB-410,2455739.71313,14.741,0.046,False,Cousins R,CCD,SXN,1.578,False
2586,SN 2011BY,000-BKB-410,2455739.71434,14.363,0.074,False,Cousins I,CCD,SXN,1.589,False
2587,SN 2011BY,000-BKB-410,2455740.38744,15.178,0.034,False,Johnson V,CCD,ATE,1.23,False
2588,SN 2011BY,000-BKB-410,2455740.38826,15.208,0.036,False,Johnson V,CCD,ATE,1.23,False
2589,SN 2011BY,000-BKB-410,2455740.38904,15.243,0.037,False,Johnson V,CCD,ATE,1.23,False
2590,SN 2011BY,000-BKB-410,2455740.38978,15.082,0.031,False,Johnson V,CCD,ATE,1.23,False
2591,SN 2011BY,000-BKB-410,2455740.39052,15.250,0.035,False,Johnson V,CCD,ATE,1.24,False
2592,SN 2011BY,000-BKB-410,2455740.39126,15.139,0.033,False,Johnson V,CCD,ATE,1.24,False
2593,SN 2011BY,000-BKB-410,2455740.39203,15.146,0.033,False,Johnson V,CCD,ATE,1.24,False
2594,SN 2011BY,000-BKB-410,2455740.39278,15.263,0.035,False,Johnson V,CCD,ATE,1.24,False
2595,SN 2011BY,000-BKB-410,2455740.39352,15.098,0.032,False,Johnson V,CCD,ATE,1.25,False
2596,SN 2011BY,000-BKB-410,2455740.39429,15.134,0.036,False,Johnson V,CCD,ATE,1.25,False
2597,SN 2011BY,000-BKB-410,2455740.39503,15.242,0.035,False,Johnson V,CCD,ATE,1.25,False
2598,SN 2011BY,000-BKB-410,2455740.39577,15.107,0.031,False,Johnson V,CCD,ATE,1.25,False
2599,SN 2011BY,000-BKB-410,2455740.39653,15.151,0.034,False,Johnson V,CCD,ATE,1.26,False
2600,SN 2011BY,000-BKB-410,2455740.39727,15.105,0.033,False,Johnson V,CCD,ATE,1.26,False
2601,SN 2011BY,000-BKB-410,2455740.39801,15.191,0.034,False,Johnson V,CCD,ATE,1.26,False
2602,SN 2011BY,000-BKB-410,2455740.39877,15.156,0.034,False,Johnson V,CCD,ATE,1.26,False
2603,SN 2011BY,000-BKB-410,2455740.39951,15.191,0.034,False,Johnson V,CCD,ATE,1.27,False
2604,SN 2011BY,000-BKB-410,2455740.40025,15.231,0.035,False,Johnson V,CCD,ATE,1.27,False
2605,SN 2011BY,000-BKB-410,2455740.40099,15.137,0.032,False,Johnson V,CCD,ATE,1.27,False
2606,SN 2011BY,000-BKB-410,2455740.40174,15.200,0.036,False,Johnson V,CCD,ATE,1.27,False
2607,SN 2011BY,000-BKB-410,2455740.40248,15.111,0.032,False,Johnson V,CCD,ATE,1.28,False
2608,SN 2011BY,000-BKB-410,2455740.40322,15.102,0.033,False,Johnson V,CCD,ATE,1.28,False
2609,SN 2011BY,000-BKB-410,2455740.40398,15.237,0.037,False,Johnson V,CCD,ATE,1.28,False
2610,SN 2011BY,000-BKB-410,2455740.40473,15.258,0.036,False,Johnson V,CCD,ATE,1.28,False
2611,SN 2011BY,000-BKB-410,2455740.40547,15.243,0.037,False,Johnson V,CCD,ATE,1.29,False
2612,SN 2011BY,000-BKB-410,2455740.40621,15.107,0.033,False,Johnson V,CCD,ATE,1.29,False
2613,SN 2011BY,000-BKB-410,2455740.40698,15.249,0.036,False,Johnson V,CCD,ATE,1.29,False
2614,SN 2011BY,000-BKB-410,2455740.40772,15.254,0.036,False,Johnson V,CCD,ATE,1.30,False
2615,SN 2011BY,000-BKB-410,2455740.40847,15.217,0.037,False,Johnson V,CCD,ATE,1.30,False
2616,SN 2011BY,000-BKB-410,2455741.39014,15.268,0.035,False,Johnson V,CCD,ATE,1.24,False
2617,SN 2011BY,000-BKB-410,2455741.39098,15.196,0.037,False,Johnson V,CCD,ATE,1.25,False
2618,SN 2011BY,000-BKB-410,2455741.39172,15.235,0.034,False,Johnson V,CCD,ATE,1.25,False
2619,SN 2011BY,000-BKB-410,2455741.39246,15.230,0.034,False,Johnson V,CCD,ATE,1.25,False
2620,SN 2011BY,000-BKB-410,2455741.39324,15.271,0.035,False,Johnson V,CCD,ATE,1.25,False
2621,SN 2011BY,000-BKB-410,2455741.39398,15.126,0.032,False,Johnson V,CCD,ATE,1.26,False
2622,SN 2011BY,000-BKB-410,2455741.39472,15.234,0.034,False,Johnson V,CCD,ATE,1.26,False
2623,SN 2011BY,000-BKB-410,2455741.39550,15.177,0.034,False,Johnson V,CCD,ATE,1.26,False
2624,SN 2011BY,000-BKB-410,2455741.39624,15.191,0.033,False,Johnson V,CCD,ATE,1.26,False
2625,SN 2011BY,000-BKB-410,2455741.39698,15.227,0.034,False,Johnson V,CCD,ATE,1.27,False
2626,SN 2011BY,000-BKB-410,2455741.39772,15.145,0.033,False,Johnson V,CCD,ATE,1.27,False
2627,SN 2011BY,000-BKB-410,2455741.39846,15.188,0.031,False,Johnson V,CCD,ATE,1.27,False
2628,SN 2011BY,000-BKB-410,2455741.39925,15.243,0.035,False,Johnson V,CCD,ATE,1.27,False
2629,SN 2011BY,000-BKB-410,2455741.40002,15.176,0.034,False,Johnson V,CCD,ATE,1.28,False
2630,SN 2011BY,000-BKB-410,2455741.40076,15.119,0.033,False,Johnson V,CCD,ATE,1.28,False
2631,SN 2011BY,000-BKB-410,2455741.40150,15.240,0.035,False,Johnson V,CCD,ATE,1.28,False
2632,SN 2011BY,000-BKB-410,2455741.40224,15.212,0.034,False,Johnson V,CCD,ATE,1.29,False
2633,SN 2011BY,000-BKB-410,2455741.40299,15.176,0.032,False,Johnson V,CCD,ATE,1.29,False
2634,SN 2011BY,000-BKB-410,2455741.40373,15.227,0.035,False,Johnson V,CCD,ATE,1.29,False
2635,SN 2011BY,000-BKB-410,2455741.40447,15.183,0.039,False,Johnson V,CCD,ATE,1.29,False
2636,SN 2011BY,000-BKB-410,2455741.40524,15.152,0.033,False,Johnson V,CCD,ATE,1.30,False
2637,SN 2011BY,000-BKB-410,2455741.40599,15.111,0.033,False,Johnson V,CCD,ATE,1.30,False
2638,SN 2011BY,000-BKB-410,2455741.40674,15.150,0.036,False,Johnson V,CCD,ATE,1.30,False
2639,SN 2011BY,000-BKB-410,2455741.40748,15.158,0.033,False,Johnson V,CCD,ATE,1.31,False
2640,SN 2011BY,000-BKB-410,2455741.40825,15.167,0.033,False,Johnson V,CCD,ATE,1.31,False
2641,SN 2011BY,000-BKB-410,2455741.40899,15.235,0.035,False,Johnson V,CCD,ATE,1.31,False
2642,SN 2011BY,000-BKB-410,2455741.62698,15.033,0.077,False,Johnson V,CCD,ROE,1.273,False
2643,SN 2011BY,000-BKB-410,2455741.62772,15.157,0.083,False,Johnson V,CCD,ROE,1.276,False
2644,SN 2011BY,000-BKB-410,2455741.62846,15.080,0.081,False,Johnson V,CCD,ROE,1.278,False
2645,SN 2011BY,000-BKB-410,2455741.62919,14.953,0.076,False,Johnson V,CCD,ROE,1.281,False
2646,SN 2011BY,000-BKB-410,2455741.62993,15.177,0.074,False,Johnson V,CCD,ROE,1.284,False
2647,SN 2011BY,000-BKB-410,2455741.63067,15.106,0.078,False,Johnson V,CCD,ROE,1.287,False
2648,SN 2011BY,000-BKB-410,2455741.63141,14.984,0.069,False,Johnson V,CCD,ROE,1.289,False
2649,SN 2011BY,000-BKB-410,2455741.63215,15.520,0.094,False,Johnson V,CCD,ROE,1.292,False
2650,SN 2011BY,000-BKB-410,2455741.70966,16.218,0.060,False,Johnson B,CCD,SXN,1.600,False
2651,SN 2011BY,000-BKB-410,2455741.71194,15.040,0.025,False,Johnson V,CCD,SXN,1.612,False
2652,SN 2011BY,000-BKB-410,2455741.71316,14.792,0.040,False,Cousins R,CCD,SXN,1.618,False
2653,SN 2011BY,000-BKB-410,2455741.71438,14.534,0.036,False,Cousins I,CCD,SXN,1.630,False
2654,SN 2011BY,000-BKB-410,2455742.38801,15.169,0.030,False,Johnson V,CCD,ATE,1.25,False
2655,SN 2011BY,000-BKB-410,2455742.38888,15.129,0.032,False,Johnson V,CCD,ATE,1.25,False
2656,SN 2011BY,000-BKB-410,2455742.38962,15.158,0.030,False,Johnson V,CCD,ATE,1.25,False
2657,SN 2011BY,000-BKB-410,2455742.39036,15.172,0.031,False,Johnson V,CCD,ATE,1.25,False
2658,SN 2011BY,000-BKB-410,2455742.39110,15.148,0.031,False,Johnson V,CCD,ATE,1.26,False
2659,SN 2011BY,000-BKB-410,2455742.39188,15.150,0.029,False,Johnson V,CCD,ATE,1.26,False
2660,SN 2011BY,000-BKB-410,2455742.39262,15.141,0.031,False,Johnson V,CCD,ATE,1.26,False
2661,SN 2011BY,000-BKB-410,2455742.39336,15.124,0.032,False,Johnson V,CCD,ATE,1.26,False
2662,SN 2011BY,000-BKB-410,2455742.39413,15.196,0.032,False,Johnson V,CCD,ATE,1.27,False
2663,SN 2011BY,000-BKB-410,2455742.39487,15.181,0.030,False,Johnson V,CCD,ATE,1.27,False
2664,SN 2011BY,000-BKB-410,2455742.39561,15.199,0.032,False,Johnson V,CCD,ATE,1.27,False
2665,SN 2011BY,000-BKB-410,2455742.39635,15.237,0.031,False,Johnson V,CCD,ATE,1.27,False
2666,SN 2011BY,000-BKB-410,2455742.39710,15.180,0.031,False,Johnson V,CCD,ATE,1.28,False
2667,SN 2011BY,000-BKB-410,2455742.39784,15.149,0.032,False,Johnson V,CCD,ATE,1.28,False
2668,SN 2011BY,000-BKB-410,2455742.39861,15.236,0.034,False,Johnson V,CCD,ATE,1.28,False
2669,SN 2011BY,000-BKB-410,2455742.39935,15.106,0.032,False,Johnson V,CCD,ATE,1.29,False
2670,SN 2011BY,000-BKB-410,2455742.40009,15.164,0.033,False,Johnson V,CCD,ATE,1.29,False
2671,SN 2011BY,000-BKB-410,2455742.40085,15.279,0.035,False,Johnson V,CCD,ATE,1.29,False
2672,SN 2011BY,000-BKB-410,2455742.40159,15.188,0.033,False,Johnson V,CCD,ATE,1.29,False
2673,SN 2011BY,000-BKB-410,2455742.40233,15.142,0.033,False,Johnson V,CCD,ATE,1.30,False
2674,SN 2011BY,000-BKB-410,2455742.40307,15.199,0.034,False,Johnson V,CCD,ATE,1.30,False
2675,SN 2011BY,000-BKB-410,2455742.40383,15.229,0.034,False,Johnson V,CCD,ATE,1.30,False
2676,SN 2011BY,000-BKB-410,2455742.40458,15.130,0.032,False,Johnson V,CCD,ATE,1.30,False
2677,SN 2011BY,000-BKB-410,2455742.40532,15.178,0.033,False,Johnson V,CCD,ATE,1.31,False
2678,SN 2011BY,000-BKB-410,2455742.40607,15.194,0.032,False,Johnson V,CCD,ATE,1.31,False
2679,SN 2011BY,000-BKB-410,2455742.40683,15.102,0.032,False,Johnson V,CCD,ATE,1.31,False
2680,SN 2011BY,000-BKB-410,2455742.40758,15.171,0.032,False,Johnson V,CCD,ATE,1.32,False
2681,SN 2011BY,000-BKB-410,2455742.40832,15.127,0.031,False,Johnson V,CCD,ATE,1.32,False
2682,SN 2011BY,000-BKB-410,2455742.40906,15.111,0.032,False,Johnson V,CCD,ATE,1.32,False
2683,SN 2011BY,000-BKB-410,2455742.40980,15.179,0.032,False,Johnson V,CCD,ATE,1.33,False
2684,SN 2011BY,000-BKB-410,2455742.43866,15.422,0.070,False,Johnson V,CCD,RMU,1.474,False
2685,SN 2011BY,000-BKB-410,2455742.44342,15.257,0.027,False,Johnson V,CCD,BDG,1.380,True
2686,SN 2011BY,000-BKB-410,2455742.44416,14.969,0.018,False,Cousins R,CCD,BDG,1.383,True
2687,SN 2011BY,000-BKB-410,2455742.44519,16.355,0.118,False,Johnson B,CCD,RMU,1.514,False
2688,SN 2011BY,000-BKB-410,2455742.45160,14.872,0.109,False,Cousins R,CCD,RMU,1.555,False
2689,SN 2011BY,000-BKB-410,2455742.45800,15.070,0.163,False,Cousins I,CCD,RMU,1.599,False
2690,SN 2011BY,000-BKB-410,2455742.60965,15.308,0.102,False,Johnson V,CCD,ROE,1.224,False
2691,SN 2011BY,000-BKB-410,2455742.61039,15.244,0.076,False,Johnson V,CCD,ROE,1.227,False
2692,SN 2011BY,000-BKB-410,2455742.61113,15.249,0.076,False,Johnson V,CCD,ROE,1.229,False
2693,SN 2011BY,000-BKB-410,2455742.61189,15.325,0.090,False,Johnson V,CCD,ROE,1.231,False
2694,SN 2011BY,000-BKB-410,2455742.61263,15.067,0.083,False,Johnson V,CCD,ROE,1.234,False
2695,SN 2011BY,000-BKB-410,2455742.61337,15.229,0.072,False,Johnson V,CCD,ROE,1.236,False
2696,SN 2011BY,000-BKB-410,2455742.69111,16.009,0.165,False,Johnson B,CCD,SXN,1.496,False
2697,SN 2011BY,000-BKB-410,2455742.69462,14.773,0.040,False,Cousins R,CCD,SXN,1.511,False
2698,SN 2011BY,000-BKB-410,2455742.69583,14.473,0.037,False,Cousins I,CCD,SXN,1.521,False
2699,SN 2011BY,000-BKB-410,2455742.71083,16.335,0.069,False,Johnson B,CCD,NMR,,False
2700,SN 2011BY,000-BKB-410,2455742.71128,14.727,0.034,False,Cousins I,CCD,NMR,,False
2701,SN 2011BY,000-BKB-410,2455742.71198,14.887,0.020,False,Cousins R,CCD,NMR,,False
2702,SN 2011BY,000-BKB-410,2455742.71267,15.168,0.021,False,Johnson V,CCD,NMR,,False
2703,SN 2011BY,000-BKB-410,2455743.38582,15.193,0.031,False,Johnson V,CCD,ATE,1.25,False
2704,SN 2011BY,000-BKB-410,2455743.38668,15.146,0.031,False,Johnson V,CCD,ATE,1.25,False
2705,SN 2011BY,000-BKB-410,2455743.38747,15.329,0.033,False,Johnson V,CCD,ATE,1.25,False
2706,SN 2011BY,000-BKB-410,2455743.38823,15.256,0.032,False,Johnson V,CCD,ATE,1.26,False
2707,SN 2011BY,000-BKB-410,2455743.38897,15.227,0.032,False,Johnson V,CCD,ATE,1.26,False
2708,SN 2011BY,000-BKB-410,2455743.38972,15.263,0.032,False,Johnson V,CCD,ATE,1.26,False
2709,SN 2011BY,000-BKB-410,2455743.39047,15.241,0.032,False,Johnson V,CCD,ATE,1.26,False
2710,SN 2011BY,000-BKB-410,2455743.39121,15.332,0.033,False,Johnson V,CCD,ATE,1.27,False
2711,SN 2011BY,000-BKB-410,2455743.39195,15.204,0.032,False,Johnson V,CCD,ATE,1.27,False
2712,SN 2011BY,000-BKB-410,2455743.39269,15.274,0.033,False,Johnson V,CCD,ATE,1.27,False
2713,SN 2011BY,000-BKB-410,2455743.39346,15.308,0.033,False,Johnson V,CCD,ATE,1.27,False
2714,SN 2011BY,000-BKB-410,2455743.39420,15.339,0.034,False,Johnson V,CCD,ATE,1.28,False
2715,SN 2011BY,000-BKB-410,2455743.39494,15.228,0.032,False,Johnson V,CCD,ATE,1.28,False
2716,SN 2011BY,000-BKB-410,2455743.39569,15.337,0.034,False,Johnson V,CCD,ATE,1.28,False
2717,SN 2011BY,000-BKB-410,2455743.39646,15.217,0.032,False,Johnson V,CCD,ATE,1.28,False
2718,SN 2011BY,000-BKB-410,2455743.39720,15.232,0.032,False,Johnson V,CCD,ATE,1.29,False
2719,SN 2011BY,000-BKB-410,2455743.39794,15.216,0.032,False,Johnson V,CCD,ATE,1.29,False
2720,SN 2011BY,000-BKB-410,2455743.39868,15.186,0.031,False,Johnson V,CCD,ATE,1.29,False
2721,SN 2011BY,000-BKB-410,2455743.39942,15.211,0.032,False,Johnson V,CCD,ATE,1.30,False
2722,SN 2011BY,000-BKB-410,2455743.40016,15.274,0.036,False,Johnson V,CCD,ATE,1.30,False
2723,SN 2011BY,000-BKB-410,2455743.40094,15.279,0.033,False,Johnson V,CCD,ATE,1.30,False
2724,SN 2011BY,000-BKB-410,2455743.40168,15.334,0.034,False,Johnson V,CCD,ATE,1.30,False
2725,SN 2011BY,000-BKB-410,2455743.40242,15.270,0.033,False,Johnson V,CCD,ATE,1.31,False
2726,SN 2011BY,000-BKB-410,2455743.40316,15.347,0.034,False,Johnson V,CCD,ATE,1.31,False
2727,SN 2011BY,000-BKB-410,2455743.40390,15.339,0.035,False,Johnson V,CCD,ATE,1.31,False
2728,SN 2011BY,000-BKB-410,2455743.40464,15.160,0.031,False,Johnson V,CCD,ATE,1.32,False
2729,SN 2011BY,000-BKB-410,2455743.40542,15.138,0.031,False,Johnson V,CCD,ATE,1.32,False
2730,SN 2011BY,000-BKB-410,2455743.40616,15.318,0.034,False,Johnson V,CCD,ATE,1.32,False
2731,SN 2011BY,000-BKB-410,2455743.40698,15.175,0.031,False,Johnson V,CCD,ATE,1.33,False
2732,SN 2011BY,000-BKB-410,2455743.40772,15.227,0.032,False,Johnson V,CCD,ATE,1.33,False
2733,SN 2011BY,000-BKB-410,2455743.40846,15.163,0.030,False,Johnson V,CCD,ATE,1.33,False
2734,SN 2011BY,000-BKB-410,2455743.40922,15.237,0.032,False,Johnson V,CCD,ATE,1.33,False
2735,SN 2011BY,000-BKB-410,2455743.40996,15.261,0.033,False,Johnson V,CCD,ATE,1.34,False
2736,SN 2011BY,000-BKB-410,2455743.41072,15.188,0.032,False,Johnson V,CCD,ATE,1.34,False
2737,SN 2011BY,000-BKB-410,2455743.41147,15.335,0.034,False,Johnson V,CCD,ATE,1.34,False
2738,SN 2011BY,000-BKB-410,2455743.43363,15.482,0.103,False,Johnson V,CCD,RMU,1.462,False
2739,SN 2011BY,000-BKB-410,2455743.44016,16.236,0.134,False,Johnson B,CCD,RMU,1.500,False
2740,SN 2011BY,000-BKB-410,2455743.44661,14.949,0.106,False,Cousins R,CCD,RMU,1.540,False
2741,SN 2011BY,000-BKB-410,2455743.45306,14.984,0.131,False,Cousins I,CCD,RMU,1.584,False
2742,SN 2011BY,000-BKB-410,2455743.63826,14.963,0.066,False,Johnson V,CCD,ROE,1.339,False
2743,SN 2011BY,000-BKB-410,2455743.63902,15.008,0.072,False,Johnson V,CCD,ROE,1.342,False
2744,SN 2011BY,000-BKB-410,2455743.63976,15.113,0.081,False,Johnson V,CCD,ROE,1.345,False
2745,SN 2011BY,000-BKB-410,2455743.64051,15.114,0.080,False,Johnson V,CCD,ROE,1.348,False
2746,SN 2011BY,000-BKB-410,2455743.64124,15.096,0.087,False,Johnson V,CCD,ROE,1.352,False
2747,SN 2011BY,000-BKB-410,2455743.64199,15.251,0.099,False,Johnson V,CCD,ROE,1.355,False
2748,SN 2011BY,000-BKB-410,2455744.48056,15.0,,True,Visual,Visual,JDG,,
2749,SN 2011BY,000-BKB-410,2455744.67688,15.023,0.050,False,Johnson V,CCD,GTZ,1.326,False
2750,SN 2011BY,000-BKB-410,2455744.67832,14.626,0.059,False,Cousins I,CCD,GTZ,1.326,False
2751,SN 2011BY,000-BKB-410,2455744.67975,16.662,0.154,False,Johnson B,CCD,GTZ,1.326,False
2752,SN 2011BY,000-BKB-410,2455745.39943,15.456,0.058,False,Johnson V,CCD,ATE,1.32,False
2753,SN 2011BY,000-BKB-410,2455745.40017,15.340,0.063,False,Johnson V,CCD,ATE,1.32,False
2754,SN 2011BY,000-BKB-410,2455745.40093,15.296,0.064,False,Johnson V,CCD,ATE,1.32,False
2755,SN 2011BY,000-BKB-410,2455745.40168,15.288,0.074,False,Johnson V,CCD,ATE,1.33,False
2756,SN 2011BY,000-BKB-410,2455745.40242,15.221,0.052,False,Johnson V,CCD,ATE,1.33,False
2757,SN 2011BY,000-BKB-410,2455745.40394,15.232,0.060,False,Johnson V,CCD,ATE,1.34,False
2758,SN 2011BY,000-BKB-410,2455745.40468,15.209,0.043,False,Johnson V,CCD,ATE,1.34,False
2759,SN 2011BY,000-BKB-410,2455745.40542,15.305,0.044,False,Johnson V,CCD,ATE,1.34,False
2760,SN 2011BY,000-BKB-410,2455745.40842,15.276,0.052,False,Johnson V,CCD,ATE,1.36,False
2761,SN 2011BY,000-BKB-410,2455745.40916,15.355,0.042,False,Johnson V,CCD,ATE,1.36,False
2762,SN 2011BY,000-BKB-410,2455745.40990,15.310,0.042,False,Johnson V,CCD,ATE,1.36,False
2763,SN 2011BY,000-BKB-410,2455745.41064,15.354,0.043,False,Johnson V,CCD,ATE,1.36,False
2764,SN 2011BY,000-BKB-410,2455745.41153,15.275,0.052,False,Johnson V,CCD,ATE,1.37,False
2765,SN 2011BY,000-BKB-410,2455745.41229,15.437,0.050,False,Johnson V,CCD,ATE,1.37,False
2766,SN 2011BY,000-BKB-410,2455745.41305,15.336,0.040,False,Johnson V,CCD,ATE,1.38,False
2767,SN 2011BY,000-BKB-410,2455745.41379,15.403,0.051,False,Johnson V,CCD,ATE,1.38,False
2768,SN 2011BY,000-BKB-410,2455745.41453,15.318,0.051,False,Johnson V,CCD,ATE,1.38,False
2769,SN 2011BY,000-BKB-410,2455745.41527,15.237,0.046,False,Johnson V,CCD,ATE,1.39,False
2770,SN 2011BY,000-BKB-410,2455745.41601,15.443,0.058,False,Johnson V,CCD,ATE,1.39,False
2771,SN 2011BY,000-BKB-410,2455745.41676,15.397,0.059,False,Johnson V,CCD,ATE,1.39,False
2772,SN 2011BY,000-BKB-410,2455745.41751,15.309,0.040,False,Johnson V,CCD,ATE,1.40,False
2773,SN 2011BY,000-BKB-410,2455745.41827,15.236,0.044,False,Johnson V,CCD,ATE,1.40,False
2774,SN 2011BY,000-BKB-410,2455745.41901,15.227,0.042,False,Johnson V,CCD,ATE,1.40,False
2775,SN 2011BY,000-BKB-410,2455745.41975,15.438,0.050,False,Johnson V,CCD,ATE,1.41,False
2776,SN 2011BY,000-BKB-410,2455745.42050,15.289,0.041,False,Johnson V,CCD,ATE,1.41,False
2777,SN 2011BY,000-BKB-410,2455745.42127,15.277,0.049,False,Johnson V,CCD,ATE,1.42,False
2778,SN 2011BY,000-BKB-410,2455745.71130,14.968,0.056,False,Cousins I,CCD,NMR,,False
2779,SN 2011BY,000-BKB-410,2455745.71198,15.032,0.030,False,Cousins R,CCD,NMR,,False
2780,SN 2011BY,000-BKB-410,2455745.71267,15.380,0.049,False,Johnson V,CCD,NMR,,False
2781,SN 2011BY,000-BKB-410,2455746.39163,15.184,0.040,False,Johnson V,CCD,ATE,1.30,False
2782,SN 2011BY,000-BKB-410,2455746.39255,15.340,0.047,False,Johnson V,CCD,ATE,1.30,False
2783,SN 2011BY,000-BKB-410,2455746.39329,15.207,0.060,False,Johnson V,CCD,ATE,1.30,False
2784,SN 2011BY,000-BKB-410,2455746.39403,15.233,0.051,False,Johnson V,CCD,ATE,1.31,False
2785,SN 2011BY,000-BKB-410,2455746.39478,15.263,0.047,False,Johnson V,CCD,ATE,1.31,False
2786,SN 2011BY,000-BKB-410,2455746.39629,15.217,0.059,False,Johnson V,CCD,ATE,1.32,False
2787,SN 2011BY,000-BKB-410,2455746.39703,15.247,0.047,False,Johnson V,CCD,ATE,1.32,False
2788,SN 2011BY,000-BKB-410,2455746.39781,15.196,0.041,False,Johnson V,CCD,ATE,1.32,False
2789,SN 2011BY,000-BKB-410,2455746.39855,15.229,0.041,False,Johnson V,CCD,ATE,1.32,False
2790,SN 2011BY,000-BKB-410,2455746.39929,15.258,0.046,False,Johnson V,CCD,ATE,1.33,False
2791,SN 2011BY,000-BKB-410,2455746.40003,15.270,0.039,False,Johnson V,CCD,ATE,1.33,False
2792,SN 2011BY,000-BKB-410,2455746.40077,15.279,0.039,False,Johnson V,CCD,ATE,1.33,False
2793,SN 2011BY,000-BKB-410,2455746.40151,15.303,0.045,False,Johnson V,CCD,ATE,1.34,False
2794,SN 2011BY,000-BKB-410,2455746.40229,15.214,0.042,False,Johnson V,CCD,ATE,1.34,False
2795,SN 2011BY,000-BKB-410,2455746.40303,15.162,0.042,False,Johnson V,CCD,ATE,1.34,False
2796,SN 2011BY,000-BKB-410,2455746.40377,15.271,0.049,False,Johnson V,CCD,ATE,1.35,False
2797,SN 2011BY,000-BKB-410,2455746.40451,15.180,0.046,False,Johnson V,CCD,ATE,1.35,False
2798,SN 2011BY,000-BKB-410,2455746.40525,15.182,0.048,False,Johnson V,CCD,ATE,1.35,False
2799,SN 2011BY,000-BKB-410,2455746.40600,15.194,0.054,False,Johnson V,CCD,ATE,1.36,False
2800,SN 2011BY,000-BKB-410,2455746.40674,15.267,0.061,False,Johnson V,CCD,ATE,1.36,False
2801,SN 2011BY,000-BKB-410,2455746.40751,15.305,0.043,False,Johnson V,CCD,ATE,1.36,False
2802,SN 2011BY,000-BKB-410,2455746.40825,15.238,0.051,False,Johnson V,CCD,ATE,1.37,False
2803,SN 2011BY,000-BKB-410,2455746.40899,15.208,0.051,False,Johnson V,CCD,ATE,1.37,False
2804,SN 2011BY,000-BKB-410,2455746.40974,15.237,0.064,False,Johnson V,CCD,ATE,1.37,False
2805,SN 2011BY,000-BKB-410,2455747.38100,15.253,0.032,False,Johnson V,CCD,ATE,1.27,False
2806,SN 2011BY,000-BKB-410,2455747.38191,15.287,0.032,False,Johnson V,CCD,ATE,1.27,False
2807,SN 2011BY,000-BKB-410,2455747.38265,15.432,0.037,False,Johnson V,CCD,ATE,1.27,False
2808,SN 2011BY,000-BKB-410,2455747.38342,15.294,0.031,False,Johnson V,CCD,ATE,1.28,False
2809,SN 2011BY,000-BKB-410,2455747.38416,15.263,0.034,False,Johnson V,CCD,ATE,1.28,False
2810,SN 2011BY,000-BKB-410,2455747.38490,15.435,0.037,False,Johnson V,CCD,ATE,1.28,False
2811,SN 2011BY,000-BKB-410,2455747.38564,15.268,0.034,False,Johnson V,CCD,ATE,1.29,False
2812,SN 2011BY,000-BKB-410,2455747.38639,15.287,0.033,False,Johnson V,CCD,ATE,1.29,False
2813,SN 2011BY,000-BKB-410,2455747.38713,15.437,0.038,False,Johnson V,CCD,ATE,1.29,False
2814,SN 2011BY,000-BKB-410,2455747.38787,15.277,0.034,False,Johnson V,CCD,ATE,1.29,False
2815,SN 2011BY,000-BKB-410,2455747.38864,15.270,0.034,False,Johnson V,CCD,ATE,1.30,False
2816,SN 2011BY,000-BKB-410,2455747.38938,15.326,0.035,False,Johnson V,CCD,ATE,1.30,False
2817,SN 2011BY,000-BKB-410,2455747.39012,15.250,0.034,False,Johnson V,CCD,ATE,1.30,False
2818,SN 2011BY,000-BKB-410,2455747.39086,15.421,0.037,False,Johnson V,CCD,ATE,1.30,False
2819,SN 2011BY,000-BKB-410,2455747.39164,15.247,0.034,False,Johnson V,CCD,ATE,1.31,False
2820,SN 2011BY,000-BKB-410,2455747.39238,15.450,0.039,False,Johnson V,CCD,ATE,1.31,False
2821,SN 2011BY,000-BKB-410,2455747.39312,15.280,0.033,False,Johnson V,CCD,ATE,1.31,False
2822,SN 2011BY,000-BKB-410,2455747.39386,15.426,0.039,False,Johnson V,CCD,ATE,1.32,False
2823,SN 2011BY,000-BKB-410,2455747.39460,15.394,0.036,False,Johnson V,CCD,ATE,1.32,False
2824,SN 2011BY,000-BKB-410,2455747.39534,15.392,0.038,False,Johnson V,CCD,ATE,1.32,False
2825,SN 2011BY,000-BKB-410,2455747.39612,15.277,0.035,False,Johnson V,CCD,ATE,1.33,False
2826,SN 2011BY,000-BKB-410,2455747.39686,15.370,0.038,False,Johnson V,CCD,ATE,1.33,False
2827,SN 2011BY,000-BKB-410,2455747.39760,15.314,0.035,False,Johnson V,CCD,ATE,1.33,False
2828,SN 2011BY,000-BKB-410,2455747.39834,15.250,0.033,False,Johnson V,CCD,ATE,1.34,False
2829,SN 2011BY,000-BKB-410,2455747.39908,15.394,0.038,False,Johnson V,CCD,ATE,1.34,False
2830,SN 2011BY,000-BKB-410,2455747.39982,15.315,0.035,False,Johnson V,CCD,ATE,1.34,False
2831,SN 2011BY,000-BKB-410,2455747.40068,15.353,0.036,False,Johnson V,CCD,ATE,1.35,False
2832,SN 2011BY,000-BKB-410,2455747.40142,15.281,0.035,False,Johnson V,CCD,ATE,1.35,False
2833,SN 2011BY,000-BKB-410,2455747.40216,15.280,0.035,False,Johnson V,CCD,ATE,1.35,False
2834,SN 2011BY,000-BKB-410,2455747.40290,15.323,0.035,False,Johnson V,CCD,ATE,1.35,False
2835,SN 2011BY,000-BKB-410,2455747.40364,15.263,0.034,False,Johnson V,CCD,ATE,1.36,False
2836,SN 2011BY,000-BKB-410,2455747.40438,15.451,0.037,False,Johnson V,CCD,ATE,1.36,False
2837,SN 2011BY,000-BKB-410,2455747.40512,15.298,0.035,False,Johnson V,CCD,ATE,1.36,False
2838,SN 2011BY,000-BKB-410,2455747.40590,15.277,0.034,False,Johnson V,CCD,ATE,1.37,False
2839,SN 2011BY,000-BKB-410,2455747.40664,15.361,0.036,False,Johnson V,CCD,ATE,1.37,False
2840,SN 2011BY,000-BKB-410,2455747.40738,15.254,0.034,False,Johnson V,CCD,ATE,1.37,False
2841,SN 2011BY,000-BKB-410,2455747.40812,15.339,0.036,False,Johnson V,CCD,ATE,1.38,False
2842,SN 2011BY,000-BKB-410,2455747.40890,15.375,0.036,False,Johnson V,CCD,ATE,1.38,False
2843,SN 2011BY,000-BKB-410,2455747.42607,15.412,0.104,False,Johnson V,CCD,BDG,1.365,True
2844,SN 2011BY,000-BKB-410,2455747.42682,15.106,0.078,False,Cousins R,CCD,BDG,1.368,True
2845,SN 2011BY,000-BKB-410,2455747.67670,15.325,0.091,False,Johnson V,CCD,ROE,1.612,False
2846,SN 2011BY,000-BKB-410,2455747.67745,15.270,0.103,False,Johnson V,CCD,ROE,1.618,False
2847,SN 2011BY,000-BKB-410,2455747.67819,15.264,0.083,False,Johnson V,CCD,ROE,1.623,False
2848,SN 2011BY,000-BKB-410,2455747.67895,15.154,0.092,False,Johnson V,CCD,ROE,1.628,False
2849,SN 2011BY,000-BKB-410,2455747.67969,15.173,0.090,False,Johnson V,CCD,ROE,1.634,False
2850,SN 2011BY,000-BKB-410,2455747.68044,15.466,0.117,False,Johnson V,CCD,ROE,1.639,False
2851,SN 2011BY,000-BKB-410,2455748.37815,15.393,0.030,False,Johnson V,CCD,ATE,1.27,False
2852,SN 2011BY,000-BKB-410,2455748.37919,15.433,0.037,False,Johnson V,CCD,ATE,1.27,False
2853,SN 2011BY,000-BKB-410,2455748.37993,15.350,0.032,False,Johnson V,CCD,ATE,1.27,False
2854,SN 2011BY,000-BKB-410,2455748.38069,15.500,0.036,False,Johnson V,CCD,ATE,1.28,False
2855,SN 2011BY,000-BKB-410,2455748.38145,15.351,0.031,False,Johnson V,CCD,ATE,1.28,False
2856,SN 2011BY,000-BKB-410,2455748.38220,15.369,0.034,False,Johnson V,CCD,ATE,1.28,False
2857,SN 2011BY,000-BKB-410,2455748.38294,15.360,0.034,False,Johnson V,CCD,ATE,1.29,False
2858,SN 2011BY,000-BKB-410,2455748.38368,15.472,0.036,False,Johnson V,CCD,ATE,1.29,False
2859,SN 2011BY,000-BKB-410,2455748.38442,15.355,0.032,False,Johnson V,CCD,ATE,1.29,False
2860,SN 2011BY,000-BKB-410,2455748.38516,15.497,0.037,False,Johnson V,CCD,ATE,1.29,False
2861,SN 2011BY,000-BKB-410,2455748.38594,15.468,0.037,False,Johnson V,CCD,ATE,1.30,False
2862,SN 2011BY,000-BKB-410,2455748.38668,15.452,0.035,False,Johnson V,CCD,ATE,1.30,False
2863,SN 2011BY,000-BKB-410,2455748.38742,15.351,0.034,False,Johnson V,CCD,ATE,1.30,False
2864,SN 2011BY,000-BKB-410,2455748.38816,15.392,0.034,False,Johnson V,CCD,ATE,1.31,False
2865,SN 2011BY,000-BKB-410,2455748.38893,15.455,0.031,False,Johnson V,CCD,ATE,1.31,False
2866,SN 2011BY,000-BKB-410,2455748.38967,15.458,0.036,False,Johnson V,CCD,ATE,1.31,False
2867,SN 2011BY,000-BKB-410,2455748.39042,15.366,0.034,False,Johnson V,CCD,ATE,1.31,False
2868,SN 2011BY,000-BKB-410,2455748.39116,15.470,0.036,False,Johnson V,CCD,ATE,1.32,False
2869,SN 2011BY,000-BKB-410,2455748.39190,15.364,0.034,False,Johnson V,CCD,ATE,1.32,False
2870,SN 2011BY,000-BKB-410,2455748.39264,15.442,0.035,False,Johnson V,CCD,ATE,1.32,False
2871,SN 2011BY,000-BKB-410,2455748.39341,15.352,0.034,False,Johnson V,CCD,ATE,1.33,False
2872,SN 2011BY,000-BKB-410,2455748.39415,15.356,0.034,False,Johnson V,CCD,ATE,1.33,False
2873,SN 2011BY,000-BKB-410,2455748.39489,15.444,0.036,False,Johnson V,CCD,ATE,1.33,False
2874,SN 2011BY,000-BKB-410,2455748.39564,15.349,0.034,False,Johnson V,CCD,ATE,1.34,False
2875,SN 2011BY,000-BKB-410,2455748.39638,15.398,0.035,False,Johnson V,CCD,ATE,1.34,False
2876,SN 2011BY,000-BKB-410,2455748.39712,15.472,0.036,False,Johnson V,CCD,ATE,1.34,False
2877,SN 2011BY,000-BKB-410,2455748.39789,15.492,0.036,False,Johnson V,CCD,ATE,1.34,False
2878,SN 2011BY,000-BKB-410,2455748.39863,15.474,0.036,False,Johnson V,CCD,ATE,1.35,False
2879,SN 2011BY,000-BKB-410,2455748.39937,15.471,0.036,False,Johnson V,CCD,ATE,1.35,False
2880,SN 2011BY,000-BKB-410,2455748.40011,15.456,0.036,False,Johnson V,CCD,ATE,1.35,False
2881,SN 2011BY,000-BKB-410,2455748.70851,16.324,0.107,False,Johnson B,CCD,NMR,,False
2882,SN 2011BY,000-BKB-410,2455748.70920,14.997,0.053,False,Cousins I,CCD,NMR,,False
2883,SN 2011BY,000-BKB-410,2455748.70990,15.161,0.031,False,Cousins R,CCD,NMR,,False
2884,SN 2011BY,000-BKB-410,2455748.71059,15.411,0.032,False,Johnson V,CCD,NMR,,False
2885,SN 2011BY,000-BKB-410,2455749.37152,15.350,0.033,False,Johnson V,CCD,ATE,1.25,False
2886,SN 2011BY,000-BKB-410,2455749.37251,15.349,0.032,False,Johnson V,CCD,ATE,1.26,False
2887,SN 2011BY,000-BKB-410,2455749.37325,15.326,0.038,False,Johnson V,CCD,ATE,1.26,False
2888,SN 2011BY,000-BKB-410,2455749.37403,15.390,0.032,False,Johnson V,CCD,ATE,1.26,False
2889,SN 2011BY,000-BKB-410,2455749.37477,15.414,0.031,False,Johnson V,CCD,ATE,1.27,False
2890,SN 2011BY,000-BKB-410,2455749.37551,15.335,0.029,False,Johnson V,CCD,ATE,1.27,False
2891,SN 2011BY,000-BKB-410,2455749.37625,15.361,0.033,False,Johnson V,CCD,ATE,1.27,False
2892,SN 2011BY,000-BKB-410,2455749.37699,15.307,0.033,False,Johnson V,CCD,ATE,1.27,False
2893,SN 2011BY,000-BKB-410,2455749.37773,15.334,0.033,False,Johnson V,CCD,ATE,1.28,False
2894,SN 2011BY,000-BKB-410,2455749.37847,15.422,0.035,False,Johnson V,CCD,ATE,1.28,False
2895,SN 2011BY,000-BKB-410,2455749.37925,15.398,0.034,False,Johnson V,CCD,ATE,1.28,False
2896,SN 2011BY,000-BKB-410,2455749.37999,15.411,0.034,False,Johnson V,CCD,ATE,1.28,False
2897,SN 2011BY,000-BKB-410,2455749.38073,15.344,0.033,False,Johnson V,CCD,ATE,1.29,False
2898,SN 2011BY,000-BKB-410,2455749.38147,15.454,0.035,False,Johnson V,CCD,ATE,1.29,False
2899,SN 2011BY,000-BKB-410,2455749.38225,15.357,0.034,False,Johnson V,CCD,ATE,1.29,False
2900,SN 2011BY,000-BKB-410,2455749.38299,15.317,0.033,False,Johnson V,CCD,ATE,1.30,False
2901,SN 2011BY,000-BKB-410,2455749.38373,15.461,0.040,False,Johnson V,CCD,ATE,1.30,False
2902,SN 2011BY,000-BKB-410,2455749.38447,15.475,0.036,False,Johnson V,CCD,ATE,1.30,False
2903,SN 2011BY,000-BKB-410,2455749.38522,15.461,0.036,False,Johnson V,CCD,ATE,1.30,False
2904,SN 2011BY,000-BKB-410,2455749.38596,15.396,0.034,False,Johnson V,CCD,ATE,1.31,False
2905,SN 2011BY,000-BKB-410,2455749.38673,15.399,0.034,False,Johnson V,CCD,ATE,1.31,False
2906,SN 2011BY,000-BKB-410,2455749.38747,15.432,0.035,False,Johnson V,CCD,ATE,1.31,False
2907,SN 2011BY,000-BKB-410,2455749.38822,15.410,0.034,False,Johnson V,CCD,ATE,1.32,False
2908,SN 2011BY,000-BKB-410,2455749.38896,15.424,0.035,False,Johnson V,CCD,ATE,1.32,False
2909,SN 2011BY,000-BKB-410,2455749.38970,15.432,0.035,False,Johnson V,CCD,ATE,1.32,False
2910,SN 2011BY,000-BKB-410,2455749.39044,15.349,0.034,False,Johnson V,CCD,ATE,1.33,False
2911,SN 2011BY,000-BKB-410,2455749.39121,15.380,0.034,False,Johnson V,CCD,ATE,1.33,False
2912,SN 2011BY,000-BKB-410,2455749.39196,15.372,0.032,False,Johnson V,CCD,ATE,1.33,False
2913,SN 2011BY,000-BKB-410,2455749.39270,15.467,0.037,False,Johnson V,CCD,ATE,1.33,False
2914,SN 2011BY,000-BKB-410,2455749.39344,15.437,0.035,False,Johnson V,CCD,ATE,1.34,False
2915,SN 2011BY,000-BKB-410,2455749.39418,15.392,0.034,False,Johnson V,CCD,ATE,1.34,False
2916,SN 2011BY,000-BKB-410,2455749.39492,15.394,0.034,False,Johnson V,CCD,ATE,1.34,False
2917,SN 2011BY,000-BKB-410,2455749.40781,15.182,0.104,False,Cousins R,CCD,RMU,1.432,False
2918,SN 2011BY,000-BKB-410,2455749.41161,15.562,0.192,False,Cousins I,CCD,RMU,1.451,False
2919,SN 2011BY,000-BKB-410,2455749.41476,15.272,0.068,False,Unfiltered with R Zeropoint,CCD,RMU,1.471,False
2920,SN 2011BY,000-BKB-410,2455749.62275,15.460,0.110,False,Johnson V,CCD,ROE,1.343,False
2921,SN 2011BY,000-BKB-410,2455749.62350,15.508,0.110,False,Johnson V,CCD,ROE,1.346,False
2922,SN 2011BY,000-BKB-410,2455749.62425,15.357,0.096,False,Johnson V,CCD,ROE,1.349,False
2923,SN 2011BY,000-BKB-410,2455749.62500,15.182,0.091,False,Johnson V,CCD,ROE,1.352,False
2924,SN 2011BY,000-BKB-410,2455749.62574,16.036,0.192,False,Johnson V,CCD,ROE,1.356,False
2925,SN 2011BY,000-BKB-410,2455749.62648,15.415,0.095,False,Johnson V,CCD,ROE,1.359,False
2926,SN 2011BY,000-BKB-410,2455750.37505,15.387,0.037,False,Johnson V,CCD,ATE,1.28,False
2927,SN 2011BY,000-BKB-410,2455750.37608,15.353,0.033,False,Johnson V,CCD,ATE,1.28,False
2928,SN 2011BY,000-BKB-410,2455750.37685,15.374,0.028,False,Johnson V,CCD,ATE,1.28,False
2929,SN 2011BY,000-BKB-410,2455750.37763,15.378,0.034,False,Johnson V,CCD,ATE,1.29,False
2930,SN 2011BY,000-BKB-410,2455750.37837,15.351,0.030,False,Johnson V,CCD,ATE,1.29,False
2931,SN 2011BY,000-BKB-410,2455750.37911,15.386,0.031,False,Johnson V,CCD,ATE,1.29,False
2932,SN 2011BY,000-BKB-410,2455750.37985,15.456,0.032,False,Johnson V,CCD,ATE,1.29,False
2933,SN 2011BY,000-BKB-410,2455750.38059,15.301,0.040,False,Johnson V,CCD,ATE,1.30,False
2934,SN 2011BY,000-BKB-410,2455750.38133,15.337,0.034,False,Johnson V,CCD,ATE,1.30,False
2935,SN 2011BY,000-BKB-410,2455750.38209,15.305,0.033,False,Johnson V,CCD,ATE,1.30,False
2936,SN 2011BY,000-BKB-410,2455750.38285,15.424,0.035,False,Johnson V,CCD,ATE,1.31,False
2937,SN 2011BY,000-BKB-410,2455750.38359,15.298,0.033,False,Johnson V,CCD,ATE,1.31,False
2938,SN 2011BY,000-BKB-410,2455750.38433,15.463,0.039,False,Johnson V,CCD,ATE,1.31,False
2939,SN 2011BY,000-BKB-410,2455750.38507,15.314,0.038,False,Johnson V,CCD,ATE,1.31,False
2940,SN 2011BY,000-BKB-410,2455750.38585,15.437,0.037,False,Johnson V,CCD,ATE,1.32,False
2941,SN 2011BY,000-BKB-410,2455750.38659,15.468,0.037,False,Johnson V,CCD,ATE,1.32,False
2942,SN 2011BY,000-BKB-410,2455750.38733,15.448,0.037,False,Johnson V,CCD,ATE,1.32,False
2943,SN 2011BY,000-BKB-410,2455750.38807,15.323,0.034,False,Johnson V,CCD,ATE,1.33,False
2944,SN 2011BY,000-BKB-410,2455750.38882,15.431,0.035,False,Johnson V,CCD,ATE,1.33,False
2945,SN 2011BY,000-BKB-410,2455750.38956,15.366,0.034,False,Johnson V,CCD,ATE,1.33,False
2946,SN 2011BY,000-BKB-410,2455750.39033,15.381,0.039,False,Johnson V,CCD,ATE,1.34,False
2947,SN 2011BY,000-BKB-410,2455750.39107,15.461,0.037,False,Johnson V,CCD,ATE,1.34,False
2948,SN 2011BY,000-BKB-410,2455750.39181,15.398,0.034,False,Johnson V,CCD,ATE,1.34,False
2949,SN 2011BY,000-BKB-410,2455750.39256,15.310,0.033,False,Johnson V,CCD,ATE,1.35,False
2950,SN 2011BY,000-BKB-410,2455750.39330,15.359,0.035,False,Johnson V,CCD,ATE,1.35,False
2951,SN 2011BY,000-BKB-410,2455750.39404,15.374,0.034,False,Johnson V,CCD,ATE,1.35,False
2952,SN 2011BY,000-BKB-410,2455750.39481,15.433,0.035,False,Johnson V,CCD,ATE,1.36,False
2953,SN 2011BY,000-BKB-410,2455750.39555,15.299,0.033,False,Johnson V,CCD,ATE,1.36,False
2954,SN 2011BY,000-BKB-410,2455750.39630,15.440,0.035,False,Johnson V,CCD,ATE,1.36,False
2955,SN 2011BY,000-BKB-410,2455750.40551,15.422,0.083,False,Johnson V,CCD,RMU,1.415,False
2956,SN 2011BY,000-BKB-410,2455750.41367,16.526,0.140,False,Johnson B,CCD,RMU,1.452,False
2957,SN 2011BY,000-BKB-410,2455750.41677,15.021,0.105,False,Cousins R,CCD,RMU,1.497,False
2958,SN 2011BY,000-BKB-410,2455750.42059,15.604,0.199,False,Cousins I,CCD,RMU,1.517,False
2959,SN 2011by,000-BKB-410,2455751.36330,14.949,0.059,False,Cousins R,CCD,NRNA,1.326,False
2960,SN 2011by,000-BKB-410,2455751.36408,14.916,0.058,False,Cousins R,CCD,NRNA,1.329,False
2961,SN 2011by,000-BKB-410,2455751.36487,14.935,0.058,False,Cousins R,CCD,NRNA,1.332,False
2962,SN 2011by,000-BKB-410,2455751.36564,15.039,0.061,False,Cousins R,CCD,NRNA,1.335,False
2963,SN 2011by,000-BKB-410,2455751.36643,14.998,0.060,False,Cousins R,CCD,NRNA,1.339,False
2964,SN 2011by,000-BKB-410,2455751.36731,15.400,0.069,False,Johnson V,CCD,NRNA,1.342,False
2965,SN 2011by,000-BKB-410,2455751.36812,15.325,0.067,False,Johnson V,CCD,NRNA,1.346,False
2966,SN 2011by,000-BKB-410,2455751.36891,15.321,0.067,False,Johnson V,CCD,NRNA,1.349,False
2967,SN 2011by,000-BKB-410,2455751.36968,15.229,0.064,False,Johnson V,CCD,NRNA,1.353,False
2968,SN 2011by,000-BKB-410,2455751.37046,15.304,0.066,False,Johnson V,CCD,NRNA,1.356,False
2969,SN 2011by,000-BKB-410,2455751.37165,16.457,0.116,False,Johnson B,CCD,NRNA,1.361,False
2970,SN 2011by,000-BKB-410,2455751.37312,16.528,0.120,False,Johnson B,CCD,NRNA,1.368,False
2971,SN 2011by,000-BKB-410,2455751.37463,16.262,0.106,False,Johnson B,CCD,NRNA,1.375,False
2972,SN 2011by,000-BKB-410,2455751.37610,16.517,0.119,False,Johnson B,CCD,NRNA,1.382,False
2973,SN 2011by,000-BKB-410,2455751.37760,16.357,0.112,False,Johnson B,CCD,NRNA,1.389,False
2974,SN 2011BY,000-BKB-410,2455751.38643,15.354,0.034,False,Johnson V,CCD,ATE,1.33,False
2975,SN 2011BY,000-BKB-410,2455751.38738,15.448,0.036,False,Johnson V,CCD,ATE,1.34,False
2976,SN 2011BY,000-BKB-410,2455751.40393,15.531,0.043,False,Johnson V,CCD,ATE,1.41,False
2977,SN 2011BY,000-BKB-410,2455751.40427,15.624,0.087,False,Johnson V,CCD,RMU,1.415,False
2978,SN 2011BY,000-BKB-410,2455751.40472,15.535,0.037,False,Johnson V,CCD,ATE,1.41,False
2979,SN 2011BY,000-BKB-410,2455751.40547,15.536,0.041,False,Johnson V,CCD,ATE,1.42,False
2980,SN 2011BY,000-BKB-410,2455751.40668,15.367,0.036,False,Johnson V,CCD,ATE,1.42,False
2981,SN 2011BY,000-BKB-410,2455751.40743,15.455,0.036,False,Johnson V,CCD,ATE,1.43,False
2982,SN 2011BY,000-BKB-410,2455751.40817,15.446,0.036,False,Johnson V,CCD,ATE,1.43,False
2983,SN 2011BY,000-BKB-410,2455751.40891,15.444,0.036,False,Johnson V,CCD,ATE,1.44,False
2984,SN 2011BY,000-BKB-410,2455751.40965,15.416,0.035,False,Johnson V,CCD,ATE,1.44,False
2985,SN 2011BY,000-BKB-410,2455751.41042,15.412,0.039,False,Johnson V,CCD,ATE,1.44,False
2986,SN 2011BY,000-BKB-410,2455751.41116,15.485,0.038,False,Johnson V,CCD,ATE,1.45,False
2987,SN 2011BY,000-BKB-410,2455751.41229,16.438,0.105,False,Johnson B,CCD,RMU,1.460,False
2988,SN 2011BY,000-BKB-410,2455751.41735,14.954,0.106,False,Cousins R,CCD,RMU,1.505,False
2989,SN 2011BY,000-BKB-410,2455751.42847,15.5,,False,Visual,Visual,STI,,
2990,SN 2011BY,000-BKB-410,2455752.37319,15.461,0.032,False,Johnson V,CCD,ATE,1.29,False
2991,SN 2011BY,000-BKB-410,2455752.37427,15.629,0.039,False,Johnson V,CCD,ATE,1.29,False
2992,SN 2011BY,000-BKB-410,2455752.37515,15.460,0.036,False,Johnson V,CCD,ATE,1.30,False
2993,SN 2011BY,000-BKB-410,2455752.37592,15.630,0.039,False,Johnson V,CCD,ATE,1.30,False
2994,SN 2011BY,000-BKB-410,2455752.37666,15.458,0.035,False,Johnson V,CCD,ATE,1.30,False
2995,SN 2011BY,000-BKB-410,2455752.37741,15.629,0.038,False,Johnson V,CCD,ATE,1.31,False
2996,SN 2011BY,000-BKB-410,2455752.37815,15.529,0.037,False,Johnson V,CCD,ATE,1.31,False
2997,SN 2011BY,000-BKB-410,2455752.37889,15.467,0.034,False,Johnson V,CCD,ATE,1.31,False
2998,SN 2011BY,000-BKB-410,2455752.37963,15.622,0.039,False,Johnson V,CCD,ATE,1.31,False
2999,SN 2011BY,000-BKB-410,2455752.38037,15.611,0.038,False,Johnson V,CCD,ATE,1.32,False
3000,SN 2011BY,000-BKB-410,2455752.38114,15.479,0.036,False,Johnson V,CCD,ATE,1.32,False
3001,SN 2011BY,000-BKB-410,2455752.38188,15.468,0.035,False,Johnson V,CCD,ATE,1.32,False
3002,SN 2011BY,000-BKB-410,2455752.38263,15.474,0.036,False,Johnson V,CCD,ATE,1.33,False
3003,SN 2011BY,000-BKB-410,2455752.38337,15.528,0.040,False,Johnson V,CCD,ATE,1.33,False
3004,SN 2011BY,000-BKB-410,2455752.38413,15.564,0.038,False,Johnson V,CCD,ATE,1.33,False
3005,SN 2011BY,000-BKB-410,2455752.38488,15.542,0.037,False,Johnson V,CCD,ATE,1.34,False
3006,SN 2011BY,000-BKB-410,2455752.38562,15.613,0.040,False,Johnson V,CCD,ATE,1.34,False
3007,SN 2011BY,000-BKB-410,2455752.38636,15.634,0.041,False,Johnson V,CCD,ATE,1.34,False
3008,SN 2011BY,000-BKB-410,2455752.38710,15.562,0.041,False,Johnson V,CCD,ATE,1.35,False
3009,SN 2011BY,000-BKB-410,2455752.38785,15.544,0.034,False,Johnson V,CCD,ATE,1.35,False
3010,SN 2011BY,000-BKB-410,2455752.38862,15.494,0.036,False,Johnson V,CCD,ATE,1.35,False
3011,SN 2011BY,000-BKB-410,2455752.38937,15.622,0.039,False,Johnson V,CCD,ATE,1.36,False
3012,SN 2011BY,000-BKB-410,2455752.39011,15.456,0.036,False,Johnson V,CCD,ATE,1.36,False
3013,SN 2011BY,000-BKB-410,2455752.39085,15.530,0.037,False,Johnson V,CCD,ATE,1.36,False
3014,SN 2011BY,000-BKB-410,2455752.39159,15.505,0.035,False,Johnson V,CCD,ATE,1.37,False
3015,SN 2011BY,000-BKB-410,2455752.39233,15.591,0.040,False,Johnson V,CCD,ATE,1.37,False
3016,SN 2011BY,000-BKB-410,2455752.39311,15.506,0.037,False,Johnson V,CCD,ATE,1.37,False
3017,SN 2011BY,000-BKB-410,2455752.39385,15.527,0.034,False,Johnson V,CCD,ATE,1.38,False
3018,SN 2011BY,000-BKB-410,2455752.63446,15.570,0.133,False,Johnson V,CCD,ROE,1.436,False
3019,SN 2011BY,000-BKB-410,2455752.63590,15.387,0.122,False,Johnson V,CCD,ROE,1.443,False
3020,SN 2011BY,000-BKB-410,2455752.63819,13.3,,False,Visual,Visual,CKB,,
3021,SN 2011BY,000-BKB-410,2455752.70677,16.411,0.088,False,Johnson B,CCD,NMR,1.400,False
3022,SN 2011BY,000-BKB-410,2455752.70771,15.150,0.057,False,Cousins I,CCD,NMR,1.405,False
3023,SN 2011BY,000-BKB-410,2455752.70862,15.236,0.031,False,Cousins R,CCD,NMR,1.410,False
3024,SN 2011BY,000-BKB-410,2455752.70955,15.425,0.032,False,Johnson V,CCD,NMR,1.414,False
3025,SN 2011BY,000-BKB-410,2455753.37255,15.311,0.031,False,Johnson V,CCD,ATE,1.30,False
3026,SN 2011BY,000-BKB-410,2455753.37330,15.295,0.044,False,Johnson V,CCD,ATE,1.30,False
3027,SN 2011BY,000-BKB-410,2455753.37406,15.275,0.030,False,Johnson V,CCD,ATE,1.30,False
3028,SN 2011BY,000-BKB-410,2455753.37480,15.421,0.035,False,Johnson V,CCD,ATE,1.31,False
3029,SN 2011BY,000-BKB-410,2455753.37554,15.474,0.038,False,Johnson V,CCD,ATE,1.31,False
3030,SN 2011BY,000-BKB-410,2455753.37628,15.319,0.031,False,Johnson V,CCD,ATE,1.31,False
3031,SN 2011BY,000-BKB-410,2455753.37704,15.267,0.033,False,Johnson V,CCD,ATE,1.32,False
3032,SN 2011BY,000-BKB-410,2455753.37778,15.322,0.033,False,Johnson V,CCD,ATE,1.32,False
3033,SN 2011BY,000-BKB-410,2455753.37852,15.292,0.032,False,Johnson V,CCD,ATE,1.32,False
3034,SN 2011BY,000-BKB-410,2455753.37928,15.478,0.036,False,Johnson V,CCD,ATE,1.32,False
3035,SN 2011BY,000-BKB-410,2455753.38003,15.394,0.035,False,Johnson V,CCD,ATE,1.33,False
3036,SN 2011BY,000-BKB-410,2455753.38077,15.271,0.032,False,Johnson V,CCD,ATE,1.33,False
3037,SN 2011BY,000-BKB-410,2455753.38152,15.434,0.036,False,Johnson V,CCD,ATE,1.33,False
3038,SN 2011BY,000-BKB-410,2455753.38228,15.322,0.032,False,Johnson V,CCD,ATE,1.34,False
3039,SN 2011BY,000-BKB-410,2455753.38303,15.419,0.037,False,Johnson V,CCD,ATE,1.34,False
3040,SN 2011BY,000-BKB-410,2455753.38377,15.270,0.033,False,Johnson V,CCD,ATE,1.34,False
3041,SN 2011BY,000-BKB-410,2455753.38451,15.456,0.040,False,Johnson V,CCD,ATE,1.35,False
3042,SN 2011BY,000-BKB-410,2455753.38525,15.320,0.034,False,Johnson V,CCD,ATE,1.35,False
3043,SN 2011BY,000-BKB-410,2455753.38599,15.312,0.034,False,Johnson V,CCD,ATE,1.35,False
3044,SN 2011BY,000-BKB-410,2455753.38677,15.456,0.036,False,Johnson V,CCD,ATE,1.36,False
3045,SN 2011BY,000-BKB-410,2455753.38751,15.328,0.034,False,Johnson V,CCD,ATE,1.36,False
3046,SN 2011BY,000-BKB-410,2455753.38825,15.252,0.033,False,Johnson V,CCD,ATE,1.36,False
3047,SN 2011BY,000-BKB-410,2455753.38899,15.384,0.035,False,Johnson V,CCD,ATE,1.37,False
3048,SN 2011BY,000-BKB-410,2455753.38973,15.328,0.033,False,Johnson V,CCD,ATE,1.37,False
3049,SN 2011BY,000-BKB-410,2455753.39047,15.439,0.036,False,Johnson V,CCD,ATE,1.37,False
3050,SN 2011BY,000-BKB-410,2455753.39125,15.467,0.036,False,Johnson V,CCD,ATE,1.38,False
3051,SN 2011BY,000-BKB-410,2455753.39199,15.432,0.036,False,Johnson V,CCD,ATE,1.38,False
3052,SN 2011BY,000-BKB-410,2455753.39273,15.409,0.035,False,Johnson V,CCD,ATE,1.38,False
3053,SN 2011BY,000-BKB-410,2455753.39347,15.341,0.034,False,Johnson V,CCD,ATE,1.39,False
3054,SN 2011BY,000-BKB-410,2455753.64322,15.403,0.133,False,Johnson V,CCD,ROE,1.500,False
3055,SN 2011BY,000-BKB-410,2455753.64465,15.755,0.163,False,Johnson V,CCD,ROE,1.508,False
3056,SN 2011BY,000-BKB-410,2455753.64610,15.401,0.117,False,Johnson V,CCD,ROE,1.517,False
3057,SN 2011BY,000-BKB-410,2455754.41100,15.577,0.091,False,Johnson V,CCD,RMU,1.496,False
3058,SN 2011BY,000-BKB-410,2455754.41916,16.279,0.112,False,Johnson B,CCD,RMU,1.547,False
3059,SN 2011BY,000-BKB-410,2455754.42403,14.682,0.102,False,Cousins R,CCD,RMU,1.600,False
3060,SN 2011BY,000-BKB-410,2455754.43000,14.890,0.171,False,Cousins I,CCD,RMU,1.636,False
3061,SN 2011BY,000-BKB-410,2455755.70666,15.426,0.112,False,Cousins I,CCD,NMR,,False
3062,SN 2011BY,000-BKB-410,2455755.70758,15.455,0.067,False,Cousins R,CCD,NMR,,False
3063,SN 2011BY,000-BKB-410,2455757.38376,15.657,0.041,False,Johnson V,CCD,ATE,1.39,False
3064,SN 2011BY,000-BKB-410,2455757.38454,15.486,0.037,False,Johnson V,CCD,ATE,1.40,False
3065,SN 2011BY,000-BKB-410,2455757.38531,15.506,0.038,False,Johnson V,CCD,ATE,1.40,False
3066,SN 2011BY,000-BKB-410,2455757.38606,15.493,0.037,False,Johnson V,CCD,ATE,1.40,False
3067,SN 2011BY,000-BKB-410,2455757.38680,15.631,0.042,False,Johnson V,CCD,ATE,1.41,False
3068,SN 2011BY,000-BKB-410,2455757.38754,15.503,0.037,False,Johnson V,CCD,ATE,1.41,False
3069,SN 2011BY,000-BKB-410,2455757.38828,15.500,0.036,False,Johnson V,CCD,ATE,1.42,False
3070,SN 2011BY,000-BKB-410,2455757.38903,15.475,0.037,False,Johnson V,CCD,ATE,1.42,False
3071,SN 2011BY,000-BKB-410,2455757.38977,15.622,0.040,False,Johnson V,CCD,ATE,1.42,False
3072,SN 2011BY,000-BKB-410,2455757.39053,15.499,0.036,False,Johnson V,CCD,ATE,1.43,False
3073,SN 2011BY,000-BKB-410,2455757.39129,15.485,0.037,False,Johnson V,CCD,ATE,1.43,False
3074,SN 2011BY,000-BKB-410,2455757.39203,15.561,0.041,False,Johnson V,CCD,ATE,1.43,False
3075,SN 2011BY,000-BKB-410,2455757.39277,15.493,0.036,False,Johnson V,CCD,ATE,1.44,False
3076,SN 2011BY,000-BKB-410,2455757.39353,15.537,0.038,False,Johnson V,CCD,ATE,1.44,False
3077,SN 2011BY,000-BKB-410,2455757.39503,15.641,0.041,False,Johnson V,CCD,ATE,1.45,False
3078,SN 2011BY,000-BKB-410,2455757.39577,15.635,0.040,False,Johnson V,CCD,ATE,1.45,False
3079,SN 2011BY,000-BKB-410,2455757.39651,15.660,0.041,False,Johnson V,CCD,ATE,1.46,False
3080,SN 2011BY,000-BKB-410,2455757.39725,15.567,0.036,False,Johnson V,CCD,ATE,1.46,False
3081,SN 2011BY,000-BKB-410,2455757.39810,15.552,0.039,False,Johnson V,CCD,ATE,1.47,False
3082,SN 2011BY,000-BKB-410,2455757.39888,15.580,0.039,False,Johnson V,CCD,ATE,1.47,False
3083,SN 2011BY,000-BKB-410,2455757.39962,15.565,0.039,False,Johnson V,CCD,ATE,1.47,False
3084,SN 2011BY,000-BKB-410,2455757.40036,15.464,0.037,False,Johnson V,CCD,ATE,1.48,False
3085,SN 2011BY,000-BKB-410,2455757.40110,15.624,0.042,False,Johnson V,CCD,ATE,1.48,False
3086,SN 2011BY,000-BKB-410,2455757.40184,15.622,0.042,False,Johnson V,CCD,ATE,1.49,False
3087,SN 2011BY,000-BKB-410,2455757.40262,15.590,0.039,False,Johnson V,CCD,ATE,1.49,False
3088,SN 2011BY,000-BKB-410,2455757.40336,15.653,0.042,False,Johnson V,CCD,ATE,1.50,False
3089,SN 2011BY,000-BKB-410,2455757.40410,15.642,0.042,False,Johnson V,CCD,ATE,1.50,False
3090,SN 2011BY,000-BKB-410,2455757.40484,15.560,0.041,False,Johnson V,CCD,ATE,1.50,False
3091,SN 2011BY,000-BKB-410,2455757.40558,15.500,0.042,False,Johnson V,CCD,ATE,1.51,False
3092,SN 2011BY,000-BKB-410,2455757.40632,15.693,0.043,False,Johnson V,CCD,ATE,1.51,False
3093,SN 2011BY,000-BKB-410,2455757.40706,15.530,0.037,False,Johnson V,CCD,ATE,1.52,False
3094,SN 2011BY,000-BKB-410,2455757.40784,15.573,0.041,False,Johnson V,CCD,ATE,1.52,False
3095,SN 2011BY,000-BKB-410,2455757.40858,15.522,0.038,False,Johnson V,CCD,ATE,1.53,False
3096,SN 2011BY,000-BKB-410,2455757.40932,15.619,0.037,False,Johnson V,CCD,ATE,1.53,False
3097,SN 2011BY,000-BKB-410,2455758.38127,15.769,0.044,False,Johnson V,CCD,ATE,1.39,False
3098,SN 2011BY,000-BKB-410,2455758.38292,15.801,0.045,False,Johnson V,CCD,ATE,1.40,False
3099,SN 2011BY,000-BKB-410,2455758.38370,15.678,0.042,False,Johnson V,CCD,ATE,1.41,False
3100,SN 2011BY,000-BKB-410,2455758.38444,15.739,0.043,False,Johnson V,CCD,ATE,1.41,False
3101,SN 2011BY,000-BKB-410,2455758.38518,15.810,0.045,False,Johnson V,CCD,ATE,1.41,False
3102,SN 2011BY,000-BKB-410,2455758.38592,15.722,0.043,False,Johnson V,CCD,ATE,1.42,False
3103,SN 2011BY,000-BKB-410,2455758.38666,15.797,0.047,False,Johnson V,CCD,ATE,1.42,False
3104,SN 2011BY,000-BKB-410,2455758.38740,15.764,0.046,False,Johnson V,CCD,ATE,1.42,False
3105,SN 2011BY,000-BKB-410,2455758.38892,15.623,0.041,False,Johnson V,CCD,ATE,1.43,False
3106,SN 2011BY,000-BKB-410,2455758.38917,16.435,0.143,False,Johnson B,CCD,RMU,1.438,False
3107,SN 2011BY,000-BKB-410,2455758.38966,15.655,0.042,False,Johnson V,CCD,ATE,1.44,False
3108,SN 2011BY,000-BKB-410,2455758.39040,15.733,0.040,False,Johnson V,CCD,ATE,1.44,False
3109,SN 2011BY,000-BKB-410,2455758.39114,15.681,0.041,False,Johnson V,CCD,ATE,1.44,False
3110,SN 2011BY,000-BKB-410,2455758.39191,15.783,0.045,False,Johnson V,CCD,ATE,1.45,False
3111,SN 2011BY,000-BKB-410,2455758.39266,15.674,0.043,False,Johnson V,CCD,ATE,1.45,False
3112,SN 2011BY,000-BKB-410,2455758.39340,15.649,0.043,False,Johnson V,CCD,ATE,1.46,False
3113,SN 2011BY,000-BKB-410,2455758.39415,15.687,0.042,False,Johnson V,CCD,ATE,1.46,False
3114,SN 2011BY,000-BKB-410,2455758.39425,15.575,0.189,False,Cousins R,CCD,RMU,1.482,False
3115,SN 2011BY,000-BKB-410,2455758.39489,15.674,0.042,False,Johnson V,CCD,ATE,1.46,False
3116,SN 2011BY,000-BKB-410,2455758.39563,15.749,0.045,False,Johnson V,CCD,ATE,1.47,False
3117,SN 2011BY,000-BKB-410,2455758.39639,15.598,0.041,False,Johnson V,CCD,ATE,1.47,False
3118,SN 2011BY,000-BKB-410,2455758.39715,15.726,0.044,False,Johnson V,CCD,ATE,1.48,False
3119,SN 2011BY,000-BKB-410,2455758.39789,15.806,0.046,False,Johnson V,CCD,ATE,1.48,False
3120,SN 2011BY,000-BKB-410,2455758.39863,15.807,0.047,False,Johnson V,CCD,ATE,1.48,False
3121,SN 2011BY,000-BKB-410,2455758.39929,15.122,0.159,False,Cousins I,CCD,RMU,1.513,False
3122,SN 2011BY,000-BKB-410,2455758.39937,15.800,0.046,False,Johnson V,CCD,ATE,1.49,False
3123,SN 2011BY,000-BKB-410,2455758.40011,15.704,0.049,False,Johnson V,CCD,ATE,1.49,False
3124,SN 2011BY,000-BKB-410,2455758.40088,15.816,0.047,False,Johnson V,CCD,ATE,1.50,False
3125,SN 2011BY,000-BKB-410,2455758.40163,15.687,0.046,False,Johnson V,CCD,ATE,1.50,False
3126,SN 2011BY,000-BKB-410,2455758.40311,15.644,0.045,False,Johnson V,CCD,ATE,1.51,False
3127,SN 2011BY,000-BKB-410,2455759.37251,15.668,0.035,False,Johnson V,CCD,ATE,1.37,False
3128,SN 2011BY,000-BKB-410,2455759.37358,15.697,0.037,False,Johnson V,CCD,ATE,1.37,False
3129,SN 2011BY,000-BKB-410,2455759.37433,15.689,0.041,False,Johnson V,CCD,ATE,1.37,False
3130,SN 2011BY,000-BKB-410,2455759.37510,15.661,0.040,False,Johnson V,CCD,ATE,1.38,False
3131,SN 2011BY,000-BKB-410,2455759.37584,15.653,0.041,False,Johnson V,CCD,ATE,1.38,False
3132,SN 2011BY,000-BKB-410,2455759.37658,15.653,0.039,False,Johnson V,CCD,ATE,1.39,False
3133,SN 2011BY,000-BKB-410,2455759.37732,15.653,0.040,False,Johnson V,CCD,ATE,1.39,False
3134,SN 2011BY,000-BKB-410,2455759.37806,15.678,0.040,False,Johnson V,CCD,ATE,1.39,False
3135,SN 2011BY,000-BKB-410,2455759.37880,15.698,0.041,False,Johnson V,CCD,ATE,1.40,False
3136,SN 2011BY,000-BKB-410,2455759.37955,15.711,0.042,False,Johnson V,CCD,ATE,1.40,False
3137,SN 2011BY,000-BKB-410,2455759.38032,15.656,0.040,False,Johnson V,CCD,ATE,1.40,False
3138,SN 2011BY,000-BKB-410,2455759.38106,15.714,0.036,False,Johnson V,CCD,ATE,1.41,False
3139,SN 2011BY,000-BKB-410,2455759.38180,15.673,0.041,False,Johnson V,CCD,ATE,1.41,False
3140,SN 2011BY,000-BKB-410,2455759.38254,15.690,0.041,False,Johnson V,CCD,ATE,1.41,False
3141,SN 2011BY,000-BKB-410,2455759.38332,15.689,0.041,False,Johnson V,CCD,ATE,1.42,False
3142,SN 2011BY,000-BKB-410,2455759.38406,15.717,0.041,False,Johnson V,CCD,ATE,1.42,False
3143,SN 2011BY,000-BKB-410,2455759.38480,15.605,0.043,False,Johnson V,CCD,ATE,1.43,False
3144,SN 2011BY,000-BKB-410,2455759.38554,15.615,0.038,False,Johnson V,CCD,ATE,1.43,False
3145,SN 2011BY,000-BKB-410,2455759.38628,15.658,0.042,False,Johnson V,CCD,ATE,1.43,False
3146,SN 2011BY,000-BKB-410,2455759.38702,15.590,0.040,False,Johnson V,CCD,ATE,1.44,False
3147,SN 2011BY,000-BKB-410,2455759.38789,15.593,0.038,False,Johnson V,CCD,ATE,1.44,False
3148,SN 2011BY,000-BKB-410,2455759.38863,15.731,0.042,False,Johnson V,CCD,ATE,1.45,False
3149,SN 2011BY,000-BKB-410,2455759.38937,15.667,0.043,False,Johnson V,CCD,ATE,1.45,False
3150,SN 2011BY,000-BKB-410,2455759.39011,15.633,0.043,False,Johnson V,CCD,ATE,1.45,False
3151,SN 2011BY,000-BKB-410,2455759.39085,15.729,0.043,False,Johnson V,CCD,ATE,1.46,False
3152,SN 2011BY,000-BKB-410,2455759.39158,15.594,0.038,False,Johnson V,CCD,ATE,1.46,False
3153,SN 2011BY,000-BKB-410,2455759.39236,15.581,0.038,False,Johnson V,CCD,ATE,1.47,False
3154,SN 2011BY,000-BKB-410,2455759.63425,15.532,0.124,False,Johnson V,CCD,ROE,1.545,False
3155,SN 2011BY,000-BKB-410,2455759.70365,16.760,0.157,False,Johnson B,CCD,NMR,,False
3156,SN 2011BY,000-BKB-410,2455759.70457,15.455,0.089,False,Cousins I,CCD,NMR,,False
3157,SN 2011BY,000-BKB-410,2455759.70550,15.500,0.052,False,Cousins R,CCD,NMR,,False
3158,SN 2011BY,000-BKB-410,2455759.70642,15.666,0.051,False,Johnson V,CCD,NMR,,False
3159,SN 2011BY,000-BKB-410,2455761.70435,16.587,0.116,False,Johnson B,CCD,NMR,,False
3160,SN 2011BY,000-BKB-410,2455761.70503,15.441,0.095,False,Cousins I,CCD,NMR,,False
3161,SN 2011BY,000-BKB-410,2455761.70596,15.598,0.053,False,Cousins R,CCD,NMR,,False
3162,SN 2011BY,000-BKB-410,2455761.70689,15.879,0.059,False,Johnson V,CCD,NMR,,False
3163,SN 2011BY,000-BKB-410,2455762.40222,15.770,0.134,False,Johnson V,CCD,RMU,1.578,False
3164,SN 2011BY,000-BKB-410,2455762.40796,15.663,0.170,False,Cousins R,CCD,RMU,1.638,False
3165,SN 2011BY,000-BKB-410,2455762.41516,15.001,0.141,False,Cousins I,CCD,RMU,1.678,False
3166,SN 2011BY,000-BKB-410,2455763.37126,15.735,0.039,False,Johnson V,CCD,ATE,1.41,False
3167,SN 2011BY,000-BKB-410,2455763.37221,15.895,0.044,False,Johnson V,CCD,ATE,1.42,False
3168,SN 2011BY,000-BKB-410,2455763.37295,15.901,0.044,False,Johnson V,CCD,ATE,1.42,False
3169,SN 2011BY,000-BKB-410,2455763.37369,15.707,0.040,False,Johnson V,CCD,ATE,1.42,False
3170,SN 2011BY,000-BKB-410,2455763.37447,15.944,0.045,False,Johnson V,CCD,ATE,1.43,False
3171,SN 2011BY,000-BKB-410,2455763.37521,15.777,0.048,False,Johnson V,CCD,ATE,1.43,False
3172,SN 2011BY,000-BKB-410,2455763.37595,15.811,0.042,False,Johnson V,CCD,ATE,1.44,False
3173,SN 2011BY,000-BKB-410,2455763.37669,15.724,0.039,False,Johnson V,CCD,ATE,1.44,False
3174,SN 2011BY,000-BKB-410,2455763.37744,15.769,0.041,False,Johnson V,CCD,ATE,1.44,False
3175,SN 2011BY,000-BKB-410,2455763.37819,15.857,0.043,False,Johnson V,CCD,ATE,1.45,False
3176,SN 2011BY,000-BKB-410,2455763.37893,15.753,0.041,False,Johnson V,CCD,ATE,1.45,False
3177,SN 2011BY,000-BKB-410,2455763.37969,15.842,0.043,False,Johnson V,CCD,ATE,1.46,False
3178,SN 2011BY,000-BKB-410,2455763.38043,15.914,0.044,False,Johnson V,CCD,ATE,1.46,False
3179,SN 2011BY,000-BKB-410,2455763.38118,15.718,0.039,False,Johnson V,CCD,ATE,1.46,False
3180,SN 2011BY,000-BKB-410,2455763.38192,15.885,0.044,False,Johnson V,CCD,ATE,1.47,False
3181,SN 2011BY,000-BKB-410,2455763.38266,15.718,0.041,False,Johnson V,CCD,ATE,1.47,False
3182,SN 2011BY,000-BKB-410,2455763.38344,15.914,0.044,False,Johnson V,CCD,ATE,1.48,False
3183,SN 2011BY,000-BKB-410,2455763.38418,15.913,0.043,False,Johnson V,CCD,ATE,1.48,False
3184,SN 2011BY,000-BKB-410,2455763.38492,15.936,0.044,False,Johnson V,CCD,ATE,1.48,False
3185,SN 2011BY,000-BKB-410,2455763.42041,15.88,0.06,False,Johnson V,CCD,BDG,1.541,True
3186,SN 2011BY,000-BKB-410,2455763.42116,15.66,0.06,False,Cousins R,CCD,BDG,1.545,True
3187,SN 2011BY,000-BKB-410,2455766.44878,15.931,0.017,False,Johnson V,CCD,BDG,1.760,True
3188,SN 2011BY,000-BKB-410,2455766.44953,15.753,0.031,False,Cousins R,CCD,BDG,1.765,True
3189,SN 2011BY,000-BKB-410,2455766.61319,13.6,,False,Visual,Visual,CKB,,
3190,SN 2011BY,000-BKB-410,2455767.42637,15.935,0.032,False,Johnson V,CCD,BDG,1.636,True
3191,SN 2011BY,000-BKB-410,2455767.42711,15.823,0.042,False,Cousins R,CCD,BDG,1.640,True
3192,SN 2011BY,000-BKB-410,2455768.36283,15.826,0.046,False,Johnson V,CCD,ATE,1.44,False
3193,SN 2011BY,000-BKB-410,2455768.36388,15.899,0.036,False,Johnson V,CCD,ATE,1.45,False
3194,SN 2011BY,000-BKB-410,2455768.36462,15.841,0.044,False,Johnson V,CCD,ATE,1.45,False
3195,SN 2011BY,000-BKB-410,2455768.36540,15.850,0.041,False,Johnson V,CCD,ATE,1.45,False
3196,SN 2011BY,000-BKB-410,2455768.36614,15.974,0.043,False,Johnson V,CCD,ATE,1.46,False
3197,SN 2011BY,000-BKB-410,2455768.36688,15.859,0.045,False,Johnson V,CCD,ATE,1.46,False
3198,SN 2011BY,000-BKB-410,2455768.36762,15.842,0.047,False,Johnson V,CCD,ATE,1.47,False
3199,SN 2011BY,000-BKB-410,2455768.36836,15.946,0.043,False,Johnson V,CCD,ATE,1.47,False
3200,SN 2011BY,000-BKB-410,2455768.36910,15.835,0.047,False,Johnson V,CCD,ATE,1.47,False
3201,SN 2011BY,000-BKB-410,2455768.36985,16.022,0.052,False,Johnson V,CCD,ATE,1.48,False
3202,SN 2011BY,000-BKB-410,2455768.37062,15.823,0.063,False,Johnson V,CCD,ATE,1.48,False
3203,SN 2011BY,000-BKB-410,2455768.37136,15.949,0.045,False,Johnson V,CCD,ATE,1.49,False
3204,SN 2011BY,000-BKB-410,2455768.37210,15.880,0.048,False,Johnson V,CCD,ATE,1.49,False
3205,SN 2011BY,000-BKB-410,2455768.37284,15.907,0.046,False,Johnson V,CCD,ATE,1.49,False
3206,SN 2011BY,000-BKB-410,2455768.37362,15.832,0.047,False,Johnson V,CCD,ATE,1.50,False
3207,SN 2011BY,000-BKB-410,2455768.37436,15.795,0.044,False,Johnson V,CCD,ATE,1.50,False
3208,SN 2011BY,000-BKB-410,2455768.37510,15.800,0.046,False,Johnson V,CCD,ATE,1.51,False
3209,SN 2011BY,000-BKB-410,2455768.37584,16.014,0.051,False,Johnson V,CCD,ATE,1.51,False
3210,SN 2011BY,000-BKB-410,2455768.37659,15.872,0.048,False,Johnson V,CCD,ATE,1.52,False
3211,SN 2011BY,000-BKB-410,2455768.37744,15.835,0.048,False,Johnson V,CCD,ATE,1.52,False
3212,SN 2011BY,000-BKB-410,2455768.37821,16.030,0.053,False,Johnson V,CCD,ATE,1.53,False
3213,SN 2011BY,000-BKB-410,2455768.37899,15.873,0.049,False,Johnson V,CCD,ATE,1.53,False
3214,SN 2011BY,000-BKB-410,2455768.37973,15.817,0.047,False,Johnson V,CCD,ATE,1.54,False
3215,SN 2011BY,000-BKB-410,2455768.38047,15.968,0.051,False,Johnson V,CCD,ATE,1.54,False
3216,SN 2011BY,000-BKB-410,2455768.6993,16.1,,False,Unknown,CCD,HUR,,
3217,SN 2011by,000-BKB-410,2455769.39583,15.9,,False,Visual,Visual,STI,,
3218,SN 2011BY,000-BKB-410,2455770.42636,16.038,0.036,False,Johnson V,CCD,BDG,1.686,True
3219,SN 2011BY,000-BKB-410,2455770.42710,15.928,0.069,False,Cousins R,CCD,BDG,1.690,True
3220,SN 2011BY,000-BKB-410,2455771.41509,16.075,0.082,False,Johnson V,CCD,BDG,1.634,True
3221,SN 2011BY,000-BKB-410,2455771.41583,16.056,0.086,False,Cousins R,CCD,BDG,1.638,True
3222,SN 2011BY,000-BKB-410,2455771.4806,16.1,,False,Unknown,CCD,HUR,,
3223,SN 2011BY,000-BKB-410,2455773.40801,16.049,0.086,False,Johnson V,CCD,BDG,1.624,True
3224,SN 2011BY,000-BKB-410,2455773.40875,15.997,0.063,False,Cousins R,CCD,BDG,1.628,True
3225,SN 2011BY,000-BKB-410,2455773.4326,16.5,,False,Unknown,CCD,HUR,,
3226,SN 2011BY,000-BKB-410,2455774.38578,15.978,0.052,False,Johnson V,CCD,ATE,1.69,False
3227,SN 2011BY,000-BKB-410,2455774.38663,15.857,0.043,False,Johnson V,CCD,ATE,1.70,False
3228,SN 2011BY,000-BKB-410,2455774.38737,15.990,0.053,False,Johnson V,CCD,ATE,1.70,False
3229,SN 2011BY,000-BKB-410,2455774.38811,15.918,0.046,False,Johnson V,CCD,ATE,1.71,False
3230,SN 2011BY,000-BKB-410,2455774.38887,15.874,0.049,False,Johnson V,CCD,ATE,1.72,False
3231,SN 2011BY,000-BKB-410,2455774.38962,15.910,0.050,False,Johnson V,CCD,ATE,1.72,False
3232,SN 2011BY,000-BKB-410,2455774.39036,15.919,0.050,False,Johnson V,CCD,ATE,1.73,False
3233,SN 2011BY,000-BKB-410,2455774.39111,16.016,0.053,False,Johnson V,CCD,ATE,1.73,False
3234,SN 2011BY,000-BKB-410,2455774.39185,15.925,0.051,False,Johnson V,CCD,ATE,1.74,False
3235,SN 2011BY,000-BKB-410,2455774.39259,15.895,0.048,False,Johnson V,CCD,ATE,1.74,False
3236,SN 2011BY,000-BKB-410,2455774.39333,16.067,0.057,False,Johnson V,CCD,ATE,1.75,False
3237,SN 2011BY,000-BKB-410,2455774.39410,16.099,0.058,False,Johnson V,CCD,ATE,1.76,False
3238,SN 2011BY,000-BKB-410,2455774.39484,15.890,0.050,False,Johnson V,CCD,ATE,1.76,False
3239,SN 2011BY,000-BKB-410,2455774.39558,15.840,0.050,False,Johnson V,CCD,ATE,1.77,False
3240,SN 2011BY,000-BKB-410,2455774.39633,15.866,0.050,False,Johnson V,CCD,ATE,1.78,False
3241,SN 2011BY,000-BKB-410,2455774.39707,15.874,0.049,False,Johnson V,CCD,ATE,1.78,False
3242,SN 2011BY,000-BKB-410,2455774.39781,15.922,0.048,False,Johnson V,CCD,ATE,1.79,False
3243,SN 2011BY,000-BKB-410,2455774.39855,16.053,0.054,False,Johnson V,CCD,ATE,1.80,False
3244,SN 2011BY,000-BKB-410,2455774.39943,15.971,0.053,False,Johnson V,CCD,ATE,1.80,False
3245,SN 2011BY,000-BKB-410,2455774.40017,15.937,0.052,False,Johnson V,CCD,ATE,1.81,False
3246,SN 2011BY,000-BKB-410,2455776.42439,16.120,0.108,False,Johnson V,CCD,BDG,1.780,True
3247,SN 2011BY,000-BKB-410,2455776.42439,16.045,0.060,False,Cousins R,CCD,BDG,1.780,True
3248,SN 2011BY,000-BKB-410,2455777.44346,16.282,0.031,False,Johnson V,CCD,BDG,1.940,True
3249,SN 2011BY,000-BKB-410,2455777.44494,16.131,0.072,False,Cousins R,CCD,BDG,1.952,True
3250,SN 2011BY,000-BKB-410,2455777.45,16.0,,False,Unknown,CCD,HUR,,
3251,SN 2011BY,000-BKB-410,2455778.51950,16.256,0.099,False,Johnson V,CCD,BDG,2.671,True
3252,SN 2011BY,000-BKB-410,2455778.51951,16.156,0.106,False,Cousins R,CCD,BDG,2.671,True
3253,SN 2011BY,000-BKB-410,2455779.38958,16.2,,False,Visual,Visual,STI,,
3254,SN 2011BY,000-BKB-410,2455785.42225,16.36,0.21,False,Cousins R,CCD,BDG,1.945,True
3255,SN 2011BY,000-BKB-410,2455785.42448,16.37,0.07,False,Johnson V,CCD,BDG,1.962,True
3256,SN 2011BY,000-BKB-410,2455785.4368,16.2,,False,Unknown,CCD,HUR,,
3257,SN 2011BY,000-BKB-410,2455786.4257,16.7,,False,Unknown,CCD,HUR,,
3258,SN 2011BY,000-BKB-410,2455788.37694,16.507,0.070,False,Johnson V,CCD,BDG,1.685,True
3259,SN 2011BY,000-BKB-410,2455788.37768,16.446,0.102,False,Cousins R,CCD,BDG,1.689,True
3260,SN 2011BY,000-BKB-410,2455793.4271,16.9,,False,Unknown,CCD,HUR,,
3261,SN 2011BY,000-BKB-410,2455794.59236,13.7,,False,Visual,Visual,CKB,,
3262,SN 2011BY,000-BKB-410,2455795.36128,16.691,0.108,False,Johnson V,CCD,BDG,1.706,True
3263,SN 2011BY,000-BKB-410,2455795.36203,16.745,0.075,False,Cousins R,CCD,BDG,1.710,True
3264,SN 2011BY,000-BKB-410,2455801.59583,13.8,,False,Visual,Visual,CKB,,
