#,target,auid,jd,mag,uncertainty,fainterthan,band,type,observer,airmass,transformed
1,SN 2011FE,000-BKD-525,2455798.33333,14.5,0.5,False,Tri-Color Red,CCD,RWAA,,False
2,SN 2011FE,000-BKD-525,2455798.33333,15.5,0.5,False,Tri-Color Blue,CCD,RWAA,,False
3,PTF11kly,000-BKD-525,2455798.33333,15.0,0.5,False,Tri-Color Green,CCD,RWAA,,False
4,PTF11KLY,000-BKD-525,2455798.59267,14.890,0.076,False,Johnson V,CCD,ROE,1.420,False
5,PTF11kly,000-BKD-525,2455798.63354,14.76,0.05,False,Johnson V,CCD,HSW,,False
6,PTF11KLY,000-BKD-525,2455798.646713,15.149,0.028,False,Johnson B,CCD,SRIC,1.319,False
7,PTF11KLY,000-BKD-525,2455798.65199,14.789,0.014,False,Johnson V,CCD,SRIC,1.33,False
8,PTF11KLY,000-BKD-525,2455798.65537,14.657,0.01,False,Unfiltered with V Zeropoint,CCD,KRV,1.554,False
9,PTF11KLY,000-BKD-525,2455798.65655,14.706,0.01,False,Unfiltered with V Zeropoint,CCD,KRV,1.561,False
10,PTF11KLY,000-BKD-525,2455798.65889,14.683,0.01,False,Unfiltered with V Zeropoint,CCD,KRV,1.577,False
11,PTF11KLY,000-BKD-525,2455798.66007,14.690,0.01,False,Unfiltered with V Zeropoint,CCD,KRV,1.585,False
12,PTF11KLY,000-BKD-525,2455798.66124,14.657,0.01,False,Unfiltered with V Zeropoint,CCD,KRV,1.593,False
13,PTF11KLY,000-BKD-525,2455798.66242,14.681,0.01,False,Unfiltered with V Zeropoint,CCD,KRV,1.602,False
14,PTF11KLY,000-BKD-525,2455798.66359,14.685,0.01,False,Unfiltered with V Zeropoint,CCD,KRV,1.610,False
15,PTF11KLY,000-BKD-525,2455798.68743,14.593,0.01,False,Unfiltered with V Zeropoint,CCD,KRV,1.804,False
16,PTF11KLY,000-BKD-525,2455798.68866,14.654,0.01,False,Unfiltered with V Zeropoint,CCD,KRV,1.816,False
17,PTF11KLY,000-BKD-525,2455798.70000,14.7,,False,Unknown,Other,RR,,
18,PTF11kly,000-BKD-525,2455798.80903,14.3,,False,Unknown,Other,BRJA,,
19,SN 2011FE,000-BKD-525,2455799.30,13.8,,False,Visual,Visual,HCS,,
20,PTF11KLY,000-BKD-525,2455799.318822,13.93,0.05,False,Johnson V,CCD,NRU,1.358,False
21,SN 2011FE,000-BKD-525,2455799.32,13.9,,False,Visual,Visual,BFO,,
22,PTF11KLY,000-BKD-525,2455799.3233,13.97,0.04,False,Johnson V,CCD,NRU,1.374,False
23,PTF11KLY,000-BKD-525,2455799.329405,13.87,0.06,False,Johnson V,CCD,NRU,1.403,False
24,PTF11KLY,000-BKD-525,2455799.33424,13.89,0.05,False,Johnson V,CCD,NRU,1.423,False
25,PTF11KLY,000-BKD-525,2455799.339094,13.97,0.06,False,Johnson V,CCD,NRU,1.445,False
26,PTF11KLY,000-BKD-525,2455799.344133,13.87,0.06,False,Johnson V,CCD,NRU,1.470,False
27,PTF11KLY,000-BKD-525,2455799.349154,13.82,0.06,False,Johnson V,CCD,NRU,1.495,False
28,PTF11KLY,000-BKD-525,2455799.354118,13.86,0.06,False,Johnson V,CCD,NRU,1.521,False
29,PTF11KLY,000-BKD-525,2455799.359077,13.88,0.02,False,Johnson V,CCD,FVAA,1.24,False
30,PTF11KLY,000-BKD-525,2455799.359184,13.80,0.06,False,Johnson V,CCD,NRU,1.549,False
31,PTF11KLY,000-BKD-525,2455799.364214,13.89,0.06,False,Johnson V,CCD,NRU,1.577,False
32,PTF11KLY,000-BKD-525,2455799.369321,13.93,0.06,False,Johnson V,CCD,NRU,1.608,False
33,PTF11KLY,000-BKD-525,2455799.374355,13.79,0.06,False,Johnson V,CCD,NRU,1.639,False
34,PTF11KLY,000-BKD-525,2455799.379309,13.85,0.06,False,Johnson V,CCD,NRU,1.670,False
35,PTF11KLY,000-BKD-525,2455799.38194,14.0,,False,Visual,Visual,STI,,
36,PTF11KLY,000-BKD-525,2455799.384374,13.85,0.06,False,Johnson V,CCD,NRU,1.704,False
37,PTF11KLY,000-BKD-525,2455799.389323,13.86,0.07,False,Johnson V,CCD,NRU,1.738,False
38,PTF11KLY,000-BKD-525,2455799.394334,13.93,0.06,False,Johnson V,CCD,NRU,1.773,False
39,PTF11KLY,000-BKD-525,2455799.39945,13.84,0.07,False,Johnson V,CCD,NRU,1.810,False
40,PTF11KLY,000-BKD-525,2455799.404444,13.81,0.07,False,Johnson V,CCD,NRU,1.848,False
41,PTF11KLY,000-BKD-525,2455799.409301,13.73,0.08,False,Johnson V,CCD,NRU,1.887,False
42,PTF11KLY,000-BKD-525,2455799.41172,13.816,0.045,False,Johnson V,CCD,DAJB,1.929,False
43,PTF11KLY,000-BKD-525,2455799.41417,13.83,0.08,False,Johnson V,CCD,NRU,1.926,False
44,PTF11KLY,000-BKD-525,2455799.41633,14.13,0.04,False,Johnson B,CCD,RIV,,False
45,PTF11KLY,000-BKD-525,2455799.419036,13.98,0.08,False,Johnson V,CCD,NRU,1.968,False
46,PTF11KLY,000-BKD-525,2455799.42289,13.769,0.063,False,Johnson V,CCD,DAJB,2.057,False
47,PTF11KLY,000-BKD-525,2455799.42330,13.90,0.02,False,Johnson V,CCD,RIV,,False
48,PTF11KLY,000-BKD-525,2455799.423894,13.89,0.08,False,Johnson V,CCD,NRU,2.009,False
49,SN 2011FE,000-BKD-525,2455799.42569,13.74,0.04,False,Cousins R,CCD,KJAC,,False
50,PTF11KLY,000-BKD-525,2455799.42778,13.81,0.015,False,Johnson V,CCD,MUY,,False
51,SN 2011FE,000-BKD-525,2455799.42804,13.831,,False,Johnson V,CCD,SWQ,,False
52,PTF11KLY,000-BKD-525,2455799.428984,13.87,0.08,False,Johnson V,CCD,NRU,2.051,False
53,SN 2011FE,000-BKD-525,2455799.42986,13.84,0.03,False,Johnson V,CCD,KJAC,,False
54,PTF11kly,000-BKD-525,2455799.43333,14.18,0.03,False,Johnson B,CCD,KJAC,,False
55,SN 2011FE,000-BKD-525,2455799.43789,13.83,0.04,False,Johnson V,CCD,SNJ,,False
56,SN 2011FE,000-BKD-525,2455799.43789,14.08,0.10,False,Johnson B,CCD,SNJ,,False
57,SN 2011FE,000-BKD-525,2455799.43791,13.82,,False,Johnson V,CCD,SWQ,,False
58,PTF11KLY,000-BKD-525,2455799.529485,13.54,0.21,False,Johnson V,CCD,NRU,3.201,False
59,PTF11kly,000-BKD-525,2455799.554,13.68,0.08,False,Cousins R,CCD,RHM,,False
60,PTF11kly,000-BKD-525,2455799.560,13.73,0.08,False,Johnson V,CCD,RHM,,False
61,PTF11KLY,000-BKD-525,2455799.57639,13.66,0.02,False,Johnson V,CCD,SHA,1.38,False
62,SN 2011FE,000-BKD-525,2455799.579456,13.796,0.005,False,Unfiltered with V Zeropoint,CCD,UJHA,,False
63,PTF11KLY,000-BKD-525,2455799.57986,14.12,0.02,False,Johnson B,CCD,SHA,1.40,False
64,PTF11kly,000-BKD-525,2455799.580,13.65,0.11,False,Cousins I,CCD,RHM,,False
65,SN 2011FE,000-BKD-525,2455799.583449,13.794,0.005,False,Unfiltered with V Zeropoint,CCD,UJHA,,False
66,PTF11KLY,000-BKD-525,2455799.58403,13.68,0.03,False,Cousins I,CCD,SHA,1.42,False
67,SN 2011FE,000-BKD-525,2455799.587523,13.789,0.005,False,Unfiltered with V Zeropoint,CCD,UJHA,,False
68,PTF11kly,000-BKD-525,2455799.596,14.00,0.12,False,Johnson B,CCD,RHM,,False
69,PTF11KLY,000-BKD-525,2455799.62688,13.764,0.026,False,Johnson V,CCD,ROE,1.686,False
70,SN 2011FE,000-BKD-525,2455799.6285,13.6,,False,Visual,Visual,KRB,,
71,PTF11KLY,000-BKD-525,2455799.64243,13.923,0.037,False,Johnson B,CCD,SRIC,1.30,False
72,PTF11KLY,000-BKD-525,2455799.65093,13.712,0.009,False,Johnson V,CCD,SRIC,1.34,False
73,PTF11KLY,000-BKD-525,2455799.69448,13.638,0.011,False,Johnson V,CCD,EEY,,False
74,PTF11KLY,000-BKD-525,2455799.69653,13.4,,True,Visual,Visual,WLY,,
75,SN 2011FE,000-BKD-525,2455800.27110,13.290,0.003,False,Unfiltered with V Zeropoint,CCD,AANC,,False
76,PTF11KLY,000-BKD-525,2455800.286137,13.105,0.065,False,Johnson V,CCD,NRU,1.249,False
77,PTF11KLY,000-BKD-525,2455800.290041,13.050,0.057,False,Johnson V,CCD,NRU,1.262,False
78,PTF11KLY,000-BKD-525,2455800.294219,13.105,0.046,False,Johnson V,CCD,NRU,1.277,False
79,PTF11KLY,000-BKD-525,2455800.298068,13.202,0.041,False,Johnson V,CCD,NRU,1.290,False
80,PTF11KLY,000-BKD-525,2455800.301916,13.103,0.042,False,Johnson V,CCD,NRU,1.304,False
81,PTF11KLY,000-BKD-525,2455800.305773,13.172,0.039,False,Johnson V,CCD,NRU,1.318,False
82,PTF11KLY,000-BKD-525,2455800.309619,13.190,0.040,False,Johnson V,CCD,NRU,1.333,False
83,PTF11KLY,000-BKD-525,2455800.313469,13.067,0.041,False,Johnson V,CCD,NRU,1.348,False
84,PTF11KLY,000-BKD-525,2455800.317499,13.171,0.040,False,Johnson V,CCD,NRU,1.364,False
85,PTF11KLY,000-BKD-525,2455800.321606,13.151,0.043,False,Johnson V,CCD,NRU,1.382,False
86,PTF11KLY,000-BKD-525,2455800.325682,13.116,0.043,False,Johnson V,CCD,NRU,1.400,False
87,PTF11KLY,000-BKD-525,2455800.329876,13.167,0.042,False,Johnson V,CCD,NRU,1.418,False
88,SN 2011FE,000-BKD-525,2455800.33,13.0,,False,Visual,Visual,GGZ,,
89,PTF11KLY,000-BKD-525,2455800.333911,13.122,0.043,False,Johnson V,CCD,NRU,1.437,False
90,PTF11KLY,000-BKD-525,2455800.337972,13.109,0.045,False,Johnson V,CCD,NRU,1.457,False
91,PTF11KLY,000-BKD-525,2455800.3389,13.0,,False,Visual,Visual,KWO,,
92,PTF11KLY,000-BKD-525,2455800.341932,13.185,0.042,False,Johnson V,CCD,NRU,1.477,False
93,PTF11KLY,000-BKD-525,2455800.345924,13.097,0.044,False,Johnson V,CCD,NRU,1.497,False
94,PTF11KLY,000-BKD-525,2455800.34989,13.125,0.047,False,Johnson V,CCD,NRU,1.518,False
95,PTF11KLY,000-BKD-525,2455800.35386,13.095,0.044,False,Johnson V,CCD,NRU,1.539,False
96,PTF11KLY,000-BKD-525,2455800.357869,13.116,0.044,False,Johnson V,CCD,NRU,1.562,False
97,SN 2011FE,000-BKD-525,2455800.358,13.1,,False,Visual,Visual,PIJ,,
98,PTF11KLY,000-BKD-525,2455800.36157,13.100,0.014,False,Johnson V,CCD,ATE,1.44,False
99,PTF11KLY,000-BKD-525,2455800.36184,13.170,0.043,False,Johnson V,CCD,NRU,1.585,False
100,PTF11KLY,000-BKD-525,2455800.36251,13.079,0.014,False,Johnson V,CCD,ATE,1.45,False
101,PTF11KLY,000-BKD-525,2455800.36325,13.103,0.014,False,Johnson V,CCD,ATE,1.45,False
102,SN 2011FE,000-BKD-525,2455800.36387,12.99,0.004,False,Cousins R,CCD,CPG,1.77,False
103,PTF11KLY,000-BKD-525,2455800.36406,13.075,0.014,False,Johnson V,CCD,ATE,1.46,False
104,PTF11KLY,000-BKD-525,2455800.36483,13.091,0.014,False,Johnson V,CCD,ATE,1.46,False
105,SN 2011FE,000-BKD-525,2455800.365,13.2,,False,Unfiltered with V Zeropoint,CCD,MOBM,,
106,PTF11KLY,000-BKD-525,2455800.36557,13.066,0.014,False,Johnson V,CCD,ATE,1.47,False
107,PTF11KLY,000-BKD-525,2455800.36576,13.137,0.016,False,Johnson V,CCD,MIW,,False
108,PTF11KLY,000-BKD-525,2455800.365807,13.036,0.046,False,Johnson V,CCD,NRU,1.608,False
109,PTF11KLY,000-BKD-525,2455800.36631,13.083,0.014,False,Johnson V,CCD,ATE,1.47,False
110,PTF11KLY,000-BKD-525,2455800.36706,13.089,0.014,False,Johnson V,CCD,ATE,1.48,False
111,PTF11kly,000-BKD-525,2455800.36756,13.11,0.005,False,Johnson V,CCD,CPG,1.79,False
112,PTF11KLY,000-BKD-525,2455800.36782,13.077,0.014,False,Johnson V,CCD,ATE,1.48,False
113,PTF11KLY,000-BKD-525,2455800.36849,13.111,0.017,False,Johnson V,CCD,SJAR,1.538,False
114,PTF11KLY,000-BKD-525,2455800.36857,13.071,0.014,False,Johnson V,CCD,ATE,1.48,False
115,PTF11KLY,000-BKD-525,2455800.36922,12.994,0.016,False,Cousins R,CCD,SJAR,1.541,False
116,PTF11KLY,000-BKD-525,2455800.36931,13.099,0.014,False,Johnson V,CCD,ATE,1.49,False
117,PTF11KLY,000-BKD-525,2455800.369795,13.140,0.043,False,Johnson V,CCD,NRU,1.632,False
118,PTF11KLY,000-BKD-525,2455800.36995,13.426,0.042,False,Johnson B,CCD,SJAR,1.544,False
119,PTF11KLY,000-BKD-525,2455800.37005,13.074,0.014,False,Johnson V,CCD,ATE,1.49,False
120,SN 2011FE,000-BKD-525,2455800.37060,13.45,0.007,False,Johnson B,CCD,CPG,1.80,False
121,PTF11KLY,000-BKD-525,2455800.37068,12.982,0.042,False,Cousins I,CCD,SJAR,1.547,False
122,PTF11KLY,000-BKD-525,2455800.37082,13.082,0.014,False,Johnson V,CCD,ATE,1.50,False
123,PTF11KLY,000-BKD-525,2455800.37120,13.315,0.022,False,Johnson B,CCD,MIW,,False
124,PTF11KLY,000-BKD-525,2455800.37141,13.108,0.017,False,Johnson V,CCD,SJAR,1.550,False
125,PTF11KLY,000-BKD-525,2455800.37157,13.077,0.014,False,Johnson V,CCD,ATE,1.50,False
126,PTF11KLY,000-BKD-525,2455800.37214,12.973,0.016,False,Cousins R,CCD,SJAR,1.553,False
127,PTF11KLY,000-BKD-525,2455800.37231,13.082,0.014,False,Johnson V,CCD,ATE,1.51,False
128,PTF11KLY,000-BKD-525,2455800.37286,13.399,0.042,False,Johnson B,CCD,SJAR,1.556,False
129,PTF11KLY,000-BKD-525,2455800.37305,13.065,0.014,False,Johnson V,CCD,ATE,1.51,False
130,PTF11KLY,000-BKD-525,2455800.37359,12.962,0.043,False,Cousins I,CCD,SJAR,1.559,False
131,PTF11KLY,000-BKD-525,2455800.373758,13.049,0.046,False,Johnson V,CCD,NRU,1.657,False
132,PTF11KLY,000-BKD-525,2455800.37379,13.069,0.014,False,Johnson V,CCD,ATE,1.51,False
133,PTF11KLY,000-BKD-525,2455800.37433,13.148,0.030,False,Johnson V,CCD,SJAR,1.563,False
134,PTF11KLY,000-BKD-525,2455800.37453,13.087,0.014,False,Johnson V,CCD,ATE,1.52,False
135,PTF11KLY,000-BKD-525,2455800.37469,13.118,0.032,False,Johnson V,CCD,RMU,1.518,False
136,PTF11KLY,000-BKD-525,2455800.37506,12.996,0.016,False,Cousins R,CCD,SJAR,1.566,False
137,PTF11KLY,000-BKD-525,2455800.37527,13.075,0.014,False,Johnson V,CCD,ATE,1.52,False
138,PTF11KLY,000-BKD-525,2455800.37578,13.426,0.041,False,Johnson B,CCD,SJAR,1.569,False
139,PTF11KLY,000-BKD-525,2455800.37601,13.069,0.014,False,Johnson V,CCD,ATE,1.53,False
140,PTF11KLY,000-BKD-525,2455800.37651,12.932,0.041,False,Cousins I,CCD,SJAR,1.572,False
141,PTF11KLY,000-BKD-525,2455800.37679,13.055,0.014,False,Johnson V,CCD,ATE,1.53,False
142,PTF11KLY,000-BKD-525,2455800.37753,13.044,0.014,False,Johnson V,CCD,ATE,1.54,False
143,PTF11KLY,000-BKD-525,2455800.377725,13.056,0.049,False,Johnson V,CCD,NRU,1.683,False
144,PTF11KLY,000-BKD-525,2455800.37827,13.039,0.014,False,Johnson V,CCD,ATE,1.54,False
145,SN 2011FE,000-BKD-525,2455800.3785,12.8,,False,Visual,Visual,MZS,,
146,PTF11KLY,000-BKD-525,2455800.37901,13.066,0.014,False,Johnson V,CCD,ATE,1.55,False
147,PTF11KLY,000-BKD-525,2455800.37975,13.069,0.014,False,Johnson V,CCD,ATE,1.55,False
148,PTF11KLY,000-BKD-525,2455800.38049,13.085,0.014,False,Johnson V,CCD,ATE,1.56,False
149,PTF11KLY,000-BKD-525,2455800.38123,13.077,0.014,False,Johnson V,CCD,ATE,1.56,False
150,PTF11KLY,000-BKD-525,2455800.38201,13.058,0.014,False,Johnson V,CCD,ATE,1.57,False
151,PTF11KLY,000-BKD-525,2455800.382096,13.155,0.048,False,Johnson V,CCD,NRU,1.712,False
152,PTF11KLY,000-BKD-525,2455800.38275,13.061,0.017,False,Johnson V,CCD,ATE,1.57,False
153,PTF11KLY,000-BKD-525,2455800.38349,13.048,0.014,False,Johnson V,CCD,ATE,1.58,False
154,PTF11KLY,000-BKD-525,2455800.38423,13.059,0.014,False,Johnson V,CCD,ATE,1.58,False
155,PTF11KLY,000-BKD-525,2455800.38498,13.040,0.014,False,Johnson V,CCD,ATE,1.59,False
156,PTF11KLY,000-BKD-525,2455800.385978,13.121,0.049,False,Johnson V,CCD,NRU,1.739,False
157,PTF11KLY,000-BKD-525,2455800.389804,13.062,0.049,False,Johnson V,CCD,NRU,1.766,False
158,PTF11KLY,000-BKD-525,2455800.393943,13.108,0.050,False,Johnson V,CCD,NRU,1.794,False
159,PTF11KLY,000-BKD-525,2455800.397847,13.145,0.053,False,Johnson V,CCD,NRU,1.825,False
160,PTF11KLY,000-BKD-525,2455800.39931,13.03,0.012,False,Johnson V,CCD,MUY,,False
161,SN 2011FE,000-BKD-525,2455800.39934,13.089,,False,Johnson V,CCD,SWQ,,False
162,SN 2011FE,000-BKD-525,2455800.40088,13.081,0.003,False,Johnson V,CCD,SDI,1.442,False
163,PTF11KLY,000-BKD-525,2455800.401688,13.053,0.058,False,Johnson V,CCD,NRU,1.854,False
164,PTF11KLY,000-BKD-525,2455800.405536,13.050,0.061,False,Johnson V,CCD,NRU,1.885,False
165,SN 2011FE,000-BKD-525,2455800.4118,12.9,,False,Visual,Visual,PYG,,
166,SN 2011FE,000-BKD-525,2455800.41200,12.90,,False,Johnson V,CCD,PYG,,False
167,SN 2011FE,000-BKD-525,2455800.41806,13.34,0.02,False,Johnson B,CCD,KJAC,,False
168,SN 2011FE,000-BKD-525,2455800.42153,13.04,0.02,False,Johnson V,CCD,KJAC,,False
169,SN 2011FE,000-BKD-525,2455800.42500,12.95,0.03,False,Cousins R,CCD,KJAC,,False
170,SN 2011FE,000-BKD-525,2455800.43125,13.3,0.02,False,Unfiltered with V Zeropoint,CCD,PAI,,False
171,SN 2011FE,000-BKD-525,2455800.56250,12.93,0.01,False,Johnson V,CCD,SHA,1.33,False
172,PTF11KLY,000-BKD-525,2455800.566,13.21,0.10,False,Johnson B,CCD,RHM,,False
173,SN 2011FE,000-BKD-525,2455800.56667,13.31,0.01,False,Johnson B,CCD,SHA,1.35,False
174,SN 2011FE,000-BKD-525,2455800.56875,12.93,0.02,False,Cousins I,CCD,SHA,1.36,False
175,SN 2011FE,000-BKD-525,2455800.569745,13.061,0.008,False,Unfiltered with V Zeropoint,CCD,UJHA,,False
176,SN 2011FE,000-BKD-525,2455800.57375,13.053,0.008,False,Unfiltered with V Zeropoint,CCD,UJHA,,False
177,SN 2011FE,000-BKD-525,2455800.577581,13.067,0.007,False,Unfiltered with V Zeropoint,CCD,UJHA,,False
178,PTF11KLY,000-BKD-525,2455800.581,13.01,0.05,False,Johnson V,CCD,RHM,,False
179,SN 2011FE,000-BKD-525,2455800.582002,13.029,0.007,False,Unfiltered with V Zeropoint,CCD,UJHA,,False
180,PTF11KLY,000-BKD-525,2455800.590,12.90,0.09,False,Cousins I,CCD,RHM,,False
181,SN 2011FE,000-BKD-525,2455800.59722,13.22,0.05,False,Johnson B,CCD,GNZ,,False
182,SN 2011FE,000-BKD-525,2455800.59722,13.00,0.03,False,Johnson V,CCD,GNZ,,False
183,SN 2011FE,000-BKD-525,2455800.59722,12.58,0.04,False,Cousins R,CCD,GNZ,,False
184,PTF11KLY,000-BKD-525,2455800.600,12.90,0.07,False,Cousins R,CCD,RHM,,False
185,PTF11KLY,000-BKD-525,2455800.6097,12.9,,False,Visual,Visual,BTB,,
186,SN 2011FE,000-BKD-525,2455800.621377,12.962,0.006,False,Johnson V,CCD,STIA,1.520,False
187,SN 2011FE,000-BKD-525,2455800.639375,13.323,0.011,False,Johnson B,CCD,STIA,1.637,False
188,SN 2011FE,000-BKD-525,2455800.6639,12.8,,False,Visual,Visual,KRB,,
189,PTF11KLY,000-BKD-525,2455800.68532,12.921,0.0427,False,Johnson V,CCD,TDW,1.320,False
190,PTF11KLY,000-BKD-525,2455800.6897,12.809,0.0273,False,Cousins R,CCD,TDW,1.334,False
191,PTF11KLY,000-BKD-525,2455800.69739,12.817,0.0536,False,Cousins I,CCD,TDW,1.378,False
192,SN 2011FE,000-BKD-525,2455800.70139,12.5,,False,Visual,Visual,SGE,,
193,PTF11kly,000-BKD-525,2455800.70200,13.169,0.0837,False,Johnson B,CCD,TDW,1.394,False
194,PTF11KLY,000-BKD-525,2455800.71389,12.7,,False,Visual,Visual,WLY,,
195,PTF11kly,000-BKD-525,2455800.7292,12.6,,False,Visual,Visual,DJX,,
196,SN 2011FE,000-BKD-525,2455800.74306,12.6,,False,Visual,Visual,PAH,,
197,PTF11KLY,000-BKD-525,2455800.75807,13.049,0.062,False,Johnson B,CCD,SRIC,2.11,False
198,SN 2011FE,000-BKD-525,2455800.75972,12.6,,False,Visual,Visual,HUZ,,
199,PTF11KLY,000-BKD-525,2455800.76654,12.944,0.012,False,Johnson V,CCD,SRIC,2.21,False
200,SN 2011FE,000-BKD-525,2455800.77917,13.0,,False,Visual,Visual,RR,,
201,PTF11kly,000-BKD-525,2455800.81474,12.83,0.01,False,Cousins R,CCD,RIJ,,False
202,PTF11kly,000-BKD-525,2455800.81707,12.94,0.02,False,Johnson V,CCD,RIJ,,False
203,SN 2011FE,000-BKD-525,2455801.3160,12.7,,False,Visual,Visual,DPV,,
204,SN 2011FE,000-BKD-525,2455801.3194,12.3,,False,Visual,Visual,PLP,,
205,PTF11KLY,000-BKD-525,2455801.33056,12.57,,False,Unknown,Other,VKN,,
206,SN 2011FE,000-BKD-525,2455801.34451,12.530,0.011,False,Johnson V,CCD,ATE,1.37,False
207,SN 2011FE,000-BKD-525,2455801.34540,12.480,0.011,False,Johnson V,CCD,ATE,1.38,False
208,PTF11kly,000-BKD-525,2455801.3458,13.3,,False,Visual,Visual,LCR,,
209,SN 2011FE,000-BKD-525,2455801.34614,12.485,0.011,False,Johnson V,CCD,ATE,1.38,False
210,SN 2011FE,000-BKD-525,2455801.34688,12.527,0.011,False,Johnson V,CCD,ATE,1.38,False
211,SN 2011FE,000-BKD-525,2455801.34762,12.502,0.011,False,Johnson V,CCD,ATE,1.39,False
212,SN 2011FE,000-BKD-525,2455801.34836,12.527,0.011,False,Johnson V,CCD,ATE,1.39,False
213,SN 2011FE,000-BKD-525,2455801.34910,12.506,0.011,False,Johnson V,CCD,ATE,1.39,False
214,SN 2011FE,000-BKD-525,2455801.34988,12.508,0.011,False,Johnson V,CCD,ATE,1.40,False
215,SN 2011FE,000-BKD-525,2455801.3500,12.5,,False,Visual,Visual,KWO,,
216,SN 2011FE,000-BKD-525,2455801.35062,12.508,0.011,False,Johnson V,CCD,ATE,1.40,False
217,SN 2011FE,000-BKD-525,2455801.35136,12.520,0.011,False,Johnson V,CCD,ATE,1.41,False
218,SN 2011FE,000-BKD-525,2455801.35210,12.481,0.011,False,Johnson V,CCD,ATE,1.41,False
219,SN 2011FE,000-BKD-525,2455801.35287,12.508,0.011,False,Johnson V,CCD,ATE,1.41,False
220,SN 2011FE,000-BKD-525,2455801.35361,12.488,0.011,False,Johnson V,CCD,ATE,1.42,False
221,SN 2011FE,000-BKD-525,2455801.35417,12.6,,False,Visual,Visual,WKL,,
222,SN 2011FE,000-BKD-525,2455801.35438,12.507,0.010,False,Johnson V,CCD,ATE,1.42,False
223,SN 2011FE,000-BKD-525,2455801.35513,12.482,0.010,False,Johnson V,CCD,ATE,1.43,False
224,SN 2011FE,000-BKD-525,2455801.35588,12.481,0.011,False,Johnson V,CCD,ATE,1.43,False
225,SN 2011FE,000-BKD-525,2455801.35662,12.506,0.011,False,Johnson V,CCD,ATE,1.43,False
226,SN 2011FE,000-BKD-525,2455801.35736,12.526,0.011,False,Johnson V,CCD,ATE,1.44,False
227,PTF11KLY,000-BKD-525,2455801.35764,12.31,0.02,False,Unfiltered with R Zeropoint,CCD,NOT,,False
228,SN 2011FE,000-BKD-525,2455801.35811,12.496,0.011,False,Johnson V,CCD,ATE,1.44,False
229,SN 2011FE,000-BKD-525,2455801.35885,12.497,0.011,False,Johnson V,CCD,ATE,1.45,False
230,SN 2011FE,000-BKD-525,2455801.35962,12.487,0.011,False,Johnson V,CCD,ATE,1.45,False
231,SN 2011FE,000-BKD-525,2455801.36036,12.483,0.011,False,Johnson V,CCD,ATE,1.45,False
232,SN 2011FE,000-BKD-525,2455801.3604,12.5,,False,Visual,Visual,GZN,,
233,SN 2011FE,000-BKD-525,2455801.36110,12.511,0.011,False,Johnson V,CCD,ATE,1.46,False
234,SN 2011FE,000-BKD-525,2455801.36192,12.477,0.011,False,Johnson V,CCD,ATE,1.46,False
235,SN 2011FE,000-BKD-525,2455801.36267,12.500,0.011,False,Johnson V,CCD,ATE,1.47,False
236,SN 2011FE,000-BKD-525,2455801.36341,12.497,0.011,False,Johnson V,CCD,ATE,1.47,False
237,SN 2011FE,000-BKD-525,2455801.36418,12.494,0.010,False,Johnson V,CCD,ATE,1.47,False
238,SN 2011FE,000-BKD-525,2455801.36492,12.480,0.011,False,Johnson V,CCD,ATE,1.48,False
239,SN 2011FE,000-BKD-525,2455801.36566,12.486,0.011,False,Johnson V,CCD,ATE,1.48,False
240,SN 2011FE,000-BKD-525,2455801.36644,12.488,0.011,False,Johnson V,CCD,ATE,1.49,False
241,SN 2011FE,000-BKD-525,2455801.36718,12.529,0.011,False,Johnson V,CCD,ATE,1.49,False
242,SN 2011FE,000-BKD-525,2455801.36792,12.496,0.011,False,Johnson V,CCD,ATE,1.50,False
243,SN 2011FE,000-BKD-525,2455801.36866,12.517,0.011,False,Johnson V,CCD,ATE,1.50,False
244,SN 2011FE,000-BKD-525,2455801.369,12.884,0.012,False,Johnson B,CCD,OAR,,False
245,SN 2011FE,000-BKD-525,2455801.36940,12.510,0.011,False,Johnson V,CCD,ATE,1.50,False
246,SN 2011FE,000-BKD-525,2455801.37,12.3,,False,Visual,Visual,PUJ,,
247,SN 2011FE,000-BKD-525,2455801.37153,12.1,,False,Visual,Visual,CVJ,,
248,PTF11kly,000-BKD-525,2455801.37448,12.54,0.005,False,Johnson V,CCD,CPG,1.88,False
249,SN 2011FE,000-BKD-525,2455801.37758,12.29,0.004,False,Cousins R,CCD,CPG,1.91,False
250,PTF11KLY,000-BKD-525,2455801.38194,12.4,,False,Visual,Visual,EMA,,
251,SN 2011FE,000-BKD-525,2455801.38384,12.573,0.031,False,Johnson V,CCD,RMU,1.622,False
252,SN 2011FE,000-BKD-525,2455801.385,12.672,0.035,False,Johnson V,CCD,OAR,,False
253,SN 2011FE,000-BKD-525,2455801.38799,12.691,0.031,False,Johnson B,CCD,RMU,1.643,False
254,SN 2011FE,000-BKD-525,2455801.38889,12.6,,False,Visual,Visual,STI,,
255,SN 2011FE,000-BKD-525,2455801.39096,12.407,0.036,False,Cousins R,CCD,RMU,1.675,False
256,SN 2011FE,000-BKD-525,2455801.39416,12.345,0.030,False,Cousins I,CCD,RMU,1.700,False
257,PTF11KLY,000-BKD-525,2455801.39653,12.45,0.015,False,Johnson V,CCD,MUY,,False
258,SN 2011FE,000-BKD-525,2455801.397,12.47,,False,Johnson V,CCD,PYG,,False
259,SN 2011FE,000-BKD-525,2455801.398,12.599,0.024,False,Cousins R,CCD,OAR,,False
260,SN 2011FE,000-BKD-525,2455801.401,12.6,,False,Visual,Visual,PYG,,
261,PTF11kly,000-BKD-525,2455801.42222,12.426,0.02,False,Johnson V,CCD,GQR,,False
262,SN 2011FE,000-BKD-525,2455801.44560,12.448,,False,Johnson V,CCD,SWQ,,False
263,SN 2011FE,000-BKD-525,2455801.5278,12.8,,False,Visual,Visual,VSD,,
264,SN 2011FE,000-BKD-525,2455801.559167,12.490,0.008,False,Unfiltered with V Zeropoint,CCD,UJHA,,False
265,SN 2011FE,000-BKD-525,2455801.563414,12.493,0.006,False,Unfiltered with V Zeropoint,CCD,UJHA,,False
266,SN 2011FE,000-BKD-525,2455801.567257,12.489,0.005,False,Unfiltered with V Zeropoint,CCD,UJHA,,False
267,SN 2011FE,000-BKD-525,2455801.571123,12.472,0.005,False,Unfiltered with V Zeropoint,CCD,UJHA,,False
268,SN 2011FE,000-BKD-525,2455801.575,12.471,0.004,False,Unfiltered with V Zeropoint,CCD,UJHA,,False
269,SN 2011FE,000-BKD-525,2455801.57778,12.37,0.02,False,Johnson V,CCD,SHA,1.41,False
270,PTF11KLY,000-BKD-525,2455801.57817,12.507,0.007,False,Johnson V,CCD,ROE,1.388,False
271,PTF11KLY,000-BKD-525,2455801.57863,12.543,0.007,False,Johnson V,CCD,ROE,1.390,False
272,SN 2011FE,000-BKD-525,2455801.578935,12.479,0.004,False,Unfiltered with V Zeropoint,CCD,UJHA,,False
273,SN 2011FE,000-BKD-525,2455801.57917,12.69,0.02,False,Johnson B,CCD,SHA,1.42,False
274,PTF11KLY,000-BKD-525,2455801.57958,12.503,0.007,False,Johnson V,CCD,ROE,1.395,False
275,PTF11KLY,000-BKD-525,2455801.58005,12.528,0.007,False,Johnson V,CCD,ROE,1.397,False
276,PTF11KLY,000-BKD-525,2455801.58051,12.510,0.007,False,Johnson V,CCD,ROE,1.399,False
277,PTF11KLY,000-BKD-525,2455801.58097,12.463,0.007,False,Johnson V,CCD,ROE,1.402,False
278,PTF11KLY,000-BKD-525,2455801.58142,12.505,0.007,False,Johnson V,CCD,ROE,1.404,False
279,PTF11KLY,000-BKD-525,2455801.58189,12.516,0.007,False,Johnson V,CCD,ROE,1.406,False
280,PTF11KLY,000-BKD-525,2455801.58234,12.496,0.007,False,Johnson V,CCD,ROE,1.409,False
281,SN 2011FE,000-BKD-525,2455801.582813,12.472,0.004,False,Unfiltered with V Zeropoint,CCD,UJHA,,False
282,SN 2011FE,000-BKD-525,2455801.58472,12.33,0.03,False,Cousins I,CCD,SHA,1.45,False
283,SN 2011FE,000-BKD-525,2455801.58472,12.1,,False,Visual,Visual,CKB,,
284,SN 2011FE,000-BKD-525,2455801.60103,12.453,0.016,False,Johnson V,CCD,HOA,,False
285,PTF11kly,000-BKD-525,2455801.60152,12.75,0.03,False,Unfiltered with V Zeropoint,CCD,HSW,,False
286,SN 2011FE,000-BKD-525,2455801.60222,12.437,0.029,False,Johnson V,CCD,HOA,,False
287,SN 2011FE,000-BKD-525,2455801.60343,12.394,0.017,False,Johnson V,CCD,HOA,,False
288,SN 2011FE,000-BKD-525,2455801.60462,12.421,0.015,False,Johnson V,CCD,HOA,,False
289,SN 2011FE,000-BKD-525,2455801.60582,12.468,0.016,False,Johnson V,CCD,HOA,,False
290,SN 2011FE,000-BKD-525,2455801.626852,12.399,0.005,False,Johnson V,CCD,STIA,1.588,False
291,SN 2011FE,000-BKD-525,2455801.63125,12.5,,False,Visual,Visual,WLY,,
292,SN 2011FE,000-BKD-525,2455801.641192,12.672,0.009,False,Johnson B,CCD,STIA,1.681,False
293,SN 2011FE,000-BKD-525,2455801.67708,12.4,,False,Visual,Visual,SGE,,
294,PTF11KLY,000-BKD-525,2455801.68595,12.409,0.0052,False,Johnson V,CCD,TDW,1.491,False
295,SN 2011FE,000-BKD-525,2455801.69653,12.5,,False,Visual,Visual,HUZ,,
296,SN 2011FE,000-BKD-525,2455801.7069,12.3,,False,Visual,Visual,KRB,,
297,SN 2011FE,000-BKD-525,2455801.72153,12.3,,False,Unknown,Other,RR,,
298,SN 2011FE,000-BKD-525,2455801.73681,12.5,,False,Visual,Visual,PAH,,
299,SN 2011FE,000-BKD-525,2455801.7518,12.500,0.027,False,Johnson B,CCD,DJX,1.956,True
300,SN 2011FE,000-BKD-525,2455801.7520,12.391,0.025,False,Johnson V,CCD,DJX,1.951,True
301,SN 2011FE,000-BKD-525,2455801.7522,12.362,0.051,False,Cousins R,CCD,DJX,1.961,True
302,PTF11KLY,000-BKD-525,2455801.78264,12.3,,False,Unknown,Other,BRJA,,
303,PTF11KLY,000-BKD-525,2455802.285792,12.109,0.047,False,Johnson V,CCD,NRU,1.266,False
304,PTF11KLY,000-BKD-525,2455802.289555,12.082,0.043,False,Johnson V,CCD,NRU,1.280,False
305,PTF11KLY,000-BKD-525,2455802.293153,12.200,0.037,False,Johnson V,CCD,NRU,1.292,False
306,PTF11KLY,000-BKD-525,2455802.296707,12.143,0.037,False,Johnson V,CCD,NRU,1.306,False
307,SN 2011FE,000-BKD-525,2455802.30,12.0,,False,Visual,Visual,HCS,,
308,PTF11KLY,000-BKD-525,2455802.300183,12.048,0.038,False,Johnson V,CCD,NRU,1.319,False
309,PTF11KLY,000-BKD-525,2455802.303696,12.101,0.039,False,Johnson V,CCD,NRU,1.332,False
310,PTF11KLY,000-BKD-525,2455802.307688,12.149,0.034,False,Johnson V,CCD,NRU,1.348,False
311,PTF11KLY,000-BKD-525,2455802.311304,12.141,0.035,False,Johnson V,CCD,NRU,1.363,False
312,PTF11KLY,000-BKD-525,2455802.31491,12.129,0.035,False,Johnson V,CCD,NRU,1.378,False
313,PTF11KLY,000-BKD-525,2455802.318529,12.477,0.042,False,Johnson V,CCD,NRU,1.394,False
314,PTF11KLY,000-BKD-525,2455802.322149,12.177,0.034,False,Johnson V,CCD,NRU,1.410,False
315,PTF11KLY,000-BKD-525,2455802.326047,12.120,0.034,False,Johnson V,CCD,NRU,1.427,False
316,SN 2011FE,000-BKD-525,2455802.3271,12.1,,False,Visual,Visual,KWO,,
317,SN 2011FE,000-BKD-525,2455802.32778,12.2,,False,Visual,Visual,SJZ,,
318,PTF11KLY,000-BKD-525,2455802.33008,12.109,0.034,False,Johnson V,CCD,NRU,1.446,False
319,PTF11KLY,000-BKD-525,2455802.334148,12.102,0.034,False,Johnson V,CCD,NRU,1.465,False
320,PTF11KLY,000-BKD-525,2455802.338148,12.093,0.035,False,Johnson V,CCD,NRU,1.486,False
321,PTF11KLY,000-BKD-525,2455802.342169,12.023,0.038,False,Johnson V,CCD,NRU,1.506,False
322,SN 2011FE,000-BKD-525,2455802.34251,12.020,0.009,False,Johnson V,CCD,ATE,1.38,False
323,SN 2011FE,000-BKD-525,2455802.34341,12.028,0.009,False,Johnson V,CCD,ATE,1.38,False
324,SN 2011FE,000-BKD-525,2455802.34449,12.023,0.008,False,Johnson V,CCD,ATE,1.39,False
325,SN 2011FE,000-BKD-525,2455802.34538,12.039,0.009,False,Johnson V,CCD,ATE,1.39,False
326,SN 2011FE,000-BKD-525,2455802.34619,12.061,0.009,False,Johnson V,CCD,ATE,1.39,False
327,PTF11KLY,000-BKD-525,2455802.346198,12.082,0.035,False,Johnson V,CCD,NRU,1.528,False
328,SN 2011FE,000-BKD-525,2455802.34694,12.067,0.009,False,Johnson V,CCD,ATE,1.40,False
329,SN 2011FE,000-BKD-525,2455802.347,11.6,,False,Visual,Visual,TOZ,,
330,SN 2011FE,000-BKD-525,2455802.34722,12.1,,False,Visual,Visual,OJR,,
331,SN 2011FE,000-BKD-525,2455802.34768,12.047,0.009,False,Johnson V,CCD,ATE,1.40,False
332,SN 2011FE,000-BKD-525,2455802.34842,12.072,0.009,False,Johnson V,CCD,ATE,1.41,False
333,SN 2011FE,000-BKD-525,2455802.34917,12.055,0.009,False,Johnson V,CCD,ATE,1.41,False
334,SN 2011FE,000-BKD-525,2455802.34991,12.025,0.009,False,Johnson V,CCD,ATE,1.41,False
335,PTF11KLY,000-BKD-525,2455802.350238,12.079,0.036,False,Johnson V,CCD,NRU,1.550,False
336,SN 2011FE,000-BKD-525,2455802.35065,12.040,0.009,False,Johnson V,CCD,ATE,1.42,False
337,SN 2011FE,000-BKD-525,2455802.35141,12.066,0.009,False,Johnson V,CCD,ATE,1.42,False
338,SN 2011FE,000-BKD-525,2455802.352,11.9,,False,Visual,Visual,PIJ,,
339,2011FE,000-BKD-525,2455802.35208,11.9,,False,Visual,Visual,HEK,,
340,SN 2011FE,000-BKD-525,2455802.35216,12.024,0.009,False,Johnson V,CCD,ATE,1.42,False
341,PTF11KLY,000-BKD-525,2455802.352878,13.74,0.02,False,Johnson V,CCD,FVAA,1.25,False
342,SN 2011FE,000-BKD-525,2455802.35290,12.062,0.009,False,Johnson V,CCD,ATE,1.43,False
343,SN 2011FE,000-BKD-525,2455802.3535,12.6,,False,Visual,Visual,DPV,,
344,SN 2011FE,000-BKD-525,2455802.35365,12.063,0.009,False,Johnson V,CCD,ATE,1.43,False
345,PTF11KLY,000-BKD-525,2455802.354265,12.092,0.035,False,Johnson V,CCD,NRU,1.573,False
346,SN 2011FE,000-BKD-525,2455802.35439,12.037,0.009,False,Johnson V,CCD,ATE,1.44,False
347,SN 2011FE,000-BKD-525,2455802.35513,12.051,0.009,False,Johnson V,CCD,ATE,1.44,False
348,SN 2011FE,000-BKD-525,2455802.35589,12.049,0.009,False,Johnson V,CCD,ATE,1.44,False
349,SN 2011FE,000-BKD-525,2455802.35663,12.070,0.009,False,Johnson V,CCD,ATE,1.45,False
350,SN 2011FE,000-BKD-525,2455802.35739,12.033,0.009,False,Johnson V,CCD,ATE,1.45,False
351,SN 2011FE,000-BKD-525,2455802.35819,12.029,0.009,False,Johnson V,CCD,ATE,1.46,False
352,PTF11KLY,000-BKD-525,2455802.358317,12.134,0.035,False,Johnson V,CCD,NRU,1.596,False
353,SN 2011FE,000-BKD-525,2455802.35896,12.068,0.009,False,Johnson V,CCD,ATE,1.46,False
354,SN 2011FE,000-BKD-525,2455802.35970,12.062,0.009,False,Johnson V,CCD,ATE,1.47,False
355,SN 2011FE,000-BKD-525,2455802.36044,12.057,0.009,False,Johnson V,CCD,ATE,1.47,False
356,SN 2011FE,000-BKD-525,2455802.36118,12.063,0.009,False,Johnson V,CCD,ATE,1.47,False
357,SN 2011FE,000-BKD-525,2455802.36192,12.033,0.009,False,Johnson V,CCD,ATE,1.48,False
358,PTF11KLY,000-BKD-525,2455802.362387,12.067,0.035,False,Johnson V,CCD,NRU,1.621,False
359,SN 2011FE,000-BKD-525,2455802.36266,12.059,0.009,False,Johnson V,CCD,ATE,1.48,False
360,SN 2011FE,000-BKD-525,2455802.36341,12.036,0.009,False,Johnson V,CCD,ATE,1.49,False
361,SN 2011FE,000-BKD-525,2455802.36418,12.035,0.009,False,Johnson V,CCD,ATE,1.49,False
362,SN 2011FE,000-BKD-525,2455802.3646,12.0,,False,Visual,Visual,GZN,,
363,SN 2011FE,000-BKD-525,2455802.36492,12.039,0.009,False,Johnson V,CCD,ATE,1.50,False
364,SN 2011FE,000-BKD-525,2455802.36566,12.069,0.009,False,Johnson V,CCD,ATE,1.50,False
365,SN 2011FE,000-BKD-525,2455802.36640,12.068,0.009,False,Johnson V,CCD,ATE,1.50,False
366,PTF11KLY,000-BKD-525,2455802.366434,12.096,0.036,False,Johnson V,CCD,NRU,1.646,False
367,PTF11kly,000-BKD-525,2455802.36662,12.07,.003,False,Johnson V,CCD,CALA,1.833,False
368,SN 2011FE,000-BKD-525,2455802.36714,12.069,0.009,False,Johnson V,CCD,ATE,1.51,False
369,PTF11kly,000-BKD-525,2455802.36907,12.22,.004,False,Johnson B,CCD,CALA,1.856,False
370,PTF11KLY,000-BKD-525,2455802.370498,12.074,0.036,False,Johnson V,CCD,NRU,1.672,False
371,PTF11kly,000-BKD-525,2455802.37139,11.89,.002,False,Cousins R,CCD,CALA,1.878,False
372,PTF11KLY,000-BKD-525,2455802.374529,12.115,0.036,False,Johnson V,CCD,NRU,1.699,False
373,SN 2011FE,000-BKD-525,2455802.37549,12.098,0.039,False,Johnson V,CCD,RMU,1.583,False
374,PTF11KLY,000-BKD-525,2455802.378396,12.047,0.040,False,Johnson V,CCD,NRU,1.726,False
375,SN 2011FE,000-BKD-525,2455802.38028,12.153,0.044,False,Johnson B,CCD,RMU,1.606,False
376,PTF11KLY,000-BKD-525,2455802.382083,12.147,0.035,False,Johnson V,CCD,NRU,1.751,False
377,SN 2011FE,000-BKD-525,2455802.38296,12.095,0.015,False,Johnson V,CCD,MIW,,False
378,SN 2011FE,000-BKD-525,2455802.38313,11.985,0.043,False,Cousins R,CCD,RMU,1.636,False
379,PTF11KLY,000-BKD-525,2455802.385702,12.109,0.039,False,Johnson V,CCD,NRU,1.777,False
380,SN 2011FE,000-BKD-525,2455802.38653,12.155,0.024,False,Johnson B,CCD,MIW,,False
381,SN 2011FE,000-BKD-525,2455802.38654,11.875,0.040,False,Cousins I,CCD,RMU,1.660,False
382,PTF11KLY,000-BKD-525,2455802.389438,12.102,0.039,False,Johnson V,CCD,NRU,1.804,False
383,SN 2011FE,000-BKD-525,2455802.39126,11.8,,False,Visual,Visual,TJOB,,
384,PTF11KLY,000-BKD-525,2455802.393089,12.120,0.039,False,Johnson V,CCD,NRU,1.832,False
385,PTF11KLY,000-BKD-525,2455802.396047,12.092,0.043,False,Johnson V,CCD,NRU,1.859,False
386,SN 2011FE,000-BKD-525,2455802.39722,11.8,,False,Visual,Visual,STI,,
387,SN 2011FE,000-BKD-525,2455802.47500,11.97,,False,Johnson V,CCD,PYG,,False
388,SN 2011FE,000-BKD-525,2455802.47500,11.96,0.010,False,Johnson V,CCD,MUY,,False
389,SN 2011FE,000-BKD-525,2455802.475,11.97,,False,Unknown,Visual,PYG,,
390,SN 2011FE,000-BKD-525,2455802.47517,11.967,,False,Johnson V,CCD,SWQ,,False
391,PTF11KLY,000-BKD-525,2455802.545,12.06,0.08,False,Johnson B,CCD,RHM,,False
392,PTF11kly,000-BKD-525,2455802.551,12.03,0.06,False,Johnson V,CCD,RHM,,False
393,SN 2011FE,000-BKD-525,2455802.55477,11.965,0.030,False,Johnson V,CCD,HOA,,False
394,SN 2011FE,000-BKD-525,2455802.55675,12.000,0.009,False,Johnson V,CCD,HOA,,False
395,SN 2011FE,000-BKD-525,2455802.55794,12.028,0.015,False,Johnson V,CCD,HOA,,False
396,SN 2011FE,000-BKD-525,2455802.55914,12.015,0.026,False,Johnson V,CCD,HOA,,False
397,SN 2011FE,000-BKD-525,2455802.56155,12.023,0.010,False,Johnson V,CCD,HOA,,False
398,PTF11KLY,000-BKD-525,2455802.565,11.83,0.08,False,Cousins I,CCD,RHM,,False
399,PTF11KLY,000-BKD-525,2455802.574,11.89,0.06,False,Cousins R,CCD,RHM,,False
400,SN 2011FE,000-BKD-525,2455802.6111,11.7,,False,Visual,Visual,KRB,,
401,SN 2011FE,000-BKD-525,2455802.61458,11.8,,False,Visual,Visual,ZXIA,,
402,PTF11KLY,000-BKD-525,2455802.6250,12.1,,False,Visual,Visual,BTB,,
403,SN 2011FE,000-BKD-525,2455802.66528,11.7,,False,Visual,Visual,WLY,,
404,SN 2011FE,000-BKD-525,2455802.67569,11.8,,False,Visual,Visual,SGE,,
405,2011FE,000-BKD-525,2455802.68403,11.9,,False,Visual,Visual,LYZ,,
406,PTF11KLY,000-BKD-525,2455802.73116,12.016,0.0625,False,Johnson V,CCD,TDW,1.588,False
407,SN 2011FE,000-BKD-525,2455802.7426,11.953,0.059,False,Johnson B,CCD,DJX,1.848,True
408,SN 2011FE,000-BKD-525,2455802.7426,11.793,0.082,False,Cousins R,CCD,DJX,1.884,True
409,PTF11kly,000-BKD-525,2455802.7426,11.974,0.038,False,Johnson V,CCD,DJX,1.884,True
410,SN 2011FE,000-BKD-525,2455802.74861,11.5,,False,Unknown,Other,RR,,
411,2011FE,000-BKD-525,2455802.81136,11.83,0.01,False,Cousins R,CCD,RIJ,,False
412,2011FE,000-BKD-525,2455802.81710,11.97,0.05,False,Johnson V,CCD,RIJ,,False
413,2011FE,000-BKD-525,2455802.81935,11.82,0.02,False,Cousins R,CCD,RIJ,,False
414,2011FE,000-BKD-525,2455802.82157,11.98,0.05,False,Johnson V,CCD,RIJ,,False
415,PTF11KLY,000-BKD-525,2455803.284983,11.681,0.050,False,Johnson V,CCD,NRU,1.272,False
416,PTF11KLY,000-BKD-525,2455803.288798,11.768,0.064,False,Johnson V,CCD,NRU,1.285,False
417,PTF11KLY,000-BKD-525,2455803.291965,11.425,0.281,False,Johnson V,CCD,NRU,1.299,False
418,PTF11KLY,000-BKD-525,2455803.297073,11.641,0.080,False,Johnson V,CCD,NRU,1.316,False
419,PTF11KLY,000-BKD-525,2455803.302806,11.535,0.149,False,Johnson V,CCD,NRU,1.336,False
420,PTF11KLY,000-BKD-525,2455803.306109,11.676,0.086,False,Johnson V,CCD,NRU,1.351,False
421,PTF11KLY,000-BKD-525,2455803.30831,11.694,0.171,False,Johnson V,CCD,NRU,1.367,False
422,SN 2011FE,000-BKD-525,2455803.31250,11.4,,False,Visual,Visual,SSW,,
423,SN 2011FE,000-BKD-525,2455803.32153,11.6,,False,Visual,Visual,SJZ,,
424,SN 2011FE,000-BKD-525,2455803.326,11.4,,False,Visual,Visual,PIJ,,
425,SN 2011FE,000-BKD-525,2455803.33100,11.60,0.03,False,Johnson V,CCD,RZD,,False
426,PTF11KLY,000-BKD-525,2455803.33300,11.42,0.03,False,Cousins R,CCD,RZD,,False
427,PTF11KLY,000-BKD-525,2455803.33400,11.44,0.04,False,Cousins I,CCD,RZD,,False
428,SN 2011FE,000-BKD-525,2455803.33981,11.690,0.010,False,Johnson V,CCD,RMU,1.401,False
429,SN 2011FE,000-BKD-525,2455803.34200,11.588,0.007,False,Johnson V,CCD,ATE,1.39,False
430,SN 2011FE,000-BKD-525,2455803.34283,11.612,0.007,False,Johnson V,CCD,ATE,1.39,False
431,SN 2011FE,000-BKD-525,2455803.34361,11.592,0.007,False,Johnson V,CCD,ATE,1.40,False
432,SN 2011FE,000-BKD-525,2455803.34435,11.587,0.007,False,Johnson V,CCD,ATE,1.40,False
433,SN 2011FE,000-BKD-525,2455803.34509,11.610,0.007,False,Johnson V,CCD,ATE,1.40,False
434,SN 2011FE,000-BKD-525,2455803.34583,11.603,0.007,False,Johnson V,CCD,ATE,1.41,False
435,SN 2011FE,000-BKD-525,2455803.34657,11.594,0.007,False,Johnson V,CCD,ATE,1.41,False
436,SN 2011FE,000-BKD-525,2455803.34731,11.602,0.007,False,Johnson V,CCD,ATE,1.41,False
437,SN 2011FE,000-BKD-525,2455803.34793,11.654,0.044,False,Johnson B,CCD,RMU,1.426,False
438,PTF11KLY,000-BKD-525,2455803.348032,11.62,0.02,False,Johnson V,CCD,FVAA,1.24,False
439,PTF11KLY,000-BKD-525,2455803.348032,10.61,0.05,False,Johnson V,CCD,FVAA,1.35,False
440,SN 2011FE,000-BKD-525,2455803.34805,11.602,0.007,False,Johnson V,CCD,ATE,1.42,False
441,SN 2011FE,000-BKD-525,2455803.34883,11.603,0.007,False,Johnson V,CCD,ATE,1.42,False
442,SN 2011FE,000-BKD-525,2455803.3493,11.8,,False,Visual,Visual,DPV,,
443,SN 2011FE,000-BKD-525,2455803.34957,11.560,0.007,False,Johnson V,CCD,ATE,1.43,False
444,SN 2011FE,000-BKD-525,2455803.34977,11.494,0.033,False,Cousins R,CCD,RMU,1.447,False
445,SN 2011FE,000-BKD-525,2455803.35031,11.613,0.007,False,Johnson V,CCD,ATE,1.43,False
446,SN 2011FE,000-BKD-525,2455803.35109,11.607,0.007,False,Johnson V,CCD,ATE,1.43,False
447,SN 2011FE,000-BKD-525,2455803.35183,11.609,0.007,False,Johnson V,CCD,ATE,1.44,False
448,SN 2011FE,000-BKD-525,2455803.35228,11.417,0.034,False,Cousins I,CCD,RMU,1.457,False
449,SN 2011FE,000-BKD-525,2455803.35257,11.608,0.007,False,Johnson V,CCD,ATE,1.44,False
450,SN 2011FE,000-BKD-525,2455803.35334,11.587,0.007,False,Johnson V,CCD,ATE,1.45,False
451,SN 2011FE,000-BKD-525,2455803.35408,11.580,0.007,False,Johnson V,CCD,ATE,1.45,False
452,SN 2011FE,000-BKD-525,2455803.35483,11.595,0.007,False,Johnson V,CCD,ATE,1.45,False
453,SN 2011FE,000-BKD-525,2455803.35557,11.569,0.007,False,Johnson V,CCD,ATE,1.46,False
454,SN 2011FE,000-BKD-525,2455803.35634,11.610,0.007,False,Johnson V,CCD,ATE,1.46,False
455,SN 2011FE,000-BKD-525,2455803.35708,11.563,0.007,False,Johnson V,CCD,ATE,1.47,False
456,SN 2011FE,000-BKD-525,2455803.35782,11.583,0.007,False,Johnson V,CCD,ATE,1.47,False
457,SN 2011FE,000-BKD-525,2455803.35856,11.560,0.007,False,Johnson V,CCD,ATE,1.47,False
458,SN 2011FE,000-BKD-525,2455803.35934,11.591,0.007,False,Johnson V,CCD,ATE,1.48,False
459,SN 2011FE,000-BKD-525,2455803.36008,11.586,0.007,False,Johnson V,CCD,ATE,1.48,False
460,SN 2011FE,000-BKD-525,2455803.36082,11.571,0.007,False,Johnson V,CCD,ATE,1.49,False
461,SN 2011FE,000-BKD-525,2455803.36156,11.560,0.007,False,Johnson V,CCD,ATE,1.49,False
462,SN 2011FE,000-BKD-525,2455803.36234,11.556,0.007,False,Johnson V,CCD,ATE,1.50,False
463,SN 2011FE,000-BKD-525,2455803.36315,11.614,0.007,False,Johnson V,CCD,ATE,1.50,False
464,SN 2011FE,000-BKD-525,2455803.36390,11.586,0.007,False,Johnson V,CCD,ATE,1.51,False
465,SN 2011FE,000-BKD-525,2455803.36464,11.595,0.007,False,Johnson V,CCD,ATE,1.51,False
466,SN 2011FE,000-BKD-525,2455803.36542,11.587,0.007,False,Johnson V,CCD,ATE,1.51,False
467,SN 2011FE,000-BKD-525,2455803.366,11.65,,False,Unfiltered with V Zeropoint,CCD,MOBM,,
468,SN 2011FE,000-BKD-525,2455803.36616,11.566,0.007,False,Johnson V,CCD,ATE,1.52,False
469,SN 2011FE,000-BKD-525,2455803.36690,11.611,0.007,False,Johnson V,CCD,ATE,1.52,False
470,SN 2011FE,000-BKD-525,2455803.36764,11.577,0.007,False,Johnson V,CCD,ATE,1.53,False
471,SN 2011FE,000-BKD-525,2455803.36841,11.607,0.007,False,Johnson V,CCD,ATE,1.53,False
472,SN 2011FE,000-BKD-525,2455803.36915,11.591,0.007,False,Johnson V,CCD,ATE,1.54,False
473,SN 2011FE,000-BKD-525,2455803.36989,11.562,0.007,False,Johnson V,CCD,ATE,1.54,False
474,SN 2011FE,000-BKD-525,2455803.37064,11.569,0.007,False,Johnson V,CCD,ATE,1.55,False
475,PTF11KLY,000-BKD-525,2455803.37500,11.64,,False,Unknown,Other,VKN,,
476,SN 2011FE,000-BKD-525,2455803.39883,11.693,,False,Johnson V,CCD,SWQ,,False
477,SN 2011FE,000-BKD-525,2455803.4201,11.4,,False,Visual,Visual,ILE,,
478,SN 2011FE,000-BKD-525,2455803.42014,11.4,,False,Visual,Visual,ILE,,
479,SN 2011FE,000-BKD-525,2455803.4236,11.8,,False,Visual,Visual,JGE,,
480,PTF11KLY,000-BKD-525,2455803.540,11.60,0.08,False,Johnson B,CCD,RHM,,False
481,PTF11KLY,000-BKD-525,2455803.551,11.62,0.06,False,Johnson V,CCD,RHM,,False
482,SN 2011FE,000-BKD-525,2455803.55456,11.864,0.010,False,Unfiltered with V Zeropoint,CCD,UJHA,,False
483,SN 2011FE,000-BKD-525,2455803.559144,11.884,0.007,False,Unfiltered with V Zeropoint,CCD,UJHA,,False
484,PTF11KLY,000-BKD-525,2455803.562,11.41,0.08,False,Cousins I,CCD,RHM,,False
485,SN 2011FE,000-BKD-525,2455803.56250,11.786,0.03,False,Johnson B,CCD,GNZ,,False
486,SN 2011FE,000-BKD-525,2455803.563241,11.770,0.007,False,Unfiltered with V Zeropoint,CCD,UJHA,,False
487,SN 2011FE,000-BKD-525,2455803.56354,11.55,0.01,False,Johnson V,CCD,SHA,1.37,False
488,SN 2011FE,000-BKD-525,2455803.56389,11.753,0.03,False,Johnson V,CCD,GNZ,,False
489,SN 2011FE,000-BKD-525,2455803.56528,11.548,0.02,False,Cousins R,CCD,GNZ,,False
490,SN 2011FE,000-BKD-525,2455803.56574,11.74,0.01,False,Johnson B,CCD,SHA,1.38,False
491,SN 2011FE,000-BKD-525,2455803.56597,11.7,,True,Visual,Visual,TYS,,
492,SN 2011FE,000-BKD-525,2455803.56667,11.575,0.04,False,Cousins I,CCD,GNZ,,False
493,SN 2011FE,000-BKD-525,2455803.567685,11.748,0.008,False,Unfiltered with V Zeropoint,CCD,UJHA,,False
494,SN 2011FE,000-BKD-525,2455803.56917,11.44,0.02,False,Cousins I,CCD,SHA,1.400,False
495,PTF11KLY,000-BKD-525,2455803.570,11.46,0.06,False,Cousins R,CCD,RHM,,False
496,SN 2011FE,000-BKD-525,2455803.571771,11.800,0.005,False,Unfiltered with V Zeropoint,CCD,UJHA,,False
497,SN 2011FE,000-BKD-525,2455803.5750,11.3,,False,Visual,Visual,CGF,,
498,SN 2011FE,000-BKD-525,2455803.58564,11.598,0.015,False,Johnson V,CCD,CNY,,False
499,SN 2011FE,000-BKD-525,2455803.5958,11.4,,False,Visual,Visual,KRB,,
500,SN 2011FE,000-BKD-525,2455803.62500,11.5,,False,Visual,Visual,LHS,,
501,PTF11KLY,000-BKD-525,2455803.64205,11.624,0.004,False,Johnson V,CCD,ROE,1.885,False
502,PTF11KLY,000-BKD-525,2455803.64258,11.633,0.004,False,Johnson V,CCD,ROE,1.890,False
503,SN 2011FE,000-BKD-525,2455803.70972,11.6,,False,Visual,Visual,WLY,,
504,PTF11KLY,000-BKD-525,2455804.30486,11.318,,False,Johnson V,CCD,MFB,,False
505,PTF11kly,000-BKD-525,2455804.30833,11.159,,False,Cousins R,CCD,MFB,,False
506,PTF11KLY,000-BKD-525,2455804.31250,11.081,,False,Johnson B,CCD,MFB,,False
507,SN 2011FE,000-BKD-525,2455804.3160,11.5,,False,Visual,Visual,PLP,,
508,SN 2011FE,000-BKD-525,2455804.31667,11.2,,False,Visual,Visual,SJZ,,
509,SN 2011FE,000-BKD-525,2455804.31676,11.33,0.002,False,Johnson V,CCD,CALA,1.505,False
510,SN 2011FE,000-BKD-525,2455804.319,11.2,,False,Visual,Visual,PIJ,,
511,PTF11KLY,000-BKD-525,2455804.324097,11.402,0.094,False,Johnson V,CCD,NRU,1.438,False
512,PTF11KLY,000-BKD-525,2455804.324219,12.516,0.080,False,Johnson B,CCD,NRU,1.436,False
513,SN 2011FE,000-BKD-525,2455804.33203,11.37,0.002,False,Johnson B,CCD,CALA,1.603,False
514,SN 2011FE,000-BKD-525,2455804.335,11.3,,False,Visual,Visual,FRF,,
515,SN 2011FE,000-BKD-525,2455804.3368,11.4,,False,Visual,Visual,VSD,,
516,PTF11KLY,000-BKD-525,2455804.33819,11.280,,False,Johnson V,CCD,MFB,,False
517,SN 2011FE,000-BKD-525,2455804.33890,11.304,0.007,False,Johnson V,CCD,ATE,1.39,False
518,PTF11KLY,000-BKD-525,2455804.33958,11.100,,False,Cousins I,CCD,MFB,,False
519,SN 2011FE,000-BKD-525,2455804.33977,11.268,0.006,False,Johnson V,CCD,ATE,1.39,False
520,SN 2011FE,000-BKD-525,2455804.34051,11.256,0.006,False,Johnson V,CCD,ATE,1.39,False
521,SN 2011FE,000-BKD-525,2455804.34125,11.278,0.007,False,Johnson V,CCD,ATE,1.40,False
522,SN 2011FE,000-BKD-525,2455804.34199,11.303,0.007,False,Johnson V,CCD,ATE,1.40,False
523,SN 2011FE,000-BKD-525,2455804.34273,11.248,0.009,False,Johnson V,CCD,ATE,1.40,False
524,SN 2011FE,000-BKD-525,2455804.34347,11.253,0.009,False,Johnson V,CCD,ATE,1.41,False
525,SN 2011FE,000-BKD-525,2455804.34375,11.5,,False,Visual,Visual,VBH,,
526,SN 2011FE,000-BKD-525,2455804.34421,11.282,0.011,False,Johnson V,CCD,ATE,1.41,False
527,SN 2011FE,000-BKD-525,2455804.34496,11.302,0.008,False,Johnson V,CCD,ATE,1.42,False
528,SN 2011FE,000-BKD-525,2455804.34570,11.270,0.008,False,Johnson V,CCD,ATE,1.42,False
529,SN 2011FE,000-BKD-525,2455804.34647,11.291,0.008,False,Johnson V,CCD,ATE,1.42,False
530,SN 2011FE,000-BKD-525,2455804.347,11.2,,False,Visual,Visual,SRBR,,
531,SN 2011FE,000-BKD-525,2455804.34722,11.268,0.009,False,Johnson V,CCD,ATE,1.43,False
532,SN 2011FE,000-BKD-525,2455804.34796,11.256,0.008,False,Johnson V,CCD,ATE,1.43,False
533,SN 2011FE,000-BKD-525,2455804.34870,11.303,0.009,False,Johnson V,CCD,ATE,1.44,False
534,SN 2011FE,000-BKD-525,2455804.34948,11.264,0.009,False,Johnson V,CCD,ATE,1.44,False
535,SN 2011FE,000-BKD-525,2455804.35025,11.300,0.010,False,Johnson V,CCD,ATE,1.44,False
536,SN 2011FE,000-BKD-525,2455804.35069,11.2,,False,Visual,Visual,OJR,,
537,SN 2011FE,000-BKD-525,2455804.35111,11.290,0.008,False,Johnson V,CCD,ATE,1.45,False
538,SN 2011FE,000-BKD-525,2455804.35128,11.375,0.015,False,Johnson V,CCD,MIW,,False
539,SN 2011FE,000-BKD-525,2455804.35188,11.255,0.007,False,Johnson V,CCD,ATE,1.45,False
540,SN 2011FE,000-BKD-525,2455804.35266,11.255,0.007,False,Johnson V,CCD,ATE,1.46,False
541,SN 2011FE,000-BKD-525,2455804.35342,11.253,0.007,False,Johnson V,CCD,ATE,1.46,False
542,SN 2011FE,000-BKD-525,2455804.35420,11.258,0.008,False,Johnson V,CCD,ATE,1.47,False
543,SN 2011FE,000-BKD-525,2455804.35497,11.300,0.009,False,Johnson V,CCD,ATE,1.47,False
544,SN 2011FE,000-BKD-525,2455804.35575,11.280,0.008,False,Johnson V,CCD,ATE,1.47,False
545,SN 2011FE,000-BKD-525,2455804.35652,11.270,0.007,False,Johnson V,CCD,ATE,1.48,False
546,SN 2011FE,000-BKD-525,2455804.35676,11.13,0.001,False,Cousins R,CCD,CALA,1.795,False
547,SN 2011FE,000-BKD-525,2455804.357234,11.41,0.05,False,Johnson V,CCD,CEMB,,False
548,SN 2011FE,000-BKD-525,2455804.35727,11.273,0.007,False,Johnson V,CCD,ATE,1.48,False
549,SN 2011FE,000-BKD-525,2455804.35774,11.294,0.021,False,Johnson B,CCD,MIW,,False
550,SN 2011FE,000-BKD-525,2455804.35801,11.250,0.006,False,Johnson V,CCD,ATE,1.49,False
551,SN 2011FE,000-BKD-525,2455804.35875,11.293,0.006,False,Johnson V,CCD,ATE,1.49,False
552,SN 2011FE,000-BKD-525,2455804.35949,11.273,0.006,False,Johnson V,CCD,ATE,1.50,False
553,SN 2011FE,000-BKD-525,2455804.36027,11.250,0.006,False,Johnson V,CCD,ATE,1.50,False
554,SN 2011FE,000-BKD-525,2455804.36102,11.257,0.006,False,Johnson V,CCD,ATE,1.50,False
555,SN 2011FE,000-BKD-525,2455804.36179,11.290,0.007,False,Johnson V,CCD,ATE,1.51,False
556,SN 2011FE,000-BKD-525,2455804.3646,11.2,,False,Visual,Visual,KWO,,
557,PTF11KLY,000-BKD-525,2455804.374844,12.561,0.068,False,Johnson B,CCD,NRU,1.641,False
558,PTF11KLY,000-BKD-525,2455804.375249,11.246,0.097,False,Johnson V,CCD,NRU,1.726,False
559,PTF11KLY,000-BKD-525,2455804.381719,12.519,0.051,False,Johnson B,CCD,NRU,1.724,False
560,SN 2011FE,000-BKD-525,2455804.382,11.33,,False,Johnson V,CCD,MOBM,,
561,PTF11KLY,000-BKD-525,2455804.382139,11.308,0.061,False,Johnson V,CCD,NRU,1.778,False
562,SN 2011FE,000-BKD-525,2455804.38414,11.345,0.041,False,Johnson V,CCD,RMU,1.689,False
563,SN 2011FE,000-BKD-525,2455804.38851,11.319,0.027,False,Johnson B,CCD,RMU,1.732,False
564,PTF11KLY,000-BKD-525,2455804.38909,12.468,0.114,False,Johnson B,CCD,NRU,1.775,False
565,PTF11KLY,000-BKD-525,2455804.389253,11.271,0.140,False,Johnson V,CCD,NRU,1.834,False
566,SN 2011FE,000-BKD-525,2455804.39126,11.176,0.053,False,Cousins R,CCD,RMU,1.750,False
567,SN 2011FE,000-BKD-525,2455804.39395,11.108,0.039,False,Cousins I,CCD,RMU,1.767,False
568,SN 2011FE,000-BKD-525,2455804.40278,11.0,,False,Visual,Visual,ILE,,
569,SN 2011FE,000-BKD-525,2455804.4028,11.0,,False,Visual,Visual,ILE,,
570,SN 2011FE,000-BKD-525,2455804.4028,11.0,,False,Visual,Visual,MZS,,
571,SN 2011FE,000-BKD-525,2455804.42,11.1,,False,Visual,Visual,GGZ,,
572,PTF11KLY,000-BKD-525,2455804.554,11.22,0.08,False,Johnson B,CCD,RHM,,False
573,2011FE,000-BKD-525,2455804.56377,11.362,0.045,False,Johnson V,CCD,MMX,,False
574,SN 2011FE,000-BKD-525,2455804.5639,11.3,,False,Visual,Visual,CGF,,
575,PTF11KLY,000-BKD-525,2455804.565,11.27,0.06,False,Johnson V,CCD,RHM,,False
576,SN 2011FE,000-BKD-525,2455804.56667,11.2,,False,Visual,Visual,TYS,,
577,PTF11KLY,000-BKD-525,2455804.576,11.09,0.08,False,Cousins I,CCD,RHM,,False
578,PTF11KLY,000-BKD-525,2455804.580085,12.480,0.110,False,Johnson B,CCD,NRU,1.831,False
579,PTF11KLY,000-BKD-525,2455804.581383,10.945,0.258,False,Johnson V,CCD,NRU,3.788,False
580,PTF11KLY,000-BKD-525,2455804.586,11.12,0.06,False,Cousins R,CCD,RHM,,False
581,SN 2011FE,000-BKD-525,2455804.59375,11.3,,False,Visual,Visual,HSW,,
582,PTF11kly,000-BKD-525,2455804.59874,11.25,0.03,False,Johnson V,CCD,HSW,,False
583,SN 2011FE,000-BKD-525,2455804.60417,11.15,0.10,False,Unfiltered with V Zeropoint,CCD,MFR,2.000,False
584,SN 2011FE,000-BKD-525,2455804.605197,11.243,0.006,False,Johnson V,CCD,STIA,,False
585,SN 2011FE,000-BKD-525,2455804.618646,11.389,0.019,False,Johnson B,CCD,STIA,,False
586,SN 2011fe,000-BKD-525,2455804.63125,11.263,0.0126,False,Tri-Color Green,DSLR,ONJ,2.25,False
587,2011FE,000-BKD-525,2455804.63464,11.265,0.057,False,Johnson B,CCD,LPB,1.654,False
588,2011FE,000-BKD-525,2455804.64102,11.276,0.036,False,Johnson V,CCD,LPB,1.706,False
589,2011FE,000-BKD-525,2455804.64811,11.093,0.044,False,Cousins R,CCD,LPB,1.770,False
590,2011FE,000-BKD-525,2455804.65534,10.994,0.074,False,Cousins I,CCD,LPB,1.840,False
591,2011FE,000-BKD-525,2455804.69097,11.4,,False,Visual,Visual,LYZ,,
592,SN 2011FE,000-BKD-525,2455804.70694,10.9,,False,Visual,Visual,WLY,,
593,SN 2011FE,000-BKD-525,2455805.29,10.4,,False,Visual,Visual,GGZ,,
594,SN 2011FE,000-BKD-525,2455805.30,11.7,,False,Visual,Visual,HCS,,
595,SN 2011FE,000-BKD-525,2455805.3069,10.9,,False,Visual,Visual,MZS,,
596,SN 2011FE,000-BKD-525,2455805.307,11.0,,False,Visual,Visual,VOL,,
597,SN 2011FE,000-BKD-525,2455805.30759,11.04,0.002,False,Johnson V,CCD,CALA,1.47,False
598,SN 2011FE,000-BKD-525,2455805.3104,11.0,,False,Visual,Visual,KWO,,
599,PTF11KLY,000-BKD-525,2455805.31111,10.73,0.02,False,Unfiltered with R Zeropoint,CCD,NOT,,False
600,SN 2011FE,000-BKD-525,2455805.31691,11.06,0.002,False,Johnson B,CCD,CALA,1.53,False
601,SN 2011FE,000-BKD-525,2455805.31944,11.0,,False,Visual,Visual,SJZ,,
602,SN 2011FE,000-BKD-525,2455805.3243,11.1,,False,Visual,Visual,BHS,,
603,SN 2011FE,000-BKD-525,2455805.32447,10.85,0.001,False,Cousins R,CCD,CALA,1.58,False
604,SN 2011FE,000-BKD-525,2455805.350,10.9,,False,Visual,Visual,BMU,,
605,SN 2011FE,000-BKD-525,2455805.35417,10.7,,False,Visual,Visual,WKL,,
606,SN 2011FE,000-BKD-525,2455805.3653,10.7,,False,Visual,Visual,GGU,,
607,SN 2011FE,000-BKD-525,2455805.38889,10.8,,False,Visual,Visual,ILE,,
608,SN 2011FE,000-BKD-525,2455805.3889,10.8,,False,Visual,Visual,ILE,,
609,SN 2011FE,000-BKD-525,2455805.39931,11.0,,False,Visual,Visual,SSW,,
610,SN 2011FE,000-BKD-525,2455805.40,11.03,0.05,False,Johnson V,CCD,QW,,True
611,2011FE,000-BKD-525,2455805.41111,10.6,,False,Visual,Visual,HEK,,
612,SN 2011FE,000-BKD-525,2455805.571343,10.947,0.017,False,Unfiltered with V Zeropoint,CCD,UJHA,,False
613,SN 2011FE,000-BKD-525,2455805.572361,10.939,0.016,False,Unfiltered with V Zeropoint,CCD,UJHA,,False
614,SN 2011FE,000-BKD-525,2455805.573322,10.979,0.016,False,Unfiltered with V Zeropoint,CCD,UJHA,,False
615,SN 2011FE,000-BKD-525,2455805.597535,10.981,0.006,False,Johnson V,CCD,STIA,,False
616,SN 2011FE,000-BKD-525,2455805.623484,11.099,0.020,False,Johnson B,CCD,STIA,,False
617,SN 2011FE,000-BKD-525,2455805.62500,10.9,,False,Visual,Visual,ZXIA,,
618,SN 2011FE,000-BKD-525,2455805.67906,10.949,.003,False,Johnson V,CCD,CTX,1.393,True
619,SN 2011FE,000-BKD-525,2455805.68035,10.857,.003,False,Johnson B,CCD,CTX,1.399,True
620,SN 2011FE,000-BKD-525,2455805.68130,10.792,.002,False,Cousins R,CCD,CTX,1.403,True
621,SN 2011FE,000-BKD-525,2455805.68227,10.731,.004,False,Cousins I,CCD,CTX,1.408,True
622,PTF11KLY,000-BKD-525,2455805.69145,10.923,0.047,False,Johnson V,CCD,TDW,1.402,False
623,PTF11KLY,000-BKD-525,2455805.69902,10.746,0.056,False,Cousins R,CCD,TDW,1.435,False
624,PTF11KLY,000-BKD-525,2455805.70326,11.017,0.068,False,Johnson B,CCD,TDW,1.470,False
625,SN 2011FE,000-BKD-525,2455805.70625,10.7,,False,Visual,Visual,WLY,,
626,PTF11kly,000-BKD-525,2455805.70725,10.744,0.063,False,Cousins I,CCD,TDW,1.489,False
627,SN 2011FE,000-BKD-525,2455805.75000,10.8,,False,Visual,Visual,RR,,
628,SN 2011FE,000-BKD-525,2455806.30208,10.6,,False,Visual,Visual,SSW,,
629,PTF11KLY,000-BKD-525,2455806.311299,10.783,0.008,False,Johnson V,CCD,NRU,1.384,False
630,SN 2011FE,000-BKD-525,2455806.3174,10.7,,False,Visual,Visual,KWO,,
631,SN 2011FE,000-BKD-525,2455806.3229,11.2,,False,Visual,Visual,DPV,,
632,SN 2011FE,000-BKD-525,2455806.32778,10.7,,False,Visual,Visual,SJZ,,
633,SN 2011FE,000-BKD-525,2455806.3293,10.0,,False,Visual,Visual,DAT,,
634,SN 2011FE,000-BKD-525,2455806.32986,10.5,,False,Visual,Visual,RZM,,
635,SN 2011FE,000-BKD-525,2455806.335,10.4,,False,Visual,Visual,SRBR,,
636,SN 2011FE,000-BKD-525,2455806.33681,10.5,,False,Visual,Visual,VBH,,
637,SN 2011FE,000-BKD-525,2455806.34722,10.7,,False,Visual,Visual,WKL,,
638,PTF11KLY,000-BKD-525,2455806.3479,10.4,,False,Visual,Visual,HHU,,
639,PTF11KLY,000-BKD-525,2455806.35000,10.49,0.02,False,Unfiltered with R Zeropoint,CCD,NOT,,False
640,SN 2011FE,000-BKD-525,2455806.370,10.6,,False,Visual,Visual,BMU,,
641,SN 2011FE,000-BKD-525,2455806.3729,10.7,,False,Visual,Visual,GGU,,
642,SN 2011FE,000-BKD-525,2455806.37500,11.1,,False,Visual,Visual,SUQ,,
643,PTF11KLY,000-BKD-525,2455806.3750,10.5,,False,Visual,Visual,VFK,,
644,PTF11KLY,000-BKD-525,2455806.3931,10.8,,False,Visual,Visual,VNL,,
645,SN 2011FE,000-BKD-525,2455806.39583,10.4,,False,Visual,Visual,STI,,
646,SN 2011FE,000-BKD-525,2455806.4,11.0,,False,Visual,Visual,WUB,,
647,SN 2011FE,000-BKD-525,2455806.40278,10.5,,False,Visual,Visual,BXT,,
648,PTF11KLY,000-BKD-525,2455806.53,10.58,0.13,False,Cousins R,CCD,RHM,,False
649,PTF11KLY,000-BKD-525,2455806.54,10.76,0.20,False,Johnson V,CCD,RHM,,False
650,SN 2011FE,000-BKD-525,2455806.567118,10.744,0.025,False,Unfiltered with V Zeropoint,CCD,UJHA,,False
651,SN 2011FE,000-BKD-525,2455806.56897,10.740,0.027,False,Unfiltered with V Zeropoint,CCD,UJHA,,False
652,SN 2011FE,000-BKD-525,2455806.569873,10.794,0.019,False,Unfiltered with V Zeropoint,CCD,UJHA,,False
653,PTF11KLY,000-BKD-525,2455806.57,10.55,0.10,False,Cousins I,CCD,RHM,,False
654,SN 2011FE,000-BKD-525,2455806.570775,10.687,0.021,False,Unfiltered with V Zeropoint,CCD,UJHA,,False
655,SN 2011FE,000-BKD-525,2455806.57917,10.70,0.01,False,Johnson V,CCD,SHA,1.49,False
656,SN 2011FE,000-BKD-525,2455806.58125,10.86,0.01,False,Johnson B,CCD,SHA,1.51,False
657,SN 2011FE,000-BKD-525,2455806.58542,10.64,0.02,False,Cousins I,CCD,SHA,1.53,False
658,SN 2011FE,000-BKD-525,2455806.59397,10.841,0.019,False,Johnson B,CCD,STIA,,False
659,PTF11kly,000-BKD-525,2455806.59922,11.08,0.02,False,Johnson V,CCD,HSW,,False
660,SN 2011FE,000-BKD-525,2455806.600,10.9,,False,Visual,Visual,HSW,,
661,SN 2011FE,000-BKD-525,2455806.605069,10.739,0.006,False,Johnson V,CCD,STIA,,False
662,SN 2011FE,000-BKD-525,2455806.70461,10.724,.005,False,Johnson V,CCD,CTX,1.542,True
663,SN 2011FE,000-BKD-525,2455806.70580,10.613,.006,False,Johnson B,CCD,CTX,1.550,True
664,SN 2011FE,000-BKD-525,2455806.70664,10.568,.003,False,Cousins R,CCD,CTX,1.553,True
665,SN 2011FE,000-BKD-525,2455806.70735,10.530,.006,False,Cousins I,CCD,CTX,1.560,True
666,SN 2011FE,000-BKD-525,2455806.70833,10.5,,False,Visual,Visual,WLY,,
667,SN 2011FE,000-BKD-525,2455806.72917,10.6,,False,Visual,Visual,RR,,
668,SN 2011FE,000-BKD-525,2455807.27083,11.2,,False,Visual,Visual,WKL,,
669,SN 2011FE,000-BKD-525,2455807.2917,10.8,,False,Visual,Visual,MZS,,
670,SN 2011FE,000-BKD-525,2455807.29792,10.3,,False,Visual,Visual,RZM,,
671,SN 2011FE,000-BKD-525,2455807.306,10.3,,False,Visual,Visual,VOL,,
672,SN 2011FE,000-BKD-525,2455807.3086,10.0,,False,Visual,Visual,DAT,,
673,SN 2011FE,000-BKD-525,2455807.31,10.1,,False,Visual,Visual,GGZ,,
674,PTF11KLY,000-BKD-525,2455807.3194,10.3,,False,Visual,Visual,VFK,,
675,SN 2011FE,000-BKD-525,2455807.3215,10.4,,False,Visual,Visual,KWO,,
676,SN 2011FE,000-BKD-525,2455807.32292,10.6,,False,Visual,Visual,WKL,,
677,PTF11KLY,000-BKD-525,2455807.33056,10.31,0.02,False,Unfiltered with R Zeropoint,CCD,NOT,,False
678,SN 2011FE,000-BKD-525,2455807.3306,10.2,,False,Visual,Visual,CSM,,
679,SN 2011FE,000-BKD-525,2455807.33333,10.8,,False,Visual,Visual,KTOA,,
680,PTF11KLY,000-BKD-525,2455807.3340,10.4,,False,Visual,Visual,VNL,,
681,SN 2011FE,000-BKD-525,2455807.33403,11.3,,False,Visual,Visual,KOS,,
682,SN 2011FE,000-BKD-525,2455807.33758,10.614,0.011,False,Johnson V,CCD,VWS,1.381,False
683,SN 2011FE,000-BKD-525,2455807.3402,10.4,,False,Visual,Visual,NDQ,,
684,SN 2011FE,000-BKD-525,2455807.34451,10.64,,False,Unfiltered with R Zeropoint,CCD,VDF,,False
685,SN 2011FE,000-BKD-525,2455807.347,10.3,,False,Visual,Visual,PYG,,
686,SN 2011FE,000-BKD-525,2455807.35764,10.3,,False,Visual,Visual,OJR,,
687,SN 2011FE,000-BKD-525,2455807.36725,10.609,0.006,False,Johnson V,CCD,ATE,1.60,False
688,SN 2011FE,000-BKD-525,2455807.36799,10.568,0.005,False,Johnson V,CCD,ATE,1.60,False
689,SN 2011FE,000-BKD-525,2455807.36873,10.566,0.005,False,Johnson V,CCD,ATE,1.61,False
690,SN 2011FE,000-BKD-525,2455807.36950,10.559,0.006,False,Johnson V,CCD,ATE,1.61,False
691,SN 2011FE,000-BKD-525,2455807.37028,10.642,0.005,False,Johnson V,CCD,ATE,1.62,False
692,SN 2011FE,000-BKD-525,2455807.37102,10.562,0.005,False,Johnson V,CCD,ATE,1.63,False
693,SN 2011FE,000-BKD-525,2455807.37178,10.641,0.006,False,Johnson V,CCD,ATE,1.63,False
694,SN 2011FE,000-BKD-525,2455807.37254,10.567,0.009,False,Johnson V,CCD,ATE,1.64,False
695,SN 2011FE,000-BKD-525,2455807.37330,10.608,0.008,False,Johnson V,CCD,ATE,1.64,False
696,SN 2011FE,000-BKD-525,2455807.37408,10.634,0.007,False,Johnson V,CCD,ATE,1.65,False
697,SN 2011FE,000-BKD-525,2455807.37482,10.639,0.007,False,Johnson V,CCD,ATE,1.65,False
698,SN 2011FE,000-BKD-525,2455807.37504,10.4,,False,Visual,Visual,TJOB,,
699,SN 2011FE,000-BKD-525,2455807.37556,10.632,0.007,False,Johnson V,CCD,ATE,1.66,False
700,SN 2011FE,000-BKD-525,2455807.37637,10.606,0.006,False,Johnson V,CCD,ATE,1.66,False
701,SN 2011FE,000-BKD-525,2455807.37711,10.631,0.007,False,Johnson V,CCD,ATE,1.67,False
702,SN 2011FE,000-BKD-525,2455807.37785,10.599,0.007,False,Johnson V,CCD,ATE,1.68,False
703,SN 2011FE,000-BKD-525,2455807.37859,10.632,0.009,False,Johnson V,CCD,ATE,1.68,False
704,SN 2011FE,000-BKD-525,2455807.37937,10.620,0.009,False,Johnson V,CCD,ATE,1.69,False
705,SN 2011FE,000-BKD-525,2455807.38011,10.625,0.007,False,Johnson V,CCD,ATE,1.69,False
706,SN 2011FE,000-BKD-525,2455807.38085,10.626,0.006,False,Johnson V,CCD,ATE,1.70,False
707,SN 2011FE,000-BKD-525,2455807.38159,10.586,0.007,False,Johnson V,CCD,ATE,1.71,False
708,SN 2011FE,000-BKD-525,2455807.38234,10.574,0.008,False,Johnson V,CCD,ATE,1.71,False
709,SN 2011FE,000-BKD-525,2455807.38310,10.636,0.007,False,Johnson V,CCD,ATE,1.72,False
710,SN 2011FE,000-BKD-525,2455807.38388,10.566,0.006,False,Johnson V,CCD,ATE,1.72,False
711,SN 2011FE,000-BKD-525,2455807.3840,10.3,,False,Visual,Visual,GGU,,
712,SN 2011FE,000-BKD-525,2455807.38465,10.641,0.006,False,Johnson V,CCD,ATE,1.73,False
713,SN 2011FE,000-BKD-525,2455807.38540,10.603,0.005,False,Johnson V,CCD,ATE,1.74,False
714,SN 2011FE,000-BKD-525,2455807.38616,10.599,0.005,False,Johnson V,CCD,ATE,1.74,False
715,SN 2011FE,000-BKD-525,2455807.38691,10.564,0.005,False,Johnson V,CCD,ATE,1.75,False
716,SN 2011FE,000-BKD-525,2455807.38765,10.607,0.005,False,Johnson V,CCD,ATE,1.76,False
717,SN 2011FE,000-BKD-525,2455807.38839,10.562,0.005,False,Johnson V,CCD,ATE,1.76,False
718,SN 2011FE,000-BKD-525,2455807.38913,10.611,0.005,False,Johnson V,CCD,ATE,1.77,False
719,SN 2011FE,000-BKD-525,2455807.38987,10.593,0.005,False,Johnson V,CCD,ATE,1.77,False
720,SN 2011FE,000-BKD-525,2455807.39062,10.589,0.005,False,Johnson V,CCD,ATE,1.78,False
721,SN 2011FE,000-BKD-525,2455807.39136,10.576,0.005,False,Johnson V,CCD,ATE,1.79,False
722,SN 2011FE,000-BKD-525,2455807.39210,10.565,0.005,False,Johnson V,CCD,ATE,1.79,False
723,SN 2011FE,000-BKD-525,2455807.39284,10.628,0.005,False,Johnson V,CCD,ATE,1.80,False
724,SN 2011FE,000-BKD-525,2455807.39361,10.565,0.005,False,Johnson V,CCD,ATE,1.81,False
725,SN 2011FE,000-BKD-525,2455807.39435,10.608,0.006,False,Johnson V,CCD,ATE,1.81,False
726,SN 2011FE,000-BKD-525,2455807.39509,10.576,0.005,False,Johnson V,CCD,ATE,1.82,False
727,SN 2011FE,000-BKD-525,2455807.39584,10.581,0.005,False,Johnson V,CCD,ATE,1.83,False
728,SN 2011FE,000-BKD-525,2455807.39658,10.591,0.006,False,Johnson V,CCD,ATE,1.83,False
729,SN 2011FE,000-BKD-525,2455807.39732,10.559,0.007,False,Johnson V,CCD,ATE,1.84,False
730,SN 2011FE,000-BKD-525,2455807.39806,10.626,0.008,False,Johnson V,CCD,ATE,1.85,False
731,SN 2011FE,000-BKD-525,2455807.39834,10.578,0.021,False,Johnson V,CCD,RMU,1.904,False
732,SN 2011FE,000-BKD-525,2455807.39882,10.631,0.009,False,Johnson V,CCD,ATE,1.86,False
733,SN 2011FE,000-BKD-525,2455807.39958,10.633,0.011,False,Johnson V,CCD,ATE,1.86,False
734,SN 2011FE,000-BKD-525,2455807.40078,10.551,0.041,False,Johnson B,CCD,RMU,1.916,False
735,SN 2011FE,000-BKD-525,2455807.40119,10.477,0.079,False,Cousins R,CCD,RMU,1.933,False
736,SN 2011FE,000-BKD-525,2455807.40274,10.434,0.037,False,Cousins I,CCD,RMU,1.943,False
737,SN 2011FE,000-BKD-525,2455807.40972,10.2,,False,Visual,Visual,BXT,,
738,SN 2011FE,000-BKD-525,2455807.42361,10.5,,False,Visual,Visual,KAM,,
739,SN 2011FE,000-BKD-525,2455807.424,10.5,,False,Visual,Visual,KAM,,
740,SN 2011FE,000-BKD-525,2455807.52083,10.48,0.10,False,Unfiltered with V Zeropoint,CCD,MFR,1.666,False
741,SN 2011FE,000-BKD-525,2455807.549722,10.574,0.031,False,Unfiltered with V Zeropoint,CCD,UJHA,,False
742,SN 2011FE,000-BKD-525,2455807.550625,10.571,0.029,False,Unfiltered with V Zeropoint,CCD,UJHA,,False
743,SN 2011FE,000-BKD-525,2455807.553345,10.529,0.025,False,Unfiltered with V Zeropoint,CCD,UJHA,,False
744,SN 2011FE,000-BKD-525,2455807.554248,10.565,0.024,False,Unfiltered with V Zeropoint,CCD,UJHA,,False
745,SN 2011FE,000-BKD-525,2455807.555231,10.562,0.022,False,Unfiltered with V Zeropoint,CCD,UJHA,,False
746,SN 2011FE,000-BKD-525,2455807.556157,10.541,0.022,False,Unfiltered with V Zeropoint,CCD,UJHA,,False
747,SN 2011FE,000-BKD-525,2455807.557095,10.572,0.022,False,Unfiltered with V Zeropoint,CCD,UJHA,,False
748,SN 2011FE,000-BKD-525,2455807.558935,10.561,0.021,False,Unfiltered with V Zeropoint,CCD,UJHA,,False
749,SN 2011FE,000-BKD-525,2455807.560775,10.533,0.020,False,Unfiltered with V Zeropoint,CCD,UJHA,,False
750,SN 2011FE,000-BKD-525,2455807.561748,10.543,0.020,False,Unfiltered with V Zeropoint,CCD,UJHA,,False
751,SN 2011FE,000-BKD-525,2455807.562697,10.538,0.021,False,Unfiltered with V Zeropoint,CCD,UJHA,,False
752,SN 2011FE,000-BKD-525,2455807.564618,10.612,0.020,False,Unfiltered with V Zeropoint,CCD,UJHA,,False
753,SN 2011FE,000-BKD-525,2455807.565567,10.588,0.019,False,Unfiltered with V Zeropoint,CCD,UJHA,,False
754,SN 2011FE,000-BKD-525,2455807.5729,10.2,,False,Visual,Visual,CGF,,
755,SN 2011FE,000-BKD-525,2455807.57639,10.4,,False,Visual,Visual,ONJ,,
756,PTF11kly,000-BKD-525,2455807.58892,10.68,0.01,False,Johnson V,CCD,HSW,,False
757,SN 2011FE,000-BKD-525,2455807.59,10.6,,False,Visual,Visual,HSW,,
758,SN 2011FE,000-BKD-525,2455807.598727,10.762,0.019,False,Johnson B,CCD,STIA,,False
759,SN 2011FE,000-BKD-525,2455807.611169,10.554,0.007,False,Johnson V,CCD,STIA,,False
760,SN 2011FE,000-BKD-525,2455807.6444,10.2,,False,Visual,Visual,KRB,,
761,2011FE,000-BKD-525,2455807.64542,10.571,0.012,False,Johnson V,CCD,LPB,1.826,False
762,SN 2011FE,000-BKD-525,2455807.6563,10.5,,False,Unknown,CCD,HUR,,
763,SN 2011FE,000-BKD-525,2455807.67912,10.543,.005,False,Johnson V,CCD,CTX,1.406,True
764,SN 2011FE,000-BKD-525,2455807.68035,10.422,.006,False,Johnson B,CCD,CTX,1.412,True
765,SN 2011FE,000-BKD-525,2455807.68112,10.410,.004,False,Cousins R,CCD,CTX,1.416,True
766,SN 2011FE,000-BKD-525,2455807.68189,10.369,.006,False,Cousins I,CCD,CTX,1.419,True
767,PTF11KLY,000-BKD-525,2455808.273347,10.433,0.010,False,Johnson V,CCD,NRU,1.279,False
768,PTF11KLY,000-BKD-525,2455808.277301,10.434,0.008,False,Johnson V,CCD,NRU,1.293,False
769,SN 2011FE,000-BKD-525,2455808.28,10.2,,False,Visual,Visual,BFO,,
770,PTF11KLY,000-BKD-525,2455808.281378,10.431,0.008,False,Johnson V,CCD,NRU,1.307,False
771,PTF11KLY,000-BKD-525,2455808.285377,10.427,0.008,False,Johnson V,CCD,NRU,1.321,False
772,PTF11KLY,000-BKD-525,2455808.289441,10.422,0.007,False,Johnson V,CCD,NRU,1.337,False
773,SN 2011FE,000-BKD-525,2455808.29,10.8,,False,Visual,Visual,PPS,,
774,PTF11KLY,000-BKD-525,2455808.293464,10.436,0.007,False,Johnson V,CCD,NRU,1.353,False
775,SN 2011FE,000-BKD-525,2455808.29514,11.0,,False,Visual,Visual,KSZ,,
776,PTF11KLY,000-BKD-525,2455808.297516,10.440,0.007,False,Johnson V,CCD,NRU,1.371,False
777,SN 2011FE,000-BKD-525,2455808.29931,10.2,,False,Visual,Visual,RZM,,
778,SN 2011FE,000-BKD-525,2455808.30000,10.2,,False,Visual,Visual,SSW,,
779,SN 2011FE,000-BKD-525,2455808.30,11.0,,False,Visual,Visual,KSZ,,
780,PTF11KLY,000-BKD-525,2455808.300762,10.427,0.009,False,Johnson V,CCD,NRU,1.388,False
781,SN 2011FE,000-BKD-525,2455808.301,10.5,,False,Visual,Visual,FRF,,
782,SN 2011FE,000-BKD-525,2455808.30278,10.5,,False,Visual,Visual,KOS,,
783,SN 2011FE,000-BKD-525,2455808.3056,10.2,,False,Visual,Visual,CSM,,
784,SN 2011FE,000-BKD-525,2455808.306,10.3,,False,Visual,Visual,VOL,,
785,SN 2011FE,000-BKD-525,2455808.3061,9.95,,False,Visual,Visual,DAT,,
786,SN 2011FE,000-BKD-525,2455808.3097,10.4,,False,Visual,Visual,KWO,,
787,SN 2011FE,000-BKD-525,2455808.3111,11.1,,False,Visual,Visual,DPV,,
788,PTF11KLY,000-BKD-525,2455808.3181,10.3,,False,Visual,Visual,HHU,,
789,SN 2011FE,000-BKD-525,2455808.336,10.4,,False,Visual,Visual,BMU,,
790,SN 2011FE,000-BKD-525,2455808.336,10.8,,False,Visual,Visual,VDE,,
791,PTF11KLY,000-BKD-525,2455808.349988,10.405,0.006,False,Johnson V,CCD,NRU,1.649,False
792,SN 2011FE,000-BKD-525,2455808.3528,10.3,,False,Visual,Visual,LCR,,
793,PTF11KLY,000-BKD-525,2455808.353965,10.395,0.006,False,Johnson V,CCD,NRU,1.669,False
794,SN 2011FE,000-BKD-525,2455808.35417,10.4,,False,Visual,Visual,SUQ,,
795,PTF11KLY,000-BKD-525,2455808.357959,10.412,0.006,False,Johnson V,CCD,NRU,1.695,False
796,PTF11KLY,000-BKD-525,2455808.361169,10.407,0.007,False,Johnson V,CCD,NRU,1.721,False
797,PTF11KLY,000-BKD-525,2455808.3681,10.3,,False,Visual,Visual,VFK,,
798,SN 2011FE,000-BKD-525,2455808.3819,10.8,,False,Visual,Visual,ILE,,
799,SN 2011FE,000-BKD-525,2455808.38194,10.8,,False,Visual,Visual,ILE,,
800,SN 2011FE,000-BKD-525,2455808.41667,10.3,,False,Visual,Visual,CPY,,
801,PTF11KLY,000-BKD-525,2455808.418237,10.41,0.02,False,Johnson V,CCD,FVAA,1.23,False
802,PTF11kly,000-BKD-525,2455808.532,10.26,0.11,False,Johnson B,CCD,RHM,,False
803,PTF11KLY,000-BKD-525,2455808.544,10.45,0.07,False,Johnson V,CCD,RHM,,False
804,PTF11KLY,000-BKD-525,2455808.552,10.29,0.07,False,Cousins R,CCD,RHM,,False
805,PTF11KLY,000-BKD-525,2455808.561,10.35,0.09,False,Cousins I,CCD,RHM,,False
806,PTF11kly,000-BKD-525,2455808.57708,10.3,,False,Visual,Visual,DSWA,,
807,PTF11KLY,000-BKD-525,2455808.5993,10.4,,False,Visual,Visual,BTB,,
808,SN 2011FE,000-BKD-525,2455808.6042,10.1,,False,Visual,Visual,KRB,,
809,PTF11KLY,000-BKD-525,2455808.654711,10.757,0.002,False,Johnson B,CCD,SRIC,1.480,False
810,PTF11KLY,000-BKD-525,2455808.655278,10.710,0.002,False,Johnson B,CCD,SRIC,1.483,False
811,PTF11KLY,000-BKD-525,2455808.655845,10.598,0.002,False,Johnson B,CCD,SRIC,1.486,False
812,PTF11KLY,000-BKD-525,2455808.656771,10.670,0.001,False,Johnson V,CCD,SRIC,1.491,False
813,PTF11KLY,000-BKD-525,2455808.657338,10.349,0.001,False,Johnson V,CCD,SRIC,1.495,False
814,PTF11KLY,000-BKD-525,2455808.657905,10.340,0.001,False,Johnson V,CCD,SRIC,1.498,False
815,PTF11kly,000-BKD-525,2455808.67120,10.363,0.047,False,Johnson V,CCD,TDW,1.354,False
816,SN 2011FE,000-BKD-525,2455808.6878,10.340,0.057,False,Johnson B,CCD,DJX,1.610,True
817,SN 2011FE,000-BKD-525,2455808.6878,10.173,0.070,False,Cousins R,CCD,DJX,1.610,True
818,SN 2011FE,000-BKD-525,2455808.6878,10.392,0.023,False,Johnson V,CCD,DJX,1.610,True
819,SN 2011FE,000-BKD-525,2455809.28264,10.0,,False,Visual,Visual,RZM,,
820,SN 2011FE,000-BKD-525,2455809.292,10.2,,False,Visual,Visual,VOL,,
821,SN 2011FE,000-BKD-525,2455809.29861,10.3,,False,Visual,Visual,SSW,,
822,SN 2011FE,000-BKD-525,2455809.30694,10.3,,False,Visual,Visual,KOS,,
823,SN 2011FE,000-BKD-525,2455809.31,10.3,,False,Visual,Visual,PPS,,
824,SN 2011FE,000-BKD-525,2455809.3125,10.3,,False,Visual,Visual,CSM,,
825,SN 2011FE,000-BKD-525,2455809.3196,9.9,,False,Visual,Visual,DAT,,
826,PTF11KLY,000-BKD-525,2455809.3299,9.7,,False,Visual,Visual,VNL,,
827,SN 2011FE,000-BKD-525,2455809.33065,10.266,0.004,False,Johnson V,CCD,ATE,1.41,False
828,SN 2011FE,000-BKD-525,2455809.33151,10.301,0.004,False,Johnson V,CCD,ATE,1.42,False
829,SN 2011FE,000-BKD-525,2455809.33225,10.275,0.004,False,Johnson V,CCD,ATE,1.42,False
830,SN 2011FE,000-BKD-525,2455809.33300,10.337,0.004,False,Johnson V,CCD,ATE,1.43,False
831,SN 2011FE,000-BKD-525,2455809.33374,10.341,0.004,False,Johnson V,CCD,ATE,1.43,False
832,SN 2011FE,000-BKD-525,2455809.33449,10.332,0.004,False,Johnson V,CCD,ATE,1.43,False
833,SN 2011FE,000-BKD-525,2455809.33523,10.285,0.004,False,Johnson V,CCD,ATE,1.44,False
834,SN 2011FE,000-BKD-525,2455809.33599,10.267,0.004,False,Johnson V,CCD,ATE,1.44,False
835,SN 2011FE,000-BKD-525,2455809.33673,10.336,0.004,False,Johnson V,CCD,ATE,1.45,False
836,SN 2011FE,000-BKD-525,2455809.33747,10.329,0.004,False,Johnson V,CCD,ATE,1.45,False
837,SN 2011FE,000-BKD-525,2455809.33823,10.296,0.004,False,Johnson V,CCD,ATE,1.45,False
838,SN 2011FE,000-BKD-525,2455809.33897,10.340,0.004,False,Johnson V,CCD,ATE,1.46,False
839,SN 2011FE,000-BKD-525,2455809.33971,10.285,0.004,False,Johnson V,CCD,ATE,1.46,False
840,SN 2011FE,000-BKD-525,2455809.34045,10.276,0.006,False,Johnson V,CCD,ATE,1.47,False
841,SN 2011FE,000-BKD-525,2455809.34119,10.269,0.005,False,Johnson V,CCD,ATE,1.47,False
842,SN 2011FE,000-BKD-525,2455809.34197,10.259,0.004,False,Johnson V,CCD,ATE,1.48,False
843,SN 2011FE,000-BKD-525,2455809.34271,10.323,0.004,False,Johnson V,CCD,ATE,1.48,False
844,SN 2011FE,000-BKD-525,2455809.34345,10.299,0.004,False,Johnson V,CCD,ATE,1.48,False
845,SN 2011FE,000-BKD-525,2455809.34375,10.3,,False,Visual,Visual,OJR,,
846,SN 2011FE,000-BKD-525,2455809.34419,10.264,0.004,False,Johnson V,CCD,ATE,1.49,False
847,SN 2011FE,000-BKD-525,2455809.34493,10.266,0.005,False,Johnson V,CCD,ATE,1.49,False
848,SN 2011FE,000-BKD-525,2455809.34647,10.344,0.008,False,Johnson V,CCD,ATE,1.50,False
849,SN 2011FE,000-BKD-525,2455809.34721,10.343,0.007,False,Johnson V,CCD,ATE,1.51,False
850,SN 2011FE,000-BKD-525,2455809.3479,10.3,,False,Visual,Visual,DPV,,
851,SN 2011FE,000-BKD-525,2455809.34795,10.262,0.004,False,Johnson V,CCD,ATE,1.51,False
852,PTF11KLY,000-BKD-525,2455809.3486,10.1,,False,Visual,Visual,HHU,,
853,SN 2011FE,000-BKD-525,2455809.34868,10.332,0.004,False,Johnson V,CCD,ATE,1.51,False
854,SN 2011FE,000-BKD-525,2455809.34946,10.345,0.004,False,Johnson V,CCD,ATE,1.52,False
855,SN 2011FE,000-BKD-525,2455809.35020,10.363,0.004,False,Johnson V,CCD,ATE,1.52,False
856,SN 2011FE,000-BKD-525,2455809.35094,10.316,0.004,False,Johnson V,CCD,ATE,1.53,False
857,SN 2011FE,000-BKD-525,2455809.35168,10.327,0.005,False,Johnson V,CCD,ATE,1.53,False
858,SN 2011FE,000-BKD-525,2455809.35242,10.334,0.004,False,Johnson V,CCD,ATE,1.54,False
859,SN 2011FE,000-BKD-525,2455809.35317,10.339,0.004,False,Johnson V,CCD,ATE,1.54,False
860,SN 2011FE,000-BKD-525,2455809.35391,10.333,0.004,False,Johnson V,CCD,ATE,1.55,False
861,SN 2011FE,000-BKD-525,2455809.35468,10.304,0.004,False,Johnson V,CCD,ATE,1.55,False
862,SN 2011FE,000-BKD-525,2455809.35542,10.314,0.004,False,Johnson V,CCD,ATE,1.56,False
863,SN 2011FE,000-BKD-525,2455809.35616,10.330,0.004,False,Johnson V,CCD,ATE,1.56,False
864,SN 2011FE,000-BKD-525,2455809.35690,10.274,0.004,False,Johnson V,CCD,ATE,1.57,False
865,SN 2011FE,000-BKD-525,2455809.36806,10.1,,False,Visual,Visual,GGU,,
866,SN 2011FE,000-BKD-525,2455809.3958,10.4,,False,Visual,Visual,ILE,,
867,SN 2011FE,000-BKD-525,2455809.39583,10.4,,False,Visual,Visual,ILE,,
868,PTF11KLY,000-BKD-525,2455809.42934,10.27,0.02,False,Johnson V,CCD,FVAA,1.30,False
869,SN 2011FE,000-BKD-525,2455809.544769,10.251,0.029,False,Unfiltered with V Zeropoint,CCD,UJHA,,False
870,SN 2011FE,000-BKD-525,2455809.545775,10.228,0.084,False,Unfiltered with V Zeropoint,CCD,UJHA,,False
871,SN 2011FE,000-BKD-525,2455809.548432,10.295,0.019,False,Unfiltered with V Zeropoint,CCD,UJHA,,False
872,SN 2011FE,000-BKD-525,2455809.550087,10.272,0.022,False,Unfiltered with V Zeropoint,CCD,UJHA,,False
873,SN 2011FE,000-BKD-525,2455809.550943,10.258,0.016,False,Unfiltered with V Zeropoint,CCD,UJHA,,False
874,SN 2011FE,000-BKD-525,2455809.551765,10.270,0.015,False,Unfiltered with V Zeropoint,CCD,UJHA,,False
875,SN 2011FE,000-BKD-525,2455809.552598,10.309,0.016,False,Unfiltered with V Zeropoint,CCD,UJHA,,False
876,SN 2011FE,000-BKD-525,2455809.553275,10.274,0.052,False,Unfiltered with V Zeropoint,CCD,UJHA,,False
877,SN 2011FE,000-BKD-525,2455809.553935,10.312,0.040,False,Unfiltered with V Zeropoint,CCD,UJHA,,False
878,SN 2011FE,000-BKD-525,2455809.56181,10.28,0.01,False,Johnson V,CCD,SHA,1.45,False
879,SN 2011FE,000-BKD-525,2455809.56354,10.38,0.02,False,Johnson B,CCD,SHA,1.46,False
880,PTF11kly,000-BKD-525,2455809.56528,10.25,0.02,False,Cousins I,CCD,SHA,1.47,False
881,SN 2011FE,000-BKD-525,2455809.601296,10.370,0.013,False,Johnson B,CCD,STIA,,False
882,SN 2011FE,000-BKD-525,2455809.61111,10.5,,False,Visual,Visual,HSW,,
883,SN 2011FE,000-BKD-525,2455809.614016,10.249,0.006,False,Johnson V,CCD,STIA,,False
884,SN 2011FE,000-BKD-525,2455809.6424,10.0,,False,Visual,Visual,KRB,,
885,SN 2011FE,000-BKD-525,2455809.68530,10.263,.005,False,Johnson V,CCD,CTX,1.465,True
886,SN 2011FE,000-BKD-525,2455809.68674,10.169,.007,False,Johnson B,CCD,CTX,1.473,True
887,SN 2011FE,000-BKD-525,2455809.68788,10.164,.004,False,Cousins R,CCD,CTX,1.479,True
888,SN 2011FE,000-BKD-525,2455809.69128,10.185,.005,False,Cousins I,CCD,CTX,1.497,True
889,SN 2011FE,000-BKD-525,2455809.70833,10.2,,False,Visual,Visual,ERB,,
890,SN 2011FE,000-BKD-525,2455809.74097,10.3,,False,Unknown,Other,RR,,
891,SN 2011FE,000-BKD-525,2455810.31250,10.3,,False,Visual,Visual,WKL,,
892,SN 2011FE,000-BKD-525,2455810.32348,10.180,0.004,False,Johnson V,CCD,ATE,1.39,False
893,SN 2011FE,000-BKD-525,2455810.32435,10.160,0.004,False,Johnson V,CCD,ATE,1.40,False
894,SN 2011FE,000-BKD-525,2455810.32512,10.199,0.004,False,Johnson V,CCD,ATE,1.40,False
895,SN 2011FE,000-BKD-525,2455810.32586,10.172,0.004,False,Johnson V,CCD,ATE,1.40,False
896,SN 2011FE,000-BKD-525,2455810.32660,10.179,0.004,False,Johnson V,CCD,ATE,1.41,False
897,SN 2011FE,000-BKD-525,2455810.32735,10.183,0.004,False,Johnson V,CCD,ATE,1.41,False
898,SN 2011FE,000-BKD-525,2455810.32809,10.176,0.004,False,Johnson V,CCD,ATE,1.42,False
899,SN 2011FE,000-BKD-525,2455810.32883,10.158,0.004,False,Johnson V,CCD,ATE,1.42,False
900,PTF11KLY,000-BKD-525,2455810.3292,10.2,,False,Visual,Visual,VFK,,
901,SN 2011FE,000-BKD-525,2455810.32958,10.168,0.004,False,Johnson V,CCD,ATE,1.42,False
902,SN 2011FE,000-BKD-525,2455810.33034,10.198,0.004,False,Johnson V,CCD,ATE,1.43,False
903,SN 2011FE,000-BKD-525,2455810.33108,10.202,0.004,False,Johnson V,CCD,ATE,1.43,False
904,SN 2011FE,000-BKD-525,2455810.33182,10.148,0.004,False,Johnson V,CCD,ATE,1.43,False
905,SN 2011FE,000-BKD-525,2455810.33257,10.137,0.004,False,Johnson V,CCD,ATE,1.44,False
906,SN 2011FE,000-BKD-525,2455810.33330,10.196,0.004,False,Johnson V,CCD,ATE,1.44,False
907,SN 2011FE,000-BKD-525,2455810.33405,10.162,0.004,False,Johnson V,CCD,ATE,1.45,False
908,SN 2011FE,000-BKD-525,2455810.33479,10.146,0.004,False,Johnson V,CCD,ATE,1.45,False
909,SN 2011FE,000-BKD-525,2455810.33553,10.167,0.004,False,Johnson V,CCD,ATE,1.45,False
910,SN 2011FE,000-BKD-525,2455810.33627,10.167,0.004,False,Johnson V,CCD,ATE,1.46,False
911,SN 2011FE,000-BKD-525,2455810.33703,10.143,0.004,False,Johnson V,CCD,ATE,1.46,False
912,SN 2011FE,000-BKD-525,2455810.33779,10.137,0.004,False,Johnson V,CCD,ATE,1.47,False
913,SN 2011FE,000-BKD-525,2455810.33853,10.198,0.004,False,Johnson V,CCD,ATE,1.47,False
914,SN 2011FE,000-BKD-525,2455810.33927,10.202,0.004,False,Johnson V,CCD,ATE,1.48,False
915,SN 2011FE,000-BKD-525,2455810.34001,10.191,0.004,False,Johnson V,CCD,ATE,1.48,False
916,SN 2011FE,000-BKD-525,2455810.34075,10.138,0.004,False,Johnson V,CCD,ATE,1.48,False
917,SN 2011FE,000-BKD-525,2455810.34149,10.205,0.004,False,Johnson V,CCD,ATE,1.49,False
918,SN 2011FE,000-BKD-525,2455810.34227,10.170,0.004,False,Johnson V,CCD,ATE,1.49,False
919,SN 2011FE,000-BKD-525,2455810.34301,10.184,0.004,False,Johnson V,CCD,ATE,1.50,False
920,SN 2011FE,000-BKD-525,2455810.34375,10.144,0.004,False,Johnson V,CCD,ATE,1.50,False
921,SN 2011FE,000-BKD-525,2455810.34449,10.201,0.004,False,Johnson V,CCD,ATE,1.51,False
922,SN 2011FE,000-BKD-525,2455810.34523,10.163,0.004,False,Johnson V,CCD,ATE,1.51,False
923,SN 2011FE,000-BKD-525,2455810.3458,10.3,,False,Visual,Visual,BIC,,
924,SN 2011FE,000-BKD-525,2455810.34597,10.172,0.004,False,Johnson V,CCD,ATE,1.52,False
925,SN 2011FE,000-BKD-525,2455810.34672,10.140,0.004,False,Johnson V,CCD,ATE,1.52,False
926,SN 2011FE,000-BKD-525,2455810.34746,10.171,0.004,False,Johnson V,CCD,ATE,1.52,False
927,SN 2011FE,000-BKD-525,2455810.34820,10.196,0.004,False,Johnson V,CCD,ATE,1.53,False
928,SN 2011FE,000-BKD-525,2455810.34894,10.167,0.004,False,Johnson V,CCD,ATE,1.53,False
929,SN 2011FE,000-BKD-525,2455810.34968,10.191,0.004,False,Johnson V,CCD,ATE,1.54,False
930,SN 2011FE,000-BKD-525,2455810.35046,10.206,0.004,False,Johnson V,CCD,ATE,1.54,False
931,SN 2011FE,000-BKD-525,2455810.360,10.2,,False,Visual,Visual,VDE,,
932,PTF11kly,000-BKD-525,2455810.36042,9.94,0.02,False,Unfiltered with R Zeropoint,CCD,NOT,,False
933,SN 2011FE,000-BKD-525,2455810.3632,10.2,,False,Visual,Visual,GZN,,
934,SN 2011FE,000-BKD-525,2455810.37500,10.1,,False,Visual,Visual,KAM,,
935,SN 2011FE,000-BKD-525,2455810.375,10.1,,False,Visual,Visual,KAM,,
936,SN 2011FE,000-BKD-525,2455810.4,10.3,,False,Visual,Visual,SYU,,
937,PTF11KLY,000-BKD-525,2455810.417563,10.18,0.02,False,Johnson V,CCD,FVAA,1.26,False
938,SN 2011FE,000-BKD-525,2455810.4687,10.2,,False,Visual,Visual,KTHA,,
939,SN 2011FE,000-BKD-525,2455810.5,10.2,,False,Visual,Visual,PHG,,
940,SN 2011FE,000-BKD-525,2455810.55208,10.05,0.07,False,Unfiltered with V Zeropoint,CCD,MFR,1.666,False
941,PTF11kly,000-BKD-525,2455810.56736,10.4,,False,Visual,Visual,SNE,,
942,PTF11KLY,000-BKD-525,2455810.5875,10.2,,False,Visual,Visual,BTB,,
943,SN 2011FE,000-BKD-525,2455810.59722,10.2,,False,Visual,Visual,ZXIA,,
944,SN 2011FE,000-BKD-525,2455810.604178,10.287,0.012,False,Johnson B,CCD,STIA,,False
945,SN 2011FE,000-BKD-525,2455810.6042,10.0,,False,Visual,Visual,KRB,,
946,SN 2011FE,000-BKD-525,2455810.614248,10.174,0.006,False,Johnson V,CCD,STIA,,False
947,SN 2011FE,000-BKD-525,2455810.71181,10.1,,False,Visual,Visual,WLY,,
948,SN 2011FE,000-BKD-525,2455810.73264,10.1,,False,Visual,Visual,RR,,
949,SN 2011FE,000-BKD-525,2455811.02361,10.192,0.073,False,Unfiltered with V Zeropoint,CCD,TSJ,,False
950,SN 2011FE,000-BKD-525,2455811.272,10.0,,False,Visual,Visual,VOL,,
951,SN 2011FE,000-BKD-525,2455811.276,10.1,,False,Visual,Visual,FRF,,
952,SN 2011FE,000-BKD-525,2455811.28056,10.0,,False,Visual,Visual,RZM,,
953,SN 2011FE,000-BKD-525,2455811.2826,10.1,,False,Visual,Visual,DPV,,
954,SN 2011FE,000-BKD-525,2455811.29040,10.13,0.001,False,Johnson B,CCD,CALA,1.547,False
955,SN 2011FE,000-BKD-525,2455811.29167,10.1,,False,Visual,Visual,SSW,,
956,SN 2011FE,000-BKD-525,2455811.2917,10.1,,False,Visual,Visual,MZS,,
957,SN 2011FE,000-BKD-525,2455811.29330,9.97,0.002,False,Cousins R,CCD,CALA,1.465,False
958,SN 2011FE,000-BKD-525,2455811.29722,9.9,,False,Visual,Visual,KSZ,,
959,SN 2011FE,000-BKD-525,2455811.30,11.4,,False,Visual,Visual,HCS,,
960,SN 2011FE,000-BKD-525,2455811.30,9.9,,False,Visual,Visual,KSZ,,
961,SN 2011FE,000-BKD-525,2455811.30105,10.152,0.014,False,Johnson V,CCD,CMAB,,False
962,PTF11kly,000-BKD-525,2455811.30139,9.8,,False,Visual,Visual,KOS,,
963,SN 2011FE,000-BKD-525,2455811.30185,10.2,0.1,False,Unfiltered with V Zeropoint,CCD,RMAD,,False
964,PTF11kly,000-BKD-525,2455811.30208,10.18,,False,Unfiltered with V Zeropoint,CCD,VKN,,False
965,PTF11kly,000-BKD-525,2455811.30380,10.09,0.002,False,Johnson V,CCD,CALA, 1.51,False
966,SN 2011FE,000-BKD-525,2455811.3042,9.85,,False,Visual,Visual,DAT,,
967,SN 2011FE,000-BKD-525,2455811.31,10.2,,False,Visual,Visual,JLZ,,
968,SN 2011FE,000-BKD-525,2455811.3125,10.0,,False,Visual,Visual,PLP,,
969,SN 2011FE,000-BKD-525,2455811.3125,10.1,,False,Visual,Visual,CSM,,
970,SN 2011FE,000-BKD-525,2455811.31535,10.035,0.072,False,Johnson V,CCD,SJAR,1.446,False
971,SN 2011FE,000-BKD-525,2455811.31544,9.873,0.061,False,Cousins R,CCD,SJAR,1.446,False
972,PTF11kly,000-BKD-525,2455811.31944,9.8,,False,Visual,Visual,GPIA,,
973,SN 2011FE,000-BKD-525,2455811.32494,10.067,0.003,False,Johnson V,CCD,ATE,1.41,False
974,SN 2011FE,000-BKD-525,2455811.32579,10.042,0.003,False,Johnson V,CCD,ATE,1.42,False
975,SN 2011FE,000-BKD-525,2455811.32653,10.040,0.003,False,Johnson V,CCD,ATE,1.42,False
976,SN 2011FE,000-BKD-525,2455811.32728,10.043,0.003,False,Johnson V,CCD,ATE,1.43,False
977,SN 2011FE,000-BKD-525,2455811.32803,10.050,0.003,False,Johnson V,CCD,ATE,1.43,False
978,SN 2011FE,000-BKD-525,2455811.32877,10.080,0.003,False,Johnson V,CCD,ATE,1.43,False
979,SN 2011FE,000-BKD-525,2455811.32953,10.057,0.003,False,Johnson V,CCD,ATE,1.44,False
980,SN 2011FE,000-BKD-525,2455811.33027,10.030,0.003,False,Johnson V,CCD,ATE,1.44,False
981,SN 2011FE,000-BKD-525,2455811.33101,10.034,0.003,False,Johnson V,CCD,ATE,1.45,False
982,PTF11kly,000-BKD-525,2455811.33125,10.01,0.02,False,Cousins R,CCD,PAI,,False
983,SN 2011FE,000-BKD-525,2455811.33175,10.076,0.003,False,Johnson V,CCD,ATE,1.45,False
984,SN 2011FE,000-BKD-525,2455811.33194,10.1,,False,Visual,Visual,KLO,,
985,SN 2011FE,000-BKD-525,2455811.33250,10.076,0.003,False,Johnson V,CCD,ATE,1.45,False
986,SN 2011FE,000-BKD-525,2455811.33325,10.044,0.003,False,Johnson V,CCD,ATE,1.46,False
987,SN 2011FE,000-BKD-525,2455811.33401,10.035,0.003,False,Johnson V,CCD,ATE,1.46,False
988,SN 2011FE,000-BKD-525,2455811.33475,10.077,0.003,False,Johnson V,CCD,ATE,1.47,False
989,SN 2011FE,000-BKD-525,2455811.33553,10.068,0.003,False,Johnson V,CCD,ATE,1.47,False
990,SN 2011FE,000-BKD-525,2455811.33571,10.09,0.02,False,Johnson V,CCD,PAI,,False
991,SN 2011FE,000-BKD-525,2455811.33630,10.066,0.003,False,Johnson V,CCD,ATE,1.47,False
992,SN 2011FE,000-BKD-525,2455811.33708,10.061,0.003,False,Johnson V,CCD,ATE,1.48,False
993,SN 2011FE,000-BKD-525,2455811.33782,10.035,0.003,False,Johnson V,CCD,ATE,1.48,False
994,SN 2011FE,000-BKD-525,2455811.33859,10.078,0.003,False,Johnson V,CCD,ATE,1.49,False
995,SN 2011FE,000-BKD-525,2455811.33934,10.074,0.003,False,Johnson V,CCD,ATE,1.49,False
996,SN 2011FE,000-BKD-525,2455811.34008,10.031,0.003,False,Johnson V,CCD,ATE,1.50,False
997,SN 2011FE,000-BKD-525,2455811.34085,10.078,0.003,False,Johnson V,CCD,ATE,1.50,False
998,SN 2011FE,000-BKD-525,2455811.34159,10.058,0.003,False,Johnson V,CCD,ATE,1.51,False
999,SN 2011FE,000-BKD-525,2455811.34236,10.077,0.003,False,Johnson V,CCD,ATE,1.51,False
1000,SN 2011FE,000-BKD-525,2455811.34306,10.0,,False,Visual,Visual,SZX,,
1001,SN 2011FE,000-BKD-525,2455811.34310,10.075,0.003,False,Johnson V,CCD,ATE,1.51,False
1002,SN 2011FE,000-BKD-525,2455811.34384,10.065,0.003,False,Johnson V,CCD,ATE,1.52,False
1003,SN 2011FE,000-BKD-525,2455811.34458,10.031,0.003,False,Johnson V,CCD,ATE,1.52,False
1004,SN 2011FE,000-BKD-525,2455811.34533,10.073,0.003,False,Johnson V,CCD,ATE,1.53,False
1005,SN 2011FE,000-BKD-525,2455811.34607,10.052,0.003,False,Johnson V,CCD,ATE,1.53,False
1006,SN 2011FE,000-BKD-525,2455811.34684,10.082,0.003,False,Johnson V,CCD,ATE,1.54,False
1007,SN 2011FE,000-BKD-525,2455811.34776,10.034,0.003,False,Johnson V,CCD,ATE,1.54,False
1008,SN 2011FE,000-BKD-525,2455811.34850,10.046,0.003,False,Johnson V,CCD,ATE,1.55,False
1009,SN 2011FE,000-BKD-525,2455811.35417,10.1,,False,Visual,Visual,OJR,,
1010,SN 2011FE,000-BKD-525,2455811.3590,10.1,,False,Visual,Visual,GZN,,
1011,SN 2011FE,000-BKD-525,2455811.3715,10.1,,False,Visual,Visual,ILE,,
1012,SN 2011FE,000-BKD-525,2455811.37153,10.1,,False,Visual,Visual,ILE,,
1013,SN 2011FE,000-BKD-525,2455811.3750,10.3,,False,Visual,Visual,FMAC,,
1014,PTF11KLY,000-BKD-525,2455811.414944,10.09,0.02,False,Johnson V,CCD,FVAA,1.26,False
1015,SN 2011FE,000-BKD-525,2455811.44861,10.08,,False,Johnson V,CCD,MUY,,False
1016,SN 2011FE,000-BKD-525,2455811.449,10.10,,False,Johnson V,CCD,PYG,,False
1017,SN 2011FE,000-BKD-525,2455811.44910,10.062,,False,Johnson V,CCD,SWQ,,False
1018,SN 2011FE,000-BKD-525,2455811.4493,10.1,,False,Unknown,Visual,PYG,,
1019,SN 2011FE,000-BKD-525,2455811.546019,10.060,0.025,False,Unfiltered with V Zeropoint,CCD,UJHA,,False
1020,SN 2011FE,000-BKD-525,2455811.546597,10.085,0.025,False,Unfiltered with V Zeropoint,CCD,UJHA,,False
1021,SN 2011FE,000-BKD-525,2455811.547153,10.072,0.023,False,Unfiltered with V Zeropoint,CCD,UJHA,,False
1022,SN 2011FE,000-BKD-525,2455811.54772,10.148,0.021,False,Unfiltered with V Zeropoint,CCD,UJHA,,False
1023,SN 2011FE,000-BKD-525,2455811.548275,10.092,0.021,False,Unfiltered with V Zeropoint,CCD,UJHA,,False
1024,SN 2011FE,000-BKD-525,2455811.548831,10.110,0.019,False,Unfiltered with V Zeropoint,CCD,UJHA,,False
1025,SN 2011FE,000-BKD-525,2455811.549398,10.096,0.020,False,Unfiltered with V Zeropoint,CCD,UJHA,,False
1026,SN 2011FE,000-BKD-525,2455811.549954,10.084,0.019,False,Unfiltered with V Zeropoint,CCD,UJHA,,False
1027,SN 2011FE,000-BKD-525,2455811.556123,10.095,0.016,False,Unfiltered with V Zeropoint,CCD,UJHA,,False
1028,SN 2011FE,000-BKD-525,2455811.556678,10.092,0.016,False,Unfiltered with V Zeropoint,CCD,UJHA,,False
1029,SN 2011FE,000-BKD-525,2455811.557245,10.101,0.017,False,Unfiltered with V Zeropoint,CCD,UJHA,,False
1030,SN 2011FE,000-BKD-525,2455811.56181,10.05,0.03,False,Johnson V,CCD,SHA,1.47,False
1031,SN 2011FE,000-BKD-525,2455811.56250,10.18,0.03,False,Johnson B,CCD,SHA,1.48,False
1032,SN 2011FE,000-BKD-525,2455811.5674,10.0,,False,Visual,Visual,KRB,,
1033,SN 2011FE,000-BKD-525,2455811.56944,10.19,0.02,False,Cousins I,CCD,SHA,1.52,False
1034,SN 2011FE,000-BKD-525,2455811.588935,10.227,0.012,False,Johnson B,CCD,STIA,,False
1035,SN 2011FE,000-BKD-525,2455811.599965,10.127,0.005,False,Johnson V,CCD,STIA,,False
1036,SN 2011FE,000-BKD-525,2455811.61268,10.10,0.03,False,Johnson V,CCD,HSW,,False
1037,SN 2011FE,000-BKD-525,2455811.62500,10.2,,False,Visual,Visual,HSW,,
1038,PTF11KLY,000-BKD-525,2455811.64454,10.148,0.014,False,Johnson B,CCD,SRIC,1.47,False
1039,PTF11KLY,000-BKD-525,2455811.64609,10.200,0.059,False,Johnson V,CCD,SRIC,1.48,False
1040,SN 2011FE,000-BKD-525,2455811.65422,10.0,,False,Visual,Visual,SYP,,
1041,SN 2011FE,000-BKD-525,2455811.68372,10.115,.005,False,Johnson V,CCD,CTX,1.486,True
1042,SN 2011FE,000-BKD-525,2455811.68457,10.004,.007,False,Johnson B,CCD,CTX,1.491,True
1043,SN 2011FE,000-BKD-525,2455811.68545,10.027,.004,False,Cousins R,CCD,CTX,1.495,True
1044,SN 2011FE,000-BKD-525,2455811.68605,10.114,.006,False,Cousins I,CCD,CTX,1.500,True
1045,SN 2011FE,000-BKD-525,2455811.68750,10.0,,False,Visual,Visual,RR,,
1046,SN 2011FE,000-BKD-525,2455811.70764,10.1,,False,Visual,Visual,WLY,,
1047,SN 2011FE,000-BKD-525,2455811.95764,10.140,0.067,False,Unfiltered with V Zeropoint,CCD,TSJ,,False
1048,SN 2011FE,000-BKD-525,2455812.31954,10.023,0.003,False,Johnson V,CCD,ATE,1.40,False
1049,SN 2011FE,000-BKD-525,2455812.32043,9.998,0.003,False,Johnson V,CCD,ATE,1.40,False
1050,SN 2011FE,000-BKD-525,2455812.32267,9.999,0.003,False,Johnson V,CCD,ATE,1.42,False
1051,SN 2011FE,000-BKD-525,2455812.32341,10.000,0.003,False,Johnson V,CCD,ATE,1.42,False
1052,SN 2011FE,000-BKD-525,2455812.32562,9.997,0.003,False,Johnson V,CCD,ATE,1.43,False
1053,SN 2011FE,000-BKD-525,2455812.3257,10.2,,False,Visual,Visual,BHS,,
1054,SN 2011FE,000-BKD-525,2455812.32636,10.036,0.003,False,Johnson V,CCD,ATE,1.44,False
1055,SN 2011FE,000-BKD-525,2455812.32713,10.060,0.003,False,Johnson V,CCD,ATE,1.44,False
1056,SN 2011FE,000-BKD-525,2455812.32787,10.030,0.003,False,Johnson V,CCD,ATE,1.44,False
1057,SN 2011FE,000-BKD-525,2455812.32936,9.999,0.003,False,Johnson V,CCD,ATE,1.45,False
1058,SN 2011FE,000-BKD-525,2455812.33010,10.041,0.003,False,Johnson V,CCD,ATE,1.46,False
1059,SN 2011FE,000-BKD-525,2455812.33084,10.061,0.003,False,Johnson V,CCD,ATE,1.46,False
1060,SN 2011FE,000-BKD-525,2455812.33158,10.054,0.003,False,Johnson V,CCD,ATE,1.46,False
1061,SN 2011FE,000-BKD-525,2455812.33309,10.050,0.003,False,Johnson V,CCD,ATE,1.47,False
1062,SN 2011FE,000-BKD-525,2455812.33458,10.027,0.003,False,Johnson V,CCD,ATE,1.48,False
1063,SN 2011FE,000-BKD-525,2455812.33532,10.010,0.003,False,Johnson V,CCD,ATE,1.49,False
1064,SN 2011FE,000-BKD-525,2455812.33607,9.998,0.003,False,Johnson V,CCD,ATE,1.49,False
1065,SN 2011FE,000-BKD-525,2455812.33681,10.033,0.003,False,Johnson V,CCD,ATE,1.49,False
1066,SN 2011FE,000-BKD-525,2455812.33755,10.056,0.003,False,Johnson V,CCD,ATE,1.50,False
1067,SN 2011FE,000-BKD-525,2455812.33829,9.998,0.003,False,Johnson V,CCD,ATE,1.50,False
1068,SN 2011FE,000-BKD-525,2455812.33903,10.027,0.003,False,Johnson V,CCD,ATE,1.51,False
1069,SN 2011FE,000-BKD-525,2455812.34055,10.062,0.003,False,Johnson V,CCD,ATE,1.52,False
1070,SN 2011FE,000-BKD-525,2455812.34129,10.041,0.003,False,Johnson V,CCD,ATE,1.52,False
1071,SN 2011FE,000-BKD-525,2455812.34203,10.059,0.004,False,Johnson V,CCD,ATE,1.53,False
1072,SN 2011FE,000-BKD-525,2455812.34277,10.063,0.003,False,Johnson V,CCD,ATE,1.53,False
1073,SN 2011FE,000-BKD-525,2455812.34355,10.055,0.003,False,Johnson V,CCD,ATE,1.53,False
1074,SN 2011FE,000-BKD-525,2455812.34429,10.059,0.003,False,Johnson V,CCD,ATE,1.54,False
1075,SN 2011FE,000-BKD-525,2455812.34503,10.063,0.003,False,Johnson V,CCD,ATE,1.54,False
1076,SN 2011FE,000-BKD-525,2455812.34577,10.003,0.003,False,Johnson V,CCD,ATE,1.55,False
1077,SN 2011FE,000-BKD-525,2455812.34651,10.061,0.003,False,Johnson V,CCD,ATE,1.55,False
1078,SN 2011FE,000-BKD-525,2455812.34725,10.035,0.003,False,Johnson V,CCD,ATE,1.56,False
1079,SN 2011FE,000-BKD-525,2455812.34773,10.080,0.019,False,Johnson V,CCD,CMAB,,False
1080,SN 2011FE,000-BKD-525,2455812.34877,10.059,0.003,False,Johnson V,CCD,ATE,1.57,False
1081,SN 2011FE,000-BKD-525,2455812.34951,10.048,0.003,False,Johnson V,CCD,ATE,1.57,False
1082,SN 2011FE,000-BKD-525,2455812.35250,10.053,0.003,False,Johnson V,CCD,ATE,1.59,False
1083,SN 2011FE,000-BKD-525,2455812.35325,10.060,0.003,False,Johnson V,CCD,ATE,1.60,False
1084,SN 2011FE,000-BKD-525,2455812.35399,10.055,0.003,False,Johnson V,CCD,ATE,1.60,False
1085,SN 2011FE,000-BKD-525,2455812.3576,10.0,,False,Visual,Visual,ILE,,
1086,SN 2011FE,000-BKD-525,2455812.35764,10.0,,False,Visual,Visual,ILE,,
1087,PTF11KLY,000-BKD-525,2455812.414524,10.02,0.02,False,Johnson V,CCD,FVAA,1.26,False
1088,SN 2011FE,000-BKD-525,2455812.4458,10.16,,False,Unknown,Visual,PYG,,
1089,SN 2011FE,000-BKD-525,2455812.44598,10.122,,False,Johnson V,CCD,SWQ,,False
1090,SN 2011FE,000-BKD-525,2455812.446,10.16,,False,Johnson V,CCD,PYG,,False
1091,SN 2011FE,000-BKD-525,2455812.546389,10.001,0.029,False,Unfiltered with V Zeropoint,CCD,UJHA,,False
1092,SN 2011FE,000-BKD-525,2455812.54706,9.995,0.027,False,Unfiltered with V Zeropoint,CCD,UJHA,,False
1093,SN 2011FE,000-BKD-525,2455812.547766,10.053,0.026,False,Unfiltered with V Zeropoint,CCD,UJHA,,False
1094,SN 2011FE,000-BKD-525,2455812.548461,10.024,0.024,False,Unfiltered with V Zeropoint,CCD,UJHA,,False
1095,SN 2011FE,000-BKD-525,2455812.549086,10.015,0.025,False,Unfiltered with V Zeropoint,CCD,UJHA,,False
1096,SN 2011FE,000-BKD-525,2455812.549745,10.058,0.021,False,Unfiltered with V Zeropoint,CCD,UJHA,,False
1097,SN 2011FE,000-BKD-525,2455812.550394,10.013,0.023,False,Unfiltered with V Zeropoint,CCD,UJHA,,False
1098,SN 2011FE,000-BKD-525,2455812.551088,10.042,0.021,False,Unfiltered with V Zeropoint,CCD,UJHA,,False
1099,SN 2011FE,000-BKD-525,2455812.55139,10.1,,False,Visual,Visual,SLH,,
1100,SN 2011FE,000-BKD-525,2455812.551736,10.048,0.021,False,Unfiltered with V Zeropoint,CCD,UJHA,,False
1101,SN 2011FE,000-BKD-525,2455812.552361,10.050,0.023,False,Unfiltered with V Zeropoint,CCD,UJHA,,False
1102,SN 2011FE,000-BKD-525,2455812.553056,10.012,0.025,False,Unfiltered with V Zeropoint,CCD,UJHA,,False
1103,SN 2011FE,000-BKD-525,2455812.553692,10.052,0.020,False,Unfiltered with V Zeropoint,CCD,UJHA,,False
1104,SN 2011FE,000-BKD-525,2455812.554363,10.087,0.019,False,Unfiltered with V Zeropoint,CCD,UJHA,,False
1105,SN 2011FE,000-BKD-525,2455812.5875,9.9,,False,Visual,Visual,CKB,,
1106,SN 2011FE,000-BKD-525,2455812.5903,10.0,,False,Visual,Visual,BTB,,
1107,SN 2011FE,000-BKD-525,2455812.600289,10.212,0.012,False,Johnson B,CCD,STIA,,False
1108,SN 2011FE,000-BKD-525,2455812.610174,10.038,0.007,False,Johnson V,CCD,STIA,,False
1109,SN 2011FE,000-BKD-525,2455812.61758,10.078,0.0015,False,Johnson V,CCD,KROA,,False
1110,SN 2011FE,000-BKD-525,2455812.6194,10.0,,False,Visual,Visual,KRB,,
1111,SN 2011FE,000-BKD-525,2455812.6728,10.018,0.045,False,Johnson B,CCD,DJX,1.592,True
1112,SN 2011FE,000-BKD-525,2455812.6728,9.839,0.068,False,Cousins R,CCD,DJX,1.592,True
1113,SN 2011FE,000-BKD-525,2455812.6728,10.047,0.023,False,Johnson V,CCD,DJX,1.592,True
1114,SN 2011FE,000-BKD-525,2455812.67361,9.9,,False,Visual,Visual,ZXIA,,
1115,SN 2011FE,000-BKD-525,2455812.68750,9.9,,False,Visual,Visual,RR,,
1116,SN 2011FE,000-BKD-525,2455813.29928,10.050,0.014,False,Johnson V,CCD,CMAB,,False
1117,SN 2011FE,000-BKD-525,2455813.3,9.9,,False,Visual,Visual,SYU,,
1118,SN 2011FE,000-BKD-525,2455813.32002,10.002,0.003,False,Johnson V,CCD,ATE,1.42,False
1119,SN 2011FE,000-BKD-525,2455813.32151,10.000,0.003,False,Johnson V,CCD,ATE,1.42,False
1120,SN 2011FE,000-BKD-525,2455813.32225,10.005,0.003,False,Johnson V,CCD,ATE,1.43,False
1121,SN 2011FE,000-BKD-525,2455813.32299,9.948,0.003,False,Johnson V,CCD,ATE,1.43,False
1122,SN 2011FE,000-BKD-525,2455813.32376,10.019,0.003,False,Johnson V,CCD,ATE,1.44,False
1123,SN 2011FE,000-BKD-525,2455813.32450,10.001,0.003,False,Johnson V,CCD,ATE,1.44,False
1124,SN 2011FE,000-BKD-525,2455813.32524,9.966,0.003,False,Johnson V,CCD,ATE,1.44,False
1125,SN 2011FE,000-BKD-525,2455813.32602,9.987,0.003,False,Johnson V,CCD,ATE,1.45,False
1126,SN 2011FE,000-BKD-525,2455813.32676,10.007,0.003,False,Johnson V,CCD,ATE,1.45,False
1127,SN 2011FE,000-BKD-525,2455813.32750,9.945,0.003,False,Johnson V,CCD,ATE,1.46,False
1128,SN 2011FE,000-BKD-525,2455813.32902,10.020,0.003,False,Johnson V,CCD,ATE,1.47,False
1129,SN 2011FE,000-BKD-525,2455813.32976,9.952,0.003,False,Johnson V,CCD,ATE,1.47,False
1130,SN 2011FE,000-BKD-525,2455813.32986,9.8,,False,Visual,Visual,VBH,,
1131,SN 2011FE,000-BKD-525,2455813.33050,9.947,0.003,False,Johnson V,CCD,ATE,1.47,False
1132,SN 2011FE,000-BKD-525,2455813.33349,9.970,0.003,False,Johnson V,CCD,ATE,1.49,False
1133,SN 2011FE,000-BKD-525,2455813.33423,9.989,0.003,False,Johnson V,CCD,ATE,1.50,False
1134,SN 2011FE,000-BKD-525,2455813.33497,9.958,0.003,False,Johnson V,CCD,ATE,1.50,False
1135,SN 2011FE,000-BKD-525,2455813.33571,9.983,0.003,False,Johnson V,CCD,ATE,1.50,False
1136,SN 2011FE,000-BKD-525,2455813.33648,9.972,0.003,False,Johnson V,CCD,ATE,1.51,False
1137,SN 2011FE,000-BKD-525,2455813.33726,9.991,0.003,False,Johnson V,CCD,ATE,1.51,False
1138,SN 2011FE,000-BKD-525,2455813.33801,10.017,0.003,False,Johnson V,CCD,ATE,1.52,False
1139,SN 2011FE,000-BKD-525,2455813.33876,9.989,0.003,False,Johnson V,CCD,ATE,1.52,False
1140,SN 2011FE,000-BKD-525,2455813.33954,9.945,0.004,False,Johnson V,CCD,ATE,1.53,False
1141,SN 2011FE,000-BKD-525,2455813.34028,10.003,0.003,False,Johnson V,CCD,ATE,1.53,False
1142,SN 2011FE,000-BKD-525,2455813.34183,10.019,0.003,False,Johnson V,CCD,ATE,1.54,False
1143,SN 2011FE,000-BKD-525,2455813.34257,9.983,0.003,False,Johnson V,CCD,ATE,1.55,False
1144,SN 2011FE,000-BKD-525,2455813.34334,9.945,0.003,False,Johnson V,CCD,ATE,1.55,False
1145,SN 2011FE,000-BKD-525,2455813.34411,10.003,0.003,False,Johnson V,CCD,ATE,1.56,False
1146,SN 2011FE,000-BKD-525,2455813.34489,10.023,0.003,False,Johnson V,CCD,ATE,1.56,False
1147,SN 2011FE,000-BKD-525,2455813.34565,9.942,0.003,False,Johnson V,CCD,ATE,1.57,False
1148,SN 2011FE,000-BKD-525,2455813.34644,9.956,0.003,False,Johnson V,CCD,ATE,1.57,False
1149,SN 2011FE,000-BKD-525,2455813.34718,9.975,0.003,False,Johnson V,CCD,ATE,1.58,False
1150,SN 2011FE,000-BKD-525,2455813.34795,9.946,0.003,False,Johnson V,CCD,ATE,1.58,False
1151,SN 2011FE,000-BKD-525,2455813.34873,9.973,0.003,False,Johnson V,CCD,ATE,1.59,False
1152,SN 2011FE,000-BKD-525,2455813.34947,9.945,0.003,False,Johnson V,CCD,ATE,1.59,False
1153,SN 2011FE,000-BKD-525,2455813.35023,10.021,0.003,False,Johnson V,CCD,ATE,1.60,False
1154,SN 2011FE,000-BKD-525,2455813.35101,10.008,0.003,False,Johnson V,CCD,ATE,1.60,False
1155,PTF11KLY,000-BKD-525,2455813.411539,10.08,0.02,False,Johnson V,CCD,FVAA,1.27,False
1156,PTF11KLY,000-BKD-525,2455813.59444,10.1,,False,Visual,Visual,BBA,,
1157,SN 2011FE,000-BKD-525,2455813.60000,9.8,,False,Visual,Visual,HSW,,
1158,SN 2011FE,000-BKD-525,2455813.60017,10.05,0.03,False,Johnson V,CCD,HSW,,False
1159,SN 2011FE,000-BKD-525,2455813.606968,9.985,0.009,False,Johnson V,CCD,STIA,,False
1160,SN 2011FE,000-BKD-525,2455813.624398,10.170,0.019,False,Johnson B,CCD,STIA,,False
1161,SN 2011FE,000-BKD-525,2455813.68403,9.9,,False,Visual,Visual,RR,,
1162,SN 2011FE,000-BKD-525,2455813.71111,10.0,,False,Visual,Visual,WLY,,
1163,SN 2011FE,000-BKD-525,2455813.95009,10.023,0.017,False,Johnson V,CCD,GFB,1.365,False
1164,SN 2011FE,000-BKD-525,2455813.95061,10.117,0.018,False,Johnson V,CCD,GFB,1.368,False
1165,SN 2011FE,000-BKD-525,2455813.95112,10.104,0.017,False,Johnson V,CCD,GFB,1.370,False
1166,SN 2011FE,000-BKD-525,2455813.95163,10.099,0.017,False,Johnson V,CCD,GFB,1.372,False
1167,SN 2011FE,000-BKD-525,2455814.29961,10.013,0.013,False,Johnson V,CCD,CMAB,,False
1168,SN 2011FE,000-BKD-525,2455814.30,10.1,,False,Visual,Visual,HCS,,
1169,SN 2011FE,000-BKD-525,2455814.302,9.95,,False,Visual,Visual,DAT,,
1170,PTF11kly,000-BKD-525,2455814.30417,9.8,,False,Visual,Visual,KOS,,
1171,SN 2011FE,000-BKD-525,2455814.32,10.6,,False,Visual,Visual,PUJ,,
1172,SN 2011FE,000-BKD-525,2455814.33554,9.82,0.001,False,Johnson V,CCD,CALA,1.85,False
1173,SN 2011FE,000-BKD-525,2455814.33986,9.89,0.001,False,Cousins R,CCD,CALA,1.90,False
1174,SN 2011FE,000-BKD-525,2455814.34102,10.04,0.002,False,Johnson B,CCD,CALA,"1,904",False
1175,SN 2011FE,000-BKD-525,2455814.3417,10.2,,False,Visual,Visual,PDKA,,
1176,SN 2011FE,000-BKD-525,2455814.34765,9.945,0.003,False,Johnson V,CCD,ATE,1.60,False
1177,SN 2011FE,000-BKD-525,2455814.34784,10.1,0.14,False,Unfiltered with V Zeropoint,CCD,RMAD,,False
1178,SN 2011FE,000-BKD-525,2455814.34851,9.948,0.003,False,Johnson V,CCD,ATE,1.60,False
1179,SN 2011FE,000-BKD-525,2455814.34925,9.941,0.003,False,Johnson V,CCD,ATE,1.61,False
1180,SN 2011FE,000-BKD-525,2455814.34999,9.982,0.003,False,Johnson V,CCD,ATE,1.61,False
1181,SN 2011FE,000-BKD-525,2455814.35073,10.004,0.003,False,Johnson V,CCD,ATE,1.62,False
1182,SN 2011FE,000-BKD-525,2455814.35147,10.020,0.003,False,Johnson V,CCD,ATE,1.63,False
1183,SN 2011FE,000-BKD-525,2455814.35226,9.961,0.003,False,Johnson V,CCD,ATE,1.63,False
1184,SN 2011FE,000-BKD-525,2455814.35300,10.011,0.003,False,Johnson V,CCD,ATE,1.64,False
1185,SN 2011FE,000-BKD-525,2455814.35374,10.019,0.003,False,Johnson V,CCD,ATE,1.64,False
1186,SN 2011FE,000-BKD-525,2455814.35448,9.977,0.003,False,Johnson V,CCD,ATE,1.65,False
1187,SN 2011FE,000-BKD-525,2455814.35522,10.011,0.003,False,Johnson V,CCD,ATE,1.65,False
1188,SN 2011FE,000-BKD-525,2455814.35596,9.944,0.003,False,Johnson V,CCD,ATE,1.66,False
1189,SN 2011FE,000-BKD-525,2455814.35670,9.942,0.003,False,Johnson V,CCD,ATE,1.66,False
1190,SN 2011FE,000-BKD-525,2455814.35748,9.940,0.003,False,Johnson V,CCD,ATE,1.67,False
1191,SN 2011FE,000-BKD-525,2455814.35822,9.987,0.003,False,Johnson V,CCD,ATE,1.68,False
1192,SN 2011FE,000-BKD-525,2455814.35897,10.017,0.003,False,Johnson V,CCD,ATE,1.68,False
1193,SN 2011FE,000-BKD-525,2455814.35973,9.993,0.003,False,Johnson V,CCD,ATE,1.69,False
1194,SN 2011FE,000-BKD-525,2455814.36047,9.947,0.003,False,Johnson V,CCD,ATE,1.69,False
1195,SN 2011FE,000-BKD-525,2455814.36122,9.944,0.003,False,Johnson V,CCD,ATE,1.70,False
1196,SN 2011FE,000-BKD-525,2455814.36199,9.944,0.003,False,Johnson V,CCD,ATE,1.70,False
1197,SN 2011FE,000-BKD-525,2455814.36273,9.989,0.003,False,Johnson V,CCD,ATE,1.71,False
1198,SN 2011FE,000-BKD-525,2455814.36347,9.956,0.003,False,Johnson V,CCD,ATE,1.72,False
1199,SN 2011FE,000-BKD-525,2455814.36421,9.988,0.003,False,Johnson V,CCD,ATE,1.72,False
1200,SN 2011FE,000-BKD-525,2455814.36458,10.0,,False,Visual,Visual,ILE,,
1201,SN 2011FE,000-BKD-525,2455814.3646,10.0,,False,Visual,Visual,ILE,,
1202,SN 2011FE,000-BKD-525,2455814.36500,9.960,0.003,False,Johnson V,CCD,ATE,1.73,False
1203,SN 2011FE,000-BKD-525,2455814.36574,10.007,0.003,False,Johnson V,CCD,ATE,1.74,False
1204,SN 2011FE,000-BKD-525,2455814.36648,9.972,0.003,False,Johnson V,CCD,ATE,1.74,False
1205,SN 2011FE,000-BKD-525,2455814.36722,9.998,0.003,False,Johnson V,CCD,ATE,1.75,False
1206,SN 2011FE,000-BKD-525,2455814.36796,9.955,0.003,False,Johnson V,CCD,ATE,1.75,False
1207,SN 2011FE,000-BKD-525,2455814.36874,9.976,0.004,False,Johnson V,CCD,ATE,1.76,False
1208,SN 2011FE,000-BKD-525,2455814.36950,9.982,0.004,False,Johnson V,CCD,ATE,1.77,False
1209,SN 2011FE,000-BKD-525,2455814.37034,9.990,0.004,False,Johnson V,CCD,ATE,1.77,False
1210,SN 2011FE,000-BKD-525,2455814.37500,10.03,0.03,False,Johnson V,CCD,KJAC,,False
1211,SN 2011FE,000-BKD-525,2455814.38542,10.00,0.05,False,Johnson B,CCD,KJAC,,False
1212,SN 2011FE,000-BKD-525,2455814.38681,9.90,0.02,False,Cousins R,CCD,KJAC,,False
1213,SN 2011FE,000-BKD-525,2455814.465,9.9,,False,Visual,Visual,KAM,,
1214,SN 2011FE,000-BKD-525,2455814.46528,9.9,,False,Visual,Visual,KAM,,
1215,SN 2011FE,000-BKD-525,2455814.52083,9.83,0.10,False,Unfiltered with V Zeropoint,CCD,MFR,1.600,False
1216,PTF11kly,000-BKD-525,2455814.525,9.93,0.07,False,Johnson B,CCD,RHM,,False
1217,PTF11kly,000-BKD-525,2455814.530,9.98,0.08,False,Johnson V,CCD,RHM,,False
1218,2011FE,000-BKD-525,2455814.53459,10.135,0.048,False,Johnson V,CCD,MMX,,False
1219,SN 2011FE,000-BKD-525,2455814.53472,10.1,,False,Visual,Visual,ONJ,,
1220,SN 2011FE,000-BKD-525,2455814.53819,9.9,,False,Visual,Visual,TYS,,
1221,SN 2011FE,000-BKD-525,2455814.5542,10.0,,False,Visual,Visual,MOW,,
1222,PTF11KLY,000-BKD-525,2455814.555,10.25,0.11,False,Cousins I,CCD,RHM,,False
1223,SN 2011FE,000-BKD-525,2455814.56528,9.8,,False,Visual,Visual,CKB,,
1224,PTF11KLY,000-BKD-525,2455814.571,9.97,0.14,False,Cousins R,CCD,RHM,,False
1225,SN 2011FE,000-BKD-525,2455814.57917,9.945,0.0009,False,Johnson V,CCD,KROA,,False
1226,SN 2011FE,000-BKD-525,2455814.58094,10.0,,False,Visual,Visual,KRAA,,
1227,SN 2011FE,000-BKD-525,2455814.5819,10.0,,False,Visual,Visual,KRB,,
1228,SN 2011FE,000-BKD-525,2455814.5896,10.0,,False,Visual,Visual,BTB,,
1229,PTF11KLY,000-BKD-525,2455814.60764,9.9,,False,Visual,Visual,BOI,,
1230,SN 2011FE,000-BKD-525,2455814.62917,9.9,,False,Visual,Visual,WLY,,
1231,SN 2011FE,000-BKD-525,2455814.6530,9.978,0.057,False,Johnson B,CCD,DJX,1.511,True
1232,SN 2011FE,000-BKD-525,2455814.6530,9.861,0.084,False,Cousins R,CCD,DJX,1.511,True
1233,SN 2011FE,000-BKD-525,2455814.6530,9.998,0.017,False,Johnson V,CCD,DJX,1.511,True
1234,SN 2011FE,000-BKD-525,2455815.26,9.8,,False,Visual,Visual,PPS,,
1235,SN 2011FE,000-BKD-525,2455815.27,10.0,,False,Visual,Visual,BOZ,,
1236,SN 2011FE,000-BKD-525,2455815.274,10.1,,False,Visual,Visual,VOL,,
1237,SN 2011FE,000-BKD-525,2455815.27684,9.984,0.013,False,Johnson V,CCD,CMAB,,False
1238,SN 2011FE,000-BKD-525,2455815.27778,9.88,,False,Visual,Visual,PMAA,,
1239,SN 2011FE,000-BKD-525,2455815.28,10.0,,False,Visual,Visual,TSZ,,
1240,SN 2011FE,000-BKD-525,2455815.29,9.8,,False,Visual,Visual,BFO,,
1241,SN 2011FE,000-BKD-525,2455815.2917,9.8,,False,Visual,Visual,MZS,,
1242,SN 2011FE,000-BKD-525,2455815.2965,10.1,,False,Visual,Visual,KWO,,
1243,PTF11KLY,000-BKD-525,2455815.3056,10.0,,False,Visual,Visual,HHU,,
1244,SN 2011FE,000-BKD-525,2455815.3090,10.1,,False,Visual,Visual,CSM,,
1245,SN 2011FE,000-BKD-525,2455815.30981,10.049,0.058,False,Johnson V,CCD,SJAR,1.467,False
1246,SN 2011FE,000-BKD-525,2455815.31597,10.1,,False,Visual,Visual,WKL,,
1247,SN 2011FE,000-BKD-525,2455815.32222,9.8,,False,Visual,Visual,KOS,,
1248,SN 2011FE,000-BKD-525,2455815.33,10.5,,False,Visual,Visual,PUJ,,
1249,SN 2011FE,000-BKD-525,2455815.33227,9.950,0.003,False,Johnson V,CCD,ATE,1.52,False
1250,SN 2011FE,000-BKD-525,2455815.33316,10.006,0.003,False,Johnson V,CCD,ATE,1.52,False
1251,SN 2011FE,000-BKD-525,2455815.33333,9.9,,False,Visual,Visual,OJR,,
1252,SN 2011FE,000-BKD-525,2455815.33392,10.022,0.003,False,Johnson V,CCD,ATE,1.53,False
1253,SN 2011FE,000-BKD-525,2455815.33467,9.935,0.003,False,Johnson V,CCD,ATE,1.53,False
1254,SN 2011FE,000-BKD-525,2455815.33544,9.989,0.003,False,Johnson V,CCD,ATE,1.54,False
1255,SN 2011FE,000-BKD-525,2455815.33618,9.932,0.003,False,Johnson V,CCD,ATE,1.54,False
1256,PTF11KLY,000-BKD-525,2455815.33681,9.79,0.02,False,Unfiltered with R Zeropoint,CCD,NOT,,False
1257,SN 2011FE,000-BKD-525,2455815.33692,10.016,0.003,False,Johnson V,CCD,ATE,1.55,False
1258,SN 2011FE,000-BKD-525,2455815.33766,10.018,0.003,False,Johnson V,CCD,ATE,1.55,False
1259,SN 2011FE,000-BKD-525,2455815.33840,9.988,0.003,False,Johnson V,CCD,ATE,1.56,False
1260,SN 2011FE,000-BKD-525,2455815.33918,10.021,0.003,False,Johnson V,CCD,ATE,1.56,False
1261,SN 2011FE,000-BKD-525,2455815.33992,9.985,0.003,False,Johnson V,CCD,ATE,1.57,False
1262,SN 2011FE,000-BKD-525,2455815.34066,9.956,0.003,False,Johnson V,CCD,ATE,1.57,False
1263,SN 2011FE,000-BKD-525,2455815.34140,9.996,0.003,False,Johnson V,CCD,ATE,1.57,False
1264,SN 2011FE,000-BKD-525,2455815.34217,10.004,0.003,False,Johnson V,CCD,ATE,1.58,False
1265,SN 2011FE,000-BKD-525,2455815.34295,9.965,0.003,False,Johnson V,CCD,ATE,1.59,False
1266,SN 2011FE,000-BKD-525,2455815.34373,9.932,0.003,False,Johnson V,CCD,ATE,1.59,False
1267,SN 2011FE,000-BKD-525,2455815.34447,9.935,0.003,False,Johnson V,CCD,ATE,1.60,False
1268,SN 2011FE,000-BKD-525,2455815.34523,9.949,0.003,False,Johnson V,CCD,ATE,1.60,False
1269,SN 2011FE,000-BKD-525,2455815.34601,9.985,0.003,False,Johnson V,CCD,ATE,1.61,False
1270,SN 2011FE,000-BKD-525,2455815.34678,9.947,0.003,False,Johnson V,CCD,ATE,1.61,False
1271,SN 2011FE,000-BKD-525,2455815.34756,9.976,0.003,False,Johnson V,CCD,ATE,1.62,False
1272,SN 2011FE,000-BKD-525,2455815.34830,10.015,0.003,False,Johnson V,CCD,ATE,1.62,False
1273,SN 2011FE,000-BKD-525,2455815.34904,9.928,0.003,False,Johnson V,CCD,ATE,1.63,False
1274,SN 2011FE,000-BKD-525,2455815.34978,9.992,0.003,False,Johnson V,CCD,ATE,1.63,False
1275,SN 2011FE,000-BKD-525,2455815.35055,9.929,0.003,False,Johnson V,CCD,ATE,1.64,False
1276,SN 2011FE,000-BKD-525,2455815.35129,9.936,0.003,False,Johnson V,CCD,ATE,1.64,False
1277,SN 2011FE,000-BKD-525,2455815.35204,9.977,0.003,False,Johnson V,CCD,ATE,1.65,False
1278,SN 2011FE,000-BKD-525,2455815.35285,9.962,0.003,False,Johnson V,CCD,ATE,1.66,False
1279,SN 2011FE,000-BKD-525,2455815.35362,9.960,0.003,False,Johnson V,CCD,ATE,1.66,False
1280,SN 2011FE,000-BKD-525,2455815.35436,10.009,0.003,False,Johnson V,CCD,ATE,1.67,False
1281,SN 2011FE,000-BKD-525,2455815.35510,9.974,0.003,False,Johnson V,CCD,ATE,1.67,False
1282,SN 2011FE,000-BKD-525,2455815.35584,9.987,0.003,False,Johnson V,CCD,ATE,1.68,False
1283,SN 2011FE,000-BKD-525,2455815.3576,9.9,,False,Visual,Visual,ILE,,
1284,SN 2011FE,000-BKD-525,2455815.35764,9.9,,False,Visual,Visual,ILE,,
1285,PTF11KLY,000-BKD-525,2455815.47083,10.1,,False,Visual,Visual,KGEA,,
1286,PTF11KLY,000-BKD-525,2455815.519,9.92,0.07,False,Johnson B,CCD,RHM,,False
1287,SN 2011FE,000-BKD-525,2455815.5264,10.0,,False,Visual,Visual,BRJ,,
1288,PTF11KLY,000-BKD-525,2455815.529,9.98,0.06,False,Johnson V,CCD,RHM,,False
1289,PTF11kly,000-BKD-525,2455815.530,10.0,,False,Visual,Visual,MHH,,
1290,SN 2011FE,000-BKD-525,2455815.5333,10.0,,False,Visual,Visual,MOW,,
1291,SN 2011FE,000-BKD-525,2455815.53352,9.9,,False,Visual,Visual,KRAA,,
1292,PTF11KLY,000-BKD-525,2455815.537,9.95,0.07,False,Cousins R,CCD,RHM,,False
1293,SN 2011FE,000-BKD-525,2455815.537477,10.059,0.051,False,Unfiltered with V Zeropoint,CCD,UJHA,,False
1294,SN 2011FE,000-BKD-525,2455815.538032,9.951,0.049,False,Unfiltered with V Zeropoint,CCD,UJHA,,False
1295,SN 2011FE,000-BKD-525,2455815.538588,9.974,0.047,False,Unfiltered with V Zeropoint,CCD,UJHA,,False
1296,SN 2011FE,000-BKD-525,2455815.539167,10.035,0.039,False,Unfiltered with V Zeropoint,CCD,UJHA,,False
1297,SN 2011FE,000-BKD-525,2455815.539722,10.021,0.039,False,Unfiltered with V Zeropoint,CCD,UJHA,,False
1298,SN 2011FE,000-BKD-525,2455815.540278,10.000,0.037,False,Unfiltered with V Zeropoint,CCD,UJHA,,False
1299,SN 2011FE,000-BKD-525,2455815.540833,9.976,0.037,False,Unfiltered with V Zeropoint,CCD,UJHA,,False
1300,PTF11KLY,000-BKD-525,2455815.551,10.26,0.07,False,Cousins I,CCD,RHM,,False
1301,PTF11KLY,000-BKD-525,2455815.56042,10.1,,False,Visual,Visual,DSWA,,
1302,SN 2011FE,000-BKD-525,2455815.59478,10.151,0.018,False,Johnson B,CCD,STIA,,False
1303,SN 2011FE,000-BKD-525,2455815.6000,9.9,,False,Visual,Visual,KRB,,
1304,SN 2011FE,000-BKD-525,2455815.604363,9.982,0.009,False,Johnson V,CCD,STIA,,False
1305,SN 2011FE,000-BKD-525,2455815.60486,9.9,,False,Visual,Visual,WLY,,
1306,PTF11KLY,000-BKD-525,2455815.61694,10.168,0.068,False,Johnson B,CCD,SRIC,1.38,False
1307,PTF11KLY,000-BKD-525,2455815.62029,10.117,0.014,False,Johnson V,CCD,SRIC,1.40,False
1308,SN 2011FE,000-BKD-525,2455815.64722,10.0,,False,Visual,Visual,HMV,,
1309,SN 2011FE,000-BKD-525,2455816.27083,9.9,,False,Visual,Visual,RZM,,
1310,SN 2011FE,000-BKD-525,2455816.272,10.1,,False,Visual,Visual,VOL,,
1311,SN 2011FE,000-BKD-525,2455816.27500,9.8,,False,Visual,Visual,KOS,,
1312,SN 2011FE,000-BKD-525,2455816.27961,9.988,0.013,False,Johnson V,CCD,CMAB,,False
1313,SN 2011FE,000-BKD-525,2455816.28472,9.9,,False,Visual,Visual,SSW,,
1314,SN 2011FE,000-BKD-525,2455816.2903,9.95,,False,Visual,Visual,DAT,,
1315,SN 2011FE,000-BKD-525,2455816.30,10.0,,False,Visual,Visual,HCS,,
1316,SN 2011FE,000-BKD-525,2455816.3146,10.1,,False,Visual,Visual,PDKA,,
1317,SN 2011FE,000-BKD-525,2455816.3160,10.0,,False,Visual,Visual,CSM,,
1318,SN 2011FE,000-BKD-525,2455816.31954,10.043,0.003,False,Johnson V,CCD,ATE,1.46,False
1319,SN 2011FE,000-BKD-525,2455816.32057,10.038,0.003,False,Johnson V,CCD,ATE,1.46,False
1320,SN 2011FE,000-BKD-525,2455816.32132,10.039,0.004,False,Johnson V,CCD,ATE,1.47,False
1321,SN 2011FE,000-BKD-525,2455816.32209,9.944,0.003,False,Johnson V,CCD,ATE,1.47,False
1322,SN 2011FE,000-BKD-525,2455816.32283,9.941,0.003,False,Johnson V,CCD,ATE,1.48,False
1323,SN 2011FE,000-BKD-525,2455816.32357,10.049,0.003,False,Johnson V,CCD,ATE,1.48,False
1324,SN 2011FE,000-BKD-525,2455816.32435,10.011,0.003,False,Johnson V,CCD,ATE,1.49,False
1325,SN 2011FE,000-BKD-525,2455816.32509,9.977,0.003,False,Johnson V,CCD,ATE,1.49,False
1326,SN 2011FE,000-BKD-525,2455816.32585,9.958,0.003,False,Johnson V,CCD,ATE,1.49,False
1327,SN 2011FE,000-BKD-525,2455816.32659,9.955,0.003,False,Johnson V,CCD,ATE,1.50,False
1328,SN 2011FE,000-BKD-525,2455816.32733,10.007,0.003,False,Johnson V,CCD,ATE,1.50,False
1329,SN 2011FE,000-BKD-525,2455816.32811,9.960,0.003,False,Johnson V,CCD,ATE,1.51,False
1330,SN 2011FE,000-BKD-525,2455816.32885,10.048,0.003,False,Johnson V,CCD,ATE,1.51,False
1331,SN 2011FE,000-BKD-525,2455816.32959,9.980,0.003,False,Johnson V,CCD,ATE,1.52,False
1332,SN 2011FE,000-BKD-525,2455816.32986,10.0,,False,Visual,Visual,GGU,,
1333,SN 2011FE,000-BKD-525,2455816.33037,9.999,0.004,False,Johnson V,CCD,ATE,1.52,False
1334,SN 2011FE,000-BKD-525,2455816.33111,9.997,0.003,False,Johnson V,CCD,ATE,1.53,False
1335,SN 2011FE,000-BKD-525,2455816.33188,10.047,0.003,False,Johnson V,CCD,ATE,1.53,False
1336,SN 2011FE,000-BKD-525,2455816.33266,9.945,0.003,False,Johnson V,CCD,ATE,1.54,False
1337,SN 2011FE,000-BKD-525,2455816.333113,9.94,0.02,False,Cousins R,CCD,PAI,,False
1338,SN 2011FE,000-BKD-525,2455816.33333,10.0,,False,Visual,Visual,KTOA,,
1339,SN 2011FE,000-BKD-525,2455816.33342,9.946,0.003,False,Johnson V,CCD,ATE,1.54,False
1340,SN 2011FE,000-BKD-525,2455816.33416,9.945,0.003,False,Johnson V,CCD,ATE,1.55,False
1341,SN 2011FE,000-BKD-525,2455816.33494,10.045,0.003,False,Johnson V,CCD,ATE,1.55,False
1342,SN 2011FE,000-BKD-525,2455816.33568,9.959,0.003,False,Johnson V,CCD,ATE,1.56,False
1343,SN 2011FE,000-BKD-525,2455816.33642,9.993,0.003,False,Johnson V,CCD,ATE,1.56,False
1344,SN 2011FE,000-BKD-525,2455816.33720,10.043,0.003,False,Johnson V,CCD,ATE,1.57,False
1345,SN 2011FE,000-BKD-525,2455816.33797,9.952,0.003,False,Johnson V,CCD,ATE,1.57,False
1346,SN 2011FE,000-BKD-525,2455816.33875,9.972,0.003,False,Johnson V,CCD,ATE,1.58,False
1347,SN 2011FE,000-BKD-525,2455816.33949,9.988,0.003,False,Johnson V,CCD,ATE,1.58,False
1348,SN 2011FE,000-BKD-525,2455816.34025,9.967,0.003,False,Johnson V,CCD,ATE,1.59,False
1349,SN 2011FE,000-BKD-525,2455816.34103,9.951,0.003,False,Johnson V,CCD,ATE,1.59,False
1350,SN 2011FE,000-BKD-525,2455816.34201,9.948,0.003,False,Johnson V,CCD,ATE,1.60,False
1351,SN 2011FE,000-BKD-525,2455816.343854,9.97,0.02,False,Johnson V,CCD,PAI,,False
1352,SN 2011FE,000-BKD-525,2455816.35382,9.988,0.039,False,Johnson V,CCD,RMU,1.722,False
1353,SN 2011FE,000-BKD-525,2455816.35929,9.988,0.018,False,Johnson B,CCD,RMU,1.739,False
1354,SN 2011FE,000-BKD-525,2455816.35978,9.886,0.028,False,Cousins R,CCD,RMU,1.773,False
1355,SN 2011FE,000-BKD-525,2455816.3611,10.0,,False,Visual,Visual,ILE,,
1356,SN 2011FE,000-BKD-525,2455816.36111,10.0,,False,Visual,Visual,ILE,,
1357,SN 2011FE,000-BKD-525,2455816.36250,10.0,,False,Visual,Visual,BBI,,
1358,SN 2011FE,000-BKD-525,2455816.36328,10.234,0.041,False,Cousins I,CCD,RMU,1.788,False
1359,SN 2011FE,000-BKD-525,2455816.38125,9.95,0.02,False,Cousins R,CCD,KJAC,,False
1360,PTF11kly,000-BKD-525,2455816.38333,9.97,0.1,False,Johnson V,CCD,KJAC,,False
1361,PTF11KLY,000-BKD-525,2455816.520,9.98,0.10,False,Johnson B,CCD,RHM,,False
1362,PTF11KLY,000-BKD-525,2455816.531,9.98,0.06,False,Johnson V,CCD,RHM,,False
1363,PTF11KLY,000-BKD-525,2455816.539,9.95,0.07,False,Cousins R,CCD,RHM,,False
1364,SN 2011FE,000-BKD-525,2455816.539549,9.946,0.047,False,Unfiltered with V Zeropoint,CCD,UJHA,,False
1365,SN 2011FE,000-BKD-525,2455816.540116,9.945,0.044,False,Unfiltered with V Zeropoint,CCD,UJHA,,False
1366,SN 2011FE,000-BKD-525,2455816.540683,10.002,0.039,False,Unfiltered with V Zeropoint,CCD,UJHA,,False
1367,SN 2011FE,000-BKD-525,2455816.541238,9.978,0.040,False,Unfiltered with V Zeropoint,CCD,UJHA,,False
1368,SN 2011FE,000-BKD-525,2455816.541806,9.933,0.038,False,Unfiltered with V Zeropoint,CCD,UJHA,,False
1369,SN 2011FE,000-BKD-525,2455816.542361,9.895,0.055,False,Unfiltered with V Zeropoint,CCD,UJHA,,False
1370,PTF11KLY,000-BKD-525,2455816.551,10.30,0.08,False,Cousins I,CCD,RHM,,False
1371,PTF11KLY,000-BKD-525,2455816.55972,10.1,,False,Visual,Visual,SNE,,
1372,PTF11KLY,000-BKD-525,2455816.56682,10.006,0.002,False,Johnson V,CCD,ROE,1.557,False
1373,PTF11KLY,000-BKD-525,2455816.56786,10.022,0.002,False,Johnson V,CCD,ROE,1.564,False
1374,SN 2011FE,000-BKD-525,2455816.5889,9.9,,False,Visual,Visual,KRB,,
1375,SN 2011FE,000-BKD-525,2455816.604,10.0,,False,Visual,Visual,HSW,,
1376,SN 2011FE,000-BKD-525,2455816.60431,10.02,0.02,False,Johnson V,CCD,HSW,,False
1377,SN 2011FE,000-BKD-525,2455816.605139,10.148,0.017,False,Johnson B,CCD,STIA,,False
1378,SN 2011FE,000-BKD-525,2455816.624016,9.991,0.008,False,Johnson V,CCD,STIA,,False
1379,SN 2011FE,000-BKD-525,2455817.271,10.1,,False,Visual,Visual,VOL,,
1380,PTF11KLY,000-BKD-525,2455817.2729,9.8,,False,Visual,Visual,VFK,,
1381,SN 2011FE,000-BKD-525,2455817.27431,9.8,,False,Visual,Visual,KOS,,
1382,SN 2011FE,000-BKD-525,2455817.28660,9.986,0.015,False,Johnson V,CCD,CMAB,,False
1383,SN 2011FE,000-BKD-525,2455817.29167,10.1,,False,Visual,Visual,WKL,,
1384,SN 2011FE,000-BKD-525,2455817.2944,10.2,,False,Visual,Visual,KWO,,
1385,SN 2011FE,000-BKD-525,2455817.29792,10.1,,False,Visual,Visual,SJZ,,
1386,SN 2011FE,000-BKD-525,2455817.2986,9.9,,False,Visual,Visual,PLP,,
1387,SN 2011FE,000-BKD-525,2455817.3,9.7,,False,Visual,Visual,WUB,,
1388,SN 2011FE,000-BKD-525,2455817.30556,9.9,,False,Visual,Visual,VBH,,
1389,PTF11kly,000-BKD-525,2455817.31100,9.89,0.03,False,Cousins R,CCD,RZD,,False
1390,PTF11kly,000-BKD-525,2455817.31400,9.97,0.03,False,Johnson V,CCD,RZD,,False
1391,SN 2011FE,000-BKD-525,2455817.31942,9.977,0.003,False,Johnson V,CCD,ATE,1.47,False
1392,SN 2011FE,000-BKD-525,2455817.32032,9.911,0.003,False,Johnson V,CCD,ATE,1.48,False
1393,SN 2011FE,000-BKD-525,2455817.32106,9.897,0.003,False,Johnson V,CCD,ATE,1.48,False
1394,SN 2011FE,000-BKD-525,2455817.32184,9.893,0.003,False,Johnson V,CCD,ATE,1.49,False
1395,SN 2011FE,000-BKD-525,2455817.32260,9.909,0.003,False,Johnson V,CCD,ATE,1.49,False
1396,SN 2011FE,000-BKD-525,2455817.32334,9.961,0.003,False,Johnson V,CCD,ATE,1.50,False
1397,SN 2011FE,000-BKD-525,2455817.32412,9.898,0.003,False,Johnson V,CCD,ATE,1.50,False
1398,SN 2011FE,000-BKD-525,2455817.32486,9.949,0.003,False,Johnson V,CCD,ATE,1.51,False
1399,SN 2011FE,000-BKD-525,2455817.32560,9.896,0.003,False,Johnson V,CCD,ATE,1.51,False
1400,SN 2011FE,000-BKD-525,2455817.32634,9.965,0.003,False,Johnson V,CCD,ATE,1.51,False
1401,SN 2011FE,000-BKD-525,2455817.32711,9.924,0.003,False,Johnson V,CCD,ATE,1.52,False
1402,SN 2011FE,000-BKD-525,2455817.32785,9.889,0.003,False,Johnson V,CCD,ATE,1.52,False
1403,SN 2011FE,000-BKD-525,2455817.32860,9.928,0.003,False,Johnson V,CCD,ATE,1.53,False
1404,SN 2011FE,000-BKD-525,2455817.32936,9.922,0.003,False,Johnson V,CCD,ATE,1.53,False
1405,SN 2011FE,000-BKD-525,2455817.3299,10.0,,False,Visual,Visual,CSM,,
1406,SN 2011FE,000-BKD-525,2455817.33011,9.913,0.003,False,Johnson V,CCD,ATE,1.54,False
1407,SN 2011FE,000-BKD-525,2455817.33089,9.919,0.003,False,Johnson V,CCD,ATE,1.54,False
1408,SN 2011FE,000-BKD-525,2455817.33163,9.953,0.003,False,Johnson V,CCD,ATE,1.55,False
1409,SN 2011FE,000-BKD-525,2455817.33240,9.959,0.003,False,Johnson V,CCD,ATE,1.55,False
1410,SN 2011FE,000-BKD-525,2455817.33314,9.896,0.003,False,Johnson V,CCD,ATE,1.56,False
1411,SN 2011FE,000-BKD-525,2455817.33391,9.908,0.003,False,Johnson V,CCD,ATE,1.56,False
1412,SN 2011FE,000-BKD-525,2455817.33465,9.983,0.003,False,Johnson V,CCD,ATE,1.57,False
1413,SN 2011FE,000-BKD-525,2455817.33539,9.894,0.003,False,Johnson V,CCD,ATE,1.57,False
1414,SN 2011FE,000-BKD-525,2455817.33616,9.890,0.003,False,Johnson V,CCD,ATE,1.58,False
1415,SN 2011FE,000-BKD-525,2455817.33691,9.940,0.003,False,Johnson V,CCD,ATE,1.58,False
1416,SN 2011FE,000-BKD-525,2455817.33768,9.975,0.003,False,Johnson V,CCD,ATE,1.59,False
1417,SN 2011FE,000-BKD-525,2455817.33842,9.881,0.003,False,Johnson V,CCD,ATE,1.59,False
1418,SN 2011FE,000-BKD-525,2455817.33916,9.975,0.003,False,Johnson V,CCD,ATE,1.60,False
1419,SN 2011FE,000-BKD-525,2455817.33990,9.977,0.003,False,Johnson V,CCD,ATE,1.60,False
1420,SN 2011FE,000-BKD-525,2455817.34068,9.935,0.003,False,Johnson V,CCD,ATE,1.61,False
1421,SN 2011FE,000-BKD-525,2455817.34142,9.977,0.003,False,Johnson V,CCD,ATE,1.61,False
1422,SN 2011FE,000-BKD-525,2455817.34216,9.884,0.003,False,Johnson V,CCD,ATE,1.62,False
1423,SN 2011FE,000-BKD-525,2455817.34290,9.947,0.003,False,Johnson V,CCD,ATE,1.62,False
1424,SN 2011FE,000-BKD-525,2455817.34364,9.917,0.003,False,Johnson V,CCD,ATE,1.63,False
1425,SN 2011FE,000-BKD-525,2455817.3438,10.0,,False,Visual,Visual,FMAC,,
1426,SN 2011FE,000-BKD-525,2455817.34442,9.948,0.003,False,Johnson V,CCD,ATE,1.63,False
1427,PTF11KLY,000-BKD-525,2455817.3472,10.1,,False,Visual,Visual,HHU,,
1428,PTF11KLY,000-BKD-525,2455817.35417,9.9,,False,Visual,Visual,KGEA,,
1429,SN 2011FE,000-BKD-525,2455817.3611,10.0,,False,Visual,Visual,ILE,,
1430,SN 2011FE,000-BKD-525,2455817.36111,10.0,,False,Visual,Visual,ILE,,
1431,SN 2011FE,000-BKD-525,2455817.36756,10.006,0.059,False,Johnson V,CCD,RMU,1.870,False
1432,SN 2011FE,000-BKD-525,2455817.370,9.7,,False,Visual,Visual,SRBR,,
1433,SN 2011FE,000-BKD-525,2455817.37297,10.026,0.057,False,Johnson B,CCD,RMU,1.888,False
1434,SN 2011FE,000-BKD-525,2455817.37351,9.885,0.026,False,Cousins R,CCD,RMU,1.930,False
1435,PTF11kly,000-BKD-525,2455817.37500,9.9,,False,Visual,Visual,SSW,,
1436,SN 2011FE,000-BKD-525,2455817.37547,10.264,0.020,False,Cousins I,CCD,RMU,1.950,False
1437,SN 2011FE,000-BKD-525,2455817.3896,10.2,,False,Visual,Visual,PDKA,,
1438,SN 2011FE,000-BKD-525,2455817.43,9.98,0.01,False,Unfiltered with V Zeropoint,CCD,HNDA,,False
1439,SN 2011FE,000-BKD-525,2455817.537847,9.992,0.041,False,Unfiltered with V Zeropoint,CCD,UJHA,,False
1440,SN 2011FE,000-BKD-525,2455817.538426,9.986,0.041,False,Unfiltered with V Zeropoint,CCD,UJHA,,False
1441,SN 2011FE,000-BKD-525,2455817.539005,10.061,0.039,False,Unfiltered with V Zeropoint,CCD,UJHA,,False
1442,SN 2011FE,000-BKD-525,2455817.539583,10.010,0.050,False,Unfiltered with V Zeropoint,CCD,UJHA,,False
1443,SN 2011FE,000-BKD-525,2455817.540139,9.956,0.037,False,Unfiltered with V Zeropoint,CCD,UJHA,,False
1444,SN 2011FE,000-BKD-525,2455817.540694,9.983,0.033,False,Unfiltered with V Zeropoint,CCD,UJHA,,False
1445,SN 2011FE,000-BKD-525,2455817.541262,9.966,0.035,False,Unfiltered with V Zeropoint,CCD,UJHA,,False
1446,SN 2011FE,000-BKD-525,2455817.541817,9.937,0.035,False,Unfiltered with V Zeropoint,CCD,UJHA,,False
1447,SN 2011FE,000-BKD-525,2455817.542373,9.914,0.041,False,Unfiltered with V Zeropoint,CCD,UJHA,,False
1448,SN 2011FE,000-BKD-525,2455817.556,10.1,,False,Visual,Visual,MHH,,
1449,PTF11KLY,000-BKD-525,2455817.56363,10.052,0.002,False,Johnson V,CCD,ROE,1.554,False
1450,PTF11KLY,000-BKD-525,2455817.56414,10.054,0.002,False,Johnson V,CCD,ROE,1.557,False
1451,PTF11KLY,000-BKD-525,2455817.56470,9.990,0.002,False,Johnson V,CCD,ROE,1.561,False
1452,SN 2011FE,000-BKD-525,2455817.5757,10.0,,False,Visual,Visual,BTB,,
1453,PTF11KLY,000-BKD-525,2455817.579,9.93,0.10,False,Johnson V,CCD,RHM,,False
1454,PTF11KLY,000-BKD-525,2455817.582,10.29,0.09,False,Cousins I,CCD,RHM,,False
1455,PTF11KLY,000-BKD-525,2455817.589,10.02,0.15,False,Johnson B,CCD,RHM,,False
1456,PTF11KLY,000-BKD-525,2455817.591,9.98,0.08,False,Cousins R,CCD,RHM,,False
1457,SN 2011FE,000-BKD-525,2455817.59566,9.981,0.0014,False,Johnson V,CCD,KROA,,False
1458,SN 2011FE,000-BKD-525,2455818.27014,9.9,,False,Visual,Visual,KOS,,
1459,SN 2011FE,000-BKD-525,2455818.273,10.1,,False,Visual,Visual,VOL,,
1460,SN 2011FE,000-BKD-525,2455818.27361,10.0,,False,Visual,Visual,KLO,,
1461,PTF11kly,000-BKD-525,2455818.27569,10.0,,False,Visual,Visual,SSW,,
1462,SN 2011FE,000-BKD-525,2455818.27986,9.9,,False,Visual,Visual,RZM,,
1463,SN 2011FE,000-BKD-525,2455818.28212,9.992,0.015,False,Johnson V,CCD,CMAB,,False
1464,SN 2011FE,000-BKD-525,2455818.28750,10.1,,False,Visual,Visual,SJZ,,
1465,PTF11kly,000-BKD-525,2455818.29167,10.0,,False,Visual,Visual,OEH,,
1466,SN 2011FE,000-BKD-525,2455818.2917,10.0,,False,Visual,Visual,PLP,,
1467,SN 2011FE,000-BKD-525,2455818.2917,9.9,,False,Visual,Visual,MZS,,
1468,SN 2011FE,000-BKD-525,2455818.2965,10.0,,False,Visual,Visual,DPV,,
1469,SN 2011FE,000-BKD-525,2455818.3,10.0,,False,Visual,Visual,SYU,,
1470,SN 2011FE,000-BKD-525,2455818.30,10.0,,False,Visual,Visual,HCS,,
1471,SN 2011FE,000-BKD-525,2455818.3028,10.0,,False,Visual,Visual,DAT,,
1472,PTF11KLY,000-BKD-525,2455818.3125,10.1,,False,Visual,Visual,HHU,,
1473,SN 2011FE,000-BKD-525,2455818.3125,10.1,,False,Visual,Visual,CSM,,
1474,SN 2011FE,000-BKD-525,2455818.31929,9.904,0.003,False,Johnson V,CCD,ATE,1.49,False
1475,SN 2011FE,000-BKD-525,2455818.32024,10.000,0.003,False,Johnson V,CCD,ATE,1.49,False
1476,SN 2011FE,000-BKD-525,2455818.32099,9.962,0.003,False,Johnson V,CCD,ATE,1.50,False
1477,SN 2011FE,000-BKD-525,2455818.32173,9.989,0.003,False,Johnson V,CCD,ATE,1.50,False
1478,SN 2011FE,000-BKD-525,2455818.32247,9.898,0.003,False,Johnson V,CCD,ATE,1.51,False
1479,SN 2011FE,000-BKD-525,2455818.32321,9.922,0.003,False,Johnson V,CCD,ATE,1.51,False
1480,SN 2011FE,000-BKD-525,2455818.32395,9.969,0.003,False,Johnson V,CCD,ATE,1.52,False
1481,SN 2011FE,000-BKD-525,2455818.32469,9.900,0.004,False,Johnson V,CCD,ATE,1.52,False
1482,SN 2011FE,000-BKD-525,2455818.32517,10.014,0.027,False,Johnson V,CCD,BDG,1.396,False
1483,SN 2011FE,000-BKD-525,2455818.32543,10.002,0.003,False,Johnson V,CCD,ATE,1.53,False
1484,SN 2011FE,000-BKD-525,2455818.32621,9.974,0.003,False,Johnson V,CCD,ATE,1.53,False
1485,SN 2011FE,000-BKD-525,2455818.32695,9.986,0.003,False,Johnson V,CCD,ATE,1.54,False
1486,SN 2011FE,000-BKD-525,2455818.32769,9.974,0.003,False,Johnson V,CCD,ATE,1.54,False
1487,SN 2011FE,000-BKD-525,2455818.32843,10.000,0.003,False,Johnson V,CCD,ATE,1.55,False
1488,SN 2011FE,000-BKD-525,2455818.32917,9.924,0.003,False,Johnson V,CCD,ATE,1.55,False
1489,SN 2011FE,000-BKD-525,2455818.32991,9.965,0.004,False,Johnson V,CCD,ATE,1.55,False
1490,SN 2011FE,000-BKD-525,2455818.33065,10.000,0.004,False,Johnson V,CCD,ATE,1.56,False
1491,SN 2011FE,000-BKD-525,2455818.33139,9.979,0.004,False,Johnson V,CCD,ATE,1.56,False
1492,SN 2011FE,000-BKD-525,2455818.33215,9.999,0.004,False,Johnson V,CCD,ATE,1.57,False
1493,SN 2011FE,000-BKD-525,2455818.33291,9.998,0.003,False,Johnson V,CCD,ATE,1.57,False
1494,SN 2011FE,000-BKD-525,2455818.33365,9.931,0.003,False,Johnson V,CCD,ATE,1.58,False
1495,SN 2011FE,000-BKD-525,2455818.33439,9.970,0.003,False,Johnson V,CCD,ATE,1.58,False
1496,SN 2011FE,000-BKD-525,2455818.33513,9.964,0.003,False,Johnson V,CCD,ATE,1.59,False
1497,SN 2011FE,000-BKD-525,2455818.33591,9.945,0.003,False,Johnson V,CCD,ATE,1.59,False
1498,SN 2011FE,000-BKD-525,2455818.33665,9.908,0.004,False,Johnson V,CCD,ATE,1.60,False
1499,SN 2011FE,000-BKD-525,2455818.33739,9.942,0.003,False,Johnson V,CCD,ATE,1.60,False
1500,SN 2011FE,000-BKD-525,2455818.33816,9.967,0.004,False,Johnson V,CCD,ATE,1.61,False
1501,SN 2011FE,000-BKD-525,2455818.33891,9.971,0.003,False,Johnson V,CCD,ATE,1.62,False
1502,SN 2011FE,000-BKD-525,2455818.33965,9.909,0.003,False,Johnson V,CCD,ATE,1.62,False
1503,SN 2011FE,000-BKD-525,2455818.34,10.1,,False,Visual,Visual,JLZ,,
1504,SN 2011FE,000-BKD-525,2455818.34039,9.975,0.004,False,Johnson V,CCD,ATE,1.63,False
1505,SN 2011FE,000-BKD-525,2455818.34113,10.000,0.004,False,Johnson V,CCD,ATE,1.63,False
1506,SN 2011FE,000-BKD-525,2455818.34195,9.924,0.004,False,Johnson V,CCD,ATE,1.64,False
1507,SN 2011FE,000-BKD-525,2455818.35000,10.0,,False,Visual,Visual,BBI,,
1508,SN 2011FE,000-BKD-525,2455818.35417,10.0,,False,Visual,Visual,ILE,,
1509,SN 2011FE,000-BKD-525,2455818.3542,10.0,,False,Visual,Visual,ILE,,
1510,SN 2011FE,000-BKD-525,2455818.35522,10.019,0.022,False,Johnson V,CCD,RMU,1.781,False
1511,SN 2011FE,000-BKD-525,2455818.35734,10.037,0.018,False,Johnson B,CCD,RMU,1.798,False
1512,PTF11KLY,000-BKD-525,2455818.35833,9.82,0.02,False,Unfiltered with R Zeropoint,CCD,NOT,,False
1513,SN 2011FE,000-BKD-525,2455818.36113,9.926,0.032,False,Cousins R,CCD,RMU,1.835,False
1514,SN 2011FE,000-BKD-525,2455818.36289,10.337,0.045,False,Cousins I,CCD,RMU,1.851,False
1515,PTF11KLY,000-BKD-525,2455818.36806,10.1,,False,Visual,Visual,KGEA,,
1516,SN 2011FE,000-BKD-525,2455818.38403,9.98,0.01,False,Unfiltered with V Zeropoint,CCD,HNDA,,False
1517,PTF11KLY,000-BKD-525,2455818.3993,9.9,,False,Visual,Visual,VFK,,
1518,SN 2011FE,000-BKD-525,2455818.51944,10.0,,False,Visual,Visual,ONJ,,
1519,SN 2011FE,000-BKD-525,2455818.52285,10.0,,False,Visual,Visual,KRAA,,
1520,SN 2011FE,000-BKD-525,2455818.5292,10.0,,False,Visual,Visual,MOW,,
1521,SN 2011FE,000-BKD-525,2455818.5868,9.9,,False,Visual,Visual,KRB,,
1522,PTF11KLY,000-BKD-525,2455818.60347,9.6,,False,Visual,Visual,BBA,,
1523,SN 2011FE,000-BKD-525,2455819.26944,10.0,,False,Visual,Visual,SSW,,
1524,SN 2011FE,000-BKD-525,2455819.27431,9.9,,False,Visual,Visual,PMAA,,
1525,SN 2011FE,000-BKD-525,2455819.2764,10.2,,False,Visual,Visual,KWO,,
1526,SN 2011FE,000-BKD-525,2455819.28425,10.023,0.016,False,Johnson V,CCD,CMAB,,False
1527,SN 2011FE,000-BKD-525,2455819.28542,10.1,,False,Visual,Visual,SJZ,,
1528,SN 2011FE,000-BKD-525,2455819.29167,10.1,,False,Visual,Visual,WKL,,
1529,SN 2011FE,000-BKD-525,2455819.2964,9.95,,False,Visual,Visual,DAT,,
1530,SN 2011FE,000-BKD-525,2455819.2965,10.0,,False,Visual,Visual,PLP,,
1531,SN 2011FE,000-BKD-525,2455819.3090,10.1,,False,Visual,Visual,CSM,,
1532,SN 2011FE,000-BKD-525,2455819.31250,10.1,,False,Visual,Visual,VBH,,
1533,PTF11KLY,000-BKD-525,2455819.31319,9.83,0.02,False,Unfiltered with R Zeropoint,CCD,NOT,,False
1534,SN 2011FE,000-BKD-525,2455819.318947,10.00,0.04,False,Johnson V,CCD,CEMB,,False
1535,SN 2011FE,000-BKD-525,2455819.31967,9.993,0.004,False,Johnson V,CCD,ATE,1.51,False
1536,SN 2011FE,000-BKD-525,2455819.32056,9.927,0.004,False,Johnson V,CCD,ATE,1.51,False
1537,SN 2011FE,000-BKD-525,2455819.32134,10.008,0.004,False,Johnson V,CCD,ATE,1.52,False
1538,SN 2011FE,000-BKD-525,2455819.32208,9.992,0.004,False,Johnson V,CCD,ATE,1.52,False
1539,SN 2011FE,000-BKD-525,2455819.32282,10.002,0.004,False,Johnson V,CCD,ATE,1.53,False
1540,SN 2011FE,000-BKD-525,2455819.32356,9.992,0.004,False,Johnson V,CCD,ATE,1.53,False
1541,SN 2011FE,000-BKD-525,2455819.32430,9.957,0.004,False,Johnson V,CCD,ATE,1.54,False
1542,SN 2011FE,000-BKD-525,2455819.32504,10.012,0.004,False,Johnson V,CCD,ATE,1.54,False
1543,SN 2011FE,000-BKD-525,2455819.32563,10.076,0.059,False,Johnson V,CCD,RMU,1.574,False
1544,SN 2011FE,000-BKD-525,2455819.32578,9.933,0.004,False,Johnson V,CCD,ATE,1.55,False
1545,SN 2011FE,000-BKD-525,2455819.326,10.0,,False,Visual,Visual,PIJ,,
1546,SN 2011FE,000-BKD-525,2455819.32656,10.013,0.005,False,Johnson V,CCD,ATE,1.55,False
1547,SN 2011FE,000-BKD-525,2455819.32730,9.916,0.006,False,Johnson V,CCD,ATE,1.56,False
1548,SN 2011FE,000-BKD-525,2455819.32772,10.078,0.025,False,Johnson B,CCD,RMU,1.586,False
1549,SN 2011FE,000-BKD-525,2455819.328,9.6,,False,Visual,Visual,SRBR,,
1550,SN 2011FE,000-BKD-525,2455819.32807,10.009,0.004,False,Johnson V,CCD,ATE,1.56,False
1551,SN 2011FE,000-BKD-525,2455819.32881,10.009,0.004,False,Johnson V,CCD,ATE,1.57,False
1552,SN 2011FE,000-BKD-525,2455819.32955,10.010,0.005,False,Johnson V,CCD,ATE,1.57,False
1553,SN 2011FE,000-BKD-525,2455819.33033,9.919,0.006,False,Johnson V,CCD,ATE,1.58,False
1554,SN 2011FE,000-BKD-525,2455819.33152,9.955,0.031,False,Cousins R,CCD,RMU,1.615,False
1555,SN 2011FE,000-BKD-525,2455819.33325,10.371,0.029,False,Cousins I,CCD,RMU,1.627,False
1556,SN 2011FE,000-BKD-525,2455819.3493,10.2,,False,Visual,Visual,PDKA,,
1557,SN 2011FE,000-BKD-525,2455819.35982,10.018,0.029,False,Johnson V,CCD,BDG,1.584,False
1558,SN 2011FE,000-BKD-525,2455819.36111,10.1,,False,Visual,Visual,GGU,,
1559,SN 2011FE,000-BKD-525,2455819.38889,10.0,,False,Visual,Visual,ILE,,
1560,SN 2011FE,000-BKD-525,2455819.3889,10.0,,False,Visual,Visual,ILE,,
1561,SN 2011FE,000-BKD-525,2455819.41,10.03,0.02,False,Unfiltered with V Zeropoint,CCD,HNDA,,False
1562,PTF11KLY,000-BKD-525,2455819.414365,10.021,0.01,False,Johnson V,CCD,FVAA,1.49,False
1563,PTF11KLY,000-BKD-525,2455819.414845,10.018,0.01,False,Johnson V,CCD,FVAA,1.52,False
1564,SN 2011FE,000-BKD-525,2455819.4653,10.0,,False,Visual,Visual,KTHA,,
1565,PTF11KLY,000-BKD-525,2455819.5,10.2,,False,Visual,Visual,DSWA,,
1566,SN 2011FE,000-BKD-525,2455819.58392,10.04,0.01,False,Johnson V,CCD,HSW,,False
1567,SN 2011FE,000-BKD-525,2455819.58558,10.028,0.0012,False,Johnson V,CCD,KROA,,False
1568,SN 2011FE,000-BKD-525,2455819.5910,10.1,,False,Visual,Visual,BTB,,
1569,SN 2011FE,000-BKD-525,2455819.59653,10.0,,False,Visual,Visual,CKB,,
1570,SN 2011FE,000-BKD-525,2455819.60417,10.0,,False,Visual,Visual,HSW,,
1571,SN 2011FE,000-BKD-525,2455819.641,10.0,,False,Unknown,CCD,HUR,,
1572,SN 2011FE,000-BKD-525,2455819.64784,9.956,0.019,False,Johnson V,CCD,GFB,1.612,False
1573,SN 2011FE,000-BKD-525,2455819.64834,10.000,0.019,False,Johnson V,CCD,GFB,1.616,False
1574,SN 2011FE,000-BKD-525,2455819.64889,10.029,0.019,False,Johnson V,CCD,GFB,1.620,False
1575,SN 2011FE,000-BKD-525,2455819.64942,10.008,0.019,False,Johnson V,CCD,GFB,1.624,False
1576,PTF11KLY,000-BKD-525,2455819.65833,9.9,,False,Visual,Visual,BBA,,
1577,SN 2011FE,000-BKD-525,2455819.66008,10.030,0.057,False,Johnson B,CCD,HOA,1.717,False
1578,SN 2011FE,000-BKD-525,2455819.66105,10.003,0.018,False,Johnson V,CCD,HOA,1.724,False
1579,SN 2011FE,000-BKD-525,2455819.96025,9.7,,False,Visual,Visual,WLY,,
1580,SN 2011FE,000-BKD-525,2455820.26484,10.054,0.014,False,Johnson V,CCD,CMAB,,False
1581,SN 2011FE,000-BKD-525,2455820.26736,10.0,,False,Visual,Visual,RZM,,
1582,SN 2011FE,000-BKD-525,2455820.27,10.0,,False,Visual,Visual,BFO,,
1583,SN 2011FE,000-BKD-525,2455820.27083,10.1,,False,Visual,Visual,SSW,,
1584,SN 2011FE,000-BKD-525,2455820.27361,10.0,,False,Visual,Visual,KOS,,
1585,SN 2011FE,000-BKD-525,2455820.2917,9.9,,False,Visual,Visual,MZS,,
1586,PTF11kly,000-BKD-525,2455820.29583,10.17,,False,Unfiltered with V Zeropoint,CCD,VKN,,False
1587,SN 2011FE,000-BKD-525,2455820.2986,10.0,,False,Visual,Visual,BHS,,
1588,SN 2011FE,000-BKD-525,2455820.3042,10.2,,False,Visual,Visual,KWO,,
1589,SN 2011FE,000-BKD-525,2455820.30556,10.1,,False,Visual,Visual,SJZ,,
1590,SN 2011FE,000-BKD-525,2455820.3056,10.1,,False,Visual,Visual,CSM,,
1591,SN 2011FE,000-BKD-525,2455820.3111,9.95,,False,Visual,Visual,DAT,,
1592,PTF11KLY,000-BKD-525,2455820.3160,10.2,,False,Visual,Visual,HHU,,
1593,SN 2011FE,000-BKD-525,2455820.323,10.1,,False,Visual,Visual,CMG,,
1594,SN 2011FE,000-BKD-525,2455820.32900,10.062,0.011,False,Johnson V,CCD,RMU,1.616,False
1595,SN 2011FE,000-BKD-525,2455820.33112,10.212,0.036,False,Johnson B,CCD,RMU,1.630,False
1596,PTF11KLY,000-BKD-525,2455820.3333,9.9,,False,Visual,Visual,VFK,,
1597,SN 2011FE,000-BKD-525,2455820.33528,9.982,0.067,False,Cousins R,CCD,RMU,1.662,False
1598,SN 2011FE,000-BKD-525,2455820.33674,10.420,0.055,False,Cousins I,CCD,RMU,1.673,False
1599,PTF11KLY,000-BKD-525,2455820.33750,9.89,0.02,False,Unfiltered with R Zeropoint,CCD,NOT,,False
1600,SN 2011FE,000-BKD-525,2455820.34028,10.0,,False,Visual,Visual,CBEA,,
1601,SN 2011FE,000-BKD-525,2455820.34364,10.045,0.029,False,Johnson V,CCD,BDG,1.510,False
1602,PTF11kly,000-BKD-525,2455820.34375,9.9,,False,Visual,Visual,OJR,,
1603,PTF11kly,000-BKD-525,2455820.3493,10.1,,False,Visual,Visual,WWJ,,
1604,SN 2011FE,000-BKD-525,2455820.36806,10.0,,False,Visual,Visual,ILE,,
1605,SN 2011FE,000-BKD-525,2455820.3681,10.0,,False,Visual,Visual,ILE,,
1606,SN 2011FE,000-BKD-525,2455820.39,10.125,0.02,False,Unfiltered with V Zeropoint,CCD,HNDA,,False
1607,SN 2011FE,000-BKD-525,2455820.454,9.5,,False,Visual,Visual,VDE,,
1608,SN 2011FE,000-BKD-525,2455820.4965,10.1,,False,Visual,Visual,KTHA,,
1609,PTF11KLY,000-BKD-525,2455820.512,10.09,0.11,False,Johnson B,CCD,RHM,,False
1610,PTF11KLY,000-BKD-525,2455820.530,10.05,0.07,False,Johnson V,CCD,RHM,,False
1611,SN 2011FE,000-BKD-525,2455820.53125,10.1,,False,Visual,Visual,SLH,,
1612,PTF11KLY,000-BKD-525,2455820.536,10.03,0.07,False,Cousins R,CCD,RHM,,False
1613,PTF11KLY,000-BKD-525,2455820.537,10.45,0.08,False,Cousins I,CCD,RHM,,False
1614,SN 2011FE,000-BKD-525,2455820.54028,10.044,0.01,False,Johnson V,CCD,SHA,1.49,True
1615,PTF11kly,000-BKD-525,2455820.54167,10.076,0.02,False,Johnson B,CCD,SHA,1.46,True
1616,PTF11kly,000-BKD-525,2455820.54306,10.391,0.02,False,Cousins I,CCD,SHA,1.50,True
1617,SN 2011FE,000-BKD-525,2455820.556,10.2,,False,Visual,Visual,MHH,,
1618,SN 2011FE,000-BKD-525,2455820.64791,10.030,0.019,False,Johnson V,CCD,GFB,1.633,False
1619,SN 2011FE,000-BKD-525,2455820.64841,10.000,0.021,False,Johnson V,CCD,GFB,1.637,False
1620,SN 2011FE,000-BKD-525,2455820.64896,10.048,0.016,False,Johnson V,CCD,GFB,1.641,False
1621,SN 2011FE,000-BKD-525,2455820.64947,9.975,0.017,False,Johnson V,CCD,GFB,1.644,False
1622,SN 2011FE,000-BKD-525,2455820.68056,9.9,,False,Visual,Visual,RR,,
1623,SN 2011FE,000-BKD-525,2455821.26,9.7,,False,Visual,Visual,PPS,,
1624,SN 2011FE,000-BKD-525,2455821.26389,10.2,,False,Visual,Visual,KOS,,
1625,SN 2011FE,000-BKD-525,2455821.26597,10.1,,False,Visual,Visual,RZM,,
1626,SN 2011FE,000-BKD-525,2455821.27053,10.089,0.015,False,Johnson V,CCD,CMAB,,False
1627,SN 2011FE,000-BKD-525,2455821.28542,10.2,,False,Visual,Visual,SJZ,,
1628,SN 2011FE,000-BKD-525,2455821.2892,9.97,,False,Visual,Visual,DAT,,
1629,SN 2011FE,000-BKD-525,2455821.29,9.7,,False,Visual,Visual,BJAN,,
1630,SN 2011FE,000-BKD-525,2455821.29,10.3,,False,Visual,Visual,FDA,,
1631,SN 2011FE,000-BKD-525,2455821.29,10.5,,False,Visual,Visual,KCI,,
1632,SN 2011FE,000-BKD-525,2455821.29,10.5,,False,Visual,Visual,VBI,,
1633,2011FE,000-BKD-525,2455821.2917,10.1,,False,Visual,Visual,ARLA,,
1634,SN 2011FE,000-BKD-525,2455821.2917,10.0,,False,Visual,Visual,DPV,,
1635,SN 2011FE,000-BKD-525,2455821.2986,10.1,,False,Visual,Visual,BHS,,
1636,SN 2011FE,000-BKD-525,2455821.3,9.6,,False,Visual,Visual,WUB,,
1637,SN 2011FE,000-BKD-525,2455821.30,10.0,,False,Visual,Visual,HCS,,
1638,SN 2011FE,000-BKD-525,2455821.30,10.1,,False,Visual,Visual,HUI,,
1639,SN 2011FE,000-BKD-525,2455821.3042,10.1,,False,Visual,Visual,CSM,,
1640,PTF11kly,000-BKD-525,2455821.30556,10.1,,False,Visual,Visual,WAU,,
1641,SN 2011FE,000-BKD-525,2455821.32671,9.992,0.005,False,Johnson V,CCD,ATE,1.59,False
1642,SN 2011FE,000-BKD-525,2455821.32734,10.048,0.005,False,Johnson V,CCD,ATE,1.59,False
1643,SN 2011FE,000-BKD-525,2455821.32778,10.1,,False,Visual,Visual,SSW,,
1644,SN 2011FE,000-BKD-525,2455821.32785,9.987,0.005,False,Johnson V,CCD,ATE,1.60,False
1645,SN 2011FE,000-BKD-525,2455821.32836,10.005,0.005,False,Johnson V,CCD,ATE,1.60,False
1646,SN 2011FE,000-BKD-525,2455821.32890,10.042,0.005,False,Johnson V,CCD,ATE,1.60,False
1647,SN 2011FE,000-BKD-525,2455821.32941,10.042,0.005,False,Johnson V,CCD,ATE,1.61,False
1648,SN 2011FE,000-BKD-525,2455821.32992,10.050,0.006,False,Johnson V,CCD,ATE,1.61,False
1649,SN 2011FE,000-BKD-525,2455821.33,9.8,,False,Visual,Visual,PUJ,,
1650,SN 2011FE,000-BKD-525,2455821.33043,10.008,0.006,False,Johnson V,CCD,ATE,1.61,False
1651,SN 2011FE,000-BKD-525,2455821.33094,10.015,0.006,False,Johnson V,CCD,ATE,1.62,False
1652,SN 2011FE,000-BKD-525,2455821.33301,10.028,0.013,False,Johnson V,CCD,ATE,1.63,False
1653,SN 2011FE,000-BKD-525,2455821.33457,9.995,0.008,False,Johnson V,CCD,ATE,1.64,False
1654,SN 2011FE,000-BKD-525,2455821.33508,10.010,0.009,False,Johnson V,CCD,ATE,1.65,False
1655,SN 2011FE,000-BKD-525,2455821.33576,9.982,0.006,False,Johnson V,CCD,ATE,1.65,False
1656,SN 2011FE,000-BKD-525,2455821.33633,10.041,0.005,False,Johnson V,CCD,ATE,1.66,False
1657,SN 2011FE,000-BKD-525,2455821.33690,10.026,0.005,False,Johnson V,CCD,ATE,1.66,False
1658,SN 2011FE,000-BKD-525,2455821.33747,10.045,0.005,False,Johnson V,CCD,ATE,1.67,False
1659,SN 2011FE,000-BKD-525,2455821.33804,10.020,0.005,False,Johnson V,CCD,ATE,1.67,False
1660,SN 2011FE,000-BKD-525,2455821.33863,10.043,0.005,False,Johnson V,CCD,ATE,1.68,False
1661,SN 2011FE,000-BKD-525,2455821.33920,10.031,0.005,False,Johnson V,CCD,ATE,1.68,False
1662,SN 2011FE,000-BKD-525,2455821.33976,10.048,0.005,False,Johnson V,CCD,ATE,1.68,False
1663,SN 2011FE,000-BKD-525,2455821.34034,10.037,0.005,False,Johnson V,CCD,ATE,1.69,False
1664,SN 2011FE,000-BKD-525,2455821.34091,10.048,0.005,False,Johnson V,CCD,ATE,1.69,False
1665,SN 2011FE,000-BKD-525,2455821.34148,10.050,0.005,False,Johnson V,CCD,ATE,1.70,False
1666,SN 2011FE,000-BKD-525,2455821.34204,10.039,0.005,False,Johnson V,CCD,ATE,1.70,False
1667,SN 2011FE,000-BKD-525,2455821.34261,10.023,0.005,False,Johnson V,CCD,ATE,1.71,False
1668,SN 2011FE,000-BKD-525,2455821.34321,9.983,0.005,False,Johnson V,CCD,ATE,1.71,False
1669,SN 2011FE,000-BKD-525,2455821.34378,10.015,0.005,False,Johnson V,CCD,ATE,1.72,False
1670,SN 2011FE,000-BKD-525,2455821.34435,10.001,0.005,False,Johnson V,CCD,ATE,1.72,False
1671,SN 2011FE,000-BKD-525,2455821.34491,10.020,0.005,False,Johnson V,CCD,ATE,1.72,False
1672,SN 2011FE,000-BKD-525,2455821.34722,10.2,,False,Visual,Visual,LPAA,,
1673,SN 2011FE,000-BKD-525,2455821.36111,10.2,,False,Visual,Visual,KKAA,,
1674,SN 2011FE,000-BKD-525,2455821.37500,10.0,,False,Visual,Visual,ILE,,
1675,SN 2011FE,000-BKD-525,2455821.3750,10.0,,False,Visual,Visual,ILE,,
1676,2011FE,000-BKD-525,2455821.49052,10.141,0.099,False,Johnson V,CCD,MMX,,False
1677,2011FE,000-BKD-525,2455821.49127,10.136,0.085,False,Johnson V,CCD,MMX,,False
1678,2011FE,000-BKD-525,2455821.49204,10.138,0.056,False,Johnson V,CCD,MMX,,False
1679,2011FE,000-BKD-525,2455821.49355,10.128,0.085,False,Johnson V,CCD,MMX,,False
1680,2011FE,000-BKD-525,2455821.49432,10.130,0.058,False,Johnson V,CCD,MMX,,False
1681,2011FE,000-BKD-525,2455821.49508,10.131,0.066,False,Johnson V,CCD,MMX,,False
1682,2011FE,000-BKD-525,2455821.49584,10.130,0.058,False,Johnson V,CCD,MMX,,False
1683,2011FE,000-BKD-525,2455821.49660,10.145,0.077,False,Johnson V,CCD,MMX,,False
1684,2011FE,000-BKD-525,2455821.49736,10.123,0.055,False,Johnson V,CCD,MMX,,False
1685,2011FE,000-BKD-525,2455821.49813,10.130,0.076,False,Johnson V,CCD,MMX,,False
1686,2011FE,000-BKD-525,2455821.49889,10.102,0.031,False,Johnson V,CCD,MMX,,False
1687,2011FE,000-BKD-525,2455821.49964,10.129,0.069,False,Johnson V,CCD,MMX,,False
1688,2011FE,000-BKD-525,2455821.50041,10.112,0.059,False,Johnson V,CCD,MMX,,False
1689,2011FE,000-BKD-525,2455821.50117,10.111,0.048,False,Johnson V,CCD,MMX,,False
1690,SN 2011FE,000-BKD-525,2455821.50139,10.0,,False,Visual,Visual,ONJ,,
1691,2011FE,000-BKD-525,2455821.50193,10.124,0.053,False,Johnson V,CCD,MMX,,False
1692,2011FE,000-BKD-525,2455821.50269,10.111,0.044,False,Johnson V,CCD,MMX,,False
1693,2011FE,000-BKD-525,2455821.50345,10.107,0.035,False,Johnson V,CCD,MMX,,False
1694,2011FE,000-BKD-525,2455821.50421,10.116,0.049,False,Johnson V,CCD,MMX,,False
1695,2011FE,000-BKD-525,2455821.50498,10.121,0.038,False,Johnson V,CCD,MMX,,False
1696,2011FE,000-BKD-525,2455821.50574,10.143,0.067,False,Johnson V,CCD,MMX,,False
1697,2011FE,000-BKD-525,2455821.50649,10.136,0.094,False,Johnson V,CCD,MMX,,False
1698,2011FE,000-BKD-525,2455821.50726,10.130,0.069,False,Johnson V,CCD,MMX,,False
1699,2011FE,000-BKD-525,2455821.50802,10.134,0.079,False,Johnson V,CCD,MMX,,False
1700,2011FE,000-BKD-525,2455821.50877,10.138,0.106,False,Johnson V,CCD,MMX,,False
1701,2011FE,000-BKD-525,2455821.50954,10.130,0.073,False,Johnson V,CCD,MMX,,False
1702,2011FE,000-BKD-525,2455821.51030,10.130,0.055,False,Johnson V,CCD,MMX,,False
1703,2011FE,000-BKD-525,2455821.51106,10.122,0.050,False,Johnson V,CCD,MMX,,False
1704,2011FE,000-BKD-525,2455821.51182,10.126,0.059,False,Johnson V,CCD,MMX,,False
1705,2011FE,000-BKD-525,2455821.51258,10.129,0.088,False,Johnson V,CCD,MMX,,False
1706,2011FE,000-BKD-525,2455821.53139,10.122,0.061,False,Johnson V,CCD,MMX,,False
1707,2011FE,000-BKD-525,2455821.54889,10.113,0.063,False,Johnson V,CCD,MMX,,False
1708,2011FE,000-BKD-525,2455821.54965,10.097,0.029,False,Johnson V,CCD,MMX,,False
1709,2011FE,000-BKD-525,2455821.55041,10.089,0.031,False,Johnson V,CCD,MMX,,False
1710,2011FE,000-BKD-525,2455821.55270,10.135,0.051,False,Johnson V,CCD,MMX,,False
1711,2011FE,000-BKD-525,2455821.55345,10.104,0.035,False,Johnson V,CCD,MMX,,False
1712,2011FE,000-BKD-525,2455821.55421,10.112,0.074,False,Johnson V,CCD,MMX,,False
1713,2011FE,000-BKD-525,2455821.55498,10.114,0.017,False,Johnson V,CCD,MMX,,False
1714,2011FE,000-BKD-525,2455821.55574,10.106,0.026,False,Johnson V,CCD,MMX,,False
1715,2011FE,000-BKD-525,2455821.55650,10.109,0.030,False,Johnson V,CCD,MMX,,False
1716,2011FE,000-BKD-525,2455821.55726,10.107,0.050,False,Johnson V,CCD,MMX,,False
1717,2011FE,000-BKD-525,2455821.55802,10.121,0.024,False,Johnson V,CCD,MMX,,False
1718,2011FE,000-BKD-525,2455821.55878,10.136,0.052,False,Johnson V,CCD,MMX,,False
1719,2011FE,000-BKD-525,2455821.55955,10.093,0.038,False,Johnson V,CCD,MMX,,False
1720,2011FE,000-BKD-525,2455821.56030,10.090,0.026,False,Johnson V,CCD,MMX,,False
1721,2011FE,000-BKD-525,2455821.56106,10.111,0.045,False,Johnson V,CCD,MMX,,False
1722,2011FE,000-BKD-525,2455821.56487,10.110,0.028,False,Johnson V,CCD,MMX,,False
1723,2011FE,000-BKD-525,2455821.56564,10.100,0.018,False,Johnson V,CCD,MMX,,False
1724,2011FE,000-BKD-525,2455821.56715,10.150,0.086,False,Johnson V,CCD,MMX,,False
1725,2011FE,000-BKD-525,2455821.56792,10.105,0.032,False,Johnson V,CCD,MMX,,False
1726,2011FE,000-BKD-525,2455821.56868,10.109,0.062,False,Johnson V,CCD,MMX,,False
1727,2011FE,000-BKD-525,2455821.56944,10.116,0.017,False,Johnson V,CCD,MMX,,False
1728,2011FE,000-BKD-525,2455821.57020,10.108,0.037,False,Johnson V,CCD,MMX,,False
1729,SN 2011FE,000-BKD-525,2455821.59931,10.2,,False,Visual,Visual,ASA,,
1730,SN 2011FE,000-BKD-525,2455821.600058,10.204,0.008,False,Johnson V,CCD,KPK,1.765,False
1731,SN 2011FE,000-BKD-525,2455821.604931,10.222,0.014,False,Johnson V,CCD,KPK,1.787,False
1732,SN 2011FE,000-BKD-525,2455821.607338,10.270,0.008,False,Johnson V,CCD,KPK,1.811,False
1733,SN 2011FE,000-BKD-525,2455821.609884,10.310,0.008,False,Johnson V,CCD,KPK,1.835,False
1734,SN 2011FE,000-BKD-525,2455821.612188,10.301,0.008,False,Johnson V,CCD,KPK,1.861,False
1735,SN 2011FE,000-BKD-525,2455821.614606,10.283,0.008,False,Johnson V,CCD,KPK,1.885,False
1736,SN 2011FE,000-BKD-525,2455821.617847,10.254,0.008,False,Johnson V,CCD,KPK,1.912,False
1737,SN 2011FE,000-BKD-525,2455821.620289,10.236,0.009,False,Johnson V,CCD,KPK,1.948,False
1738,SN 2011FE,000-BKD-525,2455821.6222,9.9,,False,Visual,Visual,KRB,,
1739,SN 2011FE,000-BKD-525,2455821.622813,10.192,0.008,False,Johnson V,CCD,KPK,1.977,False
1740,SN 2011FE,000-BKD-525,2455821.633218,10.191,0.023,False,Cousins R,CCD,KPK,2.096,False
1741,SN 2011FE,000-BKD-525,2455821.637685,10.218,0.024,False,Cousins R,CCD,KPK,2.145,False
1742,SN 2011FE,000-BKD-525,2455821.64093,10.073,0.014,False,Johnson V,CCD,GFB,1.602,False
1743,SN 2011FE,000-BKD-525,2455821.64145,10.095,0.014,False,Johnson V,CCD,GFB,1.605,False
1744,SN 2011FE,000-BKD-525,2455821.64198,10.070,0.014,False,Johnson V,CCD,GFB,1.609,False
1745,SN 2011FE,000-BKD-525,2455821.642176,10.199,0.027,False,Cousins R,CCD,KPK,2.210,False
1746,SN 2011FE,000-BKD-525,2455821.64251,10.037,0.014,False,Johnson V,CCD,GFB,1.613,False
1747,SN 2011FE,000-BKD-525,2455821.64303,10.029,0.014,False,Johnson V,CCD,GFB,1.617,False
1748,SN 2011FE,000-BKD-525,2455821.64358,10.053,0.014,False,Johnson V,CCD,GFB,1.621,False
1749,SN 2011FE,000-BKD-525,2455821.64414,10.033,0.014,False,Johnson V,CCD,GFB,1.625,False
1750,SN 2011FE,000-BKD-525,2455821.64468,10.046,0.014,False,Johnson V,CCD,GFB,1.629,False
1751,SN 2011FE,000-BKD-525,2455821.64522,10.027,0.014,False,Johnson V,CCD,GFB,1.633,False
1752,SN 2011FE,000-BKD-525,2455821.645486,10.187,0.027,False,Cousins R,CCD,KPK,2.279,False
1753,SN 2011FE,000-BKD-525,2455821.64575,10.043,0.014,False,Johnson V,CCD,GFB,1.637,False
1754,SN 2011FE,000-BKD-525,2455821.64630,10.049,0.014,False,Johnson V,CCD,GFB,1.641,False
1755,SN 2011FE,000-BKD-525,2455821.64683,10.053,0.014,False,Johnson V,CCD,GFB,1.645,False
1756,SN 2011FE,000-BKD-525,2455821.64736,10.055,0.014,False,Johnson V,CCD,GFB,1.649,False
1757,SN 2011FE,000-BKD-525,2455821.647755,10.190,0.027,False,Cousins R,CCD,KPK,2.333,False
1758,SN 2011FE,000-BKD-525,2455821.64789,10.030,0.014,False,Johnson V,CCD,GFB,1.653,False
1759,SN 2011FE,000-BKD-525,2455821.64843,10.044,0.014,False,Johnson V,CCD,GFB,1.657,False
1760,SN 2011FE,000-BKD-525,2455821.64897,10.028,0.014,False,Johnson V,CCD,GFB,1.662,False
1761,SN 2011FE,000-BKD-525,2455821.64949,10.071,0.014,False,Johnson V,CCD,GFB,1.666,False
1762,SN 2011FE,000-BKD-525,2455821.64999,10.075,0.014,False,Johnson V,CCD,GFB,1.670,False
1763,SN 2011FE,000-BKD-525,2455821.65052,10.060,0.014,False,Johnson V,CCD,GFB,1.674,False
1764,SN 2011FE,000-BKD-525,2455821.65102,10.067,0.014,False,Johnson V,CCD,GFB,1.678,False
1765,SN 2011FE,000-BKD-525,2455821.65103,10.181,0.030,False,Cousins R,CCD,KPK,2.372,False
1766,SN 2011FE,000-BKD-525,2455821.65157,10.039,0.014,False,Johnson V,CCD,GFB,1.682,False
1767,SN 2011FE,000-BKD-525,2455821.65209,10.023,0.014,False,Johnson V,CCD,GFB,1.686,False
1768,SN 2011FE,000-BKD-525,2455821.65260,10.025,0.015,False,Johnson V,CCD,GFB,1.690,False
1769,SN 2011FE,000-BKD-525,2455821.65314,10.035,0.014,False,Johnson V,CCD,GFB,1.695,False
1770,SN 2011FE,000-BKD-525,2455821.653368,10.159,0.026,False,Cousins R,CCD,KPK,2.430,False
1771,SN 2011FE,000-BKD-525,2455821.65365,10.031,0.014,False,Johnson V,CCD,GFB,1.699,False
1772,SN 2011FE,000-BKD-525,2455821.65416,10.010,0.015,False,Johnson V,CCD,GFB,1.703,False
1773,SN 2011FE,000-BKD-525,2455821.65466,10.014,0.015,False,Johnson V,CCD,GFB,1.707,False
1774,SN 2011FE,000-BKD-525,2455821.65517,10.025,0.015,False,Johnson V,CCD,GFB,1.711,False
1775,SN 2011FE,000-BKD-525,2455821.65568,10.032,0.014,False,Johnson V,CCD,GFB,1.716,False
1776,SN 2011FE,000-BKD-525,2455821.655718,10.177,0.029,False,Cousins R,CCD,KPK,2.473,False
1777,SN 2011FE,000-BKD-525,2455821.65619,10.021,0.015,False,Johnson V,CCD,GFB,1.720,False
1778,SN 2011FE,000-BKD-525,2455821.65670,10.040,0.014,False,Johnson V,CCD,GFB,1.724,False
1779,SN 2011FE,000-BKD-525,2455821.65720,10.024,0.015,False,Johnson V,CCD,GFB,1.728,False
1780,SN 2011FE,000-BKD-525,2455821.65771,10.029,0.015,False,Johnson V,CCD,GFB,1.733,False
1781,SN 2011FE,000-BKD-525,2455821.658067,10.163,0.029,False,Cousins R,CCD,KPK,2.517,False
1782,SN 2011FE,000-BKD-525,2455821.65821,10.058,0.014,False,Johnson V,CCD,GFB,1.737,False
1783,SN 2011FE,000-BKD-525,2455821.65872,10.041,0.015,False,Johnson V,CCD,GFB,1.741,False
1784,SN 2011FE,000-BKD-525,2455821.65922,10.053,0.014,False,Johnson V,CCD,GFB,1.746,False
1785,SN 2011FE,000-BKD-525,2455821.65973,10.010,0.015,False,Johnson V,CCD,GFB,1.750,False
1786,SN 2011FE,000-BKD-525,2455821.66024,10.010,0.015,False,Johnson V,CCD,GFB,1.755,False
1787,SN 2011FE,000-BKD-525,2455821.66075,10.028,0.015,False,Johnson V,CCD,GFB,1.759,False
1788,SN 2011FE,000-BKD-525,2455821.66126,10.037,0.015,False,Johnson V,CCD,GFB,1.764,False
1789,SN 2011FE,000-BKD-525,2455821.66177,10.043,0.015,False,Johnson V,CCD,GFB,1.768,False
1790,SN 2011FE,000-BKD-525,2455821.66231,10.035,0.015,False,Johnson V,CCD,GFB,1.773,False
1791,SN 2011FE,000-BKD-525,2455821.66286,10.028,0.015,False,Johnson V,CCD,GFB,1.778,False
1792,SN 2011FE,000-BKD-525,2455821.66341,10.057,0.015,False,Johnson V,CCD,GFB,1.783,False
1793,SN 2011FE,000-BKD-525,2455821.66394,10.037,0.015,False,Johnson V,CCD,GFB,1.788,False
1794,SN 2011FE,000-BKD-525,2455821.66444,10.037,0.015,False,Johnson V,CCD,GFB,1.792,False
1795,SN 2011FE,000-BKD-525,2455821.66506,10.024,0.015,False,Johnson V,CCD,GFB,1.798,False
1796,SN 2011FE,000-BKD-525,2455821.66563,10.025,0.015,False,Johnson V,CCD,GFB,1.803,False
1797,SN 2011FE,000-BKD-525,2455821.66615,10.051,0.015,False,Johnson V,CCD,GFB,1.808,False
1798,SN 2011FE,000-BKD-525,2455821.66668,10.050,0.015,False,Johnson V,CCD,GFB,1.813,False
1799,SN 2011FE,000-BKD-525,2455821.66723,10.094,0.014,False,Johnson V,CCD,GFB,1.818,False
1800,SN 2011FE,000-BKD-525,2455821.66778,10.062,0.015,False,Johnson V,CCD,GFB,1.823,False
1801,SN 2011FE,000-BKD-525,2455821.66829,10.048,0.015,False,Johnson V,CCD,GFB,1.828,False
1802,SN 2011FE,000-BKD-525,2455821.66881,10.037,0.015,False,Johnson V,CCD,GFB,1.833,False
1803,SN 2011FE,000-BKD-525,2455821.66931,10.036,0.015,False,Johnson V,CCD,GFB,1.838,False
1804,SN 2011FE,000-BKD-525,2455821.66983,10.040,0.015,False,Johnson V,CCD,GFB,1.843,False
1805,SN 2011FE,000-BKD-525,2455821.67036,10.024,0.015,False,Johnson V,CCD,GFB,1.848,False
1806,SN 2011FE,000-BKD-525,2455821.67088,10.043,0.015,False,Johnson V,CCD,GFB,1.853,False
1807,SN 2011FE,000-BKD-525,2455821.67144,10.083,0.014,False,Johnson V,CCD,GFB,1.859,False
1808,SN 2011FE,000-BKD-525,2455821.67197,10.049,0.015,False,Johnson V,CCD,GFB,1.864,False
1809,SN 2011FE,000-BKD-525,2455822.26111,10.3,,False,Visual,Visual,KOS,,
1810,SN 2011FE,000-BKD-525,2455822.26597,10.1,,False,Visual,Visual,RZM,,
1811,SN 2011FE,000-BKD-525,2455822.27,10.2,,False,Visual,Visual,BFO,,
1812,SN 2011FE,000-BKD-525,2455822.27639,10.2,,False,Visual,Visual,SJZ,,
1813,PTF11kly,000-BKD-525,2455822.28200,10.30,0.002,False,Johnson B,CCD,CALA,1.604,False
1814,PTF11kly,000-BKD-525,2455822.28780,10.07,0.002,False,Johnson V,CCD,CALA,1.644,False
1815,SN 2011FE,000-BKD-525,2455822.29200,10.05,0.001,False,Cousins R,CCD,CALA,1.676,False
1816,SN 2011FE,000-BKD-525,2455822.2997,10.0,,False,Visual,Visual,DAT,,
1817,SN 2011FE,000-BKD-525,2455822.30701,10.074,0.005,False,Johnson V,CCD,ATE,1.48,False
1818,SN 2011FE,000-BKD-525,2455822.30778,10.065,0.008,False,Johnson V,CCD,ATE,1.49,False
1819,SN 2011FE,000-BKD-525,2455822.30850,10.117,0.007,False,Johnson V,CCD,ATE,1.49,False
1820,SN 2011FE,000-BKD-525,2455822.31024,10.060,0.006,False,Johnson V,CCD,ATE,1.50,False
1821,SN 2011FE,000-BKD-525,2455822.31084,10.115,0.007,False,Johnson V,CCD,ATE,1.51,False
1822,SN 2011FE,000-BKD-525,2455822.31140,10.108,0.005,False,Johnson V,CCD,ATE,1.51,False
1823,SN 2011FE,000-BKD-525,2455822.31197,10.098,0.005,False,Johnson V,CCD,ATE,1.51,False
1824,SN 2011FE,000-BKD-525,2455822.3125,10.1,,False,Visual,Visual,CSM,,
1825,SN 2011FE,000-BKD-525,2455822.31254,10.097,0.004,False,Johnson V,CCD,ATE,1.52,False
1826,SN 2011FE,000-BKD-525,2455822.31314,10.061,0.004,False,Johnson V,CCD,ATE,1.52,False
1827,SN 2011FE,000-BKD-525,2455822.31371,10.112,0.004,False,Johnson V,CCD,ATE,1.52,False
1828,SN 2011FE,000-BKD-525,2455822.31427,10.120,0.004,False,Johnson V,CCD,ATE,1.53,False
1829,SN 2011FE,000-BKD-525,2455822.31484,10.082,0.005,False,Johnson V,CCD,ATE,1.53,False
1830,SN 2011FE,000-BKD-525,2455822.31544,10.104,0.008,False,Johnson V,CCD,ATE,1.53,False
1831,SN 2011FE,000-BKD-525,2455822.31603,10.105,0.006,False,Johnson V,CCD,ATE,1.54,False
1832,SN 2011FE,000-BKD-525,2455822.31660,10.064,0.005,False,Johnson V,CCD,ATE,1.54,False
1833,SN 2011FE,000-BKD-525,2455822.31718,10.089,0.005,False,Johnson V,CCD,ATE,1.54,False
1834,SN 2011FE,000-BKD-525,2455822.31775,10.059,0.009,False,Johnson V,CCD,ATE,1.55,False
1835,SN 2011FE,000-BKD-525,2455822.31831,10.083,0.005,False,Johnson V,CCD,ATE,1.55,False
1836,SN 2011FE,000-BKD-525,2455822.31888,10.117,0.005,False,Johnson V,CCD,ATE,1.56,False
1837,SN 2011FE,000-BKD-525,2455822.31945,10.085,0.005,False,Johnson V,CCD,ATE,1.56,False
1838,SN 2011FE,000-BKD-525,2455822.32005,10.118,0.005,False,Johnson V,CCD,ATE,1.56,False
1839,SN 2011FE,000-BKD-525,2455822.32064,10.088,0.005,False,Johnson V,CCD,ATE,1.57,False
1840,SN 2011FE,000-BKD-525,2455822.32121,10.105,0.005,False,Johnson V,CCD,ATE,1.57,False
1841,SN 2011FE,000-BKD-525,2455822.32181,10.112,0.006,False,Johnson V,CCD,ATE,1.57,False
1842,SN 2011FE,000-BKD-525,2455822.32238,10.076,0.005,False,Johnson V,CCD,ATE,1.58,False
1843,SN 2011FE,000-BKD-525,2455822.32294,10.092,0.005,False,Johnson V,CCD,ATE,1.58,False
1844,SN 2011FE,000-BKD-525,2455822.32351,10.118,0.005,False,Johnson V,CCD,ATE,1.59,False
1845,SN 2011FE,000-BKD-525,2455822.32411,10.070,0.005,False,Johnson V,CCD,ATE,1.59,False
1846,SN 2011FE,000-BKD-525,2455822.32468,10.117,0.005,False,Johnson V,CCD,ATE,1.59,False
1847,SN 2011FE,000-BKD-525,2455822.32525,10.111,0.005,False,Johnson V,CCD,ATE,1.60,False
1848,SN 2011FE,000-BKD-525,2455822.32581,10.116,0.006,False,Johnson V,CCD,ATE,1.60,False
1849,SN 2011FE,000-BKD-525,2455822.32638,10.064,0.005,False,Johnson V,CCD,ATE,1.61,False
1850,SN 2011FE,000-BKD-525,2455822.32695,10.109,0.006,False,Johnson V,CCD,ATE,1.61,False
1851,SN 2011FE,000-BKD-525,2455822.32753,10.113,0.006,False,Johnson V,CCD,ATE,1.61,False
1852,SN 2011FE,000-BKD-525,2455822.32809,10.120,0.006,False,Johnson V,CCD,ATE,1.62,False
1853,SN 2011FE,000-BKD-525,2455822.32866,10.117,0.005,False,Johnson V,CCD,ATE,1.62,False
1854,SN 2011FE,000-BKD-525,2455822.32923,10.117,0.005,False,Johnson V,CCD,ATE,1.63,False
1855,SN 2011FE,000-BKD-525,2455822.32988,10.116,0.005,False,Johnson V,CCD,ATE,1.63,False
1856,SN 2011FE,000-BKD-525,2455822.33048,10.080,0.005,False,Johnson V,CCD,ATE,1.64,False
1857,SN 2011FE,000-BKD-525,2455822.33105,10.121,0.005,False,Johnson V,CCD,ATE,1.64,False
1858,SN 2011FE,000-BKD-525,2455822.33161,10.114,0.005,False,Johnson V,CCD,ATE,1.64,False
1859,SN 2011FE,000-BKD-525,2455822.33218,10.117,0.005,False,Johnson V,CCD,ATE,1.65,False
1860,SN 2011FE,000-BKD-525,2455822.33472,10.1,,False,Visual,Visual,SSW,,
1861,SN 2011FE,000-BKD-525,2455822.3472,10.1,,False,Visual,Visual,ILE,,
1862,SN 2011FE,000-BKD-525,2455822.3472,10.3,,False,Visual,Visual,FMAC,,
1863,SN 2011FE,000-BKD-525,2455822.34722,10.1,,False,Visual,Visual,ILE,,
1864,SN 2011FE,000-BKD-525,2455822.35278,10.2,,False,Visual,Visual,GGU,,
1865,SN 2011FE,000-BKD-525,2455822.3549,10.1,,False,Visual,Visual,PDKA,,
1866,PTF11KLY,000-BKD-525,2455822.39447,10.679,0.075,False,Unfiltered with V Zeropoint,CCD,DGSA,,False
1867,PTF11KLY,000-BKD-525,2455822.39447,10.688,0.075,False,Unfiltered with V Zeropoint,CCD,DGSA,,False
1868,PTF11KLY,000-BKD-525,2455822.39515,10.613,0.075,False,Unfiltered with V Zeropoint,CCD,DGSA,,False
1869,PTF11KLY,000-BKD-525,2455822.39515,10.620,0.075,False,Unfiltered with V Zeropoint,CCD,DGSA,,False
1870,PTF11KLY,000-BKD-525,2455822.39552,10.661,0.075,False,Unfiltered with V Zeropoint,CCD,DGSA,,False
1871,PTF11KLY,000-BKD-525,2455822.39552,10.665,0.075,False,Unfiltered with V Zeropoint,CCD,DGSA,,False
1872,PTF11KLY,000-BKD-525,2455822.39588,10.661,0.075,False,Unfiltered with V Zeropoint,CCD,DGSA,,False
1873,PTF11KLY,000-BKD-525,2455822.39588,10.668,0.075,False,Unfiltered with V Zeropoint,CCD,DGSA,,False
1874,PTF11KLY,000-BKD-525,2455822.39624,10.633,0.075,False,Unfiltered with V Zeropoint,CCD,DGSA,,False
1875,PTF11KLY,000-BKD-525,2455822.39624,10.640,0.075,False,Unfiltered with V Zeropoint,CCD,DGSA,,False
1876,PTF11KLY,000-BKD-525,2455822.39662,10.624,0.075,False,Unfiltered with V Zeropoint,CCD,DGSA,,False
1877,PTF11KLY,000-BKD-525,2455822.39662,10.627,0.075,False,Unfiltered with V Zeropoint,CCD,DGSA,,False
1878,PTF11KLY,000-BKD-525,2455822.39697,10.585,0.075,False,Unfiltered with V Zeropoint,CCD,DGSA,,False
1879,PTF11KLY,000-BKD-525,2455822.39697,10.592,0.075,False,Unfiltered with V Zeropoint,CCD,DGSA,,False
1880,PTF11KLY,000-BKD-525,2455822.39734,10.656,0.075,False,Unfiltered with V Zeropoint,CCD,DGSA,,False
1881,PTF11KLY,000-BKD-525,2455822.39734,10.658,0.075,False,Unfiltered with V Zeropoint,CCD,DGSA,,False
1882,PTF11KLY,000-BKD-525,2455822.39770,10.643,0.075,False,Unfiltered with V Zeropoint,CCD,DGSA,,False
1883,PTF11KLY,000-BKD-525,2455822.39807,10.592,0.075,False,Unfiltered with V Zeropoint,CCD,DGSA,,False
1884,PTF11KLY,000-BKD-525,2455822.39843,10.634,0.075,False,Unfiltered with V Zeropoint,CCD,DGSA,,False
1885,PTF11KLY,000-BKD-525,2455822.39843,10.632,0.075,False,Unfiltered with V Zeropoint,CCD,DGSA,,False
1886,PTF11KLY,000-BKD-525,2455822.39879,10.601,0.075,False,Unfiltered with V Zeropoint,CCD,DGSA,,False
1887,PTF11KLY,000-BKD-525,2455822.39879,10.610,0.075,False,Unfiltered with V Zeropoint,CCD,DGSA,,False
1888,PTF11KLY,000-BKD-525,2455822.39916,10.561,0.075,False,Unfiltered with V Zeropoint,CCD,DGSA,,False
1889,PTF11KLY,000-BKD-525,2455822.39916,10.558,0.075,False,Unfiltered with V Zeropoint,CCD,DGSA,,False
1890,PTF11KLY,000-BKD-525,2455822.39952,10.589,0.075,False,Unfiltered with V Zeropoint,CCD,DGSA,,False
1891,PTF11KLY,000-BKD-525,2455822.39952,10.596,0.075,False,Unfiltered with V Zeropoint,CCD,DGSA,,False
1892,PTF11KLY,000-BKD-525,2455822.39989,10.620,0.075,False,Unfiltered with V Zeropoint,CCD,DGSA,,False
1893,PTF11KLY,000-BKD-525,2455822.39989,10.619,0.075,False,Unfiltered with V Zeropoint,CCD,DGSA,,False
1894,PTF11KLY,000-BKD-525,2455822.40025,10.546,0.076,False,Unfiltered with V Zeropoint,CCD,DGSA,,False
1895,PTF11KLY,000-BKD-525,2455822.40025,10.538,0.076,False,Unfiltered with V Zeropoint,CCD,DGSA,,False
1896,PTF11KLY,000-BKD-525,2455822.40062,10.533,0.076,False,Unfiltered with V Zeropoint,CCD,DGSA,,False
1897,PTF11KLY,000-BKD-525,2455822.40062,10.537,0.076,False,Unfiltered with V Zeropoint,CCD,DGSA,,False
1898,PTF11KLY,000-BKD-525,2455822.40098,10.534,0.076,False,Unfiltered with V Zeropoint,CCD,DGSA,,False
1899,PTF11KLY,000-BKD-525,2455822.40098,10.543,0.077,False,Unfiltered with V Zeropoint,CCD,DGSA,,False
1900,PTF11KLY,000-BKD-525,2455822.40162,10.418,0.082,False,Unfiltered with V Zeropoint,CCD,DGSA,,False
1901,PTF11KLY,000-BKD-525,2455822.40193,10.506,0.076,False,Unfiltered with V Zeropoint,CCD,DGSA,,False
1902,PTF11KLY,000-BKD-525,2455822.40193,10.505,0.077,False,Unfiltered with V Zeropoint,CCD,DGSA,,False
1903,PTF11KLY,000-BKD-525,2455822.40223,10.497,0.076,False,Unfiltered with V Zeropoint,CCD,DGSA,,False
1904,PTF11KLY,000-BKD-525,2455822.40223,10.509,0.076,False,Unfiltered with V Zeropoint,CCD,DGSA,,False
1905,PTF11KLY,000-BKD-525,2455822.40254,10.492,0.076,False,Unfiltered with V Zeropoint,CCD,DGSA,,False
1906,PTF11KLY,000-BKD-525,2455822.40286,10.557,0.076,False,Unfiltered with V Zeropoint,CCD,DGSA,,False
1907,PTF11KLY,000-BKD-525,2455822.40286,10.562,0.076,False,Unfiltered with V Zeropoint,CCD,DGSA,,False
1908,PTF11KLY,000-BKD-525,2455822.40316,10.466,0.076,False,Unfiltered with V Zeropoint,CCD,DGSA,,False
1909,PTF11KLY,000-BKD-525,2455822.40316,10.468,0.076,False,Unfiltered with V Zeropoint,CCD,DGSA,,False
1910,PTF11KLY,000-BKD-525,2455822.40347,10.541,0.076,False,Unfiltered with V Zeropoint,CCD,DGSA,,False
1911,PTF11KLY,000-BKD-525,2455822.40347,10.543,0.076,False,Unfiltered with V Zeropoint,CCD,DGSA,,False
1912,PTF11KLY,000-BKD-525,2455822.40377,10.509,0.075,False,Unfiltered with V Zeropoint,CCD,DGSA,,False
1913,PTF11KLY,000-BKD-525,2455822.40377,10.513,0.076,False,Unfiltered with V Zeropoint,CCD,DGSA,,False
1914,PTF11KLY,000-BKD-525,2455822.40408,10.446,0.076,False,Unfiltered with V Zeropoint,CCD,DGSA,,False
1915,PTF11KLY,000-BKD-525,2455822.40408,10.444,0.076,False,Unfiltered with V Zeropoint,CCD,DGSA,,False
1916,PTF11KLY,000-BKD-525,2455822.40438,10.501,0.076,False,Unfiltered with V Zeropoint,CCD,DGSA,,False
1917,PTF11KLY,000-BKD-525,2455822.40438,10.514,0.076,False,Unfiltered with V Zeropoint,CCD,DGSA,,False
1918,PTF11KLY,000-BKD-525,2455822.40469,10.536,0.076,False,Unfiltered with V Zeropoint,CCD,DGSA,,False
1919,PTF11KLY,000-BKD-525,2455822.40469,10.552,0.076,False,Unfiltered with V Zeropoint,CCD,DGSA,,False
1920,PTF11KLY,000-BKD-525,2455822.40500,10.486,0.076,False,Unfiltered with V Zeropoint,CCD,DGSA,,False
1921,PTF11KLY,000-BKD-525,2455822.40500,10.478,0.076,False,Unfiltered with V Zeropoint,CCD,DGSA,,False
1922,PTF11KLY,000-BKD-525,2455822.40530,10.517,0.076,False,Unfiltered with V Zeropoint,CCD,DGSA,,False
1923,PTF11KLY,000-BKD-525,2455822.40530,10.512,0.076,False,Unfiltered with V Zeropoint,CCD,DGSA,,False
1924,PTF11KLY,000-BKD-525,2455822.40560,10.484,0.076,False,Unfiltered with V Zeropoint,CCD,DGSA,,False
1925,PTF11KLY,000-BKD-525,2455822.40560,10.489,0.076,False,Unfiltered with V Zeropoint,CCD,DGSA,,False
1926,PTF11KLY,000-BKD-525,2455822.40591,10.482,0.076,False,Unfiltered with V Zeropoint,CCD,DGSA,,False
1927,PTF11KLY,000-BKD-525,2455822.40591,10.475,0.076,False,Unfiltered with V Zeropoint,CCD,DGSA,,False
1928,PTF11KLY,000-BKD-525,2455822.40622,10.573,0.075,False,Unfiltered with V Zeropoint,CCD,DGSA,,False
1929,PTF11KLY,000-BKD-525,2455822.40622,10.572,0.076,False,Unfiltered with V Zeropoint,CCD,DGSA,,False
1930,PTF11KLY,000-BKD-525,2455822.40652,10.529,0.076,False,Unfiltered with V Zeropoint,CCD,DGSA,,False
1931,PTF11KLY,000-BKD-525,2455822.40652,10.521,0.076,False,Unfiltered with V Zeropoint,CCD,DGSA,,False
1932,PTF11KLY,000-BKD-525,2455822.40684,10.511,0.075,False,Unfiltered with V Zeropoint,CCD,DGSA,,False
1933,PTF11KLY,000-BKD-525,2455822.40684,10.508,0.076,False,Unfiltered with V Zeropoint,CCD,DGSA,,False
1934,PTF11KLY,000-BKD-525,2455822.40714,10.520,0.075,False,Unfiltered with V Zeropoint,CCD,DGSA,,False
1935,PTF11KLY,000-BKD-525,2455822.40714,10.529,0.076,False,Unfiltered with V Zeropoint,CCD,DGSA,,False
1936,PTF11KLY,000-BKD-525,2455822.40744,10.499,0.076,False,Unfiltered with V Zeropoint,CCD,DGSA,,False
1937,PTF11KLY,000-BKD-525,2455822.40744,10.502,0.076,False,Unfiltered with V Zeropoint,CCD,DGSA,,False
1938,PTF11KLY,000-BKD-525,2455822.40775,10.523,0.076,False,Unfiltered with V Zeropoint,CCD,DGSA,,False
1939,PTF11KLY,000-BKD-525,2455822.40775,10.528,0.076,False,Unfiltered with V Zeropoint,CCD,DGSA,,False
1940,PTF11KLY,000-BKD-525,2455822.40805,10.526,0.076,False,Unfiltered with V Zeropoint,CCD,DGSA,,False
1941,PTF11KLY,000-BKD-525,2455822.40805,10.528,0.076,False,Unfiltered with V Zeropoint,CCD,DGSA,,False
1942,PTF11KLY,000-BKD-525,2455822.40836,10.521,0.076,False,Unfiltered with V Zeropoint,CCD,DGSA,,False
1943,PTF11KLY,000-BKD-525,2455822.40836,10.522,0.076,False,Unfiltered with V Zeropoint,CCD,DGSA,,False
1944,PTF11KLY,000-BKD-525,2455822.40866,10.454,0.076,False,Unfiltered with V Zeropoint,CCD,DGSA,,False
1945,PTF11KLY,000-BKD-525,2455822.40866,10.464,0.076,False,Unfiltered with V Zeropoint,CCD,DGSA,,False
1946,PTF11KLY,000-BKD-525,2455822.40897,10.525,0.076,False,Unfiltered with V Zeropoint,CCD,DGSA,,False
1947,PTF11KLY,000-BKD-525,2455822.40897,10.518,0.076,False,Unfiltered with V Zeropoint,CCD,DGSA,,False
1948,PTF11KLY,000-BKD-525,2455822.40927,10.550,0.075,False,Unfiltered with V Zeropoint,CCD,DGSA,,False
1949,PTF11KLY,000-BKD-525,2455822.40927,10.551,0.076,False,Unfiltered with V Zeropoint,CCD,DGSA,,False
1950,PTF11KLY,000-BKD-525,2455822.40958,10.490,0.076,False,Unfiltered with V Zeropoint,CCD,DGSA,,False
1951,PTF11KLY,000-BKD-525,2455822.40958,10.499,0.076,False,Unfiltered with V Zeropoint,CCD,DGSA,,False
1952,PTF11KLY,000-BKD-525,2455822.40989,10.523,0.076,False,Unfiltered with V Zeropoint,CCD,DGSA,,False
1953,PTF11KLY,000-BKD-525,2455822.40989,10.525,0.076,False,Unfiltered with V Zeropoint,CCD,DGSA,,False
1954,PTF11KLY,000-BKD-525,2455822.41019,10.512,0.076,False,Unfiltered with V Zeropoint,CCD,DGSA,,False
1955,PTF11KLY,000-BKD-525,2455822.41019,10.513,0.076,False,Unfiltered with V Zeropoint,CCD,DGSA,,False
1956,PTF11KLY,000-BKD-525,2455822.41050,10.525,0.076,False,Unfiltered with V Zeropoint,CCD,DGSA,,False
1957,PTF11KLY,000-BKD-525,2455822.41050,10.529,0.076,False,Unfiltered with V Zeropoint,CCD,DGSA,,False
1958,PTF11KLY,000-BKD-525,2455822.41081,10.556,0.076,False,Unfiltered with V Zeropoint,CCD,DGSA,,False
1959,PTF11KLY,000-BKD-525,2455822.41081,10.559,0.076,False,Unfiltered with V Zeropoint,CCD,DGSA,,False
1960,PTF11KLY,000-BKD-525,2455822.41111,10.510,0.076,False,Unfiltered with V Zeropoint,CCD,DGSA,,False
1961,PTF11KLY,000-BKD-525,2455822.41111,10.502,0.076,False,Unfiltered with V Zeropoint,CCD,DGSA,,False
1962,PTF11KLY,000-BKD-525,2455822.41143,10.503,0.076,False,Unfiltered with V Zeropoint,CCD,DGSA,,False
1963,PTF11KLY,000-BKD-525,2455822.41143,10.513,0.076,False,Unfiltered with V Zeropoint,CCD,DGSA,,False
1964,PTF11KLY,000-BKD-525,2455822.41173,10.507,0.076,False,Unfiltered with V Zeropoint,CCD,DGSA,,False
1965,PTF11KLY,000-BKD-525,2455822.41173,10.511,0.076,False,Unfiltered with V Zeropoint,CCD,DGSA,,False
1966,PTF11KLY,000-BKD-525,2455822.41204,10.508,0.076,False,Unfiltered with V Zeropoint,CCD,DGSA,,False
1967,PTF11KLY,000-BKD-525,2455822.41204,10.519,0.076,False,Unfiltered with V Zeropoint,CCD,DGSA,,False
1968,PTF11KLY,000-BKD-525,2455822.41286,10.445,0.078,False,Unfiltered with V Zeropoint,CCD,DGSA,,False
1969,PTF11KLY,000-BKD-525,2455822.41307,10.423,0.078,False,Unfiltered with V Zeropoint,CCD,DGSA,,False
1970,PTF11KLY,000-BKD-525,2455822.41328,10.468,0.078,False,Unfiltered with V Zeropoint,CCD,DGSA,,False
1971,PTF11KLY,000-BKD-525,2455822.41349,10.466,0.077,False,Unfiltered with V Zeropoint,CCD,DGSA,,False
1972,PTF11KLY,000-BKD-525,2455822.41370,10.457,0.078,False,Unfiltered with V Zeropoint,CCD,DGSA,,False
1973,PTF11KLY,000-BKD-525,2455822.41392,10.427,0.078,False,Unfiltered with V Zeropoint,CCD,DGSA,,False
1974,PTF11KLY,000-BKD-525,2455822.41413,10.443,0.078,False,Unfiltered with V Zeropoint,CCD,DGSA,,False
1975,PTF11KLY,000-BKD-525,2455822.41434,10.444,0.078,False,Unfiltered with V Zeropoint,CCD,DGSA,,False
1976,PTF11KLY,000-BKD-525,2455822.41455,10.426,0.078,False,Unfiltered with V Zeropoint,CCD,DGSA,,False
1977,PTF11KLY,000-BKD-525,2455822.41476,10.469,0.078,False,Unfiltered with V Zeropoint,CCD,DGSA,,False
1978,PTF11KLY,000-BKD-525,2455822.41498,10.406,0.078,False,Unfiltered with V Zeropoint,CCD,DGSA,,False
1979,PTF11KLY,000-BKD-525,2455822.41519,10.490,0.077,False,Unfiltered with V Zeropoint,CCD,DGSA,,False
1980,PTF11KLY,000-BKD-525,2455822.41541,10.499,0.077,False,Unfiltered with V Zeropoint,CCD,DGSA,,False
1981,PTF11KLY,000-BKD-525,2455822.41562,10.444,0.078,False,Unfiltered with V Zeropoint,CCD,DGSA,,False
1982,PTF11KLY,000-BKD-525,2455822.41585,10.464,0.078,False,Unfiltered with V Zeropoint,CCD,DGSA,,False
1983,PTF11KLY,000-BKD-525,2455822.41607,10.457,0.078,False,Unfiltered with V Zeropoint,CCD,DGSA,,False
1984,PTF11KLY,000-BKD-525,2455822.41628,10.408,0.078,False,Unfiltered with V Zeropoint,CCD,DGSA,,False
1985,PTF11KLY,000-BKD-525,2455822.41649,10.435,0.078,False,Unfiltered with V Zeropoint,CCD,DGSA,,False
1986,PTF11KLY,000-BKD-525,2455822.41670,10.440,0.078,False,Unfiltered with V Zeropoint,CCD,DGSA,,False
1987,PTF11KLY,000-BKD-525,2455822.41692,10.449,0.078,False,Unfiltered with V Zeropoint,CCD,DGSA,,False
1988,PTF11KLY,000-BKD-525,2455822.41713,10.471,0.077,False,Unfiltered with V Zeropoint,CCD,DGSA,,False
1989,PTF11KLY,000-BKD-525,2455822.41735,10.477,0.078,False,Unfiltered with V Zeropoint,CCD,DGSA,,False
1990,PTF11KLY,000-BKD-525,2455822.41755,10.466,0.078,False,Unfiltered with V Zeropoint,CCD,DGSA,,False
1991,PTF11KLY,000-BKD-525,2455822.41776,10.449,0.078,False,Unfiltered with V Zeropoint,CCD,DGSA,,False
1992,PTF11KLY,000-BKD-525,2455822.41798,10.489,0.077,False,Unfiltered with V Zeropoint,CCD,DGSA,,False
1993,PTF11KLY,000-BKD-525,2455822.41823,10.430,0.078,False,Unfiltered with V Zeropoint,CCD,DGSA,,False
1994,PTF11KLY,000-BKD-525,2455822.41843,10.505,0.077,False,Unfiltered with V Zeropoint,CCD,DGSA,,False
1995,PTF11KLY,000-BKD-525,2455822.41865,10.479,0.077,False,Unfiltered with V Zeropoint,CCD,DGSA,,False
1996,PTF11KLY,000-BKD-525,2455822.41886,10.483,0.077,False,Unfiltered with V Zeropoint,CCD,DGSA,,False
1997,PTF11KLY,000-BKD-525,2455822.41907,10.414,0.078,False,Unfiltered with V Zeropoint,CCD,DGSA,,False
1998,PTF11KLY,000-BKD-525,2455822.41929,10.437,0.078,False,Unfiltered with V Zeropoint,CCD,DGSA,,False
1999,PTF11KLY,000-BKD-525,2455822.41950,10.463,0.078,False,Unfiltered with V Zeropoint,CCD,DGSA,,False
2000,PTF11KLY,000-BKD-525,2455822.41970,10.449,0.078,False,Unfiltered with V Zeropoint,CCD,DGSA,,False
2001,PTF11KLY,000-BKD-525,2455822.41992,10.472,0.078,False,Unfiltered with V Zeropoint,CCD,DGSA,,False
2002,PTF11KLY,000-BKD-525,2455822.42014,10.464,0.078,False,Unfiltered with V Zeropoint,CCD,DGSA,,False
2003,PTF11KLY,000-BKD-525,2455822.42035,10.445,0.078,False,Unfiltered with V Zeropoint,CCD,DGSA,,False
2004,PTF11KLY,000-BKD-525,2455822.42056,10.459,0.078,False,Unfiltered with V Zeropoint,CCD,DGSA,,False
2005,PTF11KLY,000-BKD-525,2455822.42077,10.465,0.078,False,Unfiltered with V Zeropoint,CCD,DGSA,,False
2006,PTF11KLY,000-BKD-525,2455822.42099,10.463,0.078,False,Unfiltered with V Zeropoint,CCD,DGSA,,False
2007,PTF11KLY,000-BKD-525,2455822.42120,10.492,0.078,False,Unfiltered with V Zeropoint,CCD,DGSA,,False
2008,PTF11KLY,000-BKD-525,2455822.42141,10.395,0.078,False,Unfiltered with V Zeropoint,CCD,DGSA,,False
2009,PTF11KLY,000-BKD-525,2455822.42162,10.442,0.078,False,Unfiltered with V Zeropoint,CCD,DGSA,,False
2010,PTF11KLY,000-BKD-525,2455822.42183,10.436,0.078,False,Unfiltered with V Zeropoint,CCD,DGSA,,False
2011,PTF11KLY,000-BKD-525,2455822.42205,10.455,0.078,False,Unfiltered with V Zeropoint,CCD,DGSA,,False
2012,PTF11KLY,000-BKD-525,2455822.42227,10.447,0.078,False,Unfiltered with V Zeropoint,CCD,DGSA,,False
2013,PTF11KLY,000-BKD-525,2455822.42248,10.469,0.078,False,Unfiltered with V Zeropoint,CCD,DGSA,,False
2014,PTF11KLY,000-BKD-525,2455822.42269,10.472,0.078,False,Unfiltered with V Zeropoint,CCD,DGSA,,False
2015,PTF11KLY,000-BKD-525,2455822.42290,10.386,0.078,False,Unfiltered with V Zeropoint,CCD,DGSA,,False
2016,PTF11KLY,000-BKD-525,2455822.42312,10.422,0.078,False,Unfiltered with V Zeropoint,CCD,DGSA,,False
2017,PTF11KLY,000-BKD-525,2455822.42333,10.483,0.078,False,Unfiltered with V Zeropoint,CCD,DGSA,,False
2018,PTF11KLY,000-BKD-525,2455822.42354,10.454,0.078,False,Unfiltered with V Zeropoint,CCD,DGSA,,False
2019,PTF11KLY,000-BKD-525,2455822.42375,10.508,0.077,False,Unfiltered with V Zeropoint,CCD,DGSA,,False
2020,PTF11KLY,000-BKD-525,2455822.42396,10.496,0.078,False,Unfiltered with V Zeropoint,CCD,DGSA,,False
2021,PTF11KLY,000-BKD-525,2455822.42418,10.483,0.078,False,Unfiltered with V Zeropoint,CCD,DGSA,,False
2022,PTF11KLY,000-BKD-525,2455822.42439,10.439,0.078,False,Unfiltered with V Zeropoint,CCD,DGSA,,False
2023,PTF11KLY,000-BKD-525,2455822.42485,10.492,0.077,False,Unfiltered with V Zeropoint,CCD,DGSA,,False
2024,PTF11KLY,000-BKD-525,2455822.42510,10.455,0.077,False,Unfiltered with V Zeropoint,CCD,DGSA,,False
2025,PTF11KLY,000-BKD-525,2455822.42534,10.474,0.077,False,Unfiltered with V Zeropoint,CCD,DGSA,,False
2026,PTF11KLY,000-BKD-525,2455822.42559,10.471,0.077,False,Unfiltered with V Zeropoint,CCD,DGSA,,False
2027,PTF11KLY,000-BKD-525,2455822.42584,10.427,0.077,False,Unfiltered with V Zeropoint,CCD,DGSA,,False
2028,PTF11KLY,000-BKD-525,2455822.42609,10.420,0.077,False,Unfiltered with V Zeropoint,CCD,DGSA,,False
2029,PTF11KLY,000-BKD-525,2455822.42633,10.437,0.077,False,Unfiltered with V Zeropoint,CCD,DGSA,,False
2030,PTF11KLY,000-BKD-525,2455822.42658,10.446,0.077,False,Unfiltered with V Zeropoint,CCD,DGSA,,False
2031,PTF11KLY,000-BKD-525,2455822.42682,10.438,0.077,False,Unfiltered with V Zeropoint,CCD,DGSA,,False
2032,PTF11KLY,000-BKD-525,2455822.42708,10.453,0.077,False,Unfiltered with V Zeropoint,CCD,DGSA,,False
2033,PTF11KLY,000-BKD-525,2455822.42733,10.470,0.077,False,Unfiltered with V Zeropoint,CCD,DGSA,,False
2034,PTF11KLY,000-BKD-525,2455822.42757,10.458,0.077,False,Unfiltered with V Zeropoint,CCD,DGSA,,False
2035,PTF11KLY,000-BKD-525,2455822.42782,10.466,0.077,False,Unfiltered with V Zeropoint,CCD,DGSA,,False
2036,PTF11KLY,000-BKD-525,2455822.42806,10.426,0.077,False,Unfiltered with V Zeropoint,CCD,DGSA,,False
2037,PTF11KLY,000-BKD-525,2455822.42832,10.479,0.077,False,Unfiltered with V Zeropoint,CCD,DGSA,,False
2038,PTF11KLY,000-BKD-525,2455822.42856,10.449,0.077,False,Unfiltered with V Zeropoint,CCD,DGSA,,False
2039,PTF11KLY,000-BKD-525,2455822.42881,10.487,0.077,False,Unfiltered with V Zeropoint,CCD,DGSA,,False
2040,PTF11KLY,000-BKD-525,2455822.42906,10.445,0.077,False,Unfiltered with V Zeropoint,CCD,DGSA,,False
2041,PTF11KLY,000-BKD-525,2455822.42931,10.473,0.077,False,Unfiltered with V Zeropoint,CCD,DGSA,,False
2042,PTF11KLY,000-BKD-525,2455822.42955,10.431,0.077,False,Unfiltered with V Zeropoint,CCD,DGSA,,False
2043,PTF11KLY,000-BKD-525,2455822.42980,10.428,0.077,False,Unfiltered with V Zeropoint,CCD,DGSA,,False
2044,PTF11KLY,000-BKD-525,2455822.43005,10.479,0.077,False,Unfiltered with V Zeropoint,CCD,DGSA,,False
2045,PTF11KLY,000-BKD-525,2455822.43030,10.472,0.077,False,Unfiltered with V Zeropoint,CCD,DGSA,,False
2046,PTF11KLY,000-BKD-525,2455822.43054,10.510,0.077,False,Unfiltered with V Zeropoint,CCD,DGSA,,False
2047,PTF11KLY,000-BKD-525,2455822.43079,10.470,0.077,False,Unfiltered with V Zeropoint,CCD,DGSA,,False
2048,PTF11KLY,000-BKD-525,2455822.43103,10.487,0.077,False,Unfiltered with V Zeropoint,CCD,DGSA,,False
2049,PTF11KLY,000-BKD-525,2455822.43129,10.432,0.077,False,Unfiltered with V Zeropoint,CCD,DGSA,,False
2050,PTF11KLY,000-BKD-525,2455822.43153,10.464,0.077,False,Unfiltered with V Zeropoint,CCD,DGSA,,False
2051,PTF11KLY,000-BKD-525,2455822.43178,10.446,0.077,False,Unfiltered with V Zeropoint,CCD,DGSA,,False
2052,PTF11KLY,000-BKD-525,2455822.43203,10.470,0.077,False,Unfiltered with V Zeropoint,CCD,DGSA,,False
2053,PTF11KLY,000-BKD-525,2455822.43228,10.491,0.077,False,Unfiltered with V Zeropoint,CCD,DGSA,,False
2054,PTF11KLY,000-BKD-525,2455822.43253,10.455,0.077,False,Unfiltered with V Zeropoint,CCD,DGSA,,False
2055,PTF11KLY,000-BKD-525,2455822.43277,10.511,0.077,False,Unfiltered with V Zeropoint,CCD,DGSA,,False
2056,PTF11KLY,000-BKD-525,2455822.43302,10.463,0.077,False,Unfiltered with V Zeropoint,CCD,DGSA,,False
2057,PTF11KLY,000-BKD-525,2455822.43327,10.443,0.077,False,Unfiltered with V Zeropoint,CCD,DGSA,,False
2058,PTF11KLY,000-BKD-525,2455822.43352,10.440,0.077,False,Unfiltered with V Zeropoint,CCD,DGSA,,False
2059,PTF11KLY,000-BKD-525,2455822.43376,10.444,0.077,False,Unfiltered with V Zeropoint,CCD,DGSA,,False
2060,PTF11KLY,000-BKD-525,2455822.43401,10.433,0.077,False,Unfiltered with V Zeropoint,CCD,DGSA,,False
2061,PTF11KLY,000-BKD-525,2455822.43426,10.479,0.077,False,Unfiltered with V Zeropoint,CCD,DGSA,,False
2062,PTF11KLY,000-BKD-525,2455822.43450,10.509,0.077,False,Unfiltered with V Zeropoint,CCD,DGSA,,False
2063,PTF11KLY,000-BKD-525,2455822.43475,10.470,0.077,False,Unfiltered with V Zeropoint,CCD,DGSA,,False
2064,PTF11KLY,000-BKD-525,2455822.43500,10.466,0.077,False,Unfiltered with V Zeropoint,CCD,DGSA,,False
2065,PTF11KLY,000-BKD-525,2455822.43525,10.479,0.077,False,Unfiltered with V Zeropoint,CCD,DGSA,,False
2066,PTF11KLY,000-BKD-525,2455822.43554,10.465,0.077,False,Unfiltered with V Zeropoint,CCD,DGSA,,False
2067,PTF11KLY,000-BKD-525,2455822.43578,10.453,0.077,False,Unfiltered with V Zeropoint,CCD,DGSA,,False
2068,PTF11KLY,000-BKD-525,2455822.43603,10.463,0.077,False,Unfiltered with V Zeropoint,CCD,DGSA,,False
2069,PTF11KLY,000-BKD-525,2455822.43628,10.438,0.077,False,Unfiltered with V Zeropoint,CCD,DGSA,,False
2070,PTF11KLY,000-BKD-525,2455822.43652,10.468,0.077,False,Unfiltered with V Zeropoint,CCD,DGSA,,False
2071,PTF11KLY,000-BKD-525,2455822.43677,10.472,0.077,False,Unfiltered with V Zeropoint,CCD,DGSA,,False
2072,PTF11KLY,000-BKD-525,2455822.43702,10.475,0.077,False,Unfiltered with V Zeropoint,CCD,DGSA,,False
2073,PTF11KLY,000-BKD-525,2455822.43727,10.461,0.077,False,Unfiltered with V Zeropoint,CCD,DGSA,,False
2074,PTF11KLY,000-BKD-525,2455822.43755,10.472,0.077,False,Unfiltered with V Zeropoint,CCD,DGSA,,False
2075,PTF11KLY,000-BKD-525,2455822.43781,10.449,0.077,False,Unfiltered with V Zeropoint,CCD,DGSA,,False
2076,PTF11KLY,000-BKD-525,2455822.43807,10.475,0.077,False,Unfiltered with V Zeropoint,CCD,DGSA,,False
2077,PTF11KLY,000-BKD-525,2455822.43831,10.418,0.077,False,Unfiltered with V Zeropoint,CCD,DGSA,,False
2078,PTF11KLY,000-BKD-525,2455822.43856,10.491,0.077,False,Unfiltered with V Zeropoint,CCD,DGSA,,False
2079,PTF11KLY,000-BKD-525,2455822.43880,10.425,0.077,False,Unfiltered with V Zeropoint,CCD,DGSA,,False
2080,PTF11KLY,000-BKD-525,2455822.43905,10.496,0.077,False,Unfiltered with V Zeropoint,CCD,DGSA,,False
2081,PTF11KLY,000-BKD-525,2455822.43930,10.458,0.077,False,Unfiltered with V Zeropoint,CCD,DGSA,,False
2082,PTF11KLY,000-BKD-525,2455822.43955,10.501,0.077,False,Unfiltered with V Zeropoint,CCD,DGSA,,False
2083,PTF11KLY,000-BKD-525,2455822.44159,10.455,0.077,False,Unfiltered with V Zeropoint,CCD,DGSA,,False
2084,PTF11KLY,000-BKD-525,2455822.44186,10.493,0.077,False,Unfiltered with V Zeropoint,CCD,DGSA,,False
2085,PTF11KLY,000-BKD-525,2455822.44212,10.495,0.077,False,Unfiltered with V Zeropoint,CCD,DGSA,,False
2086,PTF11KLY,000-BKD-525,2455822.44239,10.455,0.077,False,Unfiltered with V Zeropoint,CCD,DGSA,,False
2087,PTF11KLY,000-BKD-525,2455822.44265,10.496,0.077,False,Unfiltered with V Zeropoint,CCD,DGSA,,False
2088,PTF11KLY,000-BKD-525,2455822.44293,10.448,0.077,False,Unfiltered with V Zeropoint,CCD,DGSA,,False
2089,PTF11KLY,000-BKD-525,2455822.44319,10.498,0.077,False,Unfiltered with V Zeropoint,CCD,DGSA,,False
2090,PTF11KLY,000-BKD-525,2455822.44346,10.490,0.077,False,Unfiltered with V Zeropoint,CCD,DGSA,,False
2091,PTF11KLY,000-BKD-525,2455822.44374,10.453,0.077,False,Unfiltered with V Zeropoint,CCD,DGSA,,False
2092,PTF11KLY,000-BKD-525,2455822.44401,10.492,0.077,False,Unfiltered with V Zeropoint,CCD,DGSA,,False
2093,PTF11KLY,000-BKD-525,2455822.44428,10.477,0.077,False,Unfiltered with V Zeropoint,CCD,DGSA,,False
2094,PTF11KLY,000-BKD-525,2455822.44455,10.453,0.077,False,Unfiltered with V Zeropoint,CCD,DGSA,,False
2095,PTF11KLY,000-BKD-525,2455822.44482,10.483,0.077,False,Unfiltered with V Zeropoint,CCD,DGSA,,False
2096,PTF11KLY,000-BKD-525,2455822.44508,10.468,0.077,False,Unfiltered with V Zeropoint,CCD,DGSA,,False
2097,PTF11KLY,000-BKD-525,2455822.44535,10.481,0.077,False,Unfiltered with V Zeropoint,CCD,DGSA,,False
2098,PTF11KLY,000-BKD-525,2455822.44562,10.479,0.077,False,Unfiltered with V Zeropoint,CCD,DGSA,,False
2099,PTF11KLY,000-BKD-525,2455822.44589,10.468,0.077,False,Unfiltered with V Zeropoint,CCD,DGSA,,False
2100,PTF11KLY,000-BKD-525,2455822.44616,10.455,0.077,False,Unfiltered with V Zeropoint,CCD,DGSA,,False
2101,PTF11KLY,000-BKD-525,2455822.44643,10.455,0.077,False,Unfiltered with V Zeropoint,CCD,DGSA,,False
2102,PTF11KLY,000-BKD-525,2455822.44671,10.466,0.077,False,Unfiltered with V Zeropoint,CCD,DGSA,,False
2103,PTF11KLY,000-BKD-525,2455822.44697,10.448,0.077,False,Unfiltered with V Zeropoint,CCD,DGSA,,False
2104,PTF11KLY,000-BKD-525,2455822.44724,10.503,0.077,False,Unfiltered with V Zeropoint,CCD,DGSA,,False
2105,PTF11KLY,000-BKD-525,2455822.44751,10.487,0.077,False,Unfiltered with V Zeropoint,CCD,DGSA,,False
2106,PTF11KLY,000-BKD-525,2455822.44778,10.484,0.077,False,Unfiltered with V Zeropoint,CCD,DGSA,,False
2107,PTF11KLY,000-BKD-525,2455822.44805,10.470,0.077,False,Unfiltered with V Zeropoint,CCD,DGSA,,False
2108,PTF11KLY,000-BKD-525,2455822.44831,10.493,0.077,False,Unfiltered with V Zeropoint,CCD,DGSA,,False
2109,PTF11KLY,000-BKD-525,2455822.44858,10.499,0.077,False,Unfiltered with V Zeropoint,CCD,DGSA,,False
2110,PTF11KLY,000-BKD-525,2455822.44885,10.506,0.077,False,Unfiltered with V Zeropoint,CCD,DGSA,,False
2111,PTF11KLY,000-BKD-525,2455822.44911,10.456,0.077,False,Unfiltered with V Zeropoint,CCD,DGSA,,False
2112,PTF11KLY,000-BKD-525,2455822.44939,10.483,0.077,False,Unfiltered with V Zeropoint,CCD,DGSA,,False
2113,PTF11KLY,000-BKD-525,2455822.44965,10.492,0.077,False,Unfiltered with V Zeropoint,CCD,DGSA,,False
2114,PTF11KLY,000-BKD-525,2455822.44992,10.469,0.077,False,Unfiltered with V Zeropoint,CCD,DGSA,,False
2115,PTF11KLY,000-BKD-525,2455822.45019,10.459,0.077,False,Unfiltered with V Zeropoint,CCD,DGSA,,False
2116,PTF11KLY,000-BKD-525,2455822.45046,10.479,0.077,False,Unfiltered with V Zeropoint,CCD,DGSA,,False
2117,PTF11KLY,000-BKD-525,2455822.45073,10.419,0.077,False,Unfiltered with V Zeropoint,CCD,DGSA,,False
2118,PTF11KLY,000-BKD-525,2455822.45100,10.459,0.077,False,Unfiltered with V Zeropoint,CCD,DGSA,,False
2119,PTF11KLY,000-BKD-525,2455822.45128,10.484,0.077,False,Unfiltered with V Zeropoint,CCD,DGSA,,False
2120,PTF11KLY,000-BKD-525,2455822.45154,10.502,0.077,False,Unfiltered with V Zeropoint,CCD,DGSA,,False
2121,PTF11KLY,000-BKD-525,2455822.45181,10.483,0.077,False,Unfiltered with V Zeropoint,CCD,DGSA,,False
2122,PTF11KLY,000-BKD-525,2455822.45208,10.486,0.077,False,Unfiltered with V Zeropoint,CCD,DGSA,,False
2123,PTF11KLY,000-BKD-525,2455822.45235,10.494,0.077,False,Unfiltered with V Zeropoint,CCD,DGSA,,False
2124,PTF11KLY,000-BKD-525,2455822.45262,10.434,0.077,False,Unfiltered with V Zeropoint,CCD,DGSA,,False
2125,PTF11KLY,000-BKD-525,2455822.45289,10.470,0.077,False,Unfiltered with V Zeropoint,CCD,DGSA,,False
2126,PTF11KLY,000-BKD-525,2455822.45316,10.546,0.077,False,Unfiltered with V Zeropoint,CCD,DGSA,,False
2127,PTF11KLY,000-BKD-525,2455822.45344,10.507,0.077,False,Unfiltered with V Zeropoint,CCD,DGSA,,False
2128,PTF11KLY,000-BKD-525,2455822.45372,10.459,0.077,False,Unfiltered with V Zeropoint,CCD,DGSA,,False
2129,PTF11KLY,000-BKD-525,2455822.45399,10.508,0.077,False,Unfiltered with V Zeropoint,CCD,DGSA,,False
2130,PTF11KLY,000-BKD-525,2455822.45426,10.503,0.077,False,Unfiltered with V Zeropoint,CCD,DGSA,,False
2131,PTF11KLY,000-BKD-525,2455822.45453,10.501,0.077,False,Unfiltered with V Zeropoint,CCD,DGSA,,False
2132,PTF11KLY,000-BKD-525,2455822.45480,10.485,0.077,False,Unfiltered with V Zeropoint,CCD,DGSA,,False
2133,PTF11KLY,000-BKD-525,2455822.45508,10.513,0.077,False,Unfiltered with V Zeropoint,CCD,DGSA,,False
2134,PTF11KLY,000-BKD-525,2455822.45535,10.488,0.077,False,Unfiltered with V Zeropoint,CCD,DGSA,,False
2135,PTF11KLY,000-BKD-525,2455822.45564,10.489,0.077,False,Unfiltered with V Zeropoint,CCD,DGSA,,False
2136,PTF11KLY,000-BKD-525,2455822.45591,10.527,0.077,False,Unfiltered with V Zeropoint,CCD,DGSA,,False
2137,PTF11KLY,000-BKD-525,2455822.45619,10.458,0.077,False,Unfiltered with V Zeropoint,CCD,DGSA,,False
2138,PTF11KLY,000-BKD-525,2455822.45646,10.459,0.077,False,Unfiltered with V Zeropoint,CCD,DGSA,,False
2139,PTF11KLY,000-BKD-525,2455822.45674,10.456,0.077,False,Unfiltered with V Zeropoint,CCD,DGSA,,False
2140,PTF11KLY,000-BKD-525,2455822.45811,10.471,0.077,False,Unfiltered with V Zeropoint,CCD,DGSA,,False
2141,PTF11KLY,000-BKD-525,2455822.45839,10.498,0.077,False,Unfiltered with V Zeropoint,CCD,DGSA,,False
2142,PTF11KLY,000-BKD-525,2455822.45866,10.481,0.077,False,Unfiltered with V Zeropoint,CCD,DGSA,,False
2143,PTF11KLY,000-BKD-525,2455822.45894,10.481,0.077,False,Unfiltered with V Zeropoint,CCD,DGSA,,False
2144,PTF11KLY,000-BKD-525,2455822.45922,10.480,0.077,False,Unfiltered with V Zeropoint,CCD,DGSA,,False
2145,PTF11KLY,000-BKD-525,2455822.45949,10.463,0.077,False,Unfiltered with V Zeropoint,CCD,DGSA,,False
2146,PTF11KLY,000-BKD-525,2455822.45979,10.480,0.077,False,Unfiltered with V Zeropoint,CCD,DGSA,,False
2147,PTF11KLY,000-BKD-525,2455822.46006,10.478,0.077,False,Unfiltered with V Zeropoint,CCD,DGSA,,False
2148,PTF11KLY,000-BKD-525,2455822.46033,10.456,0.077,False,Unfiltered with V Zeropoint,CCD,DGSA,,False
2149,SN 2011FE,000-BKD-525,2455822.486545,10.110,0.01,False,Johnson V,CCD,LDJ,1.494,False
2150,SN 2011FE,000-BKD-525,2455822.489647,10.115,0.01,False,Johnson V,CCD,LDJ,1.512,False
2151,PTF11kly,000-BKD-525,2455822.509,10.24,0.10,False,Johnson B,CCD,RHM,,False
2152,SN 2011FE,000-BKD-525,2455822.51058,10.1,,False,Visual,Visual,KRAA,,
2153,PTF11kly,000-BKD-525,2455822.519,10.12,0.05,False,Johnson V,CCD,RHM,,False
2154,SN 2011FE,000-BKD-525,2455822.5269,10.081,0.01,False,Johnson V,CCD,SHA,1.45,True
2155,SN 2011FE,000-BKD-525,2455822.5284,10.223,0.02,False,Johnson B,CCD,SHA,1.46,True
2156,PTF11kly,000-BKD-525,2455822.5297,10.501,0.01,False,Cousins I,CCD,SHA,1.46,True
2157,PTF11kly,000-BKD-525,2455822.532,10.60,0.08,False,Cousins I,CCD,RHM,,False
2158,PTF11kly,000-BKD-525,2455822.5340,10.045,0.01,False,Johnson V,CCD,SHA,,False
2159,SN 2011FE,000-BKD-525,2455822.5347,10.037,0.01,False,Johnson V,CCD,SHA,,False
2160,SN 2011FE,000-BKD-525,2455822.5377,10.037,0.01,False,Johnson V,CCD,SHA,,False
2161,SN 2011FE,000-BKD-525,2455822.5383,10.055,0.01,False,Johnson V,CCD,SHA,,False
2162,SN 2011FE,000-BKD-525,2455822.5391,10.038,0.01,False,Johnson V,CCD,SHA,,False
2163,SN 2011FE,000-BKD-525,2455822.5399,10.041,0.01,False,Johnson V,CCD,SHA,,False
2164,PTF11kly,000-BKD-525,2455822.540,10.14,0.07,False,Cousins R,CCD,RHM,,False
2165,SN 2011FE,000-BKD-525,2455822.5406,10.043,0.01,False,Johnson V,CCD,SHA,,False
2166,SN 2011FE,000-BKD-525,2455822.5413,10.045,0.01,False,Johnson V,CCD,SHA,,False
2167,SN 2011FE,000-BKD-525,2455822.5421,10.052,0.01,False,Johnson V,CCD,SHA,,False
2168,SN 2011FE,000-BKD-525,2455822.5435,10.039,0.01,False,Johnson V,CCD,SHA,,False
2169,SN 2011FE,000-BKD-525,2455822.5443,10.050,0.01,False,Johnson V,CCD,SHA,,False
2170,SN 2011FE,000-BKD-525,2455822.5457,10.041,0.01,False,Johnson V,CCD,SHA,,False
2171,SN 2011FE,000-BKD-525,2455822.5465,10.054,0.01,False,Johnson V,CCD,SHA,,False
2172,SN 2011FE,000-BKD-525,2455822.5472,10.051,0.01,False,Johnson V,CCD,SHA,,False
2173,SN 2011FE,000-BKD-525,2455822.5480,10.043,0.01,False,Johnson V,CCD,SHA,,False
2174,SN 2011FE,000-BKD-525,2455822.548808,10.051,0.009,False,Johnson V,CCD,HBB,2.141,False
2175,SN 2011FE,000-BKD-525,2455822.5495,10.056,0.01,False,Johnson V,CCD,SHA,,False
2176,SN 2011FE,000-BKD-525,2455822.5502,10.060,0.01,False,Johnson V,CCD,SHA,,False
2177,SN 2011FE,000-BKD-525,2455822.5510,10.054,0.01,False,Johnson V,CCD,SHA,,False
2178,SN 2011FE,000-BKD-525,2455822.5517,10.048,0.01,False,Johnson V,CCD,SHA,,False
2179,SN 2011FE,000-BKD-525,2455822.5525,10.053,0.01,False,Johnson V,CCD,SHA,,False
2180,SN 2011FE,000-BKD-525,2455822.5532,10.046,0.01,False,Johnson V,CCD,SHA,,False
2181,SN 2011FE,000-BKD-525,2455822.5539,10.053,0.01,False,Johnson V,CCD,SHA,,False
2182,SN 2011FE,000-BKD-525,2455822.5547,10.047,0.01,False,Johnson V,CCD,SHA,,False
2183,SN 2011FE,000-BKD-525,2455822.5554,10.053,0.01,False,Johnson V,CCD,SHA,,False
2184,PTF11kly,000-BKD-525,2455822.5554,10.055,0.01,False,Johnson V,CCD,SHA,,False
2185,SN 2011FE,000-BKD-525,2455822.5561,10.062,0.01,False,Johnson V,CCD,SHA,,False
2186,SN 2011FE,000-BKD-525,2455822.5569,10.055,0.01,False,Johnson V,CCD,SHA,,False
2187,SN 2011FE,000-BKD-525,2455822.5576,10.061,0.01,False,Johnson V,CCD,SHA,,False
2188,SN 2011FE,000-BKD-525,2455822.5583,10.061,0.01,False,Johnson V,CCD,SHA,,False
2189,SN 2011FE,000-BKD-525,2455822.5591,10.050,0.01,False,Johnson V,CCD,SHA,,False
2190,SN 2011FE,000-BKD-525,2455822.5598,10.058,0.01,False,Johnson V,CCD,SHA,,False
2191,SN 2011FE,000-BKD-525,2455822.5606,10.051,0.01,False,Johnson V,CCD,SHA,,False
2192,SN 2011FE,000-BKD-525,2455822.5613,10.052,0.01,False,Johnson V,CCD,SHA,,False
2193,SN 2011FE,000-BKD-525,2455822.5620,10.064,0.01,False,Johnson V,CCD,SHA,,False
2194,SN 2011FE,000-BKD-525,2455822.5628,10.053,0.01,False,Johnson V,CCD,SHA,,False
2195,SN 2011FE,000-BKD-525,2455822.5635,10.070,0.01,False,Johnson V,CCD,SHA,,False
2196,SN 2011FE,000-BKD-525,2455822.5647,10.058,0.01,False,Johnson V,CCD,SHA,,False
2197,SN 2011FE,000-BKD-525,2455822.5654,10.055,0.01,False,Johnson V,CCD,SHA,,False
2198,SN 2011FE,000-BKD-525,2455822.5669,10.066,0.01,False,Johnson V,CCD,SHA,,False
2199,SN 2011FE,000-BKD-525,2455822.5676,10.057,0.01,False,Johnson V,CCD,SHA,,False
2200,SN 2011FE,000-BKD-525,2455822.5691,10.049,0.01,False,Johnson V,CCD,SHA,,False
2201,SN 2011FE,000-BKD-525,2455822.5698,10.049,0.01,False,Johnson V,CCD,SHA,,False
2202,SN 2011FE,000-BKD-525,2455822.5706,10.056,0.01,False,Johnson V,CCD,SHA,,False
2203,SN 2011FE,000-BKD-525,2455822.5713,10.045,0.01,False,Johnson V,CCD,SHA,,False
2204,SN 2011FE,000-BKD-525,2455822.5721,10.040,0.01,False,Johnson V,CCD,SHA,,False
2205,SN 2011FE,000-BKD-525,2455822.583041,10.123,0.01,False,Johnson V,CCD,LDJ,2.367,False
2206,SN 2011FE,000-BKD-525,2455822.586179,10.130,0.01,False,Johnson V,CCD,LDJ,2.411,False
2207,SN 2011FE,000-BKD-525,2455822.589316,10.125,0.01,False,Johnson V,CCD,LDJ,2.456,False
2208,SN 2011FE,000-BKD-525,2455822.61528,10.2,,False,Visual,Visual,MRV,,
2209,SN 2011FE,000-BKD-525,2455822.63681,10.2,,False,Visual,Visual,HMV,,
2210,SN 2011FE,000-BKD-525,2455823.26806,10.2,,False,Visual,Visual,RZM,,
2211,SN 2011FE,000-BKD-525,2455823.26875,10.2,,False,Visual,Visual,SSW,,
2212,PTF11KLY,000-BKD-525,2455823.30423,10.670,0.076,False,Unfiltered with V Zeropoint,CCD,DGSA,,False
2213,PTF11KLY,000-BKD-525,2455823.30459,10.671,0.076,False,Unfiltered with V Zeropoint,CCD,DGSA,,False
2214,PTF11KLY,000-BKD-525,2455823.30495,10.683,0.076,False,Unfiltered with V Zeropoint,CCD,DGSA,,False
2215,PTF11KLY,000-BKD-525,2455823.30533,10.733,0.076,False,Unfiltered with V Zeropoint,CCD,DGSA,,False
2216,PTF11KLY,000-BKD-525,2455823.30571,10.670,0.076,False,Unfiltered with V Zeropoint,CCD,DGSA,,False
2217,PTF11KLY,000-BKD-525,2455823.30607,10.681,0.076,False,Unfiltered with V Zeropoint,CCD,DGSA,,False
2218,PTF11KLY,000-BKD-525,2455823.30645,10.649,0.076,False,Unfiltered with V Zeropoint,CCD,DGSA,,False
2219,PTF11KLY,000-BKD-525,2455823.30681,10.624,0.076,False,Unfiltered with V Zeropoint,CCD,DGSA,,False
2220,PTF11KLY,000-BKD-525,2455823.30718,10.636,0.076,False,Unfiltered with V Zeropoint,CCD,DGSA,,False
2221,PTF11KLY,000-BKD-525,2455823.30754,10.614,0.076,False,Unfiltered with V Zeropoint,CCD,DGSA,,False
2222,PTF11KLY,000-BKD-525,2455823.30790,10.636,0.076,False,Unfiltered with V Zeropoint,CCD,DGSA,,False
2223,PTF11KLY,000-BKD-525,2455823.30827,10.534,0.076,False,Unfiltered with V Zeropoint,CCD,DGSA,,False
2224,PTF11KLY,000-BKD-525,2455823.30863,10.469,0.078,False,Unfiltered with V Zeropoint,CCD,DGSA,,False
2225,PTF11KLY,000-BKD-525,2455823.30900,10.478,0.079,False,Unfiltered with V Zeropoint,CCD,DGSA,,False
2226,PTF11KLY,000-BKD-525,2455823.30936,10.477,0.081,False,Unfiltered with V Zeropoint,CCD,DGSA,,False
2227,PTF11KLY,000-BKD-525,2455823.30973,10.487,0.080,False,Unfiltered with V Zeropoint,CCD,DGSA,,False
2228,PTF11KLY,000-BKD-525,2455823.31010,10.581,0.076,False,Unfiltered with V Zeropoint,CCD,DGSA,,False
2229,PTF11KLY,000-BKD-525,2455823.31047,10.646,0.075,False,Unfiltered with V Zeropoint,CCD,DGSA,,False
2230,PTF11KLY,000-BKD-525,2455823.31083,10.606,0.075,False,Unfiltered with V Zeropoint,CCD,DGSA,,False
2231,PTF11KLY,000-BKD-525,2455823.31120,10.637,0.075,False,Unfiltered with V Zeropoint,CCD,DGSA,,False
2232,PTF11KLY,000-BKD-525,2455823.31156,10.619,0.075,False,Unfiltered with V Zeropoint,CCD,DGSA,,False
2233,PTF11KLY,000-BKD-525,2455823.31192,10.663,0.075,False,Unfiltered with V Zeropoint,CCD,DGSA,,False
2234,PTF11KLY,000-BKD-525,2455823.31229,10.612,0.075,False,Unfiltered with V Zeropoint,CCD,DGSA,,False
2235,PTF11KLY,000-BKD-525,2455823.31265,10.642,0.075,False,Unfiltered with V Zeropoint,CCD,DGSA,,False
2236,PTF11KLY,000-BKD-525,2455823.31302,10.679,0.075,False,Unfiltered with V Zeropoint,CCD,DGSA,,False
2237,PTF11KLY,000-BKD-525,2455823.31339,10.631,0.075,False,Unfiltered with V Zeropoint,CCD,DGSA,,False
2238,PTF11KLY,000-BKD-525,2455823.31376,10.644,0.075,False,Unfiltered with V Zeropoint,CCD,DGSA,,False
2239,PTF11KLY,000-BKD-525,2455823.31413,10.658,0.075,False,Unfiltered with V Zeropoint,CCD,DGSA,,False
2240,PTF11KLY,000-BKD-525,2455823.31449,10.676,0.075,False,Unfiltered with V Zeropoint,CCD,DGSA,,False
2241,PTF11KLY,000-BKD-525,2455823.31486,10.692,0.075,False,Unfiltered with V Zeropoint,CCD,DGSA,,False
2242,PTF11KLY,000-BKD-525,2455823.31523,10.660,0.075,False,Unfiltered with V Zeropoint,CCD,DGSA,,False
2243,PTF11KLY,000-BKD-525,2455823.31559,10.667,0.075,False,Unfiltered with V Zeropoint,CCD,DGSA,,False
2244,PTF11KLY,000-BKD-525,2455823.31596,10.674,0.075,False,Unfiltered with V Zeropoint,CCD,DGSA,,False
2245,SN 2011FE,000-BKD-525,2455823.31597,10.1,,False,Visual,Visual,GGU,,
2246,PTF11KLY,000-BKD-525,2455823.31633,10.669,0.075,False,Unfiltered with V Zeropoint,CCD,DGSA,,False
2247,PTF11KLY,000-BKD-525,2455823.31669,10.658,0.075,False,Unfiltered with V Zeropoint,CCD,DGSA,,False
2248,PTF11KLY,000-BKD-525,2455823.31706,10.636,0.075,False,Unfiltered with V Zeropoint,CCD,DGSA,,False
2249,PTF11KLY,000-BKD-525,2455823.31743,10.643,0.075,False,Unfiltered with V Zeropoint,CCD,DGSA,,False
2250,PTF11KLY,000-BKD-525,2455823.31779,10.637,0.075,False,Unfiltered with V Zeropoint,CCD,DGSA,,False
2251,PTF11KLY,000-BKD-525,2455823.31816,10.638,0.075,False,Unfiltered with V Zeropoint,CCD,DGSA,,False
2252,PTF11KLY,000-BKD-525,2455823.31853,10.634,0.075,False,Unfiltered with V Zeropoint,CCD,DGSA,,False
2253,PTF11KLY,000-BKD-525,2455823.31889,10.598,0.075,False,Unfiltered with V Zeropoint,CCD,DGSA,,False
2254,PTF11KLY,000-BKD-525,2455823.31925,10.629,0.075,False,Unfiltered with V Zeropoint,CCD,DGSA,,False
2255,PTF11KLY,000-BKD-525,2455823.31962,10.590,0.075,False,Unfiltered with V Zeropoint,CCD,DGSA,,False
2256,PTF11KLY,000-BKD-525,2455823.31999,10.627,0.075,False,Unfiltered with V Zeropoint,CCD,DGSA,,False
2257,PTF11KLY,000-BKD-525,2455823.32036,10.605,0.075,False,Unfiltered with V Zeropoint,CCD,DGSA,,False
2258,PTF11KLY,000-BKD-525,2455823.32072,10.613,0.075,False,Unfiltered with V Zeropoint,CCD,DGSA,,False
2259,PTF11KLY,000-BKD-525,2455823.32109,10.575,0.075,False,Unfiltered with V Zeropoint,CCD,DGSA,,False
2260,PTF11KLY,000-BKD-525,2455823.32146,10.591,0.075,False,Unfiltered with V Zeropoint,CCD,DGSA,,False
2261,PTF11KLY,000-BKD-525,2455823.32182,10.588,0.075,False,Unfiltered with V Zeropoint,CCD,DGSA,,False
2262,SN 2011FE,000-BKD-525,2455823.322,10.2,,False,Visual,Visual,BMU,,
2263,PTF11KLY,000-BKD-525,2455823.32219,10.588,0.075,False,Unfiltered with V Zeropoint,CCD,DGSA,,False
2264,PTF11KLY,000-BKD-525,2455823.32255,10.589,0.075,False,Unfiltered with V Zeropoint,CCD,DGSA,,False
2265,PTF11KLY,000-BKD-525,2455823.32292,10.609,0.075,False,Unfiltered with V Zeropoint,CCD,DGSA,,False
2266,PTF11KLY,000-BKD-525,2455823.32329,10.569,0.075,False,Unfiltered with V Zeropoint,CCD,DGSA,,False
2267,PTF11KLY,000-BKD-525,2455823.32367,10.599,0.075,False,Unfiltered with V Zeropoint,CCD,DGSA,,False
2268,PTF11KLY,000-BKD-525,2455823.32403,10.559,0.075,False,Unfiltered with V Zeropoint,CCD,DGSA,,False
2269,PTF11KLY,000-BKD-525,2455823.32440,10.597,0.075,False,Unfiltered with V Zeropoint,CCD,DGSA,,False
2270,SN 2011FE,000-BKD-525,2455823.32444,10.060,0.004,False,Johnson V,CCD,ATE,1.61,False
2271,PTF11KLY,000-BKD-525,2455823.32477,10.587,0.075,False,Unfiltered with V Zeropoint,CCD,DGSA,,False
2272,PTF11KLY,000-BKD-525,2455823.32513,10.577,0.075,False,Unfiltered with V Zeropoint,CCD,DGSA,,False
2273,SN 2011FE,000-BKD-525,2455823.32520,10.090,0.004,False,Johnson V,CCD,ATE,1.62,False
2274,PTF11KLY,000-BKD-525,2455823.32550,10.554,0.075,False,Unfiltered with V Zeropoint,CCD,DGSA,,False
2275,SN 2011FE,000-BKD-525,2455823.32577,10.079,0.004,False,Johnson V,CCD,ATE,1.62,False
2276,PTF11KLY,000-BKD-525,2455823.32586,10.578,0.075,False,Unfiltered with V Zeropoint,CCD,DGSA,,False
2277,PTF11KLY,000-BKD-525,2455823.32622,10.551,0.075,False,Unfiltered with V Zeropoint,CCD,DGSA,,False
2278,SN 2011FE,000-BKD-525,2455823.32634,10.042,0.004,False,Johnson V,CCD,ATE,1.63,False
2279,SN 2011FE,000-BKD-525,2455823.32639,10.3,,False,Visual,Visual,WKL,,
2280,PTF11KLY,000-BKD-525,2455823.32659,10.533,0.075,False,Unfiltered with V Zeropoint,CCD,DGSA,,False
2281,SN 2011FE,000-BKD-525,2455823.32672,10.137,0.048,False,Johnson V,CCD,RMU,1.659,False
2282,SN 2011FE,000-BKD-525,2455823.32690,10.046,0.004,False,Johnson V,CCD,ATE,1.63,False
2283,SN 2011FE,000-BKD-525,2455823.32750,10.069,0.004,False,Johnson V,CCD,ATE,1.63,False
2284,SN 2011FE,000-BKD-525,2455823.328,9.4,,False,Visual,Visual,VDE,,
2285,SN 2011FE,000-BKD-525,2455823.32811,10.039,0.004,False,Johnson V,CCD,ATE,1.64,False
2286,SN 2011FE,000-BKD-525,2455823.32867,10.112,0.004,False,Johnson V,CCD,ATE,1.64,False
2287,SN 2011FE,000-BKD-525,2455823.32887,10.299,0.021,False,Johnson B,CCD,RMU,1.674,False
2288,SN 2011FE,000-BKD-525,2455823.32928,10.085,0.004,False,Johnson V,CCD,ATE,1.65,False
2289,SN 2011FE,000-BKD-525,2455823.32984,10.094,0.004,False,Johnson V,CCD,ATE,1.65,False
2290,SN 2011FE,000-BKD-525,2455823.33043,10.103,0.004,False,Johnson V,CCD,ATE,1.66,False
2291,SN 2011FE,000-BKD-525,2455823.33100,10.075,0.004,False,Johnson V,CCD,ATE,1.66,False
2292,SN 2011FE,000-BKD-525,2455823.33160,10.069,0.004,False,Johnson V,CCD,ATE,1.66,False
2293,SN 2011FE,000-BKD-525,2455823.33217,10.123,0.004,False,Johnson V,CCD,ATE,1.67,False
2294,SN 2011FE,000-BKD-525,2455823.33270,10.170,0.040,False,Cousins R,CCD,RMU,1.706,False
2295,SN 2011FE,000-BKD-525,2455823.33274,10.043,0.004,False,Johnson V,CCD,ATE,1.67,False
2296,SN 2011FE,000-BKD-525,2455823.33330,10.095,0.004,False,Johnson V,CCD,ATE,1.68,False
2297,SN 2011FE,000-BKD-525,2455823.33388,10.045,0.004,False,Johnson V,CCD,ATE,1.68,False
2298,SN 2011FE,000-BKD-525,2455823.33447,10.062,0.004,False,Johnson V,CCD,ATE,1.69,False
2299,SN 2011FE,000-BKD-525,2455823.33449,10.577,0.041,False,Cousins I,CCD,RMU,1.720,False
2300,SN 2011FE,000-BKD-525,2455823.33504,10.043,0.004,False,Johnson V,CCD,ATE,1.69,False
2301,SN 2011FE,000-BKD-525,2455823.33561,10.065,0.004,False,Johnson V,CCD,ATE,1.70,False
2302,SN 2011FE,000-BKD-525,2455823.33619,10.070,0.004,False,Johnson V,CCD,ATE,1.70,False
2303,SN 2011FE,000-BKD-525,2455823.33679,10.025,0.004,False,Johnson V,CCD,ATE,1.70,False
2304,SN 2011FE,000-BKD-525,2455823.33739,10.051,0.004,False,Johnson V,CCD,ATE,1.71,False
2305,SN 2011FE,000-BKD-525,2455823.33798,10.117,0.004,False,Johnson V,CCD,ATE,1.71,False
2306,SN 2011FE,000-BKD-525,2455823.33856,10.103,0.004,False,Johnson V,CCD,ATE,1.72,False
2307,SN 2011FE,000-BKD-525,2455823.33915,10.044,0.004,False,Johnson V,CCD,ATE,1.72,False
2308,SN 2011FE,000-BKD-525,2455823.33975,10.119,0.004,False,Johnson V,CCD,ATE,1.73,False
2309,SN 2011FE,000-BKD-525,2455823.34035,10.063,0.004,False,Johnson V,CCD,ATE,1.73,False
2310,SN 2011FE,000-BKD-525,2455823.34095,10.089,0.004,False,Johnson V,CCD,ATE,1.74,False
2311,SN 2011FE,000-BKD-525,2455823.34156,10.053,0.004,False,Johnson V,CCD,ATE,1.74,False
2312,SN 2011FE,000-BKD-525,2455823.34216,10.071,0.004,False,Johnson V,CCD,ATE,1.75,False
2313,SN 2011FE,000-BKD-525,2455823.34272,10.106,0.004,False,Johnson V,CCD,ATE,1.75,False
2314,SN 2011FE,000-BKD-525,2455823.34329,10.105,0.004,False,Johnson V,CCD,ATE,1.76,False
2315,SN 2011FE,000-BKD-525,2455823.34386,10.075,0.004,False,Johnson V,CCD,ATE,1.76,False
2316,SN 2011FE,000-BKD-525,2455823.34445,10.096,0.004,False,Johnson V,CCD,ATE,1.77,False
2317,SN 2011FE,000-BKD-525,2455823.34502,10.059,0.004,False,Johnson V,CCD,ATE,1.77,False
2318,SN 2011FE,000-BKD-525,2455823.34558,10.050,0.004,False,Johnson V,CCD,ATE,1.78,False
2319,SN 2011FE,000-BKD-525,2455823.34615,10.120,0.004,False,Johnson V,CCD,ATE,1.78,False
2320,SN 2011FE,000-BKD-525,2455823.34675,10.017,0.004,False,Johnson V,CCD,ATE,1.79,False
2321,SN 2011FE,000-BKD-525,2455823.34733,10.124,0.004,False,Johnson V,CCD,ATE,1.79,False
2322,SN 2011FE,000-BKD-525,2455823.351,10.0,,False,Visual,Visual,PYG,,
2323,SN 2011FE,000-BKD-525,2455823.3611,10.2,,False,Visual,Visual,ILE,,
2324,SN 2011FE,000-BKD-525,2455823.36111,10.2,,False,Visual,Visual,ILE,,
2325,SN 2011FE,000-BKD-525,2455823.366,10.1,,False,Visual,Visual,LTE,,
2326,PTF11KLY,000-BKD-525,2455823.37986,10.07,0.02,False,Unfiltered with R Zeropoint,CCD,NOT,,False
2327,SN 2011FE,000-BKD-525,2455823.39172,10.3,,False,Visual,Visual,TJOB,,
2328,PTF11KLY,000-BKD-525,2455823.4007,10.1,,False,Visual,Visual,QFI,,
2329,2011FE,000-BKD-525,2455823.49404,10.258,0.096,False,Johnson V,CCD,MMX,,False
2330,2011FE,000-BKD-525,2455823.49480,10.276,0.102,False,Johnson V,CCD,MMX,,False
2331,2011FE,000-BKD-525,2455823.49632,10.266,0.092,False,Johnson V,CCD,MMX,,False
2332,2011FE,000-BKD-525,2455823.49708,10.258,0.098,False,Johnson V,CCD,MMX,,False
2333,2011FE,000-BKD-525,2455823.49785,10.277,0.098,False,Johnson V,CCD,MMX,,False
2334,2011FE,000-BKD-525,2455823.49936,10.243,0.083,False,Johnson V,CCD,MMX,,False
2335,2011FE,000-BKD-525,2455823.50089,10.234,0.056,False,Johnson V,CCD,MMX,,False
2336,2011FE,000-BKD-525,2455823.50166,10.217,0.045,False,Johnson V,CCD,MMX,,False
2337,2011FE,000-BKD-525,2455823.50241,10.222,0.047,False,Johnson V,CCD,MMX,,False
2338,2011FE,000-BKD-525,2455823.50317,10.228,0.077,False,Johnson V,CCD,MMX,,False
2339,SN 2011FE,000-BKD-525,2455823.5201,10.1,,False,Visual,Visual,BRJ,,
2340,SN 2011FE,000-BKD-525,2455823.52153,10.1,,False,Visual,Visual,ONJ,,
2341,PTF11KLY,000-BKD-525,2455823.524,10.33,0.12,False,Johnson B,CCD,RHM,,False
2342,PTF11KLY,000-BKD-525,2455823.533,10.17,0.07,False,Johnson V,CCD,RHM,,False
2343,PTF11KLY,000-BKD-525,2455823.542,10.23,0.07,False,Cousins R,CCD,RHM,,False
2344,SN 2011FE,000-BKD-525,2455823.544,10.4,,False,Visual,Visual,MHH,,
2345,SN 2011FE,000-BKD-525,2455823.55069,9.9,,False,Visual,Visual,CKB,,
2346,PTF11KLY,000-BKD-525,2455823.553,10.63,0.07,False,Cousins I,CCD,RHM,,False
2347,SN 2011FE,000-BKD-525,2455823.5542,10.1,,False,Visual,Visual,MOW,,
2348,SN 2011FE,000-BKD-525,2455823.57449,10.13,0.01,False,Johnson V,CCD,HSW,,False
2349,SN 2011FE,000-BKD-525,2455823.58333,10.18,0.05,False,Unfiltered with V Zeropoint,CCD,MFR,1.750,False
2350,SN 2011FE,000-BKD-525,2455823.60417,10.1,,False,Visual,Visual,HSW,,
2351,SN 2011FE,000-BKD-525,2455823.604433,10.256,0.019,False,Johnson V,CCD,KPK,1.862,False
2352,SN 2011FE,000-BKD-525,2455823.606875,10.315,0.021,False,Johnson V,CCD,KPK,1.888,False
2353,SN 2011FE,000-BKD-525,2455823.609329,10.263,0.021,False,Johnson V,CCD,KPK,1.914,False
2354,SN 2011FE,000-BKD-525,2455823.611736,10.263,0.021,False,Johnson V,CCD,KPK,1.942,False
2355,SN 2011FE,000-BKD-525,2455823.614282,10.281,0.020,False,Johnson V,CCD,KPK,1.971,False
2356,SN 2011FE,000-BKD-525,2455823.616956,10.323,0.018,False,Cousins R,CCD,KPK,2.004,False
2357,SN 2011FE,000-BKD-525,2455823.618333,10.307,0.018,False,Cousins R,CCD,KPK,2.020,False
2358,SN 2011FE,000-BKD-525,2455823.619688,10.290,0.017,False,Cousins R,CCD,KPK,2.037,False
2359,SN 2011FE,000-BKD-525,2455823.621042,10.309,0.019,False,Cousins R,CCD,KPK,2.055,False
2360,SN 2011FE,000-BKD-525,2455823.622396,10.326,0.020,False,Cousins R,CCD,KPK,2.072,False
2361,SN 2011FE,000-BKD-525,2455823.64091,10.118,0.013,False,Johnson V,CCD,GFB,1.642,False
2362,SN 2011FE,000-BKD-525,2455823.64147,10.129,0.013,False,Johnson V,CCD,GFB,1.646,False
2363,SN 2011FE,000-BKD-525,2455823.64200,10.124,0.013,False,Johnson V,CCD,GFB,1.650,False
2364,SN 2011FE,000-BKD-525,2455823.64251,10.117,0.013,False,Johnson V,CCD,GFB,1.654,False
2365,SN 2011FE,000-BKD-525,2455823.64303,10.125,0.013,False,Johnson V,CCD,GFB,1.658,False
2366,SN 2011FE,000-BKD-525,2455823.64355,10.112,0.013,False,Johnson V,CCD,GFB,1.662,False
2367,SN 2011FE,000-BKD-525,2455823.64410,10.099,0.013,False,Johnson V,CCD,GFB,1.666,False
2368,SN 2011FE,000-BKD-525,2455823.64463,10.113,0.013,False,Johnson V,CCD,GFB,1.670,False
2369,SN 2011FE,000-BKD-525,2455823.64519,10.135,0.013,False,Johnson V,CCD,GFB,1.675,False
2370,SN 2011FE,000-BKD-525,2455823.64572,10.122,0.013,False,Johnson V,CCD,GFB,1.679,False
2371,SN 2011FE,000-BKD-525,2455823.64627,10.112,0.013,False,Johnson V,CCD,GFB,1.683,False
2372,SN 2011FE,000-BKD-525,2455823.64679,10.106,0.013,False,Johnson V,CCD,GFB,1.687,False
2373,SN 2011FE,000-BKD-525,2455823.64731,10.120,0.013,False,Johnson V,CCD,GFB,1.692,False
2374,SN 2011FE,000-BKD-525,2455823.64782,10.100,0.013,False,Johnson V,CCD,GFB,1.696,False
2375,SN 2011FE,000-BKD-525,2455823.64834,10.122,0.013,False,Johnson V,CCD,GFB,1.700,False
2376,SN 2011FE,000-BKD-525,2455823.64885,10.125,0.013,False,Johnson V,CCD,GFB,1.704,False
2377,SN 2011FE,000-BKD-525,2455823.64936,10.104,0.013,False,Johnson V,CCD,GFB,1.708,False
2378,SN 2011FE,000-BKD-525,2455823.64987,10.126,0.013,False,Johnson V,CCD,GFB,1.713,False
2379,SN 2011FE,000-BKD-525,2455823.65039,10.127,0.013,False,Johnson V,CCD,GFB,1.717,False
2380,SN 2011FE,000-BKD-525,2455823.65091,10.130,0.013,False,Johnson V,CCD,GFB,1.721,False
2381,SN 2011FE,000-BKD-525,2455823.65142,10.157,0.013,False,Johnson V,CCD,GFB,1.726,False
2382,SN 2011FE,000-BKD-525,2455823.65193,10.143,0.013,False,Johnson V,CCD,GFB,1.730,False
2383,SN 2011FE,000-BKD-525,2455823.65245,10.136,0.013,False,Johnson V,CCD,GFB,1.734,False
2384,SN 2011FE,000-BKD-525,2455823.65296,10.126,0.013,False,Johnson V,CCD,GFB,1.739,False
2385,SN 2011FE,000-BKD-525,2455823.65347,10.123,0.013,False,Johnson V,CCD,GFB,1.743,False
2386,SN 2011FE,000-BKD-525,2455823.65396,10.129,0.013,False,Johnson V,CCD,GFB,1.747,False
2387,SN 2011FE,000-BKD-525,2455823.65448,10.151,0.013,False,Johnson V,CCD,GFB,1.752,False
2388,SN 2011FE,000-BKD-525,2455823.65499,10.142,0.013,False,Johnson V,CCD,GFB,1.756,False
2389,SN 2011FE,000-BKD-525,2455823.65551,10.138,0.013,False,Johnson V,CCD,GFB,1.761,False
2390,SN 2011FE,000-BKD-525,2455823.65602,10.133,0.013,False,Johnson V,CCD,GFB,1.765,False
2391,SN 2011FE,000-BKD-525,2455823.65654,10.157,0.013,False,Johnson V,CCD,GFB,1.770,False
2392,SN 2011FE,000-BKD-525,2455823.65705,10.125,0.013,False,Johnson V,CCD,GFB,1.775,False
2393,SN 2011FE,000-BKD-525,2455823.65759,10.136,0.013,False,Johnson V,CCD,GFB,1.780,False
2394,SN 2011FE,000-BKD-525,2455823.65814,10.150,0.013,False,Johnson V,CCD,GFB,1.784,False
2395,SN 2011FE,000-BKD-525,2455823.65866,10.143,0.013,False,Johnson V,CCD,GFB,1.789,False
2396,SN 2011FE,000-BKD-525,2455823.65920,10.137,0.013,False,Johnson V,CCD,GFB,1.794,False
2397,SN 2011FE,000-BKD-525,2455823.65975,10.154,0.013,False,Johnson V,CCD,GFB,1.799,False
2398,SN 2011FE,000-BKD-525,2455823.66028,10.118,0.014,False,Johnson V,CCD,GFB,1.804,False
2399,SN 2011FE,000-BKD-525,2455823.66086,10.129,0.013,False,Johnson V,CCD,GFB,1.810,False
2400,SN 2011FE,000-BKD-525,2455823.66139,10.144,0.013,False,Johnson V,CCD,GFB,1.815,False
2401,SN 2011FE,000-BKD-525,2455823.66196,10.128,0.014,False,Johnson V,CCD,GFB,1.820,False
2402,SN 2011FE,000-BKD-525,2455823.66247,10.150,0.014,False,Johnson V,CCD,GFB,1.825,False
2403,SN 2011FE,000-BKD-525,2455823.66301,10.162,0.014,False,Johnson V,CCD,GFB,1.830,False
2404,SN 2011FE,000-BKD-525,2455823.66354,10.136,0.014,False,Johnson V,CCD,GFB,1.835,False
2405,SN 2011FE,000-BKD-525,2455823.66406,10.158,0.014,False,Johnson V,CCD,GFB,1.840,False
2406,SN 2011FE,000-BKD-525,2455823.66459,10.170,0.013,False,Johnson V,CCD,GFB,1.845,False
2407,SN 2011FE,000-BKD-525,2455823.66514,10.132,0.014,False,Johnson V,CCD,GFB,1.851,False
2408,SN 2011FE,000-BKD-525,2455823.66566,10.185,0.014,False,Johnson V,CCD,GFB,1.856,False
2409,SN 2011FE,000-BKD-525,2455823.66622,10.178,0.014,False,Johnson V,CCD,GFB,1.861,False
2410,SN 2011FE,000-BKD-525,2455823.66679,10.064,0.014,False,Johnson V,CCD,GFB,1.867,False
2411,SN 2011FE,000-BKD-525,2455823.66733,10.145,0.014,False,Johnson V,CCD,GFB,1.872,False
2412,SN 2011FE,000-BKD-525,2455823.66787,10.201,0.014,False,Johnson V,CCD,GFB,1.878,False
2413,SN 2011FE,000-BKD-525,2455823.66840,10.114,0.014,False,Johnson V,CCD,GFB,1.883,False
2414,SN 2011FE,000-BKD-525,2455823.66904,10.134,0.014,False,Johnson V,CCD,GFB,1.890,False
2415,SN 2011FE,000-BKD-525,2455823.66956,10.139,0.014,False,Johnson V,CCD,GFB,1.895,False
2416,SN 2011FE,000-BKD-525,2455823.67010,10.129,0.014,False,Johnson V,CCD,GFB,1.901,False
2417,SN 2011FE,000-BKD-525,2455823.67063,10.151,0.014,False,Johnson V,CCD,GFB,1.906,False
2418,SN 2011FE,000-BKD-525,2455823.67117,10.129,0.014,False,Johnson V,CCD,GFB,1.912,False
2419,SN 2011FE,000-BKD-525,2455823.67170,10.106,0.014,False,Johnson V,CCD,GFB,1.917,False
2420,SN 2011FE,000-BKD-525,2455823.67226,10.129,0.014,False,Johnson V,CCD,GFB,1.923,False
2421,SN 2011FE,000-BKD-525,2455823.68750,9.9,,False,Visual,Visual,RR,,
2422,PTF11kly,000-BKD-525,2455824.23333,10.1,,False,Visual,Visual,KSQ,,
2423,SN 2011FE,000-BKD-525,2455824.29116,10.204,0.009,False,Johnson V,CCD,VWS,1.381,False
2424,SN 2011FE,000-BKD-525,2455824.29167,10.2,,False,Visual,Visual,SUQ,,
2425,SN 2011FE,000-BKD-525,2455824.29341,10.199,0.009,False,Johnson V,CCD,VWS,1.391,False
2426,SN 2011FE,000-BKD-525,2455824.29514,10.3,,False,Visual,Visual,WKL,,
2427,SN 2011FE,000-BKD-525,2455824.29564,10.209,0.008,False,Johnson V,CCD,VWS,1.401,False
2428,SN 2011FE,000-BKD-525,2455824.29784,10.202,0.008,False,Johnson V,CCD,VWS,1.411,False
2429,SN 2011FE,000-BKD-525,2455824.29966,10.207,0.008,False,Johnson V,CCD,VWS,1.419,False
2430,SN 2011FE,000-BKD-525,2455824.3,10.1,,False,Visual,Visual,SYU,,
2431,SN 2011FE,000-BKD-525,2455824.30532,10.178,0.004,False,Johnson V,CCD,ATE,1.51,False
2432,SN 2011FE,000-BKD-525,2455824.30556,10.3,,False,Visual,Visual,VBH,,
2433,SN 2011FE,000-BKD-525,2455824.30601,10.185,0.004,False,Johnson V,CCD,ATE,1.51,False
2434,SN 2011FE,000-BKD-525,2455824.30661,10.160,0.004,False,Johnson V,CCD,ATE,1.51,False
2435,SN 2011FE,000-BKD-525,2455824.307,10.2,,False,Visual,Visual,BMU,,
2436,SN 2011FE,000-BKD-525,2455824.30718,10.195,0.004,False,Johnson V,CCD,ATE,1.52,False
2437,SN 2011FE,000-BKD-525,2455824.30775,10.157,0.004,False,Johnson V,CCD,ATE,1.52,False
2438,SN 2011FE,000-BKD-525,2455824.30831,10.137,0.004,False,Johnson V,CCD,ATE,1.52,False
2439,SN 2011FE,000-BKD-525,2455824.30891,10.167,0.004,False,Johnson V,CCD,ATE,1.53,False
2440,SN 2011FE,000-BKD-525,2455824.30948,10.157,0.004,False,Johnson V,CCD,ATE,1.53,False
2441,SN 2011FE,000-BKD-525,2455824.31005,10.183,0.004,False,Johnson V,CCD,ATE,1.53,False
2442,SN 2011FE,000-BKD-525,2455824.31062,10.160,0.004,False,Johnson V,CCD,ATE,1.54,False
2443,SN 2011FE,000-BKD-525,2455824.31118,10.168,0.004,False,Johnson V,CCD,ATE,1.54,False
2444,SN 2011FE,000-BKD-525,2455824.31179,10.169,0.004,False,Johnson V,CCD,ATE,1.55,False
2445,SN 2011FE,000-BKD-525,2455824.31235,10.206,0.004,False,Johnson V,CCD,ATE,1.55,False
2446,PTF11KLY,000-BKD-525,2455824.3125,10.3,,False,Visual,Visual,VFK,,
2447,SN 2011FE,000-BKD-525,2455824.31295,10.139,0.004,False,Johnson V,CCD,ATE,1.55,False
2448,SN 2011FE,000-BKD-525,2455824.3132,10.3,,False,Visual,Visual,BBI,,
2449,SN 2011FE,000-BKD-525,2455824.31352,10.193,0.004,False,Johnson V,CCD,ATE,1.56,False
2450,SN 2011FE,000-BKD-525,2455824.31409,10.187,0.004,False,Johnson V,CCD,ATE,1.56,False
2451,SN 2011FE,000-BKD-525,2455824.31468,10.171,0.004,False,Johnson V,CCD,ATE,1.56,False
2452,SN 2011FE,000-BKD-525,2455824.31526,10.171,0.004,False,Johnson V,CCD,ATE,1.57,False
2453,SN 2011FE,000-BKD-525,2455824.31584,10.168,0.004,False,Johnson V,CCD,ATE,1.57,False
2454,SN 2011FE,000-BKD-525,2455824.31644,10.195,0.004,False,Johnson V,CCD,ATE,1.58,False
2455,SN 2011FE,000-BKD-525,2455824.31702,10.160,0.004,False,Johnson V,CCD,ATE,1.58,False
2456,SN 2011FE,000-BKD-525,2455824.31761,10.155,0.004,False,Johnson V,CCD,ATE,1.58,False
2457,SN 2011FE,000-BKD-525,2455824.31817,10.168,0.004,False,Johnson V,CCD,ATE,1.59,False
2458,SN 2011FE,000-BKD-525,2455824.31875,10.193,0.004,False,Johnson V,CCD,ATE,1.59,False
2459,SN 2011FE,000-BKD-525,2455824.31934,10.165,0.004,False,Johnson V,CCD,ATE,1.60,False
2460,SN 2011FE,000-BKD-525,2455824.31991,10.141,0.004,False,Johnson V,CCD,ATE,1.60,False
2461,SN 2011FE,000-BKD-525,2455824.32048,10.171,0.004,False,Johnson V,CCD,ATE,1.60,False
2462,SN 2011FE,000-BKD-525,2455824.32104,10.173,0.004,False,Johnson V,CCD,ATE,1.61,False
2463,SN 2011FE,000-BKD-525,2455824.32161,10.196,0.004,False,Johnson V,CCD,ATE,1.61,False
2464,SN 2011FE,000-BKD-525,2455824.32221,10.159,0.004,False,Johnson V,CCD,ATE,1.62,False
2465,SN 2011FE,000-BKD-525,2455824.32278,10.186,0.004,False,Johnson V,CCD,ATE,1.62,False
2466,SN 2011FE,000-BKD-525,2455824.32292,10.2,,False,Visual,Visual,KAM,,
2467,SN 2011FE,000-BKD-525,2455824.323,10.2,,False,Visual,Visual,KAM,,
2468,SN 2011FE,000-BKD-525,2455824.32335,10.167,0.004,False,Johnson V,CCD,ATE,1.62,False
2469,SN 2011FE,000-BKD-525,2455824.32391,10.184,0.004,False,Johnson V,CCD,ATE,1.63,False
2470,SN 2011FE,000-BKD-525,2455824.32452,10.203,0.004,False,Johnson V,CCD,ATE,1.63,False
2471,SN 2011FE,000-BKD-525,2455824.32511,10.158,0.004,False,Johnson V,CCD,ATE,1.64,False
2472,SN 2011FE,000-BKD-525,2455824.32571,10.169,0.004,False,Johnson V,CCD,ATE,1.64,False
2473,SN 2011FE,000-BKD-525,2455824.32630,10.195,0.004,False,Johnson V,CCD,ATE,1.65,False
2474,SN 2011FE,000-BKD-525,2455824.32690,10.181,0.004,False,Johnson V,CCD,ATE,1.65,False
2475,SN 2011FE,000-BKD-525,2455824.32714,10.208,0.034,False,Johnson V,CCD,RMU,1.684,False
2476,SN 2011FE,000-BKD-525,2455824.32747,10.186,0.004,False,Johnson V,CCD,ATE,1.65,False
2477,SN 2011FE,000-BKD-525,2455824.32807,10.192,0.004,False,Johnson V,CCD,ATE,1.66,False
2478,SN 2011FE,000-BKD-525,2455824.32864,10.202,0.004,False,Johnson V,CCD,ATE,1.66,False
2479,SN 2011FE,000-BKD-525,2455824.32920,10.189,0.004,False,Johnson V,CCD,ATE,1.67,False
2480,SN 2011FE,000-BKD-525,2455824.32921,10.405,0.033,False,Johnson B,CCD,RMU,1.698,False
2481,SN 2011FE,000-BKD-525,2455824.32977,10.174,0.004,False,Johnson V,CCD,ATE,1.67,False
2482,PTF11KLY,000-BKD-525,2455824.3299,10.3,,False,Visual,Visual,VNL,,
2483,SN 2011FE,000-BKD-525,2455824.33034,10.185,0.004,False,Johnson V,CCD,ATE,1.68,False
2484,SN 2011FE,000-BKD-525,2455824.33091,10.184,0.004,False,Johnson V,CCD,ATE,1.68,False
2485,SN 2011FE,000-BKD-525,2455824.33147,10.195,0.004,False,Johnson V,CCD,ATE,1.68,False
2486,SN 2011FE,000-BKD-525,2455824.33207,10.200,0.004,False,Johnson V,CCD,ATE,1.69,False
2487,SN 2011FE,000-BKD-525,2455824.33264,10.171,0.004,False,Johnson V,CCD,ATE,1.69,False
2488,SN 2011FE,000-BKD-525,2455824.33301,10.224,0.027,False,Cousins R,CCD,RMU,1.731,False
2489,SN 2011FE,000-BKD-525,2455824.33321,10.181,0.004,False,Johnson V,CCD,ATE,1.70,False
2490,SN 2011FE,000-BKD-525,2455824.33378,10.169,0.004,False,Johnson V,CCD,ATE,1.70,False
2491,SN 2011FE,000-BKD-525,2455824.33434,10.190,0.004,False,Johnson V,CCD,ATE,1.71,False
2492,SN 2011FE,000-BKD-525,2455824.33487,10.682,0.024,False,Cousins I,CCD,RMU,1.746,False
2493,SN 2011FE,000-BKD-525,2455824.33491,10.203,0.004,False,Johnson V,CCD,ATE,1.71,False
2494,SN 2011FE,000-BKD-525,2455824.33551,10.177,0.004,False,Johnson V,CCD,ATE,1.72,False
2495,SN 2011FE,000-BKD-525,2455824.33608,10.190,0.004,False,Johnson V,CCD,ATE,1.72,False
2496,SN 2011FE,000-BKD-525,2455824.33681,10.0,,False,Visual,Visual,OJR,,
2497,SN 2011FE,000-BKD-525,2455824.337211,10.2014,0.0244,False,Johnson V,CCD,RMU,1.767,False
2498,SN 2011FE,000-BKD-525,2455824.337546,10.2070,0.0186,False,Johnson V,CCD,RMU,1.770,False
2499,SN 2011FE,000-BKD-525,2455824.33787,10.1660,0.0194,False,Johnson V,CCD,RMU,1.773,False
2500,SN 2011FE,000-BKD-525,2455824.338183,10.2105,0.0248,False,Johnson V,CCD,RMU,1.776,False
2501,SN 2011FE,000-BKD-525,2455824.338565,10.1788,0.0176,False,Johnson V,CCD,RMU,1.779,False
2502,SN 2011FE,000-BKD-525,2455824.3389,10.3,,False,Visual,Visual,GGU,,
2503,SN 2011FE,000-BKD-525,2455824.338947,10.2608,0.0177,False,Johnson V,CCD,RMU,1.782,False
2504,SN 2011FE,000-BKD-525,2455824.339,10.2,,False,Visual,Visual,CMG,,
2505,SN 2011FE,000-BKD-525,2455824.339329,10.1997,0.0182,False,Johnson V,CCD,RMU,1.786,False
2506,SN 2011FE,000-BKD-525,2455824.339699,10.1812,0.0182,False,Johnson V,CCD,RMU,1.789,False
2507,SN 2011FE,000-BKD-525,2455824.340081,10.1978,0.0191,False,Johnson V,CCD,RMU,1.792,False
2508,SN 2011FE,000-BKD-525,2455824.340463,10.2065,0.0173,False,Johnson V,CCD,RMU,1.796,False
2509,SN 2011FE,000-BKD-525,2455824.340845,10.2139,0.0176,False,Johnson V,CCD,RMU,1.799,False
2510,SN 2011FE,000-BKD-525,2455824.341227,10.1661,0.0183,False,Johnson V,CCD,RMU,1.803,False
2511,SN 2011FE,000-BKD-525,2455824.341597,10.1451,0.0192,False,Johnson V,CCD,RMU,1.806,False
2512,SN 2011FE,000-BKD-525,2455824.341968,10.2022,0.0186,False,Johnson V,CCD,RMU,1.810,False
2513,SN 2011FE,000-BKD-525,2455824.34235,10.1513,0.0201,False,Johnson V,CCD,RMU,1.813,False
2514,SN 2011FE,000-BKD-525,2455824.34272,10.1186,0.0207,False,Johnson V,CCD,RMU,1.817,False
2515,SN 2011FE,000-BKD-525,2455824.343102,10.2230,0.0196,False,Johnson V,CCD,RMU,1.820,False
2516,SN 2011FE,000-BKD-525,2455824.343472,10.1764,0.0184,False,Johnson V,CCD,RMU,1.824,False
2517,SN 2011FE,000-BKD-525,2455824.343854,10.2054,0.0187,False,Johnson V,CCD,RMU,1.827,False
2518,SN 2011FE,000-BKD-525,2455824.344236,10.2315,0.0183,False,Johnson V,CCD,RMU,1.831,False
2519,SN 2011FE,000-BKD-525,2455824.344606,10.2340,0.0182,False,Johnson V,CCD,RMU,1.835,False
2520,SN 2011FE,000-BKD-525,2455824.344977,10.2133,0.0190,False,Johnson V,CCD,RMU,1.838,False
2521,SN 2011FE,000-BKD-525,2455824.345359,10.2051,0.0189,False,Johnson V,CCD,RMU,1.842,False
2522,SN 2011FE,000-BKD-525,2455824.345729,10.2103,0.0184,False,Johnson V,CCD,RMU,1.845,False
2523,SN 2011FE,000-BKD-525,2455824.3461,10.1599,0.0189,False,Johnson V,CCD,RMU,1.849,False
2524,SN 2011FE,000-BKD-525,2455824.34647,10.1567,0.0182,False,Johnson V,CCD,RMU,1.852,False
2525,SN 2011FE,000-BKD-525,2455824.346852,10.1844,0.0170,False,Johnson V,CCD,RMU,1.856,False
2526,SN 2011FE,000-BKD-525,2455824.347222,10.1957,0.0194,False,Johnson V,CCD,RMU,1.859,False
2527,SN 2011FE,000-BKD-525,2455824.347593,10.2270,0.0165,False,Johnson V,CCD,RMU,1.863,False
2528,SN 2011FE,000-BKD-525,2455824.347975,10.1628,0.0190,False,Johnson V,CCD,RMU,1.866,False
2529,SN 2011FE,000-BKD-525,2455824.348345,10.1893,0.0195,False,Johnson V,CCD,RMU,1.870,False
2530,SN 2011FE,000-BKD-525,2455824.348715,10.2263,0.0179,False,Johnson V,CCD,RMU,1.874,False
2531,SN 2011FE,000-BKD-525,2455824.349097,10.1861,0.0198,False,Johnson V,CCD,RMU,1.878,False
2532,SN 2011FE,000-BKD-525,2455824.349468,10.1774,0.0179,False,Johnson V,CCD,RMU,1.881,False
2533,SN 2011FE,000-BKD-525,2455824.34985,10.1937,0.0198,False,Johnson V,CCD,RMU,1.885,False
2534,SN 2011FE,000-BKD-525,2455824.35022,10.2335,0.0187,False,Johnson V,CCD,RMU,1.889,False
2535,SN 2011FE,000-BKD-525,2455824.35059,10.2175,0.0177,False,Johnson V,CCD,RMU,1.892,False
2536,PTF11KLY,000-BKD-525,2455824.35069,10.17,0.02,False,Unfiltered with R Zeropoint,CCD,NOT,,False
2537,SN 2011FE,000-BKD-525,2455824.350972,10.2017,0.0175,False,Johnson V,CCD,RMU,1.896,False
2538,SN 2011FE,000-BKD-525,2455824.351343,10.2123,0.0161,False,Johnson V,CCD,RMU,1.900,False
2539,SN 2011FE,000-BKD-525,2455824.351713,10.2177,0.0195,False,Johnson V,CCD,RMU,1.904,False
2540,SN 2011FE,000-BKD-525,2455824.352095,10.2129,0.0179,False,Johnson V,CCD,RMU,1.907,False
2541,SN 2011FE,000-BKD-525,2455824.352465,10.2246,0.0194,False,Johnson V,CCD,RMU,1.911,False
2542,SN 2011FE,000-BKD-525,2455824.352836,10.1810,0.0181,False,Johnson V,CCD,RMU,1.915,False
2543,SN 2011FE,000-BKD-525,2455824.353229,10.1675,0.0180,False,Johnson V,CCD,RMU,1.919,False
2544,SN 2011FE,000-BKD-525,2455824.3536,10.1771,0.0182,False,Johnson V,CCD,RMU,1.923,False
2545,SN 2011FE,000-BKD-525,2455824.353981,10.2039,0.0185,False,Johnson V,CCD,RMU,1.927,False
2546,SN 2011FE,000-BKD-525,2455824.354352,10.2377,0.0185,False,Johnson V,CCD,RMU,1.931,False
2547,SN 2011FE,000-BKD-525,2455824.354734,10.2260,0.0184,False,Johnson V,CCD,RMU,1.935,False
2548,SN 2011FE,000-BKD-525,2455824.355104,10.2226,0.0171,False,Johnson V,CCD,RMU,1.939,False
2549,SN 2011FE,000-BKD-525,2455824.355475,10.1935,0.0170,False,Johnson V,CCD,RMU,1.943,False
2550,SN 2011FE,000-BKD-525,2455824.355856,10.2062,0.0179,False,Johnson V,CCD,RMU,1.947,False
2551,SN 2011FE,000-BKD-525,2455824.356227,10.1990,0.0188,False,Johnson V,CCD,RMU,1.950,False
2552,SN 2011FE,000-BKD-525,2455824.356597,10.1864,0.0194,False,Johnson V,CCD,RMU,1.954,False
2553,SN 2011FE,000-BKD-525,2455824.356979,10.2087,0.0166,False,Johnson V,CCD,RMU,1.958,False
2554,SN 2011FE,000-BKD-525,2455824.35735,10.1913,0.0196,False,Johnson V,CCD,RMU,1.962,False
2555,SN 2011FE,000-BKD-525,2455824.35772,10.2209,0.0183,False,Johnson V,CCD,RMU,1.966,False
2556,SN 2011FE,000-BKD-525,2455824.358102,10.2387,0.0175,False,Johnson V,CCD,RMU,1.970,False
2557,SN 2011FE,000-BKD-525,2455824.358472,10.2208,0.0185,False,Johnson V,CCD,RMU,1.974,False
2558,SN 2011FE,000-BKD-525,2455824.358854,10.1978,0.0170,False,Johnson V,CCD,RMU,1.979,False
2559,SN 2011FE,000-BKD-525,2455824.359225,10.1912,0.0178,False,Johnson V,CCD,RMU,1.983,False
2560,SN 2011FE,000-BKD-525,2455824.359595,10.1832,0.0172,False,Johnson V,CCD,RMU,1.987,False
2561,SN 2011FE,000-BKD-525,2455824.359965,10.1624,0.0190,False,Johnson V,CCD,RMU,1.991,False
2562,SN 2011FE,000-BKD-525,2455824.360347,10.1907,0.0188,False,Johnson V,CCD,RMU,1.995,False
2563,SN 2011FE,000-BKD-525,2455824.360718,10.1812,0.0203,False,Johnson V,CCD,RMU,1.999,False
2564,SN 2011FE,000-BKD-525,2455824.361088,10.2183,0.0175,False,Johnson V,CCD,RMU,2.003,False
2565,SN 2011FE,000-BKD-525,2455824.36147,10.1747,0.0185,False,Johnson V,CCD,RMU,2.008,False
2566,SN 2011FE,000-BKD-525,2455824.36184,10.2242,0.0188,False,Johnson V,CCD,RMU,2.012,False
2567,SN 2011FE,000-BKD-525,2455824.362211,10.1953,0.0184,False,Johnson V,CCD,RMU,2.016,False
2568,SN 2011FE,000-BKD-525,2455824.362581,10.1775,0.0193,False,Johnson V,CCD,RMU,2.020,False
2569,SN 2011FE,000-BKD-525,2455824.362963,10.2029,0.0192,False,Johnson V,CCD,RMU,2.024,False
2570,SN 2011FE,000-BKD-525,2455824.363333,10.2183,0.0178,False,Johnson V,CCD,RMU,2.029,False
2571,SN 2011FE,000-BKD-525,2455824.363715,10.1799,0.0198,False,Johnson V,CCD,RMU,2.033,False
2572,SN 2011FE,000-BKD-525,2455824.364086,10.1596,0.0199,False,Johnson V,CCD,RMU,2.037,False
2573,SN 2011FE,000-BKD-525,2455824.364456,10.2255,0.0193,False,Johnson V,CCD,RMU,2.042,False
2574,SN 2011FE,000-BKD-525,2455824.364838,10.2237,0.0196,False,Johnson V,CCD,RMU,2.046,False
2575,SN 2011FE,000-BKD-525,2455824.365208,10.2116,0.0189,False,Johnson V,CCD,RMU,2.051,False
2576,SN 2011FE,000-BKD-525,2455824.36559,10.2064,0.0178,False,Johnson V,CCD,RMU,2.055,False
2577,SN 2011FE,000-BKD-525,2455824.365961,10.2379,0.0202,False,Johnson V,CCD,RMU,2.059,False
2578,SN 2011FE,000-BKD-525,2455824.366331,10.1571,0.0202,False,Johnson V,CCD,RMU,2.064,False
2579,SN 2011FE,000-BKD-525,2455824.366713,10.2009,0.0190,False,Johnson V,CCD,RMU,2.068,False
2580,SN 2011FE,000-BKD-525,2455824.367083,10.2351,0.0194,False,Johnson V,CCD,RMU,2.072,False
2581,SN 2011FE,000-BKD-525,2455824.367465,10.1950,0.0184,False,Johnson V,CCD,RMU,2.077,False
2582,SN 2011FE,000-BKD-525,2455824.367836,10.1975,0.0208,False,Johnson V,CCD,RMU,2.082,False
2583,SN 2011FE,000-BKD-525,2455824.368206,10.1689,0.0198,False,Johnson V,CCD,RMU,2.086,False
2584,SN 2011FE,000-BKD-525,2455824.368588,10.2108,0.0192,False,Johnson V,CCD,RMU,2.091,False
2585,SN 2011FE,000-BKD-525,2455824.368958,10.2102,0.0191,False,Johnson V,CCD,RMU,2.095,False
2586,SN 2011FE,000-BKD-525,2455824.36941,10.2155,0.0181,False,Johnson V,CCD,RMU,2.101,False
2587,SN 2011FE,000-BKD-525,2455824.369792,10.1554,0.0220,False,Johnson V,CCD,RMU,2.105,False
2588,SN 2011FE,000-BKD-525,2455824.370185,10.1997,0.0185,False,Johnson V,CCD,RMU,2.110,False
2589,SN 2011FE,000-BKD-525,2455824.370556,10.1554,0.0194,False,Johnson V,CCD,RMU,2.115,False
2590,SN 2011FE,000-BKD-525,2455824.370938,10.1642,0.0200,False,Johnson V,CCD,RMU,2.120,False
2591,SN 2011FE,000-BKD-525,2455824.371308,10.1661,0.0215,False,Johnson V,CCD,RMU,2.124,False
2592,SN 2011FE,000-BKD-525,2455824.371678,10.2328,0.0198,False,Johnson V,CCD,RMU,2.129,False
2593,SN 2011FE,000-BKD-525,2455824.37206,10.2266,0.0206,False,Johnson V,CCD,RMU,2.134,False
2594,SN 2011FE,000-BKD-525,2455824.372431,10.2050,0.0189,False,Johnson V,CCD,RMU,2.138,False
2595,SN 2011FE,000-BKD-525,2455824.372801,10.2217,0.0204,False,Johnson V,CCD,RMU,2.142,False
2596,SN 2011FE,000-BKD-525,2455824.373183,10.2106,0.0204,False,Johnson V,CCD,RMU,2.147,False
2597,SN 2011FE,000-BKD-525,2455824.373576,10.2092,0.0183,False,Johnson V,CCD,RMU,2.152,False
2598,SN 2011FE,000-BKD-525,2455824.375,9.9,,False,Visual,Visual,SRBR,,
2599,SN 2011FE,000-BKD-525,2455824.42500,10.2,,False,Visual,Visual,KKAA,,
2600,2011FE,000-BKD-525,2455824.48162,10.276,0.042,False,Johnson V,CCD,MMX,,False
2601,2011FE,000-BKD-525,2455824.48238,10.271,0.057,False,Johnson V,CCD,MMX,,False
2602,2011FE,000-BKD-525,2455824.48314,10.291,0.055,False,Johnson V,CCD,MMX,,False
2603,2011FE,000-BKD-525,2455824.48618,10.259,0.017,False,Johnson V,CCD,MMX,,False
2604,2011FE,000-BKD-525,2455824.48694,10.272,0.040,False,Johnson V,CCD,MMX,,False
2605,2011FE,000-BKD-525,2455824.48771,10.301,0.041,False,Johnson V,CCD,MMX,,False
2606,2011FE,000-BKD-525,2455824.48846,10.273,0.021,False,Johnson V,CCD,MMX,,False
2607,2011FE,000-BKD-525,2455824.48922,10.276,0.045,False,Johnson V,CCD,MMX,,False
2608,2011FE,000-BKD-525,2455824.48999,10.313,0.017,False,Johnson V,CCD,MMX,,False
2609,2011FE,000-BKD-525,2455824.49075,10.264,0.026,False,Johnson V,CCD,MMX,,False
2610,2011FE,000-BKD-525,2455824.49152,10.298,0.020,False,Johnson V,CCD,MMX,,False
2611,2011FE,000-BKD-525,2455824.49227,10.264,0.021,False,Johnson V,CCD,MMX,,False
2612,2011FE,000-BKD-525,2455824.49303,10.281,0.023,False,Johnson V,CCD,MMX,,False
2613,2011FE,000-BKD-525,2455824.49380,10.267,0.014,False,Johnson V,CCD,MMX,,False
2614,2011FE,000-BKD-525,2455824.49455,10.263,0.014,False,Johnson V,CCD,MMX,,False
2615,2011FE,000-BKD-525,2455824.49531,10.291,0.042,False,Johnson V,CCD,MMX,,False
2616,SN 2011FE,000-BKD-525,2455824.56250,10.2,,False,Visual,Visual,ZXIA,,
2617,SN 2011FE,000-BKD-525,2455824.58311,10.183,0.0014,False,Johnson V,CCD,KROA,,False
2618,SN 2011FE,000-BKD-525,2455824.5833,10.2,,False,Visual,Visual,KRB,,
2619,SN 2011FE,000-BKD-525,2455824.600208,10.278,0.014,False,Johnson V,CCD,KPK,1.845,False
2620,SN 2011FE,000-BKD-525,2455824.604236,10.287,0.020,False,Johnson V,CCD,KPK,1.887,False
2621,SN 2011FE,000-BKD-525,2455824.605116,10.306,0.020,False,Johnson V,CCD,KPK,1.897,False
2622,SN 2011FE,000-BKD-525,2455824.605995,10.290,0.019,False,Johnson V,CCD,KPK,1.906,False
2623,SN 2011FE,000-BKD-525,2455824.607002,10.444,0.021,False,Cousins R,CCD,KPK,1.918,False
2624,SN 2011FE,000-BKD-525,2455824.607894,10.400,0.018,False,Cousins R,CCD,KPK,1.928,False
2625,SN 2011FE,000-BKD-525,2455824.608785,10.394,0.018,False,Cousins R,CCD,KPK,1.938,False
2626,SN 2011FE,000-BKD-525,2455824.609688,10.377,0.018,False,Cousins R,CCD,KPK,1.948,False
2627,SN 2011FE,000-BKD-525,2455824.610775,10.283,0.018,False,Johnson V,CCD,KPK,1.961,False
2628,SN 2011FE,000-BKD-525,2455824.611667,10.298,0.017,False,Johnson V,CCD,KPK,1.971,False
2629,SN 2011FE,000-BKD-525,2455824.612558,10.270,0.016,False,Johnson V,CCD,KPK,1.982,False
2630,SN 2011FE,000-BKD-525,2455824.613438,10.277,0.015,False,Johnson V,CCD,KPK,1.992,False
2631,SN 2011FE,000-BKD-525,2455824.614456,10.386,0.012,False,Cousins R,CCD,KPK,2.005,False
2632,SN 2011FE,000-BKD-525,2455824.615347,10.380,0.015,False,Cousins R,CCD,KPK,2.016,False
2633,SN 2011FE,000-BKD-525,2455824.616227,10.380,0.018,False,Cousins R,CCD,KPK,2.027,False
2634,SN 2011FE,000-BKD-525,2455824.617118,10.384,0.015,False,Cousins R,CCD,KPK,2.038,False
2635,SN 2011FE,000-BKD-525,2455824.6354,10.2,,False,Unknown,CCD,HUR,,
2636,SN 2011FE,000-BKD-525,2455824.63946,10.231,0.005,False,Johnson V,CCD,CTX,1.441,True
2637,SN 2011FE,000-BKD-525,2455824.63987,10.711,0.006,False,Cousins I,CCD,CTX,1.443,True
2638,SN 2011FE,000-BKD-525,2455824.64035,10.234,0.005,False,Johnson V,CCD,CTX,1.445,True
2639,SN 2011FE,000-BKD-525,2455824.64076,10.654,0.006,False,Cousins I,CCD,CTX,1.447,True
2640,SN 2011FE,000-BKD-525,2455824.64098,10.196,0.013,False,Johnson V,CCD,GFB,1.663,False
2641,SN 2011FE,000-BKD-525,2455824.64124,10.252,0.005,False,Johnson V,CCD,CTX,1.450,True
2642,SN 2011FE,000-BKD-525,2455824.64153,10.179,0.014,False,Johnson V,CCD,GFB,1.667,False
2643,SN 2011FE,000-BKD-525,2455824.64166,10.678,0.006,False,Cousins I,CCD,CTX,1.452,True
2644,SN 2011FE,000-BKD-525,2455824.64204,10.191,0.013,False,Johnson V,CCD,GFB,1.671,False
2645,SN 2011FE,000-BKD-525,2455824.64213,10.254,0.005,False,Johnson V,CCD,CTX,1.455,True
2646,SN 2011FE,000-BKD-525,2455824.64255,10.688,0.006,False,Cousins I,CCD,CTX,1.457,True
2647,SN 2011FE,000-BKD-525,2455824.64256,10.203,0.013,False,Johnson V,CCD,GFB,1.675,False
2648,SN 2011FE,000-BKD-525,2455824.64302,10.244,0.005,False,Johnson V,CCD,CTX,1.459,True
2649,SN 2011FE,000-BKD-525,2455824.64307,10.167,0.014,False,Johnson V,CCD,GFB,1.680,False
2650,SN 2011FE,000-BKD-525,2455824.64344,10.682,0.006,False,Cousins I,CCD,CTX,1.461,True
2651,SN 2011FE,000-BKD-525,2455824.64360,10.165,0.014,False,Johnson V,CCD,GFB,1.684,False
2652,SN 2011FE,000-BKD-525,2455824.64391,10.252,0.005,False,Johnson V,CCD,CTX,1.464,True
2653,SN 2011FE,000-BKD-525,2455824.64413,10.177,0.014,False,Johnson V,CCD,GFB,1.688,False
2654,SN 2011FE,000-BKD-525,2455824.64433,10.705,0.006,False,Cousins I,CCD,CTX,1.466,True
2655,SN 2011FE,000-BKD-525,2455824.64464,10.189,0.014,False,Johnson V,CCD,GFB,1.692,False
2656,SN 2011FE,000-BKD-525,2455824.64480,10.241,0.005,False,Johnson V,CCD,CTX,1.469,True
2657,SN 2011FE,000-BKD-525,2455824.64516,10.201,0.013,False,Johnson V,CCD,GFB,1.696,False
2658,SN 2011FE,000-BKD-525,2455824.64522,10.672,0.006,False,Cousins I,CCD,CTX,1.471,True
2659,SN 2011FE,000-BKD-525,2455824.64568,10.174,0.014,False,Johnson V,CCD,GFB,1.701,False
2660,SN 2011FE,000-BKD-525,2455824.64569,10.247,0.005,False,Johnson V,CCD,CTX,1.473,True
2661,SN 2011FE,000-BKD-525,2455824.64611,10.701,0.006,False,Cousins I,CCD,CTX,1.476,True
2662,SN 2011FE,000-BKD-525,2455824.64619,10.225,0.013,False,Johnson V,CCD,GFB,1.705,False
2663,SN 2011FE,000-BKD-525,2455824.64658,10.252,0.004,False,Johnson V,CCD,CTX,1.478,True
2664,SN 2011FE,000-BKD-525,2455824.64672,10.184,0.013,False,Johnson V,CCD,GFB,1.709,False
2665,SN 2011FE,000-BKD-525,2455824.64700,10.686,0.006,False,Cousins I,CCD,CTX,1.481,True
2666,SN 2011FE,000-BKD-525,2455824.64725,10.180,0.014,False,Johnson V,CCD,GFB,1.714,False
2667,SN 2011FE,000-BKD-525,2455824.64748,10.257,0.005,False,Johnson V,CCD,CTX,1.483,True
2668,SN 2011FE,000-BKD-525,2455824.64777,10.173,0.014,False,Johnson V,CCD,GFB,1.718,False
2669,SN 2011FE,000-BKD-525,2455824.64789,10.697,0.006,False,Cousins I,CCD,CTX,1.485,True
2670,SN 2011FE,000-BKD-525,2455824.64830,10.191,0.013,False,Johnson V,CCD,GFB,1.722,False
2671,SN 2011FE,000-BKD-525,2455824.64837,10.261,0.004,False,Johnson V,CCD,CTX,1.488,True
2672,SN 2011FE,000-BKD-525,2455824.64879,10.682,0.006,False,Cousins I,CCD,CTX,1.490,True
2673,SN 2011FE,000-BKD-525,2455824.64881,10.206,0.013,False,Johnson V,CCD,GFB,1.727,False
2674,SN 2011FE,000-BKD-525,2455824.64926,10.240,0.004,False,Johnson V,CCD,CTX,1.493,True
2675,SN 2011FE,000-BKD-525,2455824.64934,10.164,0.014,False,Johnson V,CCD,GFB,1.731,False
2676,SN 2011FE,000-BKD-525,2455824.64968,10.670,0.006,False,Cousins I,CCD,CTX,1.495,True
2677,SN 2011FE,000-BKD-525,2455824.64986,10.176,0.014,False,Johnson V,CCD,GFB,1.736,False
2678,SN 2011FE,000-BKD-525,2455824.65015,10.238,0.004,False,Johnson V,CCD,CTX,1.498,True
2679,SN 2011FE,000-BKD-525,2455824.65037,10.189,0.013,False,Johnson V,CCD,GFB,1.740,False
2680,SN 2011FE,000-BKD-525,2455824.65057,10.703,0.006,False,Cousins I,CCD,CTX,1.500,True
2681,SN 2011FE,000-BKD-525,2455824.65089,10.194,0.013,False,Johnson V,CCD,GFB,1.744,False
2682,SN 2011FE,000-BKD-525,2455824.65104,10.262,0.004,False,Johnson V,CCD,CTX,1.503,True
2683,SN 2011FE,000-BKD-525,2455824.65140,10.196,0.013,False,Johnson V,CCD,GFB,1.749,False
2684,SN 2011FE,000-BKD-525,2455824.65146,10.703,0.006,False,Cousins I,CCD,CTX,1.505,True
2685,SN 2011FE,000-BKD-525,2455824.65191,10.128,0.015,False,Johnson V,CCD,GFB,1.753,False
2686,SN 2011FE,000-BKD-525,2455824.65193,10.253,0.004,False,Johnson V,CCD,CTX,1.508,True
2687,SN 2011FE,000-BKD-525,2455824.65235,10.705,0.006,False,Cousins I,CCD,CTX,1.510,True
2688,SN 2011FE,000-BKD-525,2455824.65242,10.167,0.014,False,Johnson V,CCD,GFB,1.758,False
2689,SN 2011FE,000-BKD-525,2455824.65282,10.262,0.004,False,Johnson V,CCD,CTX,1.513,True
2690,SN 2011FE,000-BKD-525,2455824.65293,10.199,0.013,False,Johnson V,CCD,GFB,1.762,False
2691,SN 2011FE,000-BKD-525,2455824.65324,10.672,0.006,False,Cousins I,CCD,CTX,1.515,True
2692,SN 2011FE,000-BKD-525,2455824.65343,10.161,0.014,False,Johnson V,CCD,GFB,1.767,False
2693,SN 2011FE,000-BKD-525,2455824.65372,10.270,0.004,False,Johnson V,CCD,CTX,1.518,True
2694,SN 2011FE,000-BKD-525,2455824.65395,10.184,0.014,False,Johnson V,CCD,GFB,1.771,False
2695,SN 2011FE,000-BKD-525,2455824.65413,10.694,0.006,False,Cousins I,CCD,CTX,1.521,True
2696,SN 2011FE,000-BKD-525,2455824.65446,10.183,0.014,False,Johnson V,CCD,GFB,1.776,False
2697,SN 2011FE,000-BKD-525,2455824.65461,10.259,0.005,False,Johnson V,CCD,CTX,1.523,True
2698,SN 2011FE,000-BKD-525,2455824.65498,10.199,0.014,False,Johnson V,CCD,GFB,1.781,False
2699,SN 2011FE,000-BKD-525,2455824.65503,10.702,0.006,False,Cousins I,CCD,CTX,1.526,True
2700,SN 2011FE,000-BKD-525,2455824.65549,10.188,0.014,False,Johnson V,CCD,GFB,1.785,False
2701,SN 2011FE,000-BKD-525,2455824.65550,10.232,0.005,False,Johnson V,CCD,CTX,1.529,True
2702,SN 2011FE,000-BKD-525,2455824.65592,10.667,0.006,False,Cousins I,CCD,CTX,1.531,True
2703,SN 2011FE,000-BKD-525,2455824.65598,10.169,0.014,False,Johnson V,CCD,GFB,1.790,False
2704,SN 2011FE,000-BKD-525,2455824.65639,10.257,0.005,False,Johnson V,CCD,CTX,1.534,True
2705,SN 2011FE,000-BKD-525,2455824.65649,10.163,0.014,False,Johnson V,CCD,GFB,1.794,False
2706,SN 2011FE,000-BKD-525,2455824.65681,10.670,0.006,False,Cousins I,CCD,CTX,1.536,True
2707,SN 2011FE,000-BKD-525,2455824.65701,10.177,0.014,False,Johnson V,CCD,GFB,1.799,False
2708,SN 2011FE,000-BKD-525,2455824.65728,10.250,0.005,False,Johnson V,CCD,CTX,1.539,True
2709,SN 2011FE,000-BKD-525,2455824.65753,10.173,0.014,False,Johnson V,CCD,GFB,1.804,False
2710,SN 2011FE,000-BKD-525,2455824.65770,10.709,0.006,False,Cousins I,CCD,CTX,1.542,True
2711,SN 2011FE,000-BKD-525,2455824.65806,10.161,0.014,False,Johnson V,CCD,GFB,1.809,False
2712,SN 2011FE,000-BKD-525,2455824.65817,10.263,0.005,False,Johnson V,CCD,CTX,1.545,True
2713,SN 2011FE,000-BKD-525,2455824.65858,10.178,0.014,False,Johnson V,CCD,GFB,1.814,False
2714,SN 2011FE,000-BKD-525,2455824.65859,10.707,0.008,False,Cousins I,CCD,CTX,1.547,True
2715,SN 2011FE,000-BKD-525,2455824.65907,10.270,0.005,False,Johnson V,CCD,CTX,1.550,True
2716,SN 2011FE,000-BKD-525,2455824.65910,10.182,0.014,False,Johnson V,CCD,GFB,1.819,False
2717,SN 2011FE,000-BKD-525,2455824.65948,10.712,0.008,False,Cousins I,CCD,CTX,1.552,True
2718,SN 2011FE,000-BKD-525,2455824.65962,10.172,0.014,False,Johnson V,CCD,GFB,1.824,False
2719,SN 2011FE,000-BKD-525,2455824.65996,10.272,0.005,False,Johnson V,CCD,CTX,1.555,True
2720,SN 2011FE,000-BKD-525,2455824.66014,10.201,0.014,False,Johnson V,CCD,GFB,1.829,False
2721,SN 2011FE,000-BKD-525,2455824.66037,10.707,0.006,False,Cousins I,CCD,CTX,1.558,True
2722,SN 2011FE,000-BKD-525,2455824.66067,10.160,0.014,False,Johnson V,CCD,GFB,1.834,False
2723,SN 2011FE,000-BKD-525,2455824.66085,10.252,0.005,False,Johnson V,CCD,CTX,1.561,True
2724,SN 2011FE,000-BKD-525,2455824.66118,10.169,0.014,False,Johnson V,CCD,GFB,1.839,False
2725,SN 2011FE,000-BKD-525,2455824.66126,10.683,0.006,False,Cousins I,CCD,CTX,1.563,True
2726,SN 2011FE,000-BKD-525,2455824.66169,10.167,0.014,False,Johnson V,CCD,GFB,1.844,False
2727,SN 2011FE,000-BKD-525,2455824.66174,10.261,0.005,False,Johnson V,CCD,CTX,1.566,True
2728,SN 2011FE,000-BKD-525,2455824.66215,10.677,0.008,False,Cousins I,CCD,CTX,1.569,True
2729,SN 2011FE,000-BKD-525,2455824.66222,10.177,0.014,False,Johnson V,CCD,GFB,1.849,False
2730,SN 2011FE,000-BKD-525,2455824.66263,10.223,0.005,False,Johnson V,CCD,CTX,1.572,True
2731,SN 2011FE,000-BKD-525,2455824.66273,10.181,0.014,False,Johnson V,CCD,GFB,1.854,False
2732,SN 2011FE,000-BKD-525,2455824.66305,10.687,0.007,False,Cousins I,CCD,CTX,1.574,True
2733,SN 2011FE,000-BKD-525,2455824.66328,10.174,0.014,False,Johnson V,CCD,GFB,1.859,False
2734,SN 2011FE,000-BKD-525,2455824.66352,10.242,0.005,False,Johnson V,CCD,CTX,1.577,True
2735,SN 2011FE,000-BKD-525,2455824.66378,10.177,0.014,False,Johnson V,CCD,GFB,1.864,False
2736,SN 2011FE,000-BKD-525,2455824.66394,10.676,0.006,False,Cousins I,CCD,CTX,1.580,True
2737,SN 2011FE,000-BKD-525,2455824.66431,10.203,0.014,False,Johnson V,CCD,GFB,1.869,False
2738,SN 2011FE,000-BKD-525,2455824.66441,10.243,0.005,False,Johnson V,CCD,CTX,1.583,True
2739,SN 2011FE,000-BKD-525,2455824.66481,10.187,0.014,False,Johnson V,CCD,GFB,1.875,False
2740,SN 2011FE,000-BKD-525,2455824.66483,10.671,0.006,False,Cousins I,CCD,CTX,1.586,True
2741,SN 2011FE,000-BKD-525,2455824.66530,10.257,0.005,False,Johnson V,CCD,CTX,1.589,True
2742,SN 2011FE,000-BKD-525,2455824.66535,10.172,0.014,False,Johnson V,CCD,GFB,1.880,False
2743,SN 2011FE,000-BKD-525,2455824.66572,10.691,0.006,False,Cousins I,CCD,CTX,1.591,True
2744,SN 2011FE,000-BKD-525,2455824.66587,10.171,0.014,False,Johnson V,CCD,GFB,1.885,False
2745,SN 2011FE,000-BKD-525,2455824.66619,10.236,0.005,False,Johnson V,CCD,CTX,1.595,True
2746,SN 2011FE,000-BKD-525,2455824.66638,10.150,0.015,False,Johnson V,CCD,GFB,1.890,False
2747,SN 2011FE,000-BKD-525,2455824.66661,10.677,0.006,False,Cousins I,CCD,CTX,1.597,True
2748,SN 2011FE,000-BKD-525,2455824.66689,10.150,0.015,False,Johnson V,CCD,GFB,1.896,False
2749,SN 2011FE,000-BKD-525,2455824.66708,10.223,0.005,False,Johnson V,CCD,CTX,1.600,True
2750,SN 2011FE,000-BKD-525,2455824.66740,10.127,0.015,False,Johnson V,CCD,GFB,1.901,False
2751,SN 2011FE,000-BKD-525,2455824.66750,10.699,0.006,False,Cousins I,CCD,CTX,1.603,True
2752,SN 2011FE,000-BKD-525,2455824.66795,10.115,0.015,False,Johnson V,CCD,GFB,1.907,False
2753,SN 2011FE,000-BKD-525,2455824.66798,10.258,0.004,False,Johnson V,CCD,CTX,1.606,True
2754,SN 2011FE,000-BKD-525,2455824.66839,10.684,0.006,False,Cousins I,CCD,CTX,1.609,True
2755,SN 2011FE,000-BKD-525,2455824.66845,10.154,0.015,False,Johnson V,CCD,GFB,1.912,False
2756,SN 2011FE,000-BKD-525,2455824.66887,10.266,0.004,False,Johnson V,CCD,CTX,1.612,True
2757,SN 2011FE,000-BKD-525,2455824.66896,10.182,0.014,False,Johnson V,CCD,GFB,1.917,False
2758,SN 2011FE,000-BKD-525,2455824.66929,10.684,0.006,False,Cousins I,CCD,CTX,1.615,True
2759,SN 2011FE,000-BKD-525,2455824.66948,10.153,0.015,False,Johnson V,CCD,GFB,1.923,False
2760,SN 2011FE,000-BKD-525,2455824.66976,10.248,0.004,False,Johnson V,CCD,CTX,1.618,True
2761,SN 2011FE,000-BKD-525,2455824.67001,10.143,0.015,False,Johnson V,CCD,GFB,1.928,False
2762,SN 2011FE,000-BKD-525,2455824.67018,10.675,0.006,False,Cousins I,CCD,CTX,1.621,True
2763,SN 2011FE,000-BKD-525,2455824.67052,10.180,0.014,False,Johnson V,CCD,GFB,1.934,False
2764,SN 2011FE,000-BKD-525,2455824.67065,10.232,0.004,False,Johnson V,CCD,CTX,1.624,True
2765,SN 2011FE,000-BKD-525,2455824.67103,10.187,0.014,False,Johnson V,CCD,GFB,1.939,False
2766,SN 2011FE,000-BKD-525,2455824.67107,10.704,0.006,False,Cousins I,CCD,CTX,1.627,True
2767,SN 2011FE,000-BKD-525,2455824.67152,10.199,0.014,False,Johnson V,CCD,GFB,1.945,False
2768,SN 2011FE,000-BKD-525,2455824.67154,10.246,0.004,False,Johnson V,CCD,CTX,1.630,True
2769,SN 2011FE,000-BKD-525,2455824.67196,10.707,0.006,False,Cousins I,CCD,CTX,1.633,True
2770,SN 2011FE,000-BKD-525,2455824.67243,10.267,0.004,False,Johnson V,CCD,CTX,1.636,True
2771,SN 2011FE,000-BKD-525,2455824.67285,10.706,0.006,False,Cousins I,CCD,CTX,1.639,True
2772,SN 2011FE,000-BKD-525,2455824.67333,10.225,0.004,False,Johnson V,CCD,CTX,1.642,True
2773,SN 2011FE,000-BKD-525,2455824.67374,10.669,0.006,False,Cousins I,CCD,CTX,1.645,True
2774,SN 2011FE,000-BKD-525,2455824.67422,10.276,0.004,False,Johnson V,CCD,CTX,1.648,True
2775,SN 2011FE,000-BKD-525,2455824.67463,10.668,0.006,False,Cousins I,CCD,CTX,1.651,True
2776,SN 2011FE,000-BKD-525,2455824.67511,10.241,0.004,False,Johnson V,CCD,CTX,1.654,True
2777,SN 2011FE,000-BKD-525,2455824.67552,10.705,0.006,False,Cousins I,CCD,CTX,1.657,True
2778,SN 2011FE,000-BKD-525,2455824.67600,10.269,0.004,False,Johnson V,CCD,CTX,1.661,True
2779,SN 2011FE,000-BKD-525,2455824.67642,10.699,0.006,False,Cousins I,CCD,CTX,1.664,True
2780,SN 2011FE,000-BKD-525,2455824.67689,10.280,0.004,False,Johnson V,CCD,CTX,1.667,True
2781,SN 2011FE,000-BKD-525,2455824.67731,10.721,0.006,False,Cousins I,CCD,CTX,1.670,True
2782,SN 2011FE,000-BKD-525,2455824.67778,10.271,0.005,False,Johnson V,CCD,CTX,1.673,True
2783,SN 2011FE,000-BKD-525,2455824.67820,10.706,0.006,False,Cousins I,CCD,CTX,1.676,True
2784,SN 2011FE,000-BKD-525,2455824.67867,10.259,0.005,False,Johnson V,CCD,CTX,1.680,True
2785,SN 2011FE,000-BKD-525,2455824.67909,10.707,0.006,False,Cousins I,CCD,CTX,1.683,True
2786,SN 2011FE,000-BKD-525,2455824.67957,10.296,0.005,False,Johnson V,CCD,CTX,1.686,True
2787,SN 2011FE,000-BKD-525,2455824.67998,10.701,0.006,False,Cousins I,CCD,CTX,1.689,True
2788,SN 2011FE,000-BKD-525,2455824.68046,10.265,0.005,False,Johnson V,CCD,CTX,1.693,True
2789,SN 2011FE,000-BKD-525,2455824.68087,10.711,0.006,False,Cousins I,CCD,CTX,1.696,True
2790,SN 2011FE,000-BKD-525,2455824.68135,10.301,0.005,False,Johnson V,CCD,CTX,1.699,True
2791,SN 2011FE,000-BKD-525,2455824.68176,10.712,0.006,False,Cousins I,CCD,CTX,1.702,True
2792,SN 2011FE,000-BKD-525,2455824.68224,10.284,0.005,False,Johnson V,CCD,CTX,1.706,True
2793,SN 2011FE,000-BKD-525,2455824.68265,10.733,0.006,False,Cousins I,CCD,CTX,1.709,True
2794,SN 2011FE,000-BKD-525,2455824.68313,10.283,0.005,False,Johnson V,CCD,CTX,1.712,True
2795,SN 2011FE,000-BKD-525,2455824.68354,10.745,0.006,False,Cousins I,CCD,CTX,1.715,True
2796,SN 2011FE,000-BKD-525,2455824.68402,10.266,0.005,False,Johnson V,CCD,CTX,1.719,True
2797,SN 2011FE,000-BKD-525,2455824.68443,10.694,0.006,False,Cousins I,CCD,CTX,1.722,True
2798,SN 2011FE,000-BKD-525,2455824.68491,10.269,0.005,False,Johnson V,CCD,CTX,1.726,True
2799,SN 2011FE,000-BKD-525,2455824.68533,10.699,0.008,False,Cousins I,CCD,CTX,1.729,True
2800,SN 2011FE,000-BKD-525,2455824.68580,10.261,0.005,False,Johnson V,CCD,CTX,1.733,True
2801,SN 2011FE,000-BKD-525,2455824.68622,10.686,0.008,False,Cousins I,CCD,CTX,1.736,True
2802,SN 2011FE,000-BKD-525,2455824.68669,10.252,0.005,False,Johnson V,CCD,CTX,1.739,True
2803,SN 2011FE,000-BKD-525,2455824.68711,10.694,0.008,False,Cousins I,CCD,CTX,1.743,True
2804,SN 2011FE,000-BKD-525,2455824.68759,10.278,0.005,False,Johnson V,CCD,CTX,1.746,True
2805,SN 2011FE,000-BKD-525,2455824.68800,10.667,0.008,False,Cousins I,CCD,CTX,1.750,True
2806,SN 2011FE,000-BKD-525,2455824.68848,10.263,0.005,False,Johnson V,CCD,CTX,1.753,True
2807,SN 2011FE,000-BKD-525,2455824.68890,10.700,0.008,False,Cousins I,CCD,CTX,1.757,True
2808,SN 2011FE,000-BKD-525,2455824.68937,10.278,0.005,False,Johnson V,CCD,CTX,1.760,True
2809,SN 2011FE,000-BKD-525,2455824.68979,10.695,0.008,False,Cousins I,CCD,CTX,1.764,True
2810,SN 2011FE,000-BKD-525,2455824.69026,10.261,0.005,False,Johnson V,CCD,CTX,1.767,True
2811,SN 2011FE,000-BKD-525,2455824.69068,10.680,0.008,False,Cousins I,CCD,CTX,1.771,True
2812,SN 2011FE,000-BKD-525,2455824.69116,10.283,0.005,False,Johnson V,CCD,CTX,1.775,True
2813,SN 2011FE,000-BKD-525,2455824.69157,10.701,0.008,False,Cousins I,CCD,CTX,1.778,True
2814,SN 2011FE,000-BKD-525,2455824.69205,10.237,0.005,False,Johnson V,CCD,CTX,1.782,True
2815,SN 2011FE,000-BKD-525,2455824.69246,10.650,0.007,False,Cousins I,CCD,CTX,1.785,True
2816,SN 2011FE,000-BKD-525,2455824.69294,10.257,0.005,False,Johnson V,CCD,CTX,1.789,True
2817,SN 2011FE,000-BKD-525,2455824.69336,10.685,0.007,False,Cousins I,CCD,CTX,1.792,True
2818,SN 2011FE,000-BKD-525,2455824.69383,10.266,0.005,False,Johnson V,CCD,CTX,1.796,True
2819,SN 2011FE,000-BKD-525,2455824.69425,10.674,0.008,False,Cousins I,CCD,CTX,1.800,True
2820,SN 2011FE,000-BKD-525,2455824.69473,10.234,0.005,False,Johnson V,CCD,CTX,1.804,True
2821,SN 2011FE,000-BKD-525,2455824.69515,10.689,0.008,False,Cousins I,CCD,CTX,1.807,True
2822,SN 2011FE,000-BKD-525,2455824.69562,10.275,0.005,False,Johnson V,CCD,CTX,1.811,True
2823,SN 2011FE,000-BKD-525,2455824.69604,10.671,0.008,False,Cousins I,CCD,CTX,1.815,True
2824,SN 2011FE,000-BKD-525,2455824.69652,10.291,0.005,False,Johnson V,CCD,CTX,1.819,True
2825,SN 2011FE,000-BKD-525,2455824.69694,10.671,0.008,False,Cousins I,CCD,CTX,1.822,True
2826,SN 2011FE,000-BKD-525,2455824.69741,10.234,0.005,False,Johnson V,CCD,CTX,1.826,True
2827,SN 2011FE,000-BKD-525,2455824.69783,10.705,0.008,False,Cousins I,CCD,CTX,1.830,True
2828,SN 2011FE,000-BKD-525,2455824.69830,10.232,0.005,False,Johnson V,CCD,CTX,1.834,True
2829,SN 2011FE,000-BKD-525,2455824.69872,10.731,0.008,False,Cousins I,CCD,CTX,1.837,True
2830,SN 2011FE,000-BKD-525,2455824.69920,10.240,0.005,False,Johnson V,CCD,CTX,1.841,True
2831,SN 2011FE,000-BKD-525,2455824.69961,10.696,0.008,False,Cousins I,CCD,CTX,1.845,True
2832,SN 2011FE,000-BKD-525,2455824.70009,10.246,0.005,False,Johnson V,CCD,CTX,1.849,True
2833,SN 2011FE,000-BKD-525,2455824.70051,10.673,0.008,False,Cousins I,CCD,CTX,1.853,True
2834,SN 2011FE,000-BKD-525,2455824.70098,10.264,0.005,False,Johnson V,CCD,CTX,1.857,True
2835,SN 2011FE,000-BKD-525,2455824.70140,10.671,0.008,False,Cousins I,CCD,CTX,1.861,True
2836,SN 2011FE,000-BKD-525,2455824.70416,10.279,0.005,False,Johnson V,CCD,CTX,1.885,True
2837,SN 2011FE,000-BKD-525,2455824.70458,10.672,0.007,False,Cousins I,CCD,CTX,1.889,True
2838,SN 2011FE,000-BKD-525,2455824.70505,10.238,0.005,False,Johnson V,CCD,CTX,1.893,True
2839,SN 2011FE,000-BKD-525,2455824.70547,10.649,0.007,False,Cousins I,CCD,CTX,1.897,True
2840,SN 2011FE,000-BKD-525,2455824.70594,10.255,0.005,False,Johnson V,CCD,CTX,1.901,True
2841,SN 2011FE,000-BKD-525,2455824.70636,10.677,0.006,False,Cousins I,CCD,CTX,1.905,True
2842,SN 2011FE,000-BKD-525,2455824.70684,10.271,0.005,False,Johnson V,CCD,CTX,1.909,True
2843,SN 2011FE,000-BKD-525,2455824.70726,10.725,0.006,False,Cousins I,CCD,CTX,1.913,True
2844,SN 2011FE,000-BKD-525,2455824.70773,10.277,0.005,False,Johnson V,CCD,CTX,1.918,True
2845,SN 2011FE,000-BKD-525,2455824.70815,10.683,0.007,False,Cousins I,CCD,CTX,1.922,True
2846,SN 2011FE,000-BKD-525,2455824.70862,10.253,0.005,False,Johnson V,CCD,CTX,1.926,True
2847,SN 2011FE,000-BKD-525,2455824.70904,10.679,0.007,False,Cousins I,CCD,CTX,1.930,True
2848,SN 2011FE,000-BKD-525,2455824.70951,10.254,0.005,False,Johnson V,CCD,CTX,1.934,True
2849,SN 2011FE,000-BKD-525,2455824.70993,10.662,0.007,False,Cousins I,CCD,CTX,1.938,True
2850,SN 2011FE,000-BKD-525,2455824.71041,10.284,0.005,False,Johnson V,CCD,CTX,1.943,True
2851,SN 2011FE,000-BKD-525,2455824.71082,10.732,0.008,False,Cousins I,CCD,CTX,1.947,True
2852,SN 2011FE,000-BKD-525,2455824.71130,10.293,0.005,False,Johnson V,CCD,CTX,1.951,True
2853,SN 2011FE,000-BKD-525,2455824.71172,10.690,0.008,False,Cousins I,CCD,CTX,1.955,True
2854,SN 2011FE,000-BKD-525,2455824.71219,10.293,0.005,False,Johnson V,CCD,CTX,1.960,True
2855,SN 2011FE,000-BKD-525,2455824.71261,10.689,0.008,False,Cousins I,CCD,CTX,1.964,True
2856,SN 2011FE,000-BKD-525,2455824.71309,10.267,0.005,False,Johnson V,CCD,CTX,1.969,True
2857,SN 2011FE,000-BKD-525,2455824.71350,10.664,0.008,False,Cousins I,CCD,CTX,1.973,True
2858,SN 2011FE,000-BKD-525,2455824.71398,10.255,0.005,False,Johnson V,CCD,CTX,1.977,True
2859,SN 2011FE,000-BKD-525,2455824.71440,10.641,0.007,False,Cousins I,CCD,CTX,1.981,True
2860,SN 2011FE,000-BKD-525,2455824.71487,10.254,0.005,False,Johnson V,CCD,CTX,1.986,True
2861,SN 2011FE,000-BKD-525,2455824.71529,10.646,0.007,False,Cousins I,CCD,CTX,1.990,True
2862,SN 2011FE,000-BKD-525,2455824.71577,10.203,0.005,False,Johnson V,CCD,CTX,1.995,True
2863,SN 2011FE,000-BKD-525,2455824.71618,10.712,0.008,False,Cousins I,CCD,CTX,1.999,True
2864,SN 2011FE,000-BKD-525,2455824.71666,10.290,0.005,False,Johnson V,CCD,CTX,2.004,True
2865,SN 2011FE,000-BKD-525,2455824.71708,10.690,0.007,False,Cousins I,CCD,CTX,2.008,True
2866,SN 2011FE,000-BKD-525,2455824.71755,10.271,0.005,False,Johnson V,CCD,CTX,2.013,True
2867,SN 2011FE,000-BKD-525,2455824.71797,10.678,0.008,False,Cousins I,CCD,CTX,2.017,True
2868,SN 2011FE,000-BKD-525,2455824.71844,10.262,0.005,False,Johnson V,CCD,CTX,2.022,True
2869,SN 2011FE,000-BKD-525,2455824.71886,10.687,0.008,False,Cousins I,CCD,CTX,2.026,True
2870,SN 2011FE,000-BKD-525,2455824.71934,10.236,0.005,False,Johnson V,CCD,CTX,2.031,True
2871,SN 2011FE,000-BKD-525,2455824.71975,10.649,0.007,False,Cousins I,CCD,CTX,2.035,True
2872,SN 2011FE,000-BKD-525,2455824.72023,10.247,0.005,False,Johnson V,CCD,CTX,2.040,True
2873,SN 2011FE,000-BKD-525,2455824.72065,10.652,0.006,False,Cousins I,CCD,CTX,2.044,True
2874,SN 2011FE,000-BKD-525,2455824.72112,10.229,0.005,False,Johnson V,CCD,CTX,2.049,True
2875,SN 2011FE,000-BKD-525,2455824.72154,10.672,0.006,False,Cousins I,CCD,CTX,2.054,True
2876,SN 2011FE,000-BKD-525,2455824.72201,10.244,0.005,False,Johnson V,CCD,CTX,2.059,True
2877,SN 2011FE,000-BKD-525,2455824.72243,10.648,0.006,False,Cousins I,CCD,CTX,2.063,True
2878,SN 2011FE,000-BKD-525,2455824.72291,10.191,0.005,False,Johnson V,CCD,CTX,2.068,True
2879,SN 2011FE,000-BKD-525,2455824.72332,10.662,0.006,False,Cousins I,CCD,CTX,2.073,True
2880,SN 2011FE,000-BKD-525,2455824.72380,10.228,0.005,False,Johnson V,CCD,CTX,2.078,True
2881,SN 2011FE,000-BKD-525,2455824.72422,10.699,0.006,False,Cousins I,CCD,CTX,2.082,True
2882,SN 2011FE,000-BKD-525,2455824.72469,10.234,0.005,False,Johnson V,CCD,CTX,2.087,True
2883,SN 2011FE,000-BKD-525,2455824.72524,10.680,0.006,False,Cousins I,CCD,CTX,2.093,True
2884,SN 2011FE,000-BKD-525,2455824.72572,10.232,0.005,False,Johnson V,CCD,CTX,2.098,True
2885,SN 2011FE,000-BKD-525,2455824.72613,10.704,0.006,False,Cousins I,CCD,CTX,2.103,True
2886,SN 2011FE,000-BKD-525,2455824.72661,10.269,0.005,False,Johnson V,CCD,CTX,2.108,True
2887,SN 2011FE,000-BKD-525,2455824.72703,10.682,0.006,False,Cousins I,CCD,CTX,2.112,True
2888,SN 2011FE,000-BKD-525,2455824.72750,10.260,0.005,False,Johnson V,CCD,CTX,2.118,True
2889,SN 2011FE,000-BKD-525,2455824.72792,10.727,0.006,False,Cousins I,CCD,CTX,2.122,True
2890,SN 2011FE,000-BKD-525,2455824.72840,10.244,0.005,False,Johnson V,CCD,CTX,2.128,True
2891,SN 2011FE,000-BKD-525,2455824.72881,10.679,0.006,False,Cousins I,CCD,CTX,2.132,True
2892,SN 2011FE,000-BKD-525,2455824.72929,10.256,0.005,False,Johnson V,CCD,CTX,2.137,True
2893,SN 2011FE,000-BKD-525,2455824.72971,10.696,0.006,False,Cousins I,CCD,CTX,2.142,True
2894,SN 2011FE,000-BKD-525,2455824.73018,10.261,0.005,False,Johnson V,CCD,CTX,2.147,True
2895,SN 2011FE,000-BKD-525,2455824.73060,10.661,0.006,False,Cousins I,CCD,CTX,2.152,True
2896,SN 2011FE,000-BKD-525,2455824.73107,10.271,0.005,False,Johnson V,CCD,CTX,2.158,True
2897,SN 2011FE,000-BKD-525,2455824.73149,10.667,0.006,False,Cousins I,CCD,CTX,2.162,True
2898,SN 2011FE,000-BKD-525,2455824.73196,10.256,0.005,False,Johnson V,CCD,CTX,2.168,True
2899,SN 2011FE,000-BKD-525,2455824.73238,10.729,0.006,False,Cousins I,CCD,CTX,2.172,True
2900,SN 2011FE,000-BKD-525,2455824.73286,10.258,0.005,False,Johnson V,CCD,CTX,2.178,True
2901,SN 2011FE,000-BKD-525,2455824.73327,10.709,0.006,False,Cousins I,CCD,CTX,2.183,True
2902,SN 2011FE,000-BKD-525,2455824.73375,10.255,0.005,False,Johnson V,CCD,CTX,2.188,True
2903,SN 2011FE,000-BKD-525,2455824.73417,10.687,0.006,False,Cousins I,CCD,CTX,2.193,True
2904,SN 2011FE,000-BKD-525,2455824.73464,10.240,0.006,False,Johnson V,CCD,CTX,2.199,True
2905,SN 2011FE,000-BKD-525,2455824.73506,10.699,0.008,False,Cousins I,CCD,CTX,2.203,True
2906,SN 2011FE,000-BKD-525,2455824.73553,10.283,0.005,False,Johnson V,CCD,CTX,2.209,True
2907,SN 2011FE,000-BKD-525,2455824.73595,10.725,0.008,False,Cousins I,CCD,CTX,2.214,True
2908,SN 2011FE,000-BKD-525,2455824.73643,10.278,0.005,False,Johnson V,CCD,CTX,2.220,True
2909,SN 2011FE,000-BKD-525,2455824.73684,10.691,0.008,False,Cousins I,CCD,CTX,2.225,True
2910,SN 2011FE,000-BKD-525,2455824.73732,10.256,0.005,False,Johnson V,CCD,CTX,2.230,True
2911,SN 2011FE,000-BKD-525,2455824.73774,10.676,0.008,False,Cousins I,CCD,CTX,2.235,True
2912,SN 2011FE,000-BKD-525,2455824.73821,10.271,0.005,False,Johnson V,CCD,CTX,2.241,True
2913,SN 2011FE,000-BKD-525,2455824.73863,10.748,0.008,False,Cousins I,CCD,CTX,2.246,True
2914,SN 2011FE,000-BKD-525,2455824.73910,10.245,0.006,False,Johnson V,CCD,CTX,2.252,True
2915,SN 2011FE,000-BKD-525,2455824.73952,10.676,0.008,False,Cousins I,CCD,CTX,2.257,True
2916,SN 2011FE,000-BKD-525,2455824.73999,10.273,0.006,False,Johnson V,CCD,CTX,2.263,True
2917,SN 2011FE,000-BKD-525,2455824.74041,10.710,0.008,False,Cousins I,CCD,CTX,2.268,True
2918,SN 2011FE,000-BKD-525,2455824.74089,10.260,0.006,False,Johnson V,CCD,CTX,2.274,True
2919,SN 2011FE,000-BKD-525,2455824.74130,10.713,0.008,False,Cousins I,CCD,CTX,2.279,True
2920,SN 2011FE,000-BKD-525,2455824.74178,10.269,0.006,False,Johnson V,CCD,CTX,2.285,True
2921,SN 2011FE,000-BKD-525,2455824.74219,10.703,0.008,False,Cousins I,CCD,CTX,2.290,True
2922,SN 2011FE,000-BKD-525,2455824.74267,10.284,0.006,False,Johnson V,CCD,CTX,2.296,True
2923,SN 2011FE,000-BKD-525,2455824.74309,10.708,0.008,False,Cousins I,CCD,CTX,2.301,True
2924,SN 2011FE,000-BKD-525,2455824.74356,10.275,0.006,False,Johnson V,CCD,CTX,2.307,True
2925,SN 2011FE,000-BKD-525,2455824.74398,10.688,0.008,False,Cousins I,CCD,CTX,2.312,True
2926,SN 2011FE,000-BKD-525,2455824.74445,10.275,0.006,False,Johnson V,CCD,CTX,2.318,True
2927,SN 2011FE,000-BKD-525,2455824.74487,10.709,0.008,False,Cousins I,CCD,CTX,2.323,True
2928,SN 2011FE,000-BKD-525,2455824.74535,10.311,0.006,False,Johnson V,CCD,CTX,2.330,True
2929,SN 2011FE,000-BKD-525,2455824.74577,10.742,0.008,False,Cousins I,CCD,CTX,2.335,True
2930,SN 2011FE,000-BKD-525,2455824.74624,10.302,0.006,False,Johnson V,CCD,CTX,2.341,True
2931,SN 2011FE,000-BKD-525,2455824.74666,10.723,0.008,False,Cousins I,CCD,CTX,2.346,True
2932,SN 2011FE,000-BKD-525,2455824.74713,10.322,0.007,False,Johnson V,CCD,CTX,2.352,True
2933,SN 2011FE,000-BKD-525,2455824.74755,10.716,0.008,False,Cousins I,CCD,CTX,2.358,True
2934,SN 2011FE,000-BKD-525,2455824.74802,10.319,0.007,False,Johnson V,CCD,CTX,2.364,True
2935,SN 2011FE,000-BKD-525,2455824.74844,10.731,0.008,False,Cousins I,CCD,CTX,2.370,True
2936,SN 2011FE,000-BKD-525,2455825.25942,10.275,0.014,False,Johnson V,CCD,CMAB,,False
2937,SN 2011FE,000-BKD-525,2455825.30405,10.188,0.004,False,Johnson V,CCD,ATE,1.52,False
2938,SN 2011FE,000-BKD-525,2455825.30478,10.180,0.004,False,Johnson V,CCD,ATE,1.52,False
2939,SN 2011FE,000-BKD-525,2455825.30538,10.159,0.004,False,Johnson V,CCD,ATE,1.52,False
2940,SN 2011FE,000-BKD-525,2455825.30595,10.212,0.004,False,Johnson V,CCD,ATE,1.53,False
2941,SN 2011FE,000-BKD-525,2455825.3063,10.5,,False,Visual,Visual,REP,,
2942,SN 2011FE,000-BKD-525,2455825.30652,10.175,0.004,False,Johnson V,CCD,ATE,1.53,False
2943,SN 2011FE,000-BKD-525,2455825.30708,10.157,0.004,False,Johnson V,CCD,ATE,1.53,False
2944,SN 2011FE,000-BKD-525,2455825.30765,10.153,0.004,False,Johnson V,CCD,ATE,1.54,False
2945,SN 2011FE,000-BKD-525,2455825.30823,10.150,0.004,False,Johnson V,CCD,ATE,1.54,False
2946,SN 2011FE,000-BKD-525,2455825.30880,10.176,0.005,False,Johnson V,CCD,ATE,1.54,False
2947,SN 2011FE,000-BKD-525,2455825.30936,10.158,0.004,False,Johnson V,CCD,ATE,1.55,False
2948,SN 2011FE,000-BKD-525,2455825.30993,10.149,0.004,False,Johnson V,CCD,ATE,1.55,False
2949,SN 2011FE,000-BKD-525,2455825.31050,10.173,0.004,False,Johnson V,CCD,ATE,1.56,False
2950,SN 2011FE,000-BKD-525,2455825.31107,10.162,0.004,False,Johnson V,CCD,ATE,1.56,False
2951,SN 2011FE,000-BKD-525,2455825.31167,10.188,0.004,False,Johnson V,CCD,ATE,1.56,False
2952,SN 2011FE,000-BKD-525,2455825.31223,10.185,0.005,False,Johnson V,CCD,ATE,1.57,False
2953,SN 2011FE,000-BKD-525,2455825.31280,10.166,0.005,False,Johnson V,CCD,ATE,1.57,False
2954,SN 2011FE,000-BKD-525,2455825.31337,10.164,0.004,False,Johnson V,CCD,ATE,1.57,False
2955,SN 2011FE,000-BKD-525,2455825.31397,10.163,0.004,False,Johnson V,CCD,ATE,1.58,False
2956,SN 2011FE,000-BKD-525,2455825.31454,10.181,0.004,False,Johnson V,CCD,ATE,1.58,False
2957,SN 2011FE,000-BKD-525,2455825.31510,10.174,0.004,False,Johnson V,CCD,ATE,1.59,False
2958,SN 2011FE,000-BKD-525,2455825.31567,10.171,0.004,False,Johnson V,CCD,ATE,1.59,False
2959,SN 2011FE,000-BKD-525,2455825.31627,10.187,0.004,False,Johnson V,CCD,ATE,1.59,False
2960,SN 2011FE,000-BKD-525,2455825.31684,10.207,0.004,False,Johnson V,CCD,ATE,1.60,False
2961,SN 2011FE,000-BKD-525,2455825.3174,10.2,,False,Visual,Visual,LCR,,
2962,SN 2011FE,000-BKD-525,2455825.31743,10.185,0.005,False,Johnson V,CCD,ATE,1.60,False
2963,SN 2011FE,000-BKD-525,2455825.31801,10.159,0.005,False,Johnson V,CCD,ATE,1.61,False
2964,SN 2011FE,000-BKD-525,2455825.31858,10.168,0.005,False,Johnson V,CCD,ATE,1.61,False
2965,SN 2011FE,000-BKD-525,2455825.31917,10.187,0.005,False,Johnson V,CCD,ATE,1.61,False
2966,SN 2011FE,000-BKD-525,2455825.31973,10.182,0.005,False,Johnson V,CCD,ATE,1.62,False
2967,SN 2011FE,000-BKD-525,2455825.32031,10.179,0.005,False,Johnson V,CCD,ATE,1.62,False
2968,SN 2011FE,000-BKD-525,2455825.32088,10.155,0.005,False,Johnson V,CCD,ATE,1.63,False
2969,SN 2011FE,000-BKD-525,2455825.32145,10.159,0.005,False,Johnson V,CCD,ATE,1.63,False
2970,SN 2011FE,000-BKD-525,2455825.32204,10.187,0.005,False,Johnson V,CCD,ATE,1.63,False
2971,SN 2011FE,000-BKD-525,2455825.32264,10.156,0.005,False,Johnson V,CCD,ATE,1.64,False
2972,SN 2011FE,000-BKD-525,2455825.32321,10.155,0.005,False,Johnson V,CCD,ATE,1.64,False
2973,SN 2011FE,000-BKD-525,2455825.32381,10.167,0.005,False,Johnson V,CCD,ATE,1.65,False
2974,SN 2011FE,000-BKD-525,2455825.32438,10.165,0.005,False,Johnson V,CCD,ATE,1.65,False
2975,SN 2011FE,000-BKD-525,2455825.32498,10.150,0.005,False,Johnson V,CCD,ATE,1.66,False
2976,SN 2011FE,000-BKD-525,2455825.32557,10.169,0.005,False,Johnson V,CCD,ATE,1.66,False
2977,SN 2011FE,000-BKD-525,2455825.32613,10.175,0.005,False,Johnson V,CCD,ATE,1.67,False
2978,SN 2011FE,000-BKD-525,2455825.32670,10.207,0.004,False,Johnson V,CCD,ATE,1.67,False
2979,SN 2011FE,000-BKD-525,2455825.32728,10.162,0.005,False,Johnson V,CCD,ATE,1.67,False
2980,SN 2011FE,000-BKD-525,2455825.32785,10.178,0.004,False,Johnson V,CCD,ATE,1.68,False
2981,PTF11KLY,000-BKD-525,2455825.33194,10.21,0.02,False,Unfiltered with R Zeropoint,CCD,NOT,,False
2982,SN 2011FE,000-BKD-525,2455825.33987,10.242,0.021,False,Johnson V,CCD,RMU,1.815,False
2983,SN 2011FE,000-BKD-525,2455825.34593,10.507,0.036,False,Johnson B,CCD,RMU,1.870,False
2984,SN 2011FE,000-BKD-525,2455825.3497,10.1,,False,Visual,Visual,DAT,,
2985,SN 2011FE,000-BKD-525,2455825.34972,10.266,0.039,False,Cousins R,CCD,RMU,1.910,False
2986,SN 2011FE,000-BKD-525,2455825.35145,10.635,0.030,False,Cousins I,CCD,RMU,1.927,False
2987,SN 2011FE,000-BKD-525,2455825.35417,10.1,,False,Visual,Visual,OJR,,
2988,SN 2011FE,000-BKD-525,2455825.3708,10.3,,False,Visual,Visual,BHS,,
2989,SN 2011FE,000-BKD-525,2455825.39022,10.129,0.011,False,Johnson V,CCD,SDI,1.771,False
2990,SN 2011FE,000-BKD-525,2455825.39236,10.2,,False,Visual,Visual,BXT,,
2991,PTF11KLY,000-BKD-525,2455825.4125,10.3,,False,Visual,Visual,VFK,,
2992,PTF11kly,000-BKD-525,2455825.4503,10.21,0.02,False,Unfiltered with V Zeropoint,CCD,LCR,,False
2993,PTF11KLY,000-BKD-525,2455825.508,10.52,0.10,False,Johnson B,CCD,RHM,,False
2994,SN 2011FE,000-BKD-525,2455825.51250,10.3,,False,Visual,Visual,SLH,,
2995,PTF11KLY,000-BKD-525,2455825.517,10.29,0.06,False,Johnson V,CCD,RHM,,False
2996,PTF11KLY,000-BKD-525,2455825.525,10.37,0.07,False,Cousins R,CCD,RHM,,False
2997,SN 2011FE,000-BKD-525,2455825.527,10.4,,False,Visual,Visual,MHH,,
2998,PTF11KLY,000-BKD-525,2455825.534,10.78,0.07,False,Cousins I,CCD,RHM,,False
2999,SN 2011FE,000-BKD-525,2455825.54301,10.254,0.02,False,Johnson V,CCD,SHA,1.59,True
3000,PTF11kly,000-BKD-525,2455825.54433,10.503,0.03,False,Johnson B,CCD,SHA,1.60,True
3001,PTF11kly,000-BKD-525,2455825.54537,10.823,0.02,False,Cousins I,CCD,SHA,1.61,True
3002,SN 2011FE,000-BKD-525,2455825.59772,10.341,0.009,False,Johnson V,CCD,KPK,1.849,False
3003,SN 2011FE,000-BKD-525,2455825.598646,10.337,0.009,False,Johnson V,CCD,KPK,1.858,False
3004,SN 2011FE,000-BKD-525,2455825.599537,10.337,0.009,False,Johnson V,CCD,KPK,1.868,False
3005,PTF11KLY,000-BKD-525,2455825.599988,10.482,0.002,False,Johnson B,CCD,SRIC,1.438,False
3006,SN 2011FE,000-BKD-525,2455825.600463,10.337,0.009,False,Johnson V,CCD,KPK,1.878,False
3007,PTF11KLY,000-BKD-525,2455825.601181,10.723,0.002,False,Johnson B,CCD,SRIC,1.444,False
3008,SN 2011FE,000-BKD-525,2455825.601481,10.472,0.006,False,Cousins R,CCD,KPK,1.889,False
3009,PTF11KLY,000-BKD-525,2455825.602338,10.461,0.002,False,Johnson B,CCD,SRIC,1.450,False
3010,SN 2011FE,000-BKD-525,2455825.602407,10.464,0.006,False,Cousins R,CCD,KPK,1.899,False
3011,SN 2011FE,000-BKD-525,2455825.603299,10.488,0.006,False,Cousins R,CCD,KPK,1.908,False
3012,PTF11KLY,000-BKD-525,2455825.603762,10.251,0.001,False,Johnson V,CCD,SRIC,1.457,False
3013,SN 2011FE,000-BKD-525,2455825.604213,10.460,0.006,False,Cousins R,CCD,KPK,1.919,False
3014,PTF11KLY,000-BKD-525,2455825.604595,10.347,0.001,False,Johnson V,CCD,SRIC,1.461,False
3015,SN 2011FE,000-BKD-525,2455825.605313,10.346,0.009,False,Johnson V,CCD,KPK,1.931,False
3016,PTF11KLY,000-BKD-525,2455825.605417,10.323,0.001,False,Johnson V,CCD,SRIC,1.465,False
3017,SN 2011FE,000-BKD-525,2455825.606215,10.348,0.010,False,Johnson V,CCD,KPK,1.941,False
3018,SN 2011FE,000-BKD-525,2455825.607118,10.347,0.010,False,Johnson V,CCD,KPK,1.951,False
3019,SN 2011FE,000-BKD-525,2455825.607998,10.342,0.016,False,Johnson V,CCD,KPK,1.962,False
3020,SN 2011FE,000-BKD-525,2455825.609016,10.455,0.006,False,Cousins R,CCD,KPK,1.974,False
3021,SN 2011FE,000-BKD-525,2455825.609931,10.457,0.006,False,Cousins R,CCD,KPK,1.985,False
3022,SN 2011FE,000-BKD-525,2455825.610833,10.460,0.006,False,Cousins R,CCD,KPK,1.996,False
3023,SN 2011FE,000-BKD-525,2455825.611736,10.458,0.006,False,Cousins R,CCD,KPK,2.007,False
3024,SN 2011FE,000-BKD-525,2455825.616644,10.328,0.010,False,Johnson V,CCD,KPK,2.068,False
3025,SN 2011FE,000-BKD-525,2455825.617535,10.336,0.011,False,Johnson V,CCD,KPK,2.080,False
3026,SN 2011FE,000-BKD-525,2455825.620313,10.469,0.006,False,Cousins R,CCD,KPK,2.117,False
3027,SN 2011FE,000-BKD-525,2455825.621204,10.461,0.007,False,Cousins R,CCD,KPK,2.130,False
3028,SN 2011FE,000-BKD-525,2455825.6357,10.563,0.034,False,Johnson B,CCD,DJX,1.575,True
3029,SN 2011FE,000-BKD-525,2455825.6357,10.218,0.074,False,Cousins R,CCD,DJX,1.575,True
3030,SN 2011FE,000-BKD-525,2455825.6357,10.259,0.018,False,Johnson V,CCD,DJX,1.575,True
3031,SN 2011FE,000-BKD-525,2455825.640683,10.2734,0.0251,False,Johnson V,CCD,SSTA,1.598,False
3032,SN 2011FE,000-BKD-525,2455825.64097,10.235,0.013,False,Johnson V,CCD,GFB,1.685,False
3033,SN 2011FE,000-BKD-525,2455825.64150,10.234,0.013,False,Johnson V,CCD,GFB,1.689,False
3034,SN 2011FE,000-BKD-525,2455825.64204,10.220,0.013,False,Johnson V,CCD,GFB,1.693,False
3035,SN 2011FE,000-BKD-525,2455825.64255,10.260,0.013,False,Johnson V,CCD,GFB,1.697,False
3036,SN 2011FE,000-BKD-525,2455825.64307,10.337,0.013,False,Johnson V,CCD,GFB,1.702,False
3037,SN 2011FE,000-BKD-525,2455825.64360,10.389,0.013,False,Johnson V,CCD,GFB,1.706,False
3038,SN 2011FE,000-BKD-525,2455825.64412,10.336,0.013,False,Johnson V,CCD,GFB,1.710,False
3039,SN 2011FE,000-BKD-525,2455825.644329,10.2712,0.0320,False,Johnson V,CCD,SSTA,1.619,False
3040,SN 2011FE,000-BKD-525,2455825.64466,10.256,0.013,False,Johnson V,CCD,GFB,1.715,False
3041,SN 2011FE,000-BKD-525,2455825.645104,10.2771,0.0295,False,Johnson V,CCD,SSTA,1.623,False
3042,SN 2011FE,000-BKD-525,2455825.64520,10.249,0.013,False,Johnson V,CCD,GFB,1.719,False
3043,SN 2011FE,000-BKD-525,2455825.64573,10.208,0.013,False,Johnson V,CCD,GFB,1.724,False
3044,SN 2011FE,000-BKD-525,2455825.645868,10.2592,0.0338,False,Johnson V,CCD,SSTA,1.628,False
3045,SN 2011FE,000-BKD-525,2455825.64626,10.225,0.013,False,Johnson V,CCD,GFB,1.728,False
3046,SN 2011FE,000-BKD-525,2455825.646644,10.2725,0.0304,False,Johnson V,CCD,SSTA,1.633,False
3047,SN 2011FE,000-BKD-525,2455825.64683,10.216,0.013,False,Johnson V,CCD,GFB,1.733,False
3048,SN 2011FE,000-BKD-525,2455825.64735,10.239,0.013,False,Johnson V,CCD,GFB,1.737,False
3049,SN 2011FE,000-BKD-525,2455825.647407,10.2657,0.0336,False,Johnson V,CCD,SSTA,1.637,False
3050,SN 2011FE,000-BKD-525,2455825.64791,10.228,0.013,False,Johnson V,CCD,GFB,1.742,False
3051,SN 2011FE,000-BKD-525,2455825.648183,10.2709,0.0374,False,Johnson V,CCD,SSTA,1.642,False
3052,SN 2011FE,000-BKD-525,2455825.64847,10.229,0.013,False,Johnson V,CCD,GFB,1.747,False
3053,SN 2011FE,000-BKD-525,2455825.648958,10.2721,0.0341,False,Johnson V,CCD,SSTA,1.646,False
3054,SN 2011FE,000-BKD-525,2455825.64899,10.246,0.013,False,Johnson V,CCD,GFB,1.752,False
3055,SN 2011FE,000-BKD-525,2455825.64955,10.240,0.013,False,Johnson V,CCD,GFB,1.757,False
3056,SN 2011FE,000-BKD-525,2455825.649722,10.2564,0.0369,False,Johnson V,CCD,SSTA,1.651,False
3057,SN 2011FE,000-BKD-525,2455825.65009,10.249,0.013,False,Johnson V,CCD,GFB,1.761,False
3058,SN 2011FE,000-BKD-525,2455825.650498,10.2681,0.0358,False,Johnson V,CCD,SSTA,1.656,False
3059,SN 2011FE,000-BKD-525,2455825.65061,10.227,0.013,False,Johnson V,CCD,GFB,1.766,False
3060,SN 2011FE,000-BKD-525,2455825.65116,10.250,0.013,False,Johnson V,CCD,GFB,1.771,False
3061,SN 2011FE,000-BKD-525,2455825.651273,10.2668,0.0354,False,Johnson V,CCD,SSTA,1.661,False
3062,SN 2011FE,000-BKD-525,2455825.65169,10.249,0.013,False,Johnson V,CCD,GFB,1.776,False
3063,SN 2011FE,000-BKD-525,2455825.652037,10.2797,0.0333,False,Johnson V,CCD,SSTA,1.665,False
3064,SN 2011FE,000-BKD-525,2455825.65222,10.248,0.013,False,Johnson V,CCD,GFB,1.780,False
3065,SN 2011FE,000-BKD-525,2455825.65275,10.243,0.013,False,Johnson V,CCD,GFB,1.785,False
3066,SN 2011FE,000-BKD-525,2455825.652813,10.2707,0.0291,False,Johnson V,CCD,SSTA,1.670,False
3067,SN 2011FE,000-BKD-525,2455825.65329,10.256,0.013,False,Johnson V,CCD,GFB,1.790,False
3068,SN 2011FE,000-BKD-525,2455825.653576,10.2844,0.0299,False,Johnson V,CCD,SSTA,1.675,False
3069,SN 2011FE,000-BKD-525,2455825.65382,10.238,0.013,False,Johnson V,CCD,GFB,1.795,False
3070,SN 2011FE,000-BKD-525,2455825.654352,10.2734,0.0310,False,Johnson V,CCD,SSTA,1.680,False
3071,SN 2011FE,000-BKD-525,2455825.65436,10.237,0.013,False,Johnson V,CCD,GFB,1.800,False
3072,SN 2011FE,000-BKD-525,2455825.65490,10.238,0.013,False,Johnson V,CCD,GFB,1.805,False
3073,SN 2011FE,000-BKD-525,2455825.655127,10.2717,0.0319,False,Johnson V,CCD,SSTA,1.685,False
3074,SN 2011FE,000-BKD-525,2455825.65544,10.246,0.013,False,Johnson V,CCD,GFB,1.810,False
3075,SN 2011FE,000-BKD-525,2455825.655891,10.2658,0.0305,False,Johnson V,CCD,SSTA,1.689,False
3076,SN 2011FE,000-BKD-525,2455825.65597,10.252,0.013,False,Johnson V,CCD,GFB,1.815,False
3077,SN 2011FE,000-BKD-525,2455825.65650,10.240,0.013,False,Johnson V,CCD,GFB,1.820,False
3078,SN 2011FE,000-BKD-525,2455825.656667,10.2766,0.0319,False,Johnson V,CCD,SSTA,1.694,False
3079,SN 2011FE,000-BKD-525,2455825.65705,10.280,0.013,False,Johnson V,CCD,GFB,1.825,False
3080,SN 2011FE,000-BKD-525,2455825.657442,10.2817,0.0299,False,Johnson V,CCD,SSTA,1.699,False
3081,SN 2011FE,000-BKD-525,2455825.65758,10.237,0.013,False,Johnson V,CCD,GFB,1.830,False
3082,SN 2011FE,000-BKD-525,2455825.65811,10.228,0.014,False,Johnson V,CCD,GFB,1.835,False
3083,SN 2011FE,000-BKD-525,2455825.658206,10.2796,0.0317,False,Johnson V,CCD,SSTA,1.704,False
3084,SN 2011FE,000-BKD-525,2455825.65865,10.266,0.013,False,Johnson V,CCD,GFB,1.841,False
3085,SN 2011FE,000-BKD-525,2455825.658981,10.2780,0.0292,False,Johnson V,CCD,SSTA,1.709,False
3086,SN 2011FE,000-BKD-525,2455825.65920,10.209,0.014,False,Johnson V,CCD,GFB,1.846,False
3087,SN 2011FE,000-BKD-525,2455825.659745,10.2764,0.0281,False,Johnson V,CCD,SSTA,1.714,False
3088,SN 2011FE,000-BKD-525,2455825.65975,10.232,0.014,False,Johnson V,CCD,GFB,1.851,False
3089,SN 2011FE,000-BKD-525,2455825.66028,10.225,0.014,False,Johnson V,CCD,GFB,1.857,False
3090,SN 2011FE,000-BKD-525,2455825.660521,10.2649,0.0304,False,Johnson V,CCD,SSTA,1.719,False
3091,SN 2011FE,000-BKD-525,2455825.66082,10.234,0.014,False,Johnson V,CCD,GFB,1.862,False
3092,SN 2011FE,000-BKD-525,2455825.661285,10.2744,0.0342,False,Johnson V,CCD,SSTA,1.724,False
3093,SN 2011FE,000-BKD-525,2455825.66135,10.252,0.014,False,Johnson V,CCD,GFB,1.867,False
3094,SN 2011FE,000-BKD-525,2455825.66189,10.281,0.013,False,Johnson V,CCD,GFB,1.873,False
3095,SN 2011FE,000-BKD-525,2455825.66206,10.2796,0.0351,False,Johnson V,CCD,SSTA,1.729,False
3096,SN 2011FE,000-BKD-525,2455825.66243,10.236,0.014,False,Johnson V,CCD,GFB,1.878,False
3097,SN 2011FE,000-BKD-525,2455825.66297,10.268,0.013,False,Johnson V,CCD,GFB,1.884,False
3098,SN 2011FE,000-BKD-525,2455825.66351,10.274,0.013,False,Johnson V,CCD,GFB,1.889,False
3099,SN 2011FE,000-BKD-525,2455825.663796,10.2740,0.0269,False,Johnson V,CCD,SSTA,1.746,False
3100,SN 2011FE,000-BKD-525,2455825.66404,10.256,0.014,False,Johnson V,CCD,GFB,1.894,False
3101,SN 2011FE,000-BKD-525,2455825.66457,10.242,0.014,False,Johnson V,CCD,GFB,1.900,False
3102,SN 2011FE,000-BKD-525,2455825.664572,10.2767,0.0260,False,Johnson V,CCD,SSTA,1.751,False
3103,SN 2011FE,000-BKD-525,2455825.66512,10.236,0.014,False,Johnson V,CCD,GFB,1.906,False
3104,SN 2011FE,000-BKD-525,2455825.665336,10.2691,0.0271,False,Johnson V,CCD,SSTA,1.756,False
3105,SN 2011FE,000-BKD-525,2455825.66565,10.257,0.014,False,Johnson V,CCD,GFB,1.911,False
3106,SN 2011FE,000-BKD-525,2455825.666111,10.2719,0.0277,False,Johnson V,CCD,SSTA,1.761,False
3107,SN 2011FE,000-BKD-525,2455825.66618,10.265,0.014,False,Johnson V,CCD,GFB,1.917,False
3108,SN 2011FE,000-BKD-525,2455825.66671,10.246,0.014,False,Johnson V,CCD,GFB,1.922,False
3109,SN 2011FE,000-BKD-525,2455825.666887,10.2694,0.0288,False,Johnson V,CCD,SSTA,1.767,False
3110,SN 2011FE,000-BKD-525,2455825.66728,10.250,0.014,False,Johnson V,CCD,GFB,1.928,False
3111,SN 2011FE,000-BKD-525,2455825.66765,10.2702,0.0269,False,Johnson V,CCD,SSTA,1.772,False
3112,SN 2011FE,000-BKD-525,2455825.66780,10.233,0.014,False,Johnson V,CCD,GFB,1.934,False
3113,SN 2011FE,000-BKD-525,2455825.66833,10.248,0.014,False,Johnson V,CCD,GFB,1.940,False
3114,SN 2011FE,000-BKD-525,2455825.668426,10.2691,0.0270,False,Johnson V,CCD,SSTA,1.777,False
3115,SN 2011FE,000-BKD-525,2455825.66889,10.246,0.014,False,Johnson V,CCD,GFB,1.946,False
3116,SN 2011FE,000-BKD-525,2455825.669201,10.2873,0.0269,False,Johnson V,CCD,SSTA,1.783,False
3117,SN 2011FE,000-BKD-525,2455825.66941,10.251,0.014,False,Johnson V,CCD,GFB,1.951,False
3118,SN 2011FE,000-BKD-525,2455825.66994,10.235,0.014,False,Johnson V,CCD,GFB,1.957,False
3119,SN 2011FE,000-BKD-525,2455825.669965,10.2779,0.0274,False,Johnson V,CCD,SSTA,1.788,False
3120,SN 2011FE,000-BKD-525,2455825.67050,10.270,0.014,False,Johnson V,CCD,GFB,1.963,False
3121,SN 2011FE,000-BKD-525,2455825.670741,10.2771,0.0279,False,Johnson V,CCD,SSTA,1.793,False
3122,SN 2011FE,000-BKD-525,2455825.67105,10.242,0.014,False,Johnson V,CCD,GFB,1.970,False
3123,SN 2011FE,000-BKD-525,2455825.671505,10.2642,0.0281,False,Johnson V,CCD,SSTA,1.799,False
3124,SN 2011FE,000-BKD-525,2455825.67160,10.218,0.014,False,Johnson V,CCD,GFB,1.976,False
3125,SN 2011FE,000-BKD-525,2455825.67215,10.270,0.014,False,Johnson V,CCD,GFB,1.982,False
3126,SN 2011FE,000-BKD-525,2455825.67228,10.2648,0.0288,False,Johnson V,CCD,SSTA,1.804,False
3127,SN 2011FE,000-BKD-525,2455825.67269,10.302,0.014,False,Johnson V,CCD,GFB,1.988,False
3128,SN 2011FE,000-BKD-525,2455825.673056,10.2798,0.0263,False,Johnson V,CCD,SSTA,1.810,False
3129,SN 2011FE,000-BKD-525,2455825.673819,10.2728,0.0276,False,Johnson V,CCD,SSTA,1.815,False
3130,SN 2011FE,000-BKD-525,2455825.674595,10.2774,0.0274,False,Johnson V,CCD,SSTA,1.821,False
3131,SN 2011FE,000-BKD-525,2455825.67537,10.2750,0.0268,False,Johnson V,CCD,SSTA,1.826,False
3132,SN 2011FE,000-BKD-525,2455825.676134,10.2777,0.0304,False,Johnson V,CCD,SSTA,1.832,False
3133,SN 2011FE,000-BKD-525,2455825.67691,10.2684,0.0267,False,Johnson V,CCD,SSTA,1.838,False
3134,SN 2011FE,000-BKD-525,2455825.677674,10.2704,0.0301,False,Johnson V,CCD,SSTA,1.843,False
3135,SN 2011FE,000-BKD-525,2455825.678449,10.2778,0.0283,False,Johnson V,CCD,SSTA,1.849,False
3136,SN 2011FE,000-BKD-525,2455825.679225,10.2758,0.0268,False,Johnson V,CCD,SSTA,1.855,False
3137,SN 2011FE,000-BKD-525,2455825.679988,10.2685,0.0287,False,Johnson V,CCD,SSTA,1.860,False
3138,SN 2011FE,000-BKD-525,2455825.680764,10.2698,0.0284,False,Johnson V,CCD,SSTA,1.866,False
3139,SN 2011FE,000-BKD-525,2455825.681539,10.2764,0.0267,False,Johnson V,CCD,SSTA,1.872,False
3140,SN 2011FE,000-BKD-525,2455825.682303,10.2781,0.0281,False,Johnson V,CCD,SSTA,1.878,False
3141,SN 2011FE,000-BKD-525,2455825.683079,10.2813,0.0296,False,Johnson V,CCD,SSTA,1.884,False
3142,SN 2011FE,000-BKD-525,2455825.683843,10.2842,0.0280,False,Johnson V,CCD,SSTA,1.889,False
3143,SN 2011FE,000-BKD-525,2455825.684618,10.2905,0.0283,False,Johnson V,CCD,SSTA,1.895,False
3144,SN 2011FE,000-BKD-525,2455825.685394,10.2918,0.0276,False,Johnson V,CCD,SSTA,1.901,False
3145,SN 2011FE,000-BKD-525,2455825.686169,10.2778,0.0298,False,Johnson V,CCD,SSTA,1.907,False
3146,SN 2011FE,000-BKD-525,2455825.686944,10.2752,0.0285,False,Johnson V,CCD,SSTA,1.913,False
3147,SN 2011FE,000-BKD-525,2455825.68772,10.2753,0.0323,False,Johnson V,CCD,SSTA,1.919,False
3148,SN 2011FE,000-BKD-525,2455825.688495,10.2834,0.0311,False,Johnson V,CCD,SSTA,1.925,False
3149,SN 2011FE,000-BKD-525,2455825.689271,10.2836,0.0296,False,Johnson V,CCD,SSTA,1.931,False
3150,SN 2011FE,000-BKD-525,2455825.690046,10.2835,0.0306,False,Johnson V,CCD,SSTA,1.937,False
3151,SN 2011FE,000-BKD-525,2455825.690822,10.2922,0.0319,False,Johnson V,CCD,SSTA,1.944,False
3152,SN 2011FE,000-BKD-525,2455825.691597,10.2933,0.0312,False,Johnson V,CCD,SSTA,1.950,False
3153,SN 2011FE,000-BKD-525,2455825.692361,10.2961,0.0362,False,Johnson V,CCD,SSTA,1.956,False
3154,SN 2011FE,000-BKD-525,2455825.693137,10.2895,0.0316,False,Johnson V,CCD,SSTA,1.962,False
3155,SN 2011FE,000-BKD-525,2455825.693912,10.2766,0.0310,False,Johnson V,CCD,SSTA,1.968,False
3156,SN 2011FE,000-BKD-525,2455825.694688,10.2804,0.0310,False,Johnson V,CCD,SSTA,1.975,False
3157,SN 2011FE,000-BKD-525,2455825.695463,10.2592,0.0327,False,Johnson V,CCD,SSTA,1.981,False
3158,SN 2011FE,000-BKD-525,2455825.696238,10.2806,0.0318,False,Johnson V,CCD,SSTA,1.987,False
3159,SN 2011FE,000-BKD-525,2455825.697014,10.2825,0.0323,False,Johnson V,CCD,SSTA,1.994,False
3160,SN 2011FE,000-BKD-525,2455825.697789,10.2994,0.0297,False,Johnson V,CCD,SSTA,2.000,False
3161,SN 2011FE,000-BKD-525,2455825.698565,10.2750,0.0337,False,Johnson V,CCD,SSTA,2.006,False
3162,SN 2011FE,000-BKD-525,2455825.699329,10.2859,0.0316,False,Johnson V,CCD,SSTA,2.013,False
3163,SN 2011FE,000-BKD-525,2455825.700104,10.2841,0.0320,False,Johnson V,CCD,SSTA,2.019,False
3164,SN 2011FE,000-BKD-525,2455825.70088,10.3009,0.0301,False,Johnson V,CCD,SSTA,2.026,False
3165,SN 2011FE,000-BKD-525,2455825.701655,10.3046,0.0303,False,Johnson V,CCD,SSTA,2.032,False
3166,SN 2011FE,000-BKD-525,2455825.702419,10.2968,0.0309,False,Johnson V,CCD,SSTA,2.039,False
3167,SN 2011FE,000-BKD-525,2455825.703194,10.2873,0.0301,False,Johnson V,CCD,SSTA,2.045,False
3168,SN 2011FE,000-BKD-525,2455825.70397,10.2999,0.0303,False,Johnson V,CCD,SSTA,2.052,False
3169,SN 2011FE,000-BKD-525,2455825.704734,10.3037,0.0307,False,Johnson V,CCD,SSTA,2.058,False
3170,SN 2011FE,000-BKD-525,2455825.705509,10.2984,0.0318,False,Johnson V,CCD,SSTA,2.065,False
3171,SN 2011FE,000-BKD-525,2455825.706285,10.3009,0.0305,False,Johnson V,CCD,SSTA,2.072,False
3172,SN 2011FE,000-BKD-525,2455825.707049,10.2960,0.0308,False,Johnson V,CCD,SSTA,2.078,False
3173,SN 2011FE,000-BKD-525,2455825.707824,10.3003,0.0274,False,Johnson V,CCD,SSTA,2.085,False
3174,SN 2011FE,000-BKD-525,2455825.708588,10.3109,0.0290,False,Johnson V,CCD,SSTA,2.092,False
3175,SN 2011FE,000-BKD-525,2455825.709363,10.3073,0.0284,False,Johnson V,CCD,SSTA,2.098,False
3176,SN 2011FE,000-BKD-525,2455825.710139,10.2983,0.0284,False,Johnson V,CCD,SSTA,2.105,False
3177,SN 2011FE,000-BKD-525,2455825.710903,10.3031,0.0284,False,Johnson V,CCD,SSTA,2.112,False
3178,SN 2011FE,000-BKD-525,2455825.711678,10.3055,0.0286,False,Johnson V,CCD,SSTA,2.119,False
3179,SN 2011FE,000-BKD-525,2455825.712454,10.2967,0.0289,False,Johnson V,CCD,SSTA,2.126,False
3180,SN 2011FE,000-BKD-525,2455825.713218,10.2914,0.0329,False,Johnson V,CCD,SSTA,2.133,False
3181,SN 2011FE,000-BKD-525,2455825.713993,10.3039,0.0282,False,Johnson V,CCD,SSTA,2.140,False
3182,SN 2011FE,000-BKD-525,2455825.714769,10.2903,0.0312,False,Johnson V,CCD,SSTA,2.147,False
3183,SN 2011FE,000-BKD-525,2455825.715532,10.2870,0.0299,False,Johnson V,CCD,SSTA,2.153,False
3184,SN 2011FE,000-BKD-525,2455825.716308,10.2984,0.0288,False,Johnson V,CCD,SSTA,2.160,False
3185,SN 2011FE,000-BKD-525,2455825.717072,10.2943,0.0308,False,Johnson V,CCD,SSTA,2.167,False
3186,SN 2011FE,000-BKD-525,2455825.717847,10.2997,0.0283,False,Johnson V,CCD,SSTA,2.174,False
3187,SN 2011FE,000-BKD-525,2455825.718623,10.3000,0.0288,False,Johnson V,CCD,SSTA,2.182,False
3188,SN 2011FE,000-BKD-525,2455825.719387,10.2888,0.0303,False,Johnson V,CCD,SSTA,2.189,False
3189,SN 2011FE,000-BKD-525,2455825.720162,10.2921,0.0292,False,Johnson V,CCD,SSTA,2.196,False
3190,SN 2011FE,000-BKD-525,2455825.720938,10.3020,0.0294,False,Johnson V,CCD,SSTA,2.203,False
3191,SN 2011FE,000-BKD-525,2455825.721701,10.2969,0.0294,False,Johnson V,CCD,SSTA,2.210,False
3192,SN 2011FE,000-BKD-525,2455825.722477,10.2883,0.0297,False,Johnson V,CCD,SSTA,2.217,False
3193,SN 2011FE,000-BKD-525,2455825.723241,10.3134,0.0288,False,Johnson V,CCD,SSTA,2.224,False
3194,SN 2011FE,000-BKD-525,2455825.724016,10.2851,0.0310,False,Johnson V,CCD,SSTA,2.232,False
3195,SN 2011FE,000-BKD-525,2455825.724792,10.3001,0.0306,False,Johnson V,CCD,SSTA,2.239,False
3196,SN 2011FE,000-BKD-525,2455825.725556,10.2991,0.0313,False,Johnson V,CCD,SSTA,2.246,False
3197,SN 2011FE,000-BKD-525,2455825.726331,10.3110,0.0293,False,Johnson V,CCD,SSTA,2.253,False
3198,SN 2011FE,000-BKD-525,2455825.727106,10.3021,0.0318,False,Johnson V,CCD,SSTA,2.261,False
3199,2011FE,000-BKD-525,2455826.23403,10.2,,False,Visual,Visual,KSQ,,
3200,SN 2011FE,000-BKD-525,2455826.25556,10.1,,False,Visual,Visual,KOS,,
3201,SN 2011FE,000-BKD-525,2455826.26507,10.354,0.014,False,Johnson V,CCD,CMAB,,False
3202,SN 2011FE,000-BKD-525,2455826.27540,10.28,0.002,False,Johnson V,CCD,CALA,1.634,False
3203,SN 2011FE,000-BKD-525,2455826.27591,10.6,0.13,False,Unfiltered with V Zeropoint,CCD,RMAD,,False
3204,SN 2011FE,000-BKD-525,2455826.27790,10.34,0.002,False,Cousins R,CCD,CALA,1.652,False
3205,SN 2011FE,000-BKD-525,2455826.28,10.2,,False,Visual,Visual,BFO,,
3206,SN 2011FE,000-BKD-525,2455826.28200,10.62,0.002,False,Johnson B,CCD,CALA,1.682,False
3207,SN 2011FE,000-BKD-525,2455826.28472,10.4,,False,Visual,Visual,WKL,,
3208,SN 2011FE,000-BKD-525,2455826.28750,10.3,,False,Visual,Visual,SJZ,,
3209,SN 2011FE,000-BKD-525,2455826.2916,10.15,,False,Visual,Visual,DAT,,
3210,SN 2011FE,000-BKD-525,2455826.30,10.1,,False,Visual,Visual,HCS,,
3211,PTF11KLY,000-BKD-525,2455826.30086,10.773,0.010,False,Unfiltered with V Zeropoint,CCD,DGSA,,False
3212,PTF11KLY,000-BKD-525,2455826.30122,10.729,0.010,False,Unfiltered with V Zeropoint,CCD,DGSA,,False
3213,PTF11KLY,000-BKD-525,2455826.30158,10.726,0.002,False,Unfiltered with V Zeropoint,CCD,DGSA,,False
3214,PTF11KLY,000-BKD-525,2455826.30195,10.725,0.009,False,Unfiltered with V Zeropoint,CCD,DGSA,,False
3215,PTF11KLY,000-BKD-525,2455826.30231,10.738,0.018,False,Unfiltered with V Zeropoint,CCD,DGSA,,False
3216,PTF11KLY,000-BKD-525,2455826.30267,10.751,0.017,False,Unfiltered with V Zeropoint,CCD,DGSA,,False
3217,PTF11KLY,000-BKD-525,2455826.30303,10.748,0.009,False,Unfiltered with V Zeropoint,CCD,DGSA,,False
3218,PTF11KLY,000-BKD-525,2455826.30339,10.705,0.007,False,Unfiltered with V Zeropoint,CCD,DGSA,,False
3219,PTF11KLY,000-BKD-525,2455826.30375,10.752,0.016,False,Unfiltered with V Zeropoint,CCD,DGSA,,False
3220,PTF11KLY,000-BKD-525,2455826.30412,10.752,0.013,False,Unfiltered with V Zeropoint,CCD,DGSA,,False
3221,PTF11KLY,000-BKD-525,2455826.30447,10.784,0.014,False,Unfiltered with V Zeropoint,CCD,DGSA,,False
3222,PTF11KLY,000-BKD-525,2455826.30484,10.763,0.009,False,Unfiltered with V Zeropoint,CCD,DGSA,,False
3223,PTF11KLY,000-BKD-525,2455826.30520,10.775,0.023,False,Unfiltered with V Zeropoint,CCD,DGSA,,False
3224,PTF11KLY,000-BKD-525,2455826.30557,10.781,0.014,False,Unfiltered with V Zeropoint,CCD,DGSA,,False
3225,PTF11KLY,000-BKD-525,2455826.30594,10.783,0.019,False,Unfiltered with V Zeropoint,CCD,DGSA,,False
3226,PTF11KLY,000-BKD-525,2455826.30630,10.749,0.002,False,Unfiltered with V Zeropoint,CCD,DGSA,,False
3227,PTF11KLY,000-BKD-525,2455826.30666,10.770,0.017,False,Unfiltered with V Zeropoint,CCD,DGSA,,False
3228,SN 2011FE,000-BKD-525,2455826.30684,10.6,0.13,False,Unfiltered with V Zeropoint,CCD,RMAD,,False
3229,SN 2011FE,000-BKD-525,2455826.306870,10.669,,False,Unfiltered with V Zeropoint,CCD,HND,1.427,False
3230,PTF11KLY,000-BKD-525,2455826.30702,10.732,0.015,False,Unfiltered with V Zeropoint,CCD,DGSA,,False
3231,PTF11KLY,000-BKD-525,2455826.30738,10.744,0.009,False,Unfiltered with V Zeropoint,CCD,DGSA,,False
3232,PTF11KLY,000-BKD-525,2455826.30774,10.721,0.011,False,Unfiltered with V Zeropoint,CCD,DGSA,,False
3233,PTF11KLY,000-BKD-525,2455826.30810,10.719,0.011,False,Unfiltered with V Zeropoint,CCD,DGSA,,False
3234,SN 2011FE,000-BKD-525,2455826.308171,10.734,,False,Unfiltered with V Zeropoint,CCD,HND,1.433,False
3235,PTF11KLY,000-BKD-525,2455826.30847,10.717,0.005,False,Unfiltered with V Zeropoint,CCD,DGSA,,False
3236,SN 2011FE,000-BKD-525,2455826.308495,10.710,,False,Unfiltered with V Zeropoint,CCD,HND,1.435,False
3237,SN 2011FE,000-BKD-525,2455826.308819,10.718,,False,Unfiltered with V Zeropoint,CCD,HND,1.436,False
3238,PTF11KLY,000-BKD-525,2455826.30883,10.723,0.014,False,Unfiltered with V Zeropoint,CCD,DGSA,,False
3239,SN 2011FE,000-BKD-525,2455826.309143,10.693,,False,Unfiltered with V Zeropoint,CCD,HND,1.438,False
3240,PTF11KLY,000-BKD-525,2455826.30920,10.759,0.025,False,Unfiltered with V Zeropoint,CCD,DGSA,,False
3241,PTF11KLY,000-BKD-525,2455826.30956,10.742,0.017,False,Unfiltered with V Zeropoint,CCD,DGSA,,False
3242,PTF11KLY,000-BKD-525,2455826.30992,10.724,0.015,False,Unfiltered with V Zeropoint,CCD,DGSA,,False
3243,PTF11KLY,000-BKD-525,2455826.31028,10.789,0.019,False,Unfiltered with V Zeropoint,CCD,DGSA,,False
3244,PTF11KLY,000-BKD-525,2455826.31064,10.718,0.013,False,Unfiltered with V Zeropoint,CCD,DGSA,,False
3245,SN 2011FE,000-BKD-525,2455826.310752,10.701,,False,Unfiltered with V Zeropoint,CCD,HND,1.445,False
3246,PTF11KLY,000-BKD-525,2455826.31101,10.740,0.019,False,Unfiltered with V Zeropoint,CCD,DGSA,,False
3247,SN 2011FE,000-BKD-525,2455826.311088,10.692,,False,Unfiltered with V Zeropoint,CCD,HND,1.447,False
3248,PTF11KLY,000-BKD-525,2455826.31137,10.743,0.018,False,Unfiltered with V Zeropoint,CCD,DGSA,,False
3249,SN 2011FE,000-BKD-525,2455826.311736,10.701,,False,Unfiltered with V Zeropoint,CCD,HND,1.450,False
3250,PTF11KLY,000-BKD-525,2455826.31174,10.723,0.012,False,Unfiltered with V Zeropoint,CCD,DGSA,,False
3251,SN 2011FE,000-BKD-525,2455826.312072,10.690,,False,Unfiltered with V Zeropoint,CCD,HND,1.451,False
3252,PTF11KLY,000-BKD-525,2455826.31211,10.739,0.014,False,Unfiltered with V Zeropoint,CCD,DGSA,,False
3253,PTF11KLY,000-BKD-525,2455826.31248,10.769,0.011,False,Unfiltered with V Zeropoint,CCD,DGSA,,False
3254,PTF11KLY,000-BKD-525,2455826.31284,10.737,0.010,False,Unfiltered with V Zeropoint,CCD,DGSA,,False
3255,PTF11KLY,000-BKD-525,2455826.31321,10.740,0.009,False,Unfiltered with V Zeropoint,CCD,DGSA,,False
3256,PTF11KLY,000-BKD-525,2455826.31357,10.774,0.019,False,Unfiltered with V Zeropoint,CCD,DGSA,,False
3257,PTF11KLY,000-BKD-525,2455826.31394,10.786,0.019,False,Unfiltered with V Zeropoint,CCD,DGSA,,False
3258,PTF11KLY,000-BKD-525,2455826.31430,10.727,0.021,False,Unfiltered with V Zeropoint,CCD,DGSA,,False
3259,PTF11KLY,000-BKD-525,2455826.31467,10.735,0.018,False,Unfiltered with V Zeropoint,CCD,DGSA,,False
3260,PTF11KLY,000-BKD-525,2455826.31503,10.730,0.001,False,Unfiltered with V Zeropoint,CCD,DGSA,,False
3261,PTF11KLY,000-BKD-525,2455826.31540,10.769,0.021,False,Unfiltered with V Zeropoint,CCD,DGSA,,False
3262,PTF11KLY,000-BKD-525,2455826.31576,10.771,0.027,False,Unfiltered with V Zeropoint,CCD,DGSA,,False
3263,SN 2011FE,000-BKD-525,2455826.31597,10.3,,False,Visual,Visual,VBH,,
3264,PTF11KLY,000-BKD-525,2455826.31614,10.774,0.010,False,Unfiltered with V Zeropoint,CCD,DGSA,,False
3265,PTF11KLY,000-BKD-525,2455826.31650,10.811,0.007,False,Unfiltered with V Zeropoint,CCD,DGSA,,False
3266,PTF11KLY,000-BKD-525,2455826.31686,10.779,0.003,False,Unfiltered with V Zeropoint,CCD,DGSA,,False
3267,PTF11KLY,000-BKD-525,2455826.31734,10.777,0.008,False,Unfiltered with V Zeropoint,CCD,DGSA,,False
3268,PTF11KLY,000-BKD-525,2455826.31770,10.748,0.013,False,Unfiltered with V Zeropoint,CCD,DGSA,,False
3269,PTF11KLY,000-BKD-525,2455826.31807,10.752,0.011,False,Unfiltered with V Zeropoint,CCD,DGSA,,False
3270,PTF11KLY,000-BKD-525,2455826.31843,10.769,0.014,False,Unfiltered with V Zeropoint,CCD,DGSA,,False
3271,PTF11KLY,000-BKD-525,2455826.31879,10.742,0.001,False,Unfiltered with V Zeropoint,CCD,DGSA,,False
3272,PTF11KLY,000-BKD-525,2455826.31916,10.742,0.009,False,Unfiltered with V Zeropoint,CCD,DGSA,,False
3273,PTF11KLY,000-BKD-525,2455826.31953,10.769,0.011,False,Unfiltered with V Zeropoint,CCD,DGSA,,False
3274,PTF11KLY,000-BKD-525,2455826.31989,10.782,0.013,False,Unfiltered with V Zeropoint,CCD,DGSA,,False
3275,PTF11KLY,000-BKD-525,2455826.32026,10.783,0.018,False,Unfiltered with V Zeropoint,CCD,DGSA,,False
3276,PTF11KLY,000-BKD-525,2455826.32062,10.788,0.016,False,Unfiltered with V Zeropoint,CCD,DGSA,,False
3277,PTF11KLY,000-BKD-525,2455826.32098,10.766,0.018,False,Unfiltered with V Zeropoint,CCD,DGSA,,False
3278,PTF11KLY,000-BKD-525,2455826.32134,10.818,0.015,False,Unfiltered with V Zeropoint,CCD,DGSA,,False
3279,PTF11KLY,000-BKD-525,2455826.32171,10.761,0.005,False,Unfiltered with V Zeropoint,CCD,DGSA,,False
3280,PTF11KLY,000-BKD-525,2455826.32207,10.761,0.022,False,Unfiltered with V Zeropoint,CCD,DGSA,,False
3281,PTF11KLY,000-BKD-525,2455826.32244,10.713,0.012,False,Unfiltered with V Zeropoint,CCD,DGSA,,False
3282,PTF11KLY,000-BKD-525,2455826.32280,10.753,0.008,False,Unfiltered with V Zeropoint,CCD,DGSA,,False
3283,PTF11KLY,000-BKD-525,2455826.32361,10.31,0.02,False,Unfiltered with R Zeropoint,CCD,NOT,,False
3284,SN 2011FE,000-BKD-525,2455826.331130,10.684,,False,Unfiltered with V Zeropoint,CCD,HND,1.548,False
3285,SN 2011FE,000-BKD-525,2455826.333120,10.694,,False,Unfiltered with V Zeropoint,CCD,HND,1.559,False
3286,SN 2011FE,000-BKD-525,2455826.33333,10.2,,False,Visual,Visual,OJR,,
3287,SN 2011FE,000-BKD-525,2455826.333461,10.649,,False,Unfiltered with V Zeropoint,CCD,HND,1.561,False
3288,SN 2011FE,000-BKD-525,2455826.333599,10.697,,False,Unfiltered with V Zeropoint,CCD,HND,1.562,False
3289,SN 2011FE,000-BKD-525,2455826.334155,10.685,,False,Unfiltered with V Zeropoint,CCD,HND,1.565,False
3290,SN 2011FE,000-BKD-525,2455826.33451,10.439,0.028,False,Johnson V,CCD,RMU,1.791,False
3291,SN 2011FE,000-BKD-525,2455826.334572,10.656,,False,Unfiltered with V Zeropoint,CCD,HND,1.567,False
3292,SN 2011FE,000-BKD-525,2455826.33667,10.642,0.022,False,Johnson B,CCD,RMU,1.808,False
3293,SN 2011FE,000-BKD-525,2455826.34064,10.392,0.034,False,Cousins R,CCD,RMU,1.848,False
3294,SN 2011FE,000-BKD-525,2455826.34242,10.856,0.019,False,Cousins I,CCD,RMU,1.864,False
3295,SN 2011FE,000-BKD-525,2455826.35069,10.4,,False,Visual,Visual,ILE,,
3296,SN 2011FE,000-BKD-525,2455826.3507,10.4,,False,Visual,Visual,ILE,,
3297,PTF11KLY,000-BKD-525,2455826.3868,10.3,,False,Visual,Visual,VFK,,
3298,SN 2011FE,000-BKD-525,2455826.401,9.4,,False,Visual,Visual,VDE,,
3299,SN 2011FE,000-BKD-525,2455826.498605,10.327,0.01,False,Johnson V,CCD,LDJ,1.645,False
3300,SN 2011FE,000-BKD-525,2455826.499948,10.322,0.01,False,Johnson V,CCD,LDJ,1.655,False
3301,SN 2011FE,000-BKD-525,2455826.501244,10.321,0.01,False,Johnson V,CCD,LDJ,1.664,False
3302,SN 2011FE,000-BKD-525,2455826.502564,10.331,0.01,False,Johnson V,CCD,LDJ,1.674,False
3303,SN 2011FE,000-BKD-525,2455826.503848,10.325,0.01,False,Johnson V,CCD,LDJ,1.683,False
3304,SN 2011FE,000-BKD-525,2455826.505133,10.336,0.01,False,Johnson V,CCD,LDJ,1.693,False
3305,SN 2011FE,000-BKD-525,2455826.506429,10.338,0.01,False,Johnson V,CCD,LDJ,1.702,False
3306,SN 2011FE,000-BKD-525,2455826.507726,10.335,0.01,False,Johnson V,CCD,LDJ,1.712,False
3307,SN 2011FE,000-BKD-525,2455826.509022,10.330,0.01,False,Johnson V,CCD,LDJ,1.722,False
3308,SN 2011FE,000-BKD-525,2455826.510307,10.327,0.01,False,Johnson V,CCD,LDJ,1.732,False
3309,SN 2011FE,000-BKD-525,2455826.511603,10.338,0.01,False,Johnson V,CCD,LDJ,1.742,False
3310,SN 2011FE,000-BKD-525,2455826.512888,10.326,0.01,False,Johnson V,CCD,LDJ,1.753,False
3311,SN 2011FE,000-BKD-525,2455826.514184,10.336,0.01,False,Johnson V,CCD,LDJ,1.763,False
3312,SN 2011FE,000-BKD-525,2455826.516777,10.342,0.01,False,Johnson V,CCD,LDJ,1.784,False
3313,SN 2011FE,000-BKD-525,2455826.518073,10.336,0.01,False,Johnson V,CCD,LDJ,1.795,False
3314,SN 2011FE,000-BKD-525,2455826.519369,10.334,0.01,False,Johnson V,CCD,LDJ,1.806,False
3315,SN 2011FE,000-BKD-525,2455826.520666,10.340,0.01,False,Johnson V,CCD,LDJ,1.817,False
3316,SN 2011FE,000-BKD-525,2455826.521962,10.333,0.01,False,Johnson V,CCD,LDJ,1.828,False
3317,SN 2011FE,000-BKD-525,2455826.523258,10.346,0.01,False,Johnson V,CCD,LDJ,1.840,False
3318,SN 2011FE,000-BKD-525,2455826.524543,10.330,0.01,False,Johnson V,CCD,LDJ,1.851,False
3319,SN 2011FE,000-BKD-525,2455826.525839,10.342,0.01,False,Johnson V,CCD,LDJ,1.863,False
3320,SN 2011FE,000-BKD-525,2455826.527124,10.341,0.01,False,Johnson V,CCD,LDJ,1.874,False
3321,SN 2011FE,000-BKD-525,2455826.528420,10.339,0.01,False,Johnson V,CCD,LDJ,1.886,False
3322,SN 2011FE,000-BKD-525,2455826.529716,10.343,0.01,False,Johnson V,CCD,LDJ,1.898,False
3323,SN 2011FE,000-BKD-525,2455826.531013,10.342,0.01,False,Johnson V,CCD,LDJ,1.910,False
3324,SN 2011FE,000-BKD-525,2455826.532309,10.347,0.01,False,Johnson V,CCD,LDJ,1.923,False
3325,SN 2011FE,000-BKD-525,2455826.536904,10.339,0.01,False,Johnson V,CCD,LDJ,1.967,False
3326,SN 2011FE,000-BKD-525,2455826.538189,10.334,0.01,False,Johnson V,CCD,LDJ,1.980,False
3327,SN 2011FE,000-BKD-525,2455826.539485,10.341,0.01,False,Johnson V,CCD,LDJ,1.993,False
3328,SN 2011FE,000-BKD-525,2455826.540781,10.336,0.01,False,Johnson V,CCD,LDJ,2.007,False
3329,SN 2011FE,000-BKD-525,2455826.542078,10.340,0.01,False,Johnson V,CCD,LDJ,2.020,False
3330,SN 2011FE,000-BKD-525,2455826.543374,10.341,0.01,False,Johnson V,CCD,LDJ,2.034,False
3331,SN 2011FE,000-BKD-525,2455826.545966,10.345,0.01,False,Johnson V,CCD,LDJ,2.061,False
3332,SN 2011FE,000-BKD-525,2455826.547263,10.344,0.01,False,Johnson V,CCD,LDJ,2.076,False
3333,SN 2011FE,000-BKD-525,2455826.548547,10.341,0.01,False,Johnson V,CCD,LDJ,2.090,False
3334,SN 2011FE,000-BKD-525,2455826.549844,10.339,0.01,False,Johnson V,CCD,LDJ,2.104,False
3335,SN 2011FE,000-BKD-525,2455826.551140,10.340,0.01,False,Johnson V,CCD,LDJ,2.119,False
3336,SN 2011FE,000-BKD-525,2455826.552436,10.340,0.01,False,Johnson V,CCD,LDJ,2.133,False
3337,SN 2011FE,000-BKD-525,2455826.556325,10.351,0.01,False,Johnson V,CCD,LDJ,2.179,False
3338,SN 2011FE,000-BKD-525,2455826.557622,10.341,0.01,False,Johnson V,CCD,LDJ,2.194,False
3339,SN 2011FE,000-BKD-525,2455826.558918,10.349,0.01,False,Johnson V,CCD,LDJ,2.210,False
3340,SN 2011FE,000-BKD-525,2455826.560214,10.340,0.01,False,Johnson V,CCD,LDJ,2.226,False
3341,SN 2011FE,000-BKD-525,2455826.561510,10.345,0.01,False,Johnson V,CCD,LDJ,2.242,False
3342,SN 2011FE,000-BKD-525,2455826.562818,10.342,0.01,False,Johnson V,CCD,LDJ,2.258,False
3343,SN 2011FE,000-BKD-525,2455826.564126,10.349,0.01,False,Johnson V,CCD,LDJ,2.275,False
3344,SN 2011FE,000-BKD-525,2455826.565422,10.341,0.01,False,Johnson V,CCD,LDJ,2.292,False
3345,SN 2011FE,000-BKD-525,2455826.566719,10.343,0.01,False,Johnson V,CCD,LDJ,2.308,False
3346,SN 2011FE,000-BKD-525,2455826.568021,10.346,0.01,False,Johnson V,CCD,LDJ,2.325,False
3347,SN 2011FE,000-BKD-525,2455826.569323,10.336,0.01,False,Johnson V,CCD,LDJ,2.343,False
3348,SN 2011FE,000-BKD-525,2455826.570619,10.359,0.01,False,Johnson V,CCD,LDJ,2.360,False
3349,SN 2011FE,000-BKD-525,2455826.571927,10.345,0.01,False,Johnson V,CCD,LDJ,2.378,False
3350,SN 2011FE,000-BKD-525,2455826.573223,10.347,0.01,False,Johnson V,CCD,LDJ,2.396,False
3351,SN 2011FE,000-BKD-525,2455826.574520,10.347,0.01,False,Johnson V,CCD,LDJ,2.414,False
3352,SN 2011FE,000-BKD-525,2455826.575816,10.347,0.01,False,Johnson V,CCD,LDJ,2.432,False
3353,SN 2011FE,000-BKD-525,2455826.579242,10.340,0.01,False,Johnson V,CCD,LDJ,2.480,False
3354,SN 2011FE,000-BKD-525,2455826.580538,10.348,0.01,False,Johnson V,CCD,LDJ,2.500,False
3355,SN 2011FE,000-BKD-525,2455826.581834,10.346,0.01,False,Johnson V,CCD,LDJ,2.519,False
3356,SN 2011FE,000-BKD-525,2455826.583131,10.339,0.01,False,Johnson V,CCD,LDJ,2.539,False
3357,SN 2011FE,000-BKD-525,2455826.58333,10.0,,False,Visual,Visual,CKB,,
3358,SN 2011FE,000-BKD-525,2455826.584427,10.358,0.01,False,Johnson V,CCD,LDJ,2.558,False
3359,SN 2011FE,000-BKD-525,2455826.585723,10.348,0.01,False,Johnson V,CCD,LDJ,2.578,False
3360,SN 2011FE,000-BKD-525,2455826.587020,10.342,0.01,False,Johnson V,CCD,LDJ,2.598,False
3361,SN 2011FE,000-BKD-525,2455826.588316,10.337,0.01,False,Johnson V,CCD,LDJ,2.619,False
3362,SN 2011FE,000-BKD-525,2455826.589612,10.335,0.01,False,Johnson V,CCD,LDJ,2.639,False
3363,SN 2011FE,000-BKD-525,2455826.590909,10.338,0.01,False,Johnson V,CCD,LDJ,2.660,False
3364,SN 2011FE,000-BKD-525,2455826.592205,10.349,0.01,False,Johnson V,CCD,LDJ,2.681,False
3365,SN 2011FE,000-BKD-525,2455826.593501,10.335,0.01,False,Johnson V,CCD,LDJ,2.702,False
3366,SN 2011FE,000-BKD-525,2455826.594797,10.349,0.01,False,Johnson V,CCD,LDJ,2.724,False
3367,SN 2011FE,000-BKD-525,2455826.596094,10.352,0.01,False,Johnson V,CCD,LDJ,2.746,False
3368,SN 2011FE,000-BKD-525,2455826.597390,10.352,0.01,False,Johnson V,CCD,LDJ,2.768,False
3369,SN 2011FE,000-BKD-525,2455826.598686,10.351,0.01,False,Johnson V,CCD,LDJ,2.790,False
3370,SN 2011FE,000-BKD-525,2455826.601291,10.350,0.01,False,Johnson V,CCD,LDJ,2.835,False
3371,SN 2011FE,000-BKD-525,2455826.602587,10.349,0.01,False,Johnson V,CCD,LDJ,2.858,False
3372,SN 2011FE,000-BKD-525,2455826.603895,10.353,0.01,False,Johnson V,CCD,LDJ,2.882,False
3373,SN 2011FE,000-BKD-525,2455826.64100,10.304,0.014,False,Johnson V,CCD,GFB,1.707,False
3374,SN 2011FE,000-BKD-525,2455826.64156,10.295,0.014,False,Johnson V,CCD,GFB,1.712,False
3375,SN 2011FE,000-BKD-525,2455826.64207,10.299,0.014,False,Johnson V,CCD,GFB,1.716,False
3376,SN 2011FE,000-BKD-525,2455826.64260,10.302,0.014,False,Johnson V,CCD,GFB,1.720,False
3377,SN 2011FE,000-BKD-525,2455826.64314,10.292,0.014,False,Johnson V,CCD,GFB,1.725,False
3378,SN 2011FE,000-BKD-525,2455826.64368,10.280,0.014,False,Johnson V,CCD,GFB,1.729,False
3379,SN 2011FE,000-BKD-525,2455826.64424,10.311,0.014,False,Johnson V,CCD,GFB,1.734,False
3380,SN 2011FE,000-BKD-525,2455826.64477,10.331,0.013,False,Johnson V,CCD,GFB,1.739,False
3381,SN 2011FE,000-BKD-525,2455826.64529,10.281,0.014,False,Johnson V,CCD,GFB,1.743,False
3382,SN 2011FE,000-BKD-525,2455826.64586,10.329,0.014,False,Johnson V,CCD,GFB,1.748,False
3383,SN 2011FE,000-BKD-525,2455826.64637,10.304,0.014,False,Johnson V,CCD,GFB,1.753,False
3384,SN 2011FE,000-BKD-525,2455826.64690,10.300,0.014,False,Johnson V,CCD,GFB,1.757,False
3385,SN 2011FE,000-BKD-525,2455826.64745,10.319,0.014,False,Johnson V,CCD,GFB,1.762,False
3386,SN 2011FE,000-BKD-525,2455826.64797,10.307,0.014,False,Johnson V,CCD,GFB,1.767,False
3387,SN 2011FE,000-BKD-525,2455826.64851,10.307,0.014,False,Johnson V,CCD,GFB,1.772,False
3388,SN 2011FE,000-BKD-525,2455826.64905,10.297,0.014,False,Johnson V,CCD,GFB,1.776,False
3389,SN 2011FE,000-BKD-525,2455826.64958,10.319,0.014,False,Johnson V,CCD,GFB,1.781,False
3390,SN 2011FE,000-BKD-525,2455826.65014,10.297,0.014,False,Johnson V,CCD,GFB,1.786,False
3391,SN 2011FE,000-BKD-525,2455826.65068,10.299,0.014,False,Johnson V,CCD,GFB,1.791,False
3392,SN 2011FE,000-BKD-525,2455826.65123,10.282,0.015,False,Johnson V,CCD,GFB,1.796,False
3393,SN 2011FE,000-BKD-525,2455826.65176,10.327,0.014,False,Johnson V,CCD,GFB,1.801,False
3394,SN 2011FE,000-BKD-525,2455826.65230,10.288,0.015,False,Johnson V,CCD,GFB,1.806,False
3395,SN 2011FE,000-BKD-525,2455826.65287,10.312,0.014,False,Johnson V,CCD,GFB,1.811,False
3396,SN 2011FE,000-BKD-525,2455826.65340,10.301,0.014,False,Johnson V,CCD,GFB,1.816,False
3397,SN 2011FE,000-BKD-525,2455826.65395,10.306,0.014,False,Johnson V,CCD,GFB,1.822,False
3398,SN 2011FE,000-BKD-525,2455826.65451,10.310,0.014,False,Johnson V,CCD,GFB,1.827,False
3399,SN 2011FE,000-BKD-525,2455826.65503,10.306,0.014,False,Johnson V,CCD,GFB,1.832,False
3400,SN 2011FE,000-BKD-525,2455826.65557,10.305,0.015,False,Johnson V,CCD,GFB,1.837,False
3401,SN 2011FE,000-BKD-525,2455826.65610,10.335,0.014,False,Johnson V,CCD,GFB,1.842,False
3402,SN 2011FE,000-BKD-525,2455826.65663,10.308,0.014,False,Johnson V,CCD,GFB,1.848,False
3403,SN 2011FE,000-BKD-525,2455826.65718,10.304,0.015,False,Johnson V,CCD,GFB,1.853,False
3404,SN 2011FE,000-BKD-525,2455826.65771,10.311,0.014,False,Johnson V,CCD,GFB,1.858,False
3405,SN 2011FE,000-BKD-525,2455826.65824,10.320,0.014,False,Johnson V,CCD,GFB,1.863,False
3406,SN 2011FE,000-BKD-525,2455826.65877,10.300,0.015,False,Johnson V,CCD,GFB,1.869,False
3407,SN 2011FE,000-BKD-525,2455826.65931,10.308,0.015,False,Johnson V,CCD,GFB,1.874,False
3408,SN 2011FE,000-BKD-525,2455826.65987,10.316,0.015,False,Johnson V,CCD,GFB,1.880,False
3409,SN 2011FE,000-BKD-525,2455826.66038,10.324,0.014,False,Johnson V,CCD,GFB,1.885,False
3410,SN 2011FE,000-BKD-525,2455826.66093,10.325,0.014,False,Johnson V,CCD,GFB,1.891,False
3411,SN 2011FE,000-BKD-525,2455826.66147,10.300,0.015,False,Johnson V,CCD,GFB,1.896,False
3412,SN 2011FE,000-BKD-525,2455826.66200,10.280,0.015,False,Johnson V,CCD,GFB,1.902,False
3413,SN 2011FE,000-BKD-525,2455826.66253,10.297,0.015,False,Johnson V,CCD,GFB,1.907,False
3414,SN 2011FE,000-BKD-525,2455826.66308,10.285,0.015,False,Johnson V,CCD,GFB,1.913,False
3415,SN 2011FE,000-BKD-525,2455826.66360,10.311,0.014,False,Johnson V,CCD,GFB,1.918,False
3416,SN 2011FE,000-BKD-525,2455826.66414,10.299,0.015,False,Johnson V,CCD,GFB,1.924,False
3417,SN 2011FE,000-BKD-525,2455826.66466,10.304,0.015,False,Johnson V,CCD,GFB,1.930,False
3418,SN 2011FE,000-BKD-525,2455826.66520,10.284,0.015,False,Johnson V,CCD,GFB,1.935,False
3419,SN 2011FE,000-BKD-525,2455826.66571,10.313,0.015,False,Johnson V,CCD,GFB,1.941,False
3420,SN 2011FE,000-BKD-525,2455826.66622,10.288,0.015,False,Johnson V,CCD,GFB,1.946,False
3421,SN 2011FE,000-BKD-525,2455826.66672,10.305,0.015,False,Johnson V,CCD,GFB,1.952,False
3422,SN 2011FE,000-BKD-525,2455826.66725,10.312,0.015,False,Johnson V,CCD,GFB,1.958,False
3423,SN 2011FE,000-BKD-525,2455826.66781,10.302,0.015,False,Johnson V,CCD,GFB,1.964,False
3424,SN 2011FE,000-BKD-525,2455826.66834,10.289,0.015,False,Johnson V,CCD,GFB,1.970,False
3425,SN 2011FE,000-BKD-525,2455826.66885,10.309,0.015,False,Johnson V,CCD,GFB,1.976,False
3426,SN 2011FE,000-BKD-525,2455826.66936,10.321,0.015,False,Johnson V,CCD,GFB,1.981,False
3427,SN 2011FE,000-BKD-525,2455826.66987,10.294,0.015,False,Johnson V,CCD,GFB,1.987,False
3428,SN 2011FE,000-BKD-525,2455826.67038,10.350,0.015,False,Johnson V,CCD,GFB,1.993,False
3429,SN 2011FE,000-BKD-525,2455826.67089,10.315,0.015,False,Johnson V,CCD,GFB,1.999,False
3430,2011FE,000-BKD-525,2455827.24028,10.1,,False,Visual,Visual,KSQ,,
3431,SN 2011FE,000-BKD-525,2455827.26250,10.4,,False,Visual,Visual,KOS,,
3432,SN 2011FE,000-BKD-525,2455827.275,10.4,,False,Visual,Visual,VOL,,
3433,SN 2011FE,000-BKD-525,2455827.27685,10.415,0.015,False,Johnson V,CCD,CMAB,,False
3434,SN 2011FE,000-BKD-525,2455827.2847,10.2,,False,Visual,Visual,PLP,,
3435,SN 2011FE,000-BKD-525,2455827.2868,10.6,,False,Visual,Visual,REP,,
3436,SN 2011FE,000-BKD-525,2455827.30208,10.3,,False,Visual,Visual,KKAA,,
3437,PTF11KLY,000-BKD-525,2455827.3028,10.4,,False,Visual,Visual,VFK,,
3438,SN 2011FE,000-BKD-525,2455827.30972,10.5,0.01,False,Unfiltered with V Zeropoint,CCD,HNDA,,False
3439,SN 2011FE,000-BKD-525,2455827.32986,10.5,,False,Visual,Visual,ILE,,
3440,SN 2011FE,000-BKD-525,2455827.3299,10.5,,False,Visual,Visual,ILE,,
3441,PTF11KLY,000-BKD-525,2455827.35417,10.6,,False,Visual,Visual,PEI,,
3442,PTF11KLY,000-BKD-525,2455827.40261,10.860,0.027,False,Unfiltered with V Zeropoint,CCD,DGSA,,False
3443,PTF11KLY,000-BKD-525,2455827.40297,10.823,0.011,False,Unfiltered with V Zeropoint,CCD,DGSA,,False
3444,PTF11KLY,000-BKD-525,2455827.40334,10.850,0.007,False,Unfiltered with V Zeropoint,CCD,DGSA,,False
3445,PTF11KLY,000-BKD-525,2455827.40371,10.861,0.019,False,Unfiltered with V Zeropoint,CCD,DGSA,,False
3446,PTF11KLY,000-BKD-525,2455827.40408,10.825,0.004,False,Unfiltered with V Zeropoint,CCD,DGSA,,False
3447,PTF11KLY,000-BKD-525,2455827.40444,10.825,0.003,False,Unfiltered with V Zeropoint,CCD,DGSA,,False
3448,PTF11KLY,000-BKD-525,2455827.40481,10.833,0.019,False,Unfiltered with V Zeropoint,CCD,DGSA,,False
3449,PTF11KLY,000-BKD-525,2455827.40517,10.843,0.021,False,Unfiltered with V Zeropoint,CCD,DGSA,,False
3450,PTF11KLY,000-BKD-525,2455827.40554,10.791,0.005,False,Unfiltered with V Zeropoint,CCD,DGSA,,False
3451,PTF11KLY,000-BKD-525,2455827.40589,10.815,0.003,False,Unfiltered with V Zeropoint,CCD,DGSA,,False
3452,PTF11KLY,000-BKD-525,2455827.40626,10.856,0.053,False,Unfiltered with V Zeropoint,CCD,DGSA,,False
3453,PTF11KLY,000-BKD-525,2455827.40662,10.866,0.023,False,Unfiltered with V Zeropoint,CCD,DGSA,,False
3454,PTF11KLY,000-BKD-525,2455827.40698,10.862,0.012,False,Unfiltered with V Zeropoint,CCD,DGSA,,False
3455,PTF11KLY,000-BKD-525,2455827.40734,10.887,0.034,False,Unfiltered with V Zeropoint,CCD,DGSA,,False
3456,PTF11KLY,000-BKD-525,2455827.40771,10.866,0.036,False,Unfiltered with V Zeropoint,CCD,DGSA,,False
3457,PTF11KLY,000-BKD-525,2455827.40807,10.884,0.019,False,Unfiltered with V Zeropoint,CCD,DGSA,,False
3458,PTF11KLY,000-BKD-525,2455827.40842,10.844,0.023,False,Unfiltered with V Zeropoint,CCD,DGSA,,False
3459,PTF11KLY,000-BKD-525,2455827.40881,10.857,0.024,False,Unfiltered with V Zeropoint,CCD,DGSA,,False
3460,PTF11KLY,000-BKD-525,2455827.40917,10.860,0.030,False,Unfiltered with V Zeropoint,CCD,DGSA,,False
3461,PTF11KLY,000-BKD-525,2455827.40955,10.832,0.011,False,Unfiltered with V Zeropoint,CCD,DGSA,,False
3462,PTF11KLY,000-BKD-525,2455827.40991,10.818,0.018,False,Unfiltered with V Zeropoint,CCD,DGSA,,False
3463,PTF11KLY,000-BKD-525,2455827.41027,10.837,0.002,False,Unfiltered with V Zeropoint,CCD,DGSA,,False
3464,PTF11KLY,000-BKD-525,2455827.41063,10.846,0.006,False,Unfiltered with V Zeropoint,CCD,DGSA,,False
3465,PTF11KLY,000-BKD-525,2455827.41099,10.863,0.034,False,Unfiltered with V Zeropoint,CCD,DGSA,,False
3466,PTF11KLY,000-BKD-525,2455827.41135,10.837,0.022,False,Unfiltered with V Zeropoint,CCD,DGSA,,False
3467,PTF11KLY,000-BKD-525,2455827.41172,10.852,0.018,False,Unfiltered with V Zeropoint,CCD,DGSA,,False
3468,PTF11KLY,000-BKD-525,2455827.41208,10.850,0.013,False,Unfiltered with V Zeropoint,CCD,DGSA,,False
3469,PTF11KLY,000-BKD-525,2455827.41244,10.851,0.011,False,Unfiltered with V Zeropoint,CCD,DGSA,,False
3470,PTF11KLY,000-BKD-525,2455827.41280,10.844,0.021,False,Unfiltered with V Zeropoint,CCD,DGSA,,False
3471,PTF11KLY,000-BKD-525,2455827.41316,10.848,0.022,False,Unfiltered with V Zeropoint,CCD,DGSA,,False
3472,PTF11KLY,000-BKD-525,2455827.41352,10.805,0.019,False,Unfiltered with V Zeropoint,CCD,DGSA,,False
3473,PTF11KLY,000-BKD-525,2455827.41388,10.853,0.018,False,Unfiltered with V Zeropoint,CCD,DGSA,,False
3474,PTF11KLY,000-BKD-525,2455827.41424,10.831,0.018,False,Unfiltered with V Zeropoint,CCD,DGSA,,False
3475,PTF11KLY,000-BKD-525,2455827.41460,10.840,0.025,False,Unfiltered with V Zeropoint,CCD,DGSA,,False
3476,PTF11KLY,000-BKD-525,2455827.41496,10.851,0.026,False,Unfiltered with V Zeropoint,CCD,DGSA,,False
3477,PTF11KLY,000-BKD-525,2455827.41532,10.877,0.031,False,Unfiltered with V Zeropoint,CCD,DGSA,,False
3478,PTF11KLY,000-BKD-525,2455827.41568,10.863,0.019,False,Unfiltered with V Zeropoint,CCD,DGSA,,False
3479,PTF11KLY,000-BKD-525,2455827.41604,10.832,0.031,False,Unfiltered with V Zeropoint,CCD,DGSA,,False
3480,PTF11KLY,000-BKD-525,2455827.41640,10.825,0.019,False,Unfiltered with V Zeropoint,CCD,DGSA,,False
3481,PTF11KLY,000-BKD-525,2455827.41676,10.844,0.018,False,Unfiltered with V Zeropoint,CCD,DGSA,,False
3482,PTF11KLY,000-BKD-525,2455827.41713,10.833,0.017,False,Unfiltered with V Zeropoint,CCD,DGSA,,False
3483,PTF11KLY,000-BKD-525,2455827.41749,10.850,0.018,False,Unfiltered with V Zeropoint,CCD,DGSA,,False
3484,PTF11KLY,000-BKD-525,2455827.41785,10.861,0.016,False,Unfiltered with V Zeropoint,CCD,DGSA,,False
3485,PTF11KLY,000-BKD-525,2455827.41821,10.855,0.017,False,Unfiltered with V Zeropoint,CCD,DGSA,,False
3486,PTF11KLY,000-BKD-525,2455827.41857,10.855,0.012,False,Unfiltered with V Zeropoint,CCD,DGSA,,False
3487,PTF11KLY,000-BKD-525,2455827.41893,10.848,0.014,False,Unfiltered with V Zeropoint,CCD,DGSA,,False
3488,PTF11KLY,000-BKD-525,2455827.41929,10.864,0.013,False,Unfiltered with V Zeropoint,CCD,DGSA,,False
3489,PTF11KLY,000-BKD-525,2455827.41966,10.837,0.023,False,Unfiltered with V Zeropoint,CCD,DGSA,,False
3490,PTF11KLY,000-BKD-525,2455827.42002,10.825,0.006,False,Unfiltered with V Zeropoint,CCD,DGSA,,False
3491,PTF11KLY,000-BKD-525,2455827.42038,10.844,0.026,False,Unfiltered with V Zeropoint,CCD,DGSA,,False
3492,PTF11KLY,000-BKD-525,2455827.42074,10.840,0.007,False,Unfiltered with V Zeropoint,CCD,DGSA,,False
3493,PTF11KLY,000-BKD-525,2455827.42109,10.827,0.011,False,Unfiltered with V Zeropoint,CCD,DGSA,,False
3494,PTF11KLY,000-BKD-525,2455827.42146,10.825,0.009,False,Unfiltered with V Zeropoint,CCD,DGSA,,False
3495,PTF11KLY,000-BKD-525,2455827.42182,10.836,0.022,False,Unfiltered with V Zeropoint,CCD,DGSA,,False
3496,PTF11KLY,000-BKD-525,2455827.42218,10.831,0.005,False,Unfiltered with V Zeropoint,CCD,DGSA,,False
3497,PTF11KLY,000-BKD-525,2455827.42254,10.762,0.015,False,Unfiltered with V Zeropoint,CCD,DGSA,,False
3498,PTF11KLY,000-BKD-525,2455827.42290,10.881,0.044,False,Unfiltered with V Zeropoint,CCD,DGSA,,False
3499,PTF11KLY,000-BKD-525,2455827.42326,10.902,0.045,False,Unfiltered with V Zeropoint,CCD,DGSA,,False
3500,PTF11KLY,000-BKD-525,2455827.42398,10.756,0.106,False,Unfiltered with V Zeropoint,CCD,DGSA,,False
3501,PTF11KLY,000-BKD-525,2455827.42434,10.834,0.015,False,Unfiltered with V Zeropoint,CCD,DGSA,,False
3502,PTF11KLY,000-BKD-525,2455827.42470,10.851,0.027,False,Unfiltered with V Zeropoint,CCD,DGSA,,False
3503,PTF11KLY,000-BKD-525,2455827.42506,10.830,0.006,False,Unfiltered with V Zeropoint,CCD,DGSA,,False
3504,PTF11KLY,000-BKD-525,2455827.42543,11.011,0.009,False,Unfiltered with V Zeropoint,CCD,DGSA,,False
3505,PTF11KLY,000-BKD-525,2455827.42578,10.908,0.124,False,Unfiltered with V Zeropoint,CCD,DGSA,,False
3506,PTF11KLY,000-BKD-525,2455827.42615,11.135,0.020,False,Unfiltered with V Zeropoint,CCD,DGSA,,False
3507,PTF11KLY,000-BKD-525,2455827.42651,10.995,0.130,False,Unfiltered with V Zeropoint,CCD,DGSA,,False
3508,PTF11KLY,000-BKD-525,2455827.42687,10.775,0.010,False,Unfiltered with V Zeropoint,CCD,DGSA,,False
3509,PTF11KLY,000-BKD-525,2455827.42723,10.884,0.112,False,Unfiltered with V Zeropoint,CCD,DGSA,,False
3510,PTF11KLY,000-BKD-525,2455827.42759,10.804,0.054,False,Unfiltered with V Zeropoint,CCD,DGSA,,False
3511,PTF11KLY,000-BKD-525,2455827.42795,10.829,0.019,False,Unfiltered with V Zeropoint,CCD,DGSA,,False
3512,PTF11KLY,000-BKD-525,2455827.42832,10.832,0.031,False,Unfiltered with V Zeropoint,CCD,DGSA,,False
3513,PTF11KLY,000-BKD-525,2455827.42867,10.892,0.047,False,Unfiltered with V Zeropoint,CCD,DGSA,,False
3514,PTF11KLY,000-BKD-525,2455827.42903,10.857,0.004,False,Unfiltered with V Zeropoint,CCD,DGSA,,False
3515,PTF11KLY,000-BKD-525,2455827.42940,10.849,0.011,False,Unfiltered with V Zeropoint,CCD,DGSA,,False
3516,PTF11KLY,000-BKD-525,2455827.42976,10.861,0.031,False,Unfiltered with V Zeropoint,CCD,DGSA,,False
3517,PTF11KLY,000-BKD-525,2455827.43011,10.883,0.021,False,Unfiltered with V Zeropoint,CCD,DGSA,,False
3518,PTF11KLY,000-BKD-525,2455827.43048,10.845,0.005,False,Unfiltered with V Zeropoint,CCD,DGSA,,False
3519,PTF11KLY,000-BKD-525,2455827.43084,10.836,0.019,False,Unfiltered with V Zeropoint,CCD,DGSA,,False
3520,PTF11KLY,000-BKD-525,2455827.43120,10.842,0.006,False,Unfiltered with V Zeropoint,CCD,DGSA,,False
3521,PTF11KLY,000-BKD-525,2455827.43156,10.843,0.004,False,Unfiltered with V Zeropoint,CCD,DGSA,,False
3522,PTF11KLY,000-BKD-525,2455827.43192,10.840,0.024,False,Unfiltered with V Zeropoint,CCD,DGSA,,False
3523,PTF11KLY,000-BKD-525,2455827.43228,10.812,0.013,False,Unfiltered with V Zeropoint,CCD,DGSA,,False
3524,PTF11KLY,000-BKD-525,2455827.43264,10.886,0.016,False,Unfiltered with V Zeropoint,CCD,DGSA,,False
3525,PTF11KLY,000-BKD-525,2455827.43300,10.853,0.018,False,Unfiltered with V Zeropoint,CCD,DGSA,,False
3526,PTF11KLY,000-BKD-525,2455827.43336,10.820,0.027,False,Unfiltered with V Zeropoint,CCD,DGSA,,False
3527,PTF11KLY,000-BKD-525,2455827.43373,10.895,0.023,False,Unfiltered with V Zeropoint,CCD,DGSA,,False
3528,PTF11KLY,000-BKD-525,2455827.43408,10.826,0.008,False,Unfiltered with V Zeropoint,CCD,DGSA,,False
3529,PTF11KLY,000-BKD-525,2455827.43445,10.857,0.023,False,Unfiltered with V Zeropoint,CCD,DGSA,,False
3530,PTF11KLY,000-BKD-525,2455827.43481,10.850,0.025,False,Unfiltered with V Zeropoint,CCD,DGSA,,False
3531,PTF11KLY,000-BKD-525,2455827.43517,10.835,0.016,False,Unfiltered with V Zeropoint,CCD,DGSA,,False
3532,PTF11KLY,000-BKD-525,2455827.43553,10.813,0.008,False,Unfiltered with V Zeropoint,CCD,DGSA,,False
3533,PTF11KLY,000-BKD-525,2455827.43697,10.868,0.013,False,Unfiltered with V Zeropoint,CCD,DGSA,,False
3534,PTF11KLY,000-BKD-525,2455827.43733,10.905,0.050,False,Unfiltered with V Zeropoint,CCD,DGSA,,False
3535,PTF11KLY,000-BKD-525,2455827.43769,10.834,0.035,False,Unfiltered with V Zeropoint,CCD,DGSA,,False
3536,PTF11KLY,000-BKD-525,2455827.43805,10.854,0.015,False,Unfiltered with V Zeropoint,CCD,DGSA,,False
3537,PTF11KLY,000-BKD-525,2455827.43841,10.846,0.052,False,Unfiltered with V Zeropoint,CCD,DGSA,,False
3538,PTF11KLY,000-BKD-525,2455827.43877,10.865,0.040,False,Unfiltered with V Zeropoint,CCD,DGSA,,False
3539,PTF11KLY,000-BKD-525,2455827.43913,10.834,0.016,False,Unfiltered with V Zeropoint,CCD,DGSA,,False
3540,PTF11KLY,000-BKD-525,2455827.43949,10.833,0.002,False,Unfiltered with V Zeropoint,CCD,DGSA,,False
3541,PTF11KLY,000-BKD-525,2455827.43985,10.863,0.039,False,Unfiltered with V Zeropoint,CCD,DGSA,,False
3542,PTF11KLY,000-BKD-525,2455827.44021,10.870,0.025,False,Unfiltered with V Zeropoint,CCD,DGSA,,False
3543,PTF11KLY,000-BKD-525,2455827.44057,10.832,0.021,False,Unfiltered with V Zeropoint,CCD,DGSA,,False
3544,PTF11KLY,000-BKD-525,2455827.44093,10.872,0.015,False,Unfiltered with V Zeropoint,CCD,DGSA,,False
3545,PTF11KLY,000-BKD-525,2455827.44130,10.844,0.002,False,Unfiltered with V Zeropoint,CCD,DGSA,,False
3546,PTF11KLY,000-BKD-525,2455827.44165,10.850,0.007,False,Unfiltered with V Zeropoint,CCD,DGSA,,False
3547,PTF11KLY,000-BKD-525,2455827.44201,10.858,0.011,False,Unfiltered with V Zeropoint,CCD,DGSA,,False
3548,PTF11KLY,000-BKD-525,2455827.44237,10.822,0.002,False,Unfiltered with V Zeropoint,CCD,DGSA,,False
3549,PTF11KLY,000-BKD-525,2455827.44273,10.843,0.008,False,Unfiltered with V Zeropoint,CCD,DGSA,,False
3550,PTF11KLY,000-BKD-525,2455827.44309,10.849,0.032,False,Unfiltered with V Zeropoint,CCD,DGSA,,False
3551,PTF11KLY,000-BKD-525,2455827.44346,10.835,0.009,False,Unfiltered with V Zeropoint,CCD,DGSA,,False
3552,PTF11KLY,000-BKD-525,2455827.44382,10.850,0.009,False,Unfiltered with V Zeropoint,CCD,DGSA,,False
3553,PTF11KLY,000-BKD-525,2455827.45112,10.811,0.005,False,Unfiltered with V Zeropoint,CCD,DGSA,,False
3554,PTF11KLY,000-BKD-525,2455827.45148,10.848,0.012,False,Unfiltered with V Zeropoint,CCD,DGSA,,False
3555,PTF11KLY,000-BKD-525,2455827.45185,10.841,0.003,False,Unfiltered with V Zeropoint,CCD,DGSA,,False
3556,PTF11KLY,000-BKD-525,2455827.45222,10.845,0.018,False,Unfiltered with V Zeropoint,CCD,DGSA,,False
3557,PTF11KLY,000-BKD-525,2455827.45259,10.835,0.004,False,Unfiltered with V Zeropoint,CCD,DGSA,,False
3558,PTF11KLY,000-BKD-525,2455827.45295,10.805,0.007,False,Unfiltered with V Zeropoint,CCD,DGSA,,False
3559,PTF11KLY,000-BKD-525,2455827.45333,10.831,0.003,False,Unfiltered with V Zeropoint,CCD,DGSA,,False
3560,PTF11KLY,000-BKD-525,2455827.45369,10.831,0.004,False,Unfiltered with V Zeropoint,CCD,DGSA,,False
3561,PTF11KLY,000-BKD-525,2455827.45407,10.849,0.003,False,Unfiltered with V Zeropoint,CCD,DGSA,,False
3562,PTF11KLY,000-BKD-525,2455827.45443,10.837,0.011,False,Unfiltered with V Zeropoint,CCD,DGSA,,False
3563,PTF11KLY,000-BKD-525,2455827.45480,10.836,0.026,False,Unfiltered with V Zeropoint,CCD,DGSA,,False
3564,PTF11KLY,000-BKD-525,2455827.45516,10.845,0.009,False,Unfiltered with V Zeropoint,CCD,DGSA,,False
3565,PTF11KLY,000-BKD-525,2455827.45553,10.829,0.007,False,Unfiltered with V Zeropoint,CCD,DGSA,,False
3566,PTF11KLY,000-BKD-525,2455827.45589,10.827,0.007,False,Unfiltered with V Zeropoint,CCD,DGSA,,False
3567,PTF11KLY,000-BKD-525,2455827.45626,10.848,0.009,False,Unfiltered with V Zeropoint,CCD,DGSA,,False
3568,PTF11KLY,000-BKD-525,2455827.45662,10.812,0.002,False,Unfiltered with V Zeropoint,CCD,DGSA,,False
3569,PTF11KLY,000-BKD-525,2455827.45699,10.840,0.012,False,Unfiltered with V Zeropoint,CCD,DGSA,,False
3570,PTF11KLY,000-BKD-525,2455827.45736,10.828,0.003,False,Unfiltered with V Zeropoint,CCD,DGSA,,False
3571,PTF11KLY,000-BKD-525,2455827.45772,10.831,0.002,False,Unfiltered with V Zeropoint,CCD,DGSA,,False
3572,PTF11KLY,000-BKD-525,2455827.45809,10.861,0.018,False,Unfiltered with V Zeropoint,CCD,DGSA,,False
3573,PTF11KLY,000-BKD-525,2455827.45846,10.867,0.024,False,Unfiltered with V Zeropoint,CCD,DGSA,,False
3574,PTF11KLY,000-BKD-525,2455827.45882,10.829,0.003,False,Unfiltered with V Zeropoint,CCD,DGSA,,False
3575,PTF11KLY,000-BKD-525,2455827.45919,10.847,0.026,False,Unfiltered with V Zeropoint,CCD,DGSA,,False
3576,PTF11KLY,000-BKD-525,2455827.45956,10.863,0.020,False,Unfiltered with V Zeropoint,CCD,DGSA,,False
3577,PTF11KLY,000-BKD-525,2455827.45992,10.847,0.012,False,Unfiltered with V Zeropoint,CCD,DGSA,,False
3578,PTF11KLY,000-BKD-525,2455827.46030,10.817,0.004,False,Unfiltered with V Zeropoint,CCD,DGSA,,False
3579,PTF11KLY,000-BKD-525,2455827.46066,10.852,0.014,False,Unfiltered with V Zeropoint,CCD,DGSA,,False
3580,PTF11KLY,000-BKD-525,2455827.46103,10.849,0.012,False,Unfiltered with V Zeropoint,CCD,DGSA,,False
3581,PTF11KLY,000-BKD-525,2455827.46140,10.857,0.018,False,Unfiltered with V Zeropoint,CCD,DGSA,,False
3582,PTF11KLY,000-BKD-525,2455827.46177,10.830,0.009,False,Unfiltered with V Zeropoint,CCD,DGSA,,False
3583,PTF11KLY,000-BKD-525,2455827.46214,10.856,0.002,False,Unfiltered with V Zeropoint,CCD,DGSA,,False
3584,PTF11KLY,000-BKD-525,2455827.46250,10.846,0.006,False,Unfiltered with V Zeropoint,CCD,DGSA,,False
3585,PTF11KLY,000-BKD-525,2455827.46287,10.847,0.015,False,Unfiltered with V Zeropoint,CCD,DGSA,,False
3586,PTF11KLY,000-BKD-525,2455827.46323,10.806,0.003,False,Unfiltered with V Zeropoint,CCD,DGSA,,False
3587,PTF11KLY,000-BKD-525,2455827.46360,10.819,0.002,False,Unfiltered with V Zeropoint,CCD,DGSA,,False
3588,PTF11KLY,000-BKD-525,2455827.506,10.73,0.10,False,Johnson B,CCD,RHM,,False
3589,PTF11KLY,000-BKD-525,2455827.515,10.42,0.07,False,Johnson V,CCD,RHM,,False
3590,PTF11KLY,000-BKD-525,2455827.523,10.53,0.07,False,Cousins R,CCD,RHM,,False
3591,PTF11KLY,000-BKD-525,2455827.532,10.87,0.07,False,Cousins I,CCD,RHM,,False
3592,SN 2011FE,000-BKD-525,2455827.59293,10.45,0.01,False,Johnson V,CCD,HSW,,False
3593,PTF11KLY,000-BKD-525,2455827.60450,10.751,0.078,False,Johnson B,CCD,SRIC,1.48,False
3594,PTF11KLY,000-BKD-525,2455827.60753,10.474,0.020,False,Johnson V,CCD,SRIC,1.50,False
3595,SN 2011FE,000-BKD-525,2455827.676146,10.368,0.035,False,Johnson V,CCD,KPK,3.425,False
3596,SN 2011FE,000-BKD-525,2455827.677025,10.372,0.037,False,Johnson V,CCD,KPK,3.455,False
3597,SN 2011FE,000-BKD-525,2455827.6819,10.4,,False,Visual,Visual,SRB,,
3598,SN 2011FE,000-BKD-525,2455828.26736,10.4,,False,Visual,Visual,SSW,,
3599,SN 2011FE,000-BKD-525,2455828.27431,10.4,,False,Visual,Visual,SUQ,,
3600,SN 2011FE,000-BKD-525,2455828.27847,10.4,,False,Visual,Visual,SJZ,,
3601,SN 2011FE,000-BKD-525,2455828.2806,10.4,,False,Visual,Visual,KWO,,
3602,SN 2011FE,000-BKD-525,2455828.2854,10.6,,False,Visual,Visual,REP,,
3603,SN 2011FE,000-BKD-525,2455828.2917,10.2,,False,Visual,Visual,PLP,,
3604,SN 2011FE,000-BKD-525,2455828.2958,10.4,,False,Visual,Visual,BBI,,
3605,SN 2011FE,000-BKD-525,2455828.3,10.3,,False,Visual,Visual,SYU,,
3606,SN 2011FE,000-BKD-525,2455828.30139,10.5,,False,Visual,Visual,KLO,,
3607,SN 2011FE,000-BKD-525,2455828.3027,10.4,,False,Visual,Visual,NDQ,,
3608,SN 2011FE,000-BKD-525,2455828.3042,10.4,,False,Visual,Visual,GGU,,
3609,SN 2011FE,000-BKD-525,2455828.31250,10.5,,False,Visual,Visual,WKL,,
3610,SN 2011FE,000-BKD-525,2455828.31597,10.3,,False,Visual,Visual,KKAA,,
3611,PTF11KLY,000-BKD-525,2455828.3194,10.4,,False,Visual,Visual,VFK,,
3612,SN 2011FE,000-BKD-525,2455828.32161,10.7,0.12,False,Unfiltered with V Zeropoint,CCD,RMAD,,False
3613,SN 2011FE,000-BKD-525,2455828.322,10.4,,False,Visual,Visual,PIJ,,
3614,SN 2011FE,000-BKD-525,2455828.3272,10.15,,False,Visual,Visual,DAT,,
3615,SN 2011FE,000-BKD-525,2455828.3306,10.4,,False,Visual,Visual,BVE,,
3616,SN 2011FE,000-BKD-525,2455828.3333,10.4,,False,Visual,Visual,ILE,,
3617,SN 2011FE,000-BKD-525,2455828.33333,10.4,,False,Visual,Visual,ILE,,
3618,SN 2011FE,000-BKD-525,2455828.33665,10.3,,False,Visual,Visual,TJOB,,
3619,SN 2011FE,000-BKD-525,2455828.33767,10.488,0.050,False,Johnson V,CCD,RMU,1.871,False
3620,SN 2011FE,000-BKD-525,2455828.33977,10.811,0.049,False,Johnson B,CCD,RMU,1.890,False
3621,SN 2011FE,000-BKD-525,2455828.34360,10.560,0.026,False,Cousins R,CCD,RMU,1.931,False
3622,SN 2011FE,000-BKD-525,2455828.34538,10.917,0.043,False,Cousins I,CCD,RMU,1.949,False
3623,SN 2011FE,000-BKD-525,2455828.356,10.1,,False,Visual,Visual,SRBR,,
3624,PTF11KLY,000-BKD-525,2455828.38333,10.42,0.02,False,Unfiltered with R Zeropoint,CCD,NOT,,False
3625,PTF11kly,000-BKD-525,2455828.4069,10.53,0.068,False,Johnson V,CCD,KTHA,,False
3626,SN 2011FE,000-BKD-525,2455828.40972,10.4,,False,Visual,Visual,KAM,,
3627,SN 2011FE,000-BKD-525,2455828.410,10.4,,False,Visual,Visual,KAM,,
3628,SN 2011FE,000-BKD-525,2455828.440,10.4,,False,Visual,Visual,BMU,,
3629,SN 2011FE,000-BKD-525,2455828.4479,10.4,,False,Visual,Visual,TAX,,
3630,SN 2011FE,000-BKD-525,2455828.57265,10.474,0.0016,False,Johnson V,CCD,KROA,1.9,False
3631,SN 2011FE,000-BKD-525,2455828.58750,10.3,,False,Visual,Visual,WLY,,
3632,SN 2011FE,000-BKD-525,2455828.6090,10.4,,False,Visual,Visual,DPV,,
3633,PTF11KLY,000-BKD-525,2455828.62499,10.820,0.060,False,Johnson B,CCD,SRIC,1.63,False
3634,PTF11KLY,000-BKD-525,2455828.62689,10.529,0.028,False,Johnson V,CCD,SRIC,1.64,False
3635,SN 2011FE,000-BKD-525,2455828.633426,10.525,0.010,False,Johnson V,CCD,KPK,3.486,False
3636,SN 2011FE,000-BKD-525,2455828.634329,10.555,0.011,False,Johnson V,CCD,KPK,3.517,False
3637,SN 2011FE,000-BKD-525,2455828.635208,10.543,0.011,False,Johnson V,CCD,KPK,2.462,False
3638,SN 2011FE,000-BKD-525,2455828.636076,10.543,0.010,False,Johnson V,CCD,KPK,2.479,False
3639,SN 2011FE,000-BKD-525,2455828.637095,10.651,0.006,False,Cousins R,CCD,KPK,2.155,False
3640,SN 2011FE,000-BKD-525,2455828.637975,10.646,0.006,False,Cousins R,CCD,KPK,2.532,False
3641,SN 2011FE,000-BKD-525,2455828.638854,10.656,0.006,False,Cousins R,CCD,KPK,2.549,False
3642,SN 2011FE,000-BKD-525,2455828.639734,10.647,0.006,False,Cousins R,CCD,KPK,2.566,False
3643,SN 2011FE,000-BKD-525,2455828.640822,10.542,0.010,False,Johnson V,CCD,KPK,2.495,False
3644,SN 2011FE,000-BKD-525,2455828.641713,10.532,0.010,False,Johnson V,CCD,KPK,2.512,False
3645,SN 2011FE,000-BKD-525,2455828.642593,10.547,0.010,False,Johnson V,CCD,KPK,2.606,False
3646,SN 2011FE,000-BKD-525,2455828.643472,10.531,0.011,False,Johnson V,CCD,KPK,2.625,False
3647,SN 2011FE,000-BKD-525,2455828.644468,10.656,0.006,False,Cousins R,CCD,KPK,2.584,False
3648,SN 2011FE,000-BKD-525,2455828.645347,10.654,0.006,False,Cousins R,CCD,KPK,2.684,False
3649,SN 2011FE,000-BKD-525,2455828.646215,10.648,0.006,False,Cousins R,CCD,KPK,2.703,False
3650,SN 2011FE,000-BKD-525,2455828.647095,10.662,0.006,False,Cousins R,CCD,KPK,2.722,False
3651,SN 2011FE,000-BKD-525,2455829.24097,10.4,,False,Visual,Visual,RZM,,
3652,SN 2011FE,000-BKD-525,2455829.264,10.4,,False,Visual,Visual,VOL,,
3653,SN 2011FE,000-BKD-525,2455829.2764,10.5,,False,Visual,Visual,KWO,,
3654,PTF11KLY,000-BKD-525,2455829.2813,10.4,,False,Visual,Visual,VFK,,
3655,PTF11KLY,000-BKD-525,2455829.2840,10.5,,False,Visual,Visual,VNL,,
3656,SN 2011FE,000-BKD-525,2455829.28472,10.5,,False,Visual,Visual,WKL,,
3657,SN 2011FE,000-BKD-525,2455829.2865,10.2,,False,Visual,Visual,DAT,,
3658,SN 2011FE,000-BKD-525,2455829.2917,10.3,,False,Visual,Visual,MZS,,
3659,PTF11KLY,000-BKD-525,2455829.29181,10.971,0.017,False,Unfiltered with V Zeropoint,CCD,DGSA,,False
3660,PTF11KLY,000-BKD-525,2455829.29218,10.984,0.024,False,Unfiltered with V Zeropoint,CCD,DGSA,,False
3661,PTF11KLY,000-BKD-525,2455829.29254,11.003,0.011,False,Unfiltered with V Zeropoint,CCD,DGSA,,False
3662,PTF11KLY,000-BKD-525,2455829.29291,10.997,0.028,False,Unfiltered with V Zeropoint,CCD,DGSA,,False
3663,PTF11KLY,000-BKD-525,2455829.29327,10.958,0.003,False,Unfiltered with V Zeropoint,CCD,DGSA,,False
3664,PTF11KLY,000-BKD-525,2455829.29363,10.977,0.003,False,Unfiltered with V Zeropoint,CCD,DGSA,,False
3665,PTF11KLY,000-BKD-525,2455829.29400,10.969,0.002,False,Unfiltered with V Zeropoint,CCD,DGSA,,False
3666,PTF11KLY,000-BKD-525,2455829.29436,11.008,0.014,False,Unfiltered with V Zeropoint,CCD,DGSA,,False
3667,PTF11KLY,000-BKD-525,2455829.29472,10.998,0.012,False,Unfiltered with V Zeropoint,CCD,DGSA,,False
3668,PTF11KLY,000-BKD-525,2455829.29510,10.950,0.037,False,Unfiltered with V Zeropoint,CCD,DGSA,,False
3669,PTF11KLY,000-BKD-525,2455829.29546,10.956,0.017,False,Unfiltered with V Zeropoint,CCD,DGSA,,False
3670,PTF11KLY,000-BKD-525,2455829.29582,10.991,0.018,False,Unfiltered with V Zeropoint,CCD,DGSA,,False
3671,PTF11KLY,000-BKD-525,2455829.29618,10.992,0.021,False,Unfiltered with V Zeropoint,CCD,DGSA,,False
3672,SN 2011FE,000-BKD-525,2455829.296308,10.58,0.02,False,Cousins R,CCD,PAI,,False
3673,SN 2011FE,000-BKD-525,2455829.29637,10.532,0.005,False,Johnson V,CCD,ATE,1.54,False
3674,PTF11KLY,000-BKD-525,2455829.29655,11.031,0.008,False,Unfiltered with V Zeropoint,CCD,DGSA,,False
3675,SN 2011FE,000-BKD-525,2455829.296586,10.51,0.02,False,Johnson V,CCD,PAI,,False
3676,PTF11KLY,000-BKD-525,2455829.29691,11.012,0.018,False,Unfiltered with V Zeropoint,CCD,DGSA,,False
3677,SN 2011FE,000-BKD-525,2455829.29710,10.525,0.005,False,Johnson V,CCD,ATE,1.54,False
3678,PTF11KLY,000-BKD-525,2455829.29727,10.944,0.001,False,Unfiltered with V Zeropoint,CCD,DGSA,,False
3679,PTF11KLY,000-BKD-525,2455829.29763,10.958,0.015,False,Unfiltered with V Zeropoint,CCD,DGSA,,False
3680,SN 2011FE,000-BKD-525,2455829.29767,10.512,0.005,False,Johnson V,CCD,ATE,1.54,False
3681,PTF11KLY,000-BKD-525,2455829.29800,10.964,0.006,False,Unfiltered with V Zeropoint,CCD,DGSA,,False
3682,SN 2011FE,000-BKD-525,2455829.29824,10.533,0.005,False,Johnson V,CCD,ATE,1.55,False
3683,PTF11KLY,000-BKD-525,2455829.29836,10.974,0.012,False,Unfiltered with V Zeropoint,CCD,DGSA,,False
3684,PTF11KLY,000-BKD-525,2455829.2986,10.4,,False,Visual,Visual,HHU,,
3685,PTF11KLY,000-BKD-525,2455829.29872,10.966,0.018,False,Unfiltered with V Zeropoint,CCD,DGSA,,False
3686,SN 2011FE,000-BKD-525,2455829.29880,10.539,0.005,False,Johnson V,CCD,ATE,1.55,False
3687,PTF11KLY,000-BKD-525,2455829.29908,10.986,0.006,False,Unfiltered with V Zeropoint,CCD,DGSA,,False
3688,SN 2011FE,000-BKD-525,2455829.29937,10.499,0.005,False,Johnson V,CCD,ATE,1.56,False
3689,PTF11KLY,000-BKD-525,2455829.29944,10.984,0.013,False,Unfiltered with V Zeropoint,CCD,DGSA,,False
3690,PTF11KLY,000-BKD-525,2455829.29981,10.975,0.007,False,Unfiltered with V Zeropoint,CCD,DGSA,,False
3691,SN 2011FE,000-BKD-525,2455829.29994,10.514,0.005,False,Johnson V,CCD,ATE,1.56,False
3692,SN 2011FE,000-BKD-525,2455829.3,10.5,,False,Visual,Visual,SYU,,
3693,PTF11KLY,000-BKD-525,2455829.30018,10.985,0.023,False,Unfiltered with V Zeropoint,CCD,DGSA,,False
3694,SN 2011FE,000-BKD-525,2455829.30052,10.507,0.005,False,Johnson V,CCD,ATE,1.56,False
3695,PTF11KLY,000-BKD-525,2455829.30053,11.002,0.016,False,Unfiltered with V Zeropoint,CCD,DGSA,,False
3696,PTF11KLY,000-BKD-525,2455829.30090,10.991,0.014,False,Unfiltered with V Zeropoint,CCD,DGSA,,False
3697,SN 2011FE,000-BKD-525,2455829.30111,10.505,0.005,False,Johnson V,CCD,ATE,1.57,False
3698,PTF11KLY,000-BKD-525,2455829.30127,10.956,0.004,False,Unfiltered with V Zeropoint,CCD,DGSA,,False
3699,PTF11KLY,000-BKD-525,2455829.30163,10.968,0.010,False,Unfiltered with V Zeropoint,CCD,DGSA,,False
3700,SN 2011FE,000-BKD-525,2455829.30170,10.502,0.005,False,Johnson V,CCD,ATE,1.57,False
3701,PTF11KLY,000-BKD-525,2455829.30200,10.969,0.012,False,Unfiltered with V Zeropoint,CCD,DGSA,,False
3702,SN 2011FE,000-BKD-525,2455829.30226,10.512,0.005,False,Johnson V,CCD,ATE,1.57,False
3703,PTF11KLY,000-BKD-525,2455829.30237,10.964,0.014,False,Unfiltered with V Zeropoint,CCD,DGSA,,False
3704,PTF11KLY,000-BKD-525,2455829.30273,10.986,0.005,False,Unfiltered with V Zeropoint,CCD,DGSA,,False
3705,SN 2011FE,000-BKD-525,2455829.30285,10.538,0.005,False,Johnson V,CCD,ATE,1.58,False
3706,PTF11KLY,000-BKD-525,2455829.30309,11.003,0.026,False,Unfiltered with V Zeropoint,CCD,DGSA,,False
3707,SN 2011FE,000-BKD-525,2455829.30342,10.534,0.005,False,Johnson V,CCD,ATE,1.58,False
3708,PTF11KLY,000-BKD-525,2455829.30346,11.022,0.031,False,Unfiltered with V Zeropoint,CCD,DGSA,,False
3709,PTF11KLY,000-BKD-525,2455829.30386,10.976,0.018,False,Unfiltered with V Zeropoint,CCD,DGSA,,False
3710,SN 2011FE,000-BKD-525,2455829.30400,10.548,0.005,False,Johnson V,CCD,ATE,1.59,False
3711,PTF11KLY,000-BKD-525,2455829.30422,10.987,0.003,False,Unfiltered with V Zeropoint,CCD,DGSA,,False
3712,SN 2011FE,000-BKD-525,2455829.30457,10.512,0.005,False,Johnson V,CCD,ATE,1.59,False
3713,PTF11KLY,000-BKD-525,2455829.30458,10.979,0.011,False,Unfiltered with V Zeropoint,CCD,DGSA,,False
3714,PTF11KLY,000-BKD-525,2455829.30495,10.971,0.009,False,Unfiltered with V Zeropoint,CCD,DGSA,,False
3715,SN 2011FE,000-BKD-525,2455829.30516,10.541,0.005,False,Johnson V,CCD,ATE,1.59,False
3716,PTF11KLY,000-BKD-525,2455829.30530,10.943,0.018,False,Unfiltered with V Zeropoint,CCD,DGSA,,False
3717,PTF11KLY,000-BKD-525,2455829.30567,10.954,0.006,False,Unfiltered with V Zeropoint,CCD,DGSA,,False
3718,SN 2011FE,000-BKD-525,2455829.30572,10.515,0.005,False,Johnson V,CCD,ATE,1.60,False
3719,PTF11KLY,000-BKD-525,2455829.30603,10.944,0.011,False,Unfiltered with V Zeropoint,CCD,DGSA,,False
3720,SN 2011FE,000-BKD-525,2455829.30629,10.553,0.005,False,Johnson V,CCD,ATE,1.60,False
3721,SN 2011FE,000-BKD-525,2455829.3063,10.5,,False,Visual,Visual,BVE,,
3722,PTF11KLY,000-BKD-525,2455829.30639,10.976,0.013,False,Unfiltered with V Zeropoint,CCD,DGSA,,False
3723,PTF11KLY,000-BKD-525,2455829.30676,10.975,0.011,False,Unfiltered with V Zeropoint,CCD,DGSA,,False
3724,SN 2011FE,000-BKD-525,2455829.30687,10.510,0.005,False,Johnson V,CCD,ATE,1.61,False
3725,PTF11KLY,000-BKD-525,2455829.30712,11.029,0.017,False,Unfiltered with V Zeropoint,CCD,DGSA,,False
3726,SN 2011FE,000-BKD-525,2455829.30744,10.509,0.005,False,Johnson V,CCD,ATE,1.61,False
3727,PTF11KLY,000-BKD-525,2455829.30748,11.000,0.018,False,Unfiltered with V Zeropoint,CCD,DGSA,,False
3728,PTF11KLY,000-BKD-525,2455829.30785,10.953,0.012,False,Unfiltered with V Zeropoint,CCD,DGSA,,False
3729,SN 2011FE,000-BKD-525,2455829.30800,10.533,0.005,False,Johnson V,CCD,ATE,1.61,False
3730,PTF11KLY,000-BKD-525,2455829.30821,11.009,0.017,False,Unfiltered with V Zeropoint,CCD,DGSA,,False
3731,PTF11KLY,000-BKD-525,2455829.30857,10.970,0.007,False,Unfiltered with V Zeropoint,CCD,DGSA,,False
3732,SN 2011FE,000-BKD-525,2455829.30859,10.530,0.005,False,Johnson V,CCD,ATE,1.62,False
3733,PTF11KLY,000-BKD-525,2455829.30893,10.954,0.018,False,Unfiltered with V Zeropoint,CCD,DGSA,,False
3734,SN 2011FE,000-BKD-525,2455829.30903,10.4,,False,Visual,Visual,SJZ,,
3735,SN 2011FE,000-BKD-525,2455829.30917,10.527,0.005,False,Johnson V,CCD,ATE,1.62,False
3736,PTF11KLY,000-BKD-525,2455829.30929,10.987,0.002,False,Unfiltered with V Zeropoint,CCD,DGSA,,False
3737,PTF11KLY,000-BKD-525,2455829.30966,10.963,0.024,False,Unfiltered with V Zeropoint,CCD,DGSA,,False
3738,SN 2011FE,000-BKD-525,2455829.30974,10.521,0.005,False,Johnson V,CCD,ATE,1.63,False
3739,SN 2011FE,000-BKD-525,2455829.31,10.0,,False,Visual,Visual,PUJ,,
3740,PTF11KLY,000-BKD-525,2455829.31003,10.947,0.015,False,Unfiltered with V Zeropoint,CCD,DGSA,,False
3741,SN 2011FE,000-BKD-525,2455829.31031,10.531,0.005,False,Johnson V,CCD,ATE,1.63,False
3742,PTF11KLY,000-BKD-525,2455829.31039,10.999,0.032,False,Unfiltered with V Zeropoint,CCD,DGSA,,False
3743,PTF11KLY,000-BKD-525,2455829.31076,10.978,0.029,False,Unfiltered with V Zeropoint,CCD,DGSA,,False
3744,SN 2011FE,000-BKD-525,2455829.31087,10.535,0.005,False,Johnson V,CCD,ATE,1.63,False
3745,PTF11KLY,000-BKD-525,2455829.31113,10.945,0.007,False,Unfiltered with V Zeropoint,CCD,DGSA,,False
3746,SN 2011FE,000-BKD-525,2455829.31147,10.498,0.005,False,Johnson V,CCD,ATE,1.64,False
3747,PTF11KLY,000-BKD-525,2455829.31149,10.974,0.022,False,Unfiltered with V Zeropoint,CCD,DGSA,,False
3748,PTF11KLY,000-BKD-525,2455829.31185,10.978,0.012,False,Unfiltered with V Zeropoint,CCD,DGSA,,False
3749,SN 2011FE,000-BKD-525,2455829.31204,10.530,0.005,False,Johnson V,CCD,ATE,1.64,False
3750,PTF11KLY,000-BKD-525,2455829.31232,11.010,0.018,False,Unfiltered with V Zeropoint,CCD,DGSA,,False
3751,SN 2011FE,000-BKD-525,2455829.31250,10.4,,False,Visual,Visual,OJR,,
3752,SN 2011FE,000-BKD-525,2455829.31261,10.550,0.005,False,Johnson V,CCD,ATE,1.65,False
3753,PTF11KLY,000-BKD-525,2455829.31268,11.000,0.020,False,Unfiltered with V Zeropoint,CCD,DGSA,,False
3754,PTF11KLY,000-BKD-525,2455829.31305,10.998,0.019,False,Unfiltered with V Zeropoint,CCD,DGSA,,False
3755,SN 2011FE,000-BKD-525,2455829.31318,10.554,0.005,False,Johnson V,CCD,ATE,1.65,False
3756,PTF11KLY,000-BKD-525,2455829.31342,10.976,0.012,False,Unfiltered with V Zeropoint,CCD,DGSA,,False
3757,SN 2011FE,000-BKD-525,2455829.31375,10.545,0.005,False,Johnson V,CCD,ATE,1.66,False
3758,PTF11KLY,000-BKD-525,2455829.31378,11.016,0.020,False,Unfiltered with V Zeropoint,CCD,DGSA,,False
3759,2011FE,000-BKD-525,2455829.31389,10.266,,False,Johnson V,CCD,MFB,,False
3760,PTF11KLY,000-BKD-525,2455829.31415,10.986,0.019,False,Unfiltered with V Zeropoint,CCD,DGSA,,False
3761,SN 2011FE,000-BKD-525,2455829.31431,10.549,0.005,False,Johnson V,CCD,ATE,1.66,False
3762,PTF11KLY,000-BKD-525,2455829.31452,10.956,0.010,False,Unfiltered with V Zeropoint,CCD,DGSA,,False
3763,SN 2011FE,000-BKD-525,2455829.31488,10.554,0.005,False,Johnson V,CCD,ATE,1.66,False
3764,PTF11KLY,000-BKD-525,2455829.31488,10.974,0.011,False,Unfiltered with V Zeropoint,CCD,DGSA,,False
3765,PTF11KLY,000-BKD-525,2455829.31524,10.977,0.024,False,Unfiltered with V Zeropoint,CCD,DGSA,,False
3766,SN 2011FE,000-BKD-525,2455829.31548,10.521,0.005,False,Johnson V,CCD,ATE,1.67,False
3767,PTF11KLY,000-BKD-525,2455829.31560,10.968,0.005,False,Unfiltered with V Zeropoint,CCD,DGSA,,False
3768,PTF11KLY,000-BKD-525,2455829.31597,10.994,0.022,False,Unfiltered with V Zeropoint,CCD,DGSA,,False
3769,SN 2011FE,000-BKD-525,2455829.31605,10.514,0.005,False,Johnson V,CCD,ATE,1.67,False
3770,PTF11KLY,000-BKD-525,2455829.31633,11.018,0.021,False,Unfiltered with V Zeropoint,CCD,DGSA,,False
3771,SN 2011FE,000-BKD-525,2455829.31662,10.523,0.005,False,Johnson V,CCD,ATE,1.68,False
3772,PTF11KLY,000-BKD-525,2455829.31669,10.963,0.009,False,Unfiltered with V Zeropoint,CCD,DGSA,,False
3773,PTF11KLY,000-BKD-525,2455829.31706,10.958,0.010,False,Unfiltered with V Zeropoint,CCD,DGSA,,False
3774,SN 2011FE,000-BKD-525,2455829.31722,10.533,0.005,False,Johnson V,CCD,ATE,1.68,False
3775,2011FE,000-BKD-525,2455829.31736,10.015,,False,Cousins R,CCD,MFB,,False
3776,PTF11KLY,000-BKD-525,2455829.31742,10.967,0.017,False,Unfiltered with V Zeropoint,CCD,DGSA,,False
3777,SN 2011FE,000-BKD-525,2455829.31778,10.527,0.005,False,Johnson V,CCD,ATE,1.69,False
3778,PTF11KLY,000-BKD-525,2455829.31779,10.951,0.002,False,Unfiltered with V Zeropoint,CCD,DGSA,,False
3779,PTF11KLY,000-BKD-525,2455829.31816,10.948,0.014,False,Unfiltered with V Zeropoint,CCD,DGSA,,False
3780,SN 2011FE,000-BKD-525,2455829.31835,10.512,0.005,False,Johnson V,CCD,ATE,1.69,False
3781,PTF11KLY,000-BKD-525,2455829.31853,10.964,0.005,False,Unfiltered with V Zeropoint,CCD,DGSA,,False
3782,PTF11KLY,000-BKD-525,2455829.31889,10.957,0.012,False,Unfiltered with V Zeropoint,CCD,DGSA,,False
3783,SN 2011FE,000-BKD-525,2455829.31894,10.499,0.005,False,Johnson V,CCD,ATE,1.70,False
3784,PTF11KLY,000-BKD-525,2455829.31925,10.962,0.009,False,Unfiltered with V Zeropoint,CCD,DGSA,,False
3785,PTF11KLY,000-BKD-525,2455829.32108,10.986,0.009,False,Unfiltered with V Zeropoint,CCD,DGSA,,False
3786,PTF11KLY,000-BKD-525,2455829.32145,10.978,0.022,False,Unfiltered with V Zeropoint,CCD,DGSA,,False
3787,PTF11KLY,000-BKD-525,2455829.32181,10.973,0.015,False,Unfiltered with V Zeropoint,CCD,DGSA,,False
3788,PTF11KLY,000-BKD-525,2455829.32218,10.965,0.023,False,Unfiltered with V Zeropoint,CCD,DGSA,,False
3789,PTF11KLY,000-BKD-525,2455829.32255,11.006,0.022,False,Unfiltered with V Zeropoint,CCD,DGSA,,False
3790,PTF11KLY,000-BKD-525,2455829.32292,10.988,0.008,False,Unfiltered with V Zeropoint,CCD,DGSA,,False
3791,PTF11KLY,000-BKD-525,2455829.32329,10.984,0.020,False,Unfiltered with V Zeropoint,CCD,DGSA,,False
3792,PTF11KLY,000-BKD-525,2455829.32367,10.966,0.021,False,Unfiltered with V Zeropoint,CCD,DGSA,,False
3793,PTF11KLY,000-BKD-525,2455829.32404,10.976,0.010,False,Unfiltered with V Zeropoint,CCD,DGSA,,False
3794,PTF11KLY,000-BKD-525,2455829.32441,10.967,0.014,False,Unfiltered with V Zeropoint,CCD,DGSA,,False
3795,PTF11KLY,000-BKD-525,2455829.32478,11.005,0.015,False,Unfiltered with V Zeropoint,CCD,DGSA,,False
3796,PTF11KLY,000-BKD-525,2455829.32515,10.954,0.003,False,Unfiltered with V Zeropoint,CCD,DGSA,,False
3797,PTF11KLY,000-BKD-525,2455829.32552,10.959,0.015,False,Unfiltered with V Zeropoint,CCD,DGSA,,False
3798,2011FE,000-BKD-525,2455829.32569,10.698,,False,Cousins I,CCD,MFB,,False
3799,PTF11KLY,000-BKD-525,2455829.32589,10.990,0.012,False,Unfiltered with V Zeropoint,CCD,DGSA,,False
3800,PTF11KLY,000-BKD-525,2455829.32626,10.996,0.024,False,Unfiltered with V Zeropoint,CCD,DGSA,,False
3801,PTF11KLY,000-BKD-525,2455829.32663,10.977,0.002,False,Unfiltered with V Zeropoint,CCD,DGSA,,False
3802,SN 2011FE,000-BKD-525,2455829.32671,10.496,0.035,False,Johnson V,CCD,RMU,1.792,False
3803,PTF11KLY,000-BKD-525,2455829.32700,10.993,0.002,False,Unfiltered with V Zeropoint,CCD,DGSA,,False
3804,PTF11KLY,000-BKD-525,2455829.32737,10.957,0.022,False,Unfiltered with V Zeropoint,CCD,DGSA,,False
3805,PTF11KLY,000-BKD-525,2455829.32774,10.943,0.017,False,Unfiltered with V Zeropoint,CCD,DGSA,,False
3806,PTF11KLY,000-BKD-525,2455829.32811,10.966,0.009,False,Unfiltered with V Zeropoint,CCD,DGSA,,False
3807,2011FE,000-BKD-525,2455829.32847,12.225,,False,Johnson B,CCD,MFB,,False
3808,PTF11KLY,000-BKD-525,2455829.32848,10.989,0.010,False,Unfiltered with V Zeropoint,CCD,DGSA,,False
3809,PTF11KLY,000-BKD-525,2455829.33031,10.967,0.020,False,Unfiltered with V Zeropoint,CCD,DGSA,,False
3810,PTF11KLY,000-BKD-525,2455829.33067,10.979,0.005,False,Unfiltered with V Zeropoint,CCD,DGSA,,False
3811,PTF11KLY,000-BKD-525,2455829.33104,10.967,0.013,False,Unfiltered with V Zeropoint,CCD,DGSA,,False
3812,SN 2011FE,000-BKD-525,2455829.33139,10.879,0.019,False,Johnson B,CCD,RMU,1.836,False
3813,PTF11KLY,000-BKD-525,2455829.33140,10.994,0.007,False,Unfiltered with V Zeropoint,CCD,DGSA,,False
3814,PTF11KLY,000-BKD-525,2455829.33178,10.953,0.011,False,Unfiltered with V Zeropoint,CCD,DGSA,,False
3815,PTF11KLY,000-BKD-525,2455829.33214,10.964,0.010,False,Unfiltered with V Zeropoint,CCD,DGSA,,False
3816,PTF11KLY,000-BKD-525,2455829.33250,10.948,0.026,False,Unfiltered with V Zeropoint,CCD,DGSA,,False
3817,PTF11KLY,000-BKD-525,2455829.33287,10.957,0.025,False,Unfiltered with V Zeropoint,CCD,DGSA,,False
3818,PTF11KLY,000-BKD-525,2455829.33323,10.954,0.009,False,Unfiltered with V Zeropoint,CCD,DGSA,,False
3819,PTF11KLY,000-BKD-525,2455829.33359,10.969,0.006,False,Unfiltered with V Zeropoint,CCD,DGSA,,False
3820,PTF11KLY,000-BKD-525,2455829.33396,10.973,0.030,False,Unfiltered with V Zeropoint,CCD,DGSA,,False
3821,PTF11KLY,000-BKD-525,2455829.33433,10.944,0.012,False,Unfiltered with V Zeropoint,CCD,DGSA,,False
3822,PTF11KLY,000-BKD-525,2455829.33470,10.984,0.017,False,Unfiltered with V Zeropoint,CCD,DGSA,,False
3823,PTF11KLY,000-BKD-525,2455829.33506,10.982,0.009,False,Unfiltered with V Zeropoint,CCD,DGSA,,False
3824,PTF11KLY,000-BKD-525,2455829.33542,10.946,0.021,False,Unfiltered with V Zeropoint,CCD,DGSA,,False
3825,SN 2011FE,000-BKD-525,2455829.33557,10.552,0.022,False,Cousins R,CCD,RMU,1.876,False
3826,PTF11KLY,000-BKD-525,2455829.33579,10.943,0.012,False,Unfiltered with V Zeropoint,CCD,DGSA,,False
3827,PTF11KLY,000-BKD-525,2455829.33615,10.970,0.018,False,Unfiltered with V Zeropoint,CCD,DGSA,,False
3828,PTF11KLY,000-BKD-525,2455829.33652,10.966,0.005,False,Unfiltered with V Zeropoint,CCD,DGSA,,False
3829,PTF11KLY,000-BKD-525,2455829.33688,10.961,0.013,False,Unfiltered with V Zeropoint,CCD,DGSA,,False
3830,PTF11KLY,000-BKD-525,2455829.33725,10.957,0.011,False,Unfiltered with V Zeropoint,CCD,DGSA,,False
3831,PTF11KLY,000-BKD-525,2455829.33761,10.972,0.012,False,Unfiltered with V Zeropoint,CCD,DGSA,,False
3832,SN 2011FE,000-BKD-525,2455829.34022,10.804,0.029,False,Cousins I,CCD,RMU,1.923,False
3833,PTF11KLY,000-BKD-525,2455829.34247,10.946,0.009,False,Unfiltered with V Zeropoint,CCD,DGSA,,False
3834,PTF11KLY,000-BKD-525,2455829.34284,10.987,0.019,False,Unfiltered with V Zeropoint,CCD,DGSA,,False
3835,PTF11KLY,000-BKD-525,2455829.34321,10.980,0.002,False,Unfiltered with V Zeropoint,CCD,DGSA,,False
3836,PTF11KLY,000-BKD-525,2455829.34806,10.946,0.021,False,Unfiltered with V Zeropoint,CCD,DGSA,,False
3837,PTF11KLY,000-BKD-525,2455829.34843,10.959,0.020,False,Unfiltered with V Zeropoint,CCD,DGSA,,False
3838,PTF11KLY,000-BKD-525,2455829.34880,10.973,0.011,False,Unfiltered with V Zeropoint,CCD,DGSA,,False
3839,PTF11KLY,000-BKD-525,2455829.34917,10.965,0.019,False,Unfiltered with V Zeropoint,CCD,DGSA,,False
3840,PTF11KLY,000-BKD-525,2455829.34954,10.961,0.010,False,Unfiltered with V Zeropoint,CCD,DGSA,,False
3841,PTF11KLY,000-BKD-525,2455829.34992,10.958,0.017,False,Unfiltered with V Zeropoint,CCD,DGSA,,False
3842,PTF11KLY,000-BKD-525,2455829.35030,10.941,0.002,False,Unfiltered with V Zeropoint,CCD,DGSA,,False
3843,PTF11KLY,000-BKD-525,2455829.35066,10.940,0.006,False,Unfiltered with V Zeropoint,CCD,DGSA,,False
3844,PTF11KLY,000-BKD-525,2455829.35104,10.951,0.025,False,Unfiltered with V Zeropoint,CCD,DGSA,,False
3845,PTF11KLY,000-BKD-525,2455829.35143,10.978,0.008,False,Unfiltered with V Zeropoint,CCD,DGSA,,False
3846,PTF11KLY,000-BKD-525,2455829.35180,10.972,0.011,False,Unfiltered with V Zeropoint,CCD,DGSA,,False
3847,PTF11KLY,000-BKD-525,2455829.35217,10.982,0.013,False,Unfiltered with V Zeropoint,CCD,DGSA,,False
3848,PTF11KLY,000-BKD-525,2455829.35254,10.975,0.019,False,Unfiltered with V Zeropoint,CCD,DGSA,,False
3849,PTF11KLY,000-BKD-525,2455829.35290,10.982,0.015,False,Unfiltered with V Zeropoint,CCD,DGSA,,False
3850,PTF11KLY,000-BKD-525,2455829.35328,10.994,0.014,False,Unfiltered with V Zeropoint,CCD,DGSA,,False
3851,PTF11KLY,000-BKD-525,2455829.35365,10.992,0.021,False,Unfiltered with V Zeropoint,CCD,DGSA,,False
3852,PTF11KLY,000-BKD-525,2455829.35402,10.948,0.011,False,Unfiltered with V Zeropoint,CCD,DGSA,,False
3853,PTF11KLY,000-BKD-525,2455829.35440,10.970,0.029,False,Unfiltered with V Zeropoint,CCD,DGSA,,False
3854,PTF11KLY,000-BKD-525,2455829.35478,10.946,0.009,False,Unfiltered with V Zeropoint,CCD,DGSA,,False
3855,SN 2011FE,000-BKD-525,2455829.355,10.0,,False,Visual,Visual,DAM,,
3856,PTF11KLY,000-BKD-525,2455829.35515,10.935,0.024,False,Unfiltered with V Zeropoint,CCD,DGSA,,False
3857,PTF11KLY,000-BKD-525,2455829.35552,10.955,0.019,False,Unfiltered with V Zeropoint,CCD,DGSA,,False
3858,PTF11KLY,000-BKD-525,2455829.35589,10.981,0.007,False,Unfiltered with V Zeropoint,CCD,DGSA,,False
3859,PTF11KLY,000-BKD-525,2455829.35626,10.976,0.018,False,Unfiltered with V Zeropoint,CCD,DGSA,,False
3860,PTF11KLY,000-BKD-525,2455829.3576,10.5,,False,Visual,Visual,QFI,,
3861,PTF11KLY,000-BKD-525,2455829.36254,10.944,0.005,False,Unfiltered with V Zeropoint,CCD,DGSA,,False
3862,PTF11KLY,000-BKD-525,2455829.36290,10.951,0.012,False,Unfiltered with V Zeropoint,CCD,DGSA,,False
3863,PTF11KLY,000-BKD-525,2455829.36327,10.962,0.012,False,Unfiltered with V Zeropoint,CCD,DGSA,,False
3864,PTF11KLY,000-BKD-525,2455829.36363,10.968,0.026,False,Unfiltered with V Zeropoint,CCD,DGSA,,False
3865,PTF11KLY,000-BKD-525,2455829.36400,10.960,0.013,False,Unfiltered with V Zeropoint,CCD,DGSA,,False
3866,PTF11KLY,000-BKD-525,2455829.36437,10.957,0.002,False,Unfiltered with V Zeropoint,CCD,DGSA,,False
3867,SN 2011FE,000-BKD-525,2455829.3715,10.5,,False,Visual,Visual,ILE,,
3868,SN 2011FE,000-BKD-525,2455829.37153,10.5,,False,Visual,Visual,ILE,,
3869,SN 2011FE,000-BKD-525,2455829.372,9.6,,False,Visual,Visual,VDE,,
3870,SN 2011FE,000-BKD-525,2455829.39583,10.5,,False,Visual,Visual,VBH,,
3871,PTF11KLY,000-BKD-525,2455829.501,10.96,0.12,False,Johnson B,CCD,RHM,,False
3872,PTF11KLY,000-BKD-525,2455829.510,10.55,0.06,False,Johnson V,CCD,RHM,,False
3873,PTF11KLY,000-BKD-525,2455829.520,10.85,0.08,False,Cousins I,CCD,RHM,,False
3874,PTF11KLY,000-BKD-525,2455829.529,10.60,0.06,False,Cousins R,CCD,RHM,,False
3875,SN 2011FE,000-BKD-525,2455829.5583,10.4,,False,Visual,Visual,BTB,,
3876,SN 2011FE,000-BKD-525,2455829.5875,10.5,,False,Visual,Visual,KRB,,
3877,PTF11KLY,000-BKD-525,2455829.61152,11.011,0.190,False,Johnson B,CCD,SRIC,1.56,False
3878,PTF11KLY,000-BKD-525,2455829.61461,10.615,0.029,False,Johnson V,CCD,SRIC,1.58,False
3879,SN 2011FE,000-BKD-525,2455829.63542,10.3,,False,Visual,Visual,WLY,,
3880,SN 2011FE,000-BKD-525,2455829.654734,10.6017,0.0472,False,Johnson V,CCD,SSTA,1.758,False
3881,SN 2011FE,000-BKD-525,2455829.655498,10.5979,0.0505,False,Johnson V,CCD,SSTA,1.763,False
3882,SN 2011FE,000-BKD-525,2455829.656262,10.5971,0.0456,False,Johnson V,CCD,SSTA,1.768,False
3883,SN 2011FE,000-BKD-525,2455829.657014,10.6175,0.0492,False,Johnson V,CCD,SSTA,1.773,False
3884,SN 2011FE,000-BKD-525,2455829.657778,10.6141,0.0547,False,Johnson V,CCD,SSTA,1.779,False
3885,SN 2011FE,000-BKD-525,2455829.65853,10.6254,0.0579,False,Johnson V,CCD,SSTA,1.784,False
3886,SN 2011FE,000-BKD-525,2455829.659294,10.6149,0.0569,False,Johnson V,CCD,SSTA,1.789,False
3887,SN 2011FE,000-BKD-525,2455829.660058,10.6025,0.0444,False,Johnson V,CCD,SSTA,1.795,False
3888,SN 2011FE,000-BKD-525,2455829.66081,10.6121,0.0394,False,Johnson V,CCD,SSTA,1.800,False
3889,SN 2011FE,000-BKD-525,2455829.661574,10.6019,0.0418,False,Johnson V,CCD,SSTA,1.805,False
3890,SN 2011FE,000-BKD-525,2455829.662338,10.6054,0.0406,False,Johnson V,CCD,SSTA,1.811,False
3891,SN 2011FE,000-BKD-525,2455829.66309,10.6100,0.0346,False,Johnson V,CCD,SSTA,1.816,False
3892,SN 2011FE,000-BKD-525,2455829.663854,10.6141,0.0349,False,Johnson V,CCD,SSTA,1.822,False
3893,SN 2011FE,000-BKD-525,2455829.664606,10.6160,0.0342,False,Johnson V,CCD,SSTA,1.827,False
3894,SN 2011FE,000-BKD-525,2455829.66537,10.6084,0.0361,False,Johnson V,CCD,SSTA,1.833,False
3895,SN 2011FE,000-BKD-525,2455829.666134,10.6146,0.0376,False,Johnson V,CCD,SSTA,1.838,False
3896,SN 2011FE,000-BKD-525,2455829.666887,10.6346,0.0373,False,Johnson V,CCD,SSTA,1.844,False
3897,SN 2011FE,000-BKD-525,2455829.66765,10.6060,0.0367,False,Johnson V,CCD,SSTA,1.849,False
3898,SN 2011FE,000-BKD-525,2455829.668414,10.6223,0.0444,False,Johnson V,CCD,SSTA,1.855,False
3899,SN 2011FE,000-BKD-525,2455829.669167,10.6195,0.0449,False,Johnson V,CCD,SSTA,1.861,False
3900,SN 2011FE,000-BKD-525,2455829.669931,10.6352,0.0447,False,Johnson V,CCD,SSTA,1.866,False
3901,SN 2011FE,000-BKD-525,2455829.670683,10.6093,0.0432,False,Johnson V,CCD,SSTA,1.872,False
3902,SN 2011FE,000-BKD-525,2455829.671447,10.6028,0.0402,False,Johnson V,CCD,SSTA,1.878,False
3903,SN 2011FE,000-BKD-525,2455829.672211,10.6254,0.0384,False,Johnson V,CCD,SSTA,1.883,False
3904,SN 2011FE,000-BKD-525,2455829.672963,10.6259,0.0433,False,Johnson V,CCD,SSTA,1.889,False
3905,SN 2011FE,000-BKD-525,2455829.673727,10.6186,0.0416,False,Johnson V,CCD,SSTA,1.895,False
3906,SN 2011FE,000-BKD-525,2455829.674491,10.6088,0.0422,False,Johnson V,CCD,SSTA,1.901,False
3907,SN 2011FE,000-BKD-525,2455829.675243,10.5975,0.0408,False,Johnson V,CCD,SSTA,1.907,False
3908,SN 2011FE,000-BKD-525,2455829.676007,10.5930,0.0373,False,Johnson V,CCD,SSTA,1.913,False
3909,SN 2011FE,000-BKD-525,2455829.676759,10.6168,0.0386,False,Johnson V,CCD,SSTA,1.918,False
3910,SN 2011FE,000-BKD-525,2455829.677523,10.6039,0.0367,False,Johnson V,CCD,SSTA,1.924,False
3911,SN 2011FE,000-BKD-525,2455829.678287,10.6292,0.0347,False,Johnson V,CCD,SSTA,1.930,False
3912,SN 2011FE,000-BKD-525,2455829.679039,10.5714,0.0374,False,Johnson V,CCD,SSTA,1.936,False
3913,SN 2011FE,000-BKD-525,2455829.679803,10.5201,0.0384,False,Johnson V,CCD,SSTA,1.942,False
3914,SN 2011FE,000-BKD-525,2455829.680567,10.5806,0.0357,False,Johnson V,CCD,SSTA,1.948,False
3915,SN 2011FE,000-BKD-525,2455829.681319,10.6140,0.0378,False,Johnson V,CCD,SSTA,1.954,False
3916,SN 2011FE,000-BKD-525,2455829.682083,10.5741,0.0373,False,Johnson V,CCD,SSTA,1.961,False
3917,SN 2011FE,000-BKD-525,2455829.682847,10.5808,0.0390,False,Johnson V,CCD,SSTA,1.967,False
3918,SN 2011FE,000-BKD-525,2455829.6836,10.6256,0.0426,False,Johnson V,CCD,SSTA,1.973,False
3919,SN 2011FE,000-BKD-525,2455829.684363,10.6065,0.0393,False,Johnson V,CCD,SSTA,1.979,False
3920,SN 2011FE,000-BKD-525,2455829.685116,10.5687,0.0420,False,Johnson V,CCD,SSTA,1.985,False
3921,SN 2011FE,000-BKD-525,2455829.68588,10.5988,0.0410,False,Johnson V,CCD,SSTA,1.991,False
3922,SN 2011FE,000-BKD-525,2455829.686644,10.6020,0.0379,False,Johnson V,CCD,SSTA,1.998,False
3923,SN 2011FE,000-BKD-525,2455829.687396,10.5996,0.0448,False,Johnson V,CCD,SSTA,2.004,False
3924,SN 2011FE,000-BKD-525,2455829.68816,10.6032,0.0391,False,Johnson V,CCD,SSTA,2.010,False
3925,SN 2011FE,000-BKD-525,2455829.688924,10.6341,0.0357,False,Johnson V,CCD,SSTA,2.016,False
3926,SN 2011FE,000-BKD-525,2455829.689676,10.6110,0.0421,False,Johnson V,CCD,SSTA,2.023,False
3927,SN 2011FE,000-BKD-525,2455829.69044,10.5962,0.0404,False,Johnson V,CCD,SSTA,2.029,False
3928,SN 2011FE,000-BKD-525,2455829.691192,10.5653,0.0407,False,Johnson V,CCD,SSTA,2.036,False
3929,SN 2011FE,000-BKD-525,2455829.691956,10.5919,0.0462,False,Johnson V,CCD,SSTA,2.042,False
3930,SN 2011FE,000-BKD-525,2455829.69272,10.6314,0.0442,False,Johnson V,CCD,SSTA,2.048,False
3931,SN 2011FE,000-BKD-525,2455829.693472,10.6302,0.0527,False,Johnson V,CCD,SSTA,2.055,False
3932,SN 2011FE,000-BKD-525,2455829.694236,10.5684,0.0519,False,Johnson V,CCD,SSTA,2.061,False
3933,SN 2011FE,000-BKD-525,2455829.695,10.5784,0.0460,False,Johnson V,CCD,SSTA,2.068,False
3934,SN 2011FE,000-BKD-525,2455829.695752,10.5437,0.0483,False,Johnson V,CCD,SSTA,2.074,False
3935,SN 2011FE,000-BKD-525,2455829.696516,10.5957,0.0516,False,Johnson V,CCD,SSTA,2.081,False
3936,SN 2011FE,000-BKD-525,2455829.697269,10.5549,0.0511,False,Johnson V,CCD,SSTA,2.088,False
3937,SN 2011FE,000-BKD-525,2455829.698032,10.6282,0.0467,False,Johnson V,CCD,SSTA,2.094,False
3938,SN 2011FE,000-BKD-525,2455829.698796,10.6295,0.0471,False,Johnson V,CCD,SSTA,2.101,False
3939,SN 2011FE,000-BKD-525,2455829.699549,10.6179,0.0487,False,Johnson V,CCD,SSTA,2.108,False
3940,SN 2011FE,000-BKD-525,2455829.700313,10.6230,0.0454,False,Johnson V,CCD,SSTA,2.114,False
3941,SN 2011FE,000-BKD-525,2455829.701076,10.6192,0.0455,False,Johnson V,CCD,SSTA,2.121,False
3942,SN 2011FE,000-BKD-525,2455829.701829,10.6255,0.0477,False,Johnson V,CCD,SSTA,2.128,False
3943,SN 2011FE,000-BKD-525,2455829.702593,10.6219,0.0504,False,Johnson V,CCD,SSTA,2.135,False
3944,SN 2011FE,000-BKD-525,2455829.703345,10.6126,0.0561,False,Johnson V,CCD,SSTA,2.141,False
3945,SN 2011FE,000-BKD-525,2455829.704109,10.6315,0.0537,False,Johnson V,CCD,SSTA,2.148,False
3946,SN 2011FE,000-BKD-525,2455829.704873,10.6265,0.0576,False,Johnson V,CCD,SSTA,2.155,False
3947,SN 2011FE,000-BKD-525,2455829.705625,10.6138,0.0599,False,Johnson V,CCD,SSTA,2.162,False
3948,SN 2011FE,000-BKD-525,2455829.706389,10.6171,0.0578,False,Johnson V,CCD,SSTA,2.169,False
3949,SN 2011FE,000-BKD-525,2455829.707153,10.6255,0.0559,False,Johnson V,CCD,SSTA,2.176,False
3950,SN 2011FE,000-BKD-525,2455829.707905,10.6155,0.0591,False,Johnson V,CCD,SSTA,2.183,False
3951,SN 2011FE,000-BKD-525,2455829.708669,10.6127,0.0558,False,Johnson V,CCD,SSTA,2.190,False
3952,SN 2011FE,000-BKD-525,2455829.709421,10.6515,0.0519,False,Johnson V,CCD,SSTA,2.197,False
3953,SN 2011FE,000-BKD-525,2455829.710185,10.6412,0.0558,False,Johnson V,CCD,SSTA,2.204,False
3954,SN 2011FE,000-BKD-525,2455829.710949,10.6379,0.0570,False,Johnson V,CCD,SSTA,2.211,False
3955,SN 2011FE,000-BKD-525,2455829.711701,10.6371,0.0574,False,Johnson V,CCD,SSTA,2.218,False
3956,SN 2011FE,000-BKD-525,2455829.712465,10.6486,0.0566,False,Johnson V,CCD,SSTA,2.225,False
3957,SN 2011FE,000-BKD-525,2455829.713229,10.6426,0.0585,False,Johnson V,CCD,SSTA,2.232,False
3958,SN 2011FE,000-BKD-525,2455829.713981,10.6615,0.0528,False,Johnson V,CCD,SSTA,2.239,False
3959,SN 2011FE,000-BKD-525,2455829.714745,10.6598,0.0514,False,Johnson V,CCD,SSTA,2.246,False
3960,SN 2011FE,000-BKD-525,2455829.715509,10.6373,0.1370,False,Johnson V,CCD,SSTA,2.254,False
3961,SN 2011FE,000-BKD-525,2455829.716262,10.6515,0.0546,False,Johnson V,CCD,SSTA,2.261,False
3962,SN 2011FE,000-BKD-525,2455829.717025,10.6359,0.0503,False,Johnson V,CCD,SSTA,2.268,False
3963,SN 2011FE,000-BKD-525,2455829.717778,10.6252,0.0562,False,Johnson V,CCD,SSTA,2.275,False
3964,SN 2011FE,000-BKD-525,2455829.718542,10.6429,0.0528,False,Johnson V,CCD,SSTA,2.283,False
3965,SN 2011FE,000-BKD-525,2455829.719306,10.6443,0.0475,False,Johnson V,CCD,SSTA,2.290,False
3966,SN 2011FE,000-BKD-525,2455829.720058,10.6345,0.0526,False,Johnson V,CCD,SSTA,2.297,False
3967,SN 2011FE,000-BKD-525,2455829.720822,10.6440,0.0558,False,Johnson V,CCD,SSTA,2.305,False
3968,SN 2011FE,000-BKD-525,2455830.24236,10.4,,False,Visual,Visual,RZM,,
3969,SN 2011FE,000-BKD-525,2455830.2500,10.4,,False,Visual,Visual,CSM,,
3970,SN 2011FE,000-BKD-525,2455830.251,10.4,,False,Visual,Visual,VOL,,
3971,SN 2011FE,000-BKD-525,2455830.25694,10.5,,False,Visual,Visual,KOS,,
3972,SN 2011FE,000-BKD-525,2455830.26,10.6,,False,Visual,Visual,PPS,,
3973,SN 2011FE,000-BKD-525,2455830.27083,10.5,,False,Visual,Visual,SUQ,,
3974,SN 2011FE,000-BKD-525,2455830.27083,10.4,,False,Visual,Visual,PMAA,,
3975,SN 2011FE,000-BKD-525,2455830.27361,10.4,,False,Visual,Visual,SJZ,,
3976,SN 2011FE,000-BKD-525,2455830.2792,10.5,,False,Visual,Visual,KWO,,
3977,SN 2011FE,000-BKD-525,2455830.2856,10.25,,False,Visual,Visual,DAT,,
3978,PTF11KLY,000-BKD-525,2455830.2903,10.5,,False,Visual,Visual,VFK,,
3979,SN 2011FE,000-BKD-525,2455830.292,10.4,,False,Visual,Visual,FRF,,
3980,PTF11KLY,000-BKD-525,2455830.29521,10.959,0.027,False,Unfiltered with V Zeropoint,CCD,DGSA,,False
3981,PTF11KLY,000-BKD-525,2455830.29562,10.856,0.060,False,Unfiltered with V Zeropoint,CCD,DGSA,,False
3982,PTF11KLY,000-BKD-525,2455830.29605,10.926,0.010,False,Unfiltered with V Zeropoint,CCD,DGSA,,False
3983,PTF11KLY,000-BKD-525,2455830.29647,10.845,0.036,False,Unfiltered with V Zeropoint,CCD,DGSA,,False
3984,PTF11KLY,000-BKD-525,2455830.29688,10.972,0.005,False,Unfiltered with V Zeropoint,CCD,DGSA,,False
3985,PTF11KLY,000-BKD-525,2455830.29730,10.984,0.004,False,Unfiltered with V Zeropoint,CCD,DGSA,,False
3986,PTF11KLY,000-BKD-525,2455830.29772,11.009,0.018,False,Unfiltered with V Zeropoint,CCD,DGSA,,False
3987,PTF11KLY,000-BKD-525,2455830.29814,10.884,0.018,False,Unfiltered with V Zeropoint,CCD,DGSA,,False
3988,PTF11KLY,000-BKD-525,2455830.29856,10.852,0.013,False,Unfiltered with V Zeropoint,CCD,DGSA,,False
3989,PTF11KLY,000-BKD-525,2455830.29940,11.068,0.010,False,Unfiltered with V Zeropoint,CCD,DGSA,,False
3990,PTF11KLY,000-BKD-525,2455830.29982,11.021,0.054,False,Unfiltered with V Zeropoint,CCD,DGSA,,False
3991,PTF11KLY,000-BKD-525,2455830.30025,10.892,0.031,False,Unfiltered with V Zeropoint,CCD,DGSA,,False
3992,PTF11KLY,000-BKD-525,2455830.30067,10.980,0.002,False,Unfiltered with V Zeropoint,CCD,DGSA,,False
3993,PTF11KLY,000-BKD-525,2455830.30109,11.006,0.016,False,Unfiltered with V Zeropoint,CCD,DGSA,,False
3994,PTF11KLY,000-BKD-525,2455830.30151,10.974,0.020,False,Unfiltered with V Zeropoint,CCD,DGSA,,False
3995,PTF11KLY,000-BKD-525,2455830.30194,10.972,0.009,False,Unfiltered with V Zeropoint,CCD,DGSA,,False
3996,PTF11KLY,000-BKD-525,2455830.30236,10.974,0.004,False,Unfiltered with V Zeropoint,CCD,DGSA,,False
3997,PTF11KLY,000-BKD-525,2455830.30278,10.986,0.007,False,Unfiltered with V Zeropoint,CCD,DGSA,,False
3998,PTF11KLY,000-BKD-525,2455830.30324,10.991,0.005,False,Unfiltered with V Zeropoint,CCD,DGSA,,False
3999,PTF11KLY,000-BKD-525,2455830.30366,10.983,0.010,False,Unfiltered with V Zeropoint,CCD,DGSA,,False
4000,SN 2011FE,000-BKD-525,2455830.30386,10.548,0.005,False,Johnson V,CCD,ATE,1.60,False
4001,PTF11KLY,000-BKD-525,2455830.30408,10.993,0.015,False,Unfiltered with V Zeropoint,CCD,DGSA,,False
4002,PTF11KLY,000-BKD-525,2455830.30449,10.986,0.002,False,Unfiltered with V Zeropoint,CCD,DGSA,,False
4003,SN 2011FE,000-BKD-525,2455830.30454,10.571,0.005,False,Johnson V,CCD,ATE,1.61,False
4004,PTF11KLY,000-BKD-525,2455830.30492,10.979,0.013,False,Unfiltered with V Zeropoint,CCD,DGSA,,False
4005,SN 2011FE,000-BKD-525,2455830.305,10.6,,False,Visual,Visual,PIJ,,
4006,SN 2011FE,000-BKD-525,2455830.30513,10.558,0.005,False,Johnson V,CCD,ATE,1.61,False
4007,PTF11KLY,000-BKD-525,2455830.30535,10.990,0.031,False,Unfiltered with V Zeropoint,CCD,DGSA,,False
4008,SN 2011FE,000-BKD-525,2455830.30570,10.571,0.005,False,Johnson V,CCD,ATE,1.62,False
4009,PTF11KLY,000-BKD-525,2455830.30577,10.986,0.018,False,Unfiltered with V Zeropoint,CCD,DGSA,,False
4010,PTF11KLY,000-BKD-525,2455830.30619,10.993,0.005,False,Unfiltered with V Zeropoint,CCD,DGSA,,False
4011,SN 2011FE,000-BKD-525,2455830.30627,10.551,0.005,False,Johnson V,CCD,ATE,1.62,False
4012,PTF11KLY,000-BKD-525,2455830.30660,10.976,0.014,False,Unfiltered with V Zeropoint,CCD,DGSA,,False
4013,SN 2011FE,000-BKD-525,2455830.30683,10.554,0.005,False,Johnson V,CCD,ATE,1.63,False
4014,PTF11KLY,000-BKD-525,2455830.30703,10.999,0.017,False,Unfiltered with V Zeropoint,CCD,DGSA,,False
4015,SN 2011FE,000-BKD-525,2455830.30744,10.580,0.005,False,Johnson V,CCD,ATE,1.63,False
4016,PTF11KLY,000-BKD-525,2455830.30744,10.992,0.013,False,Unfiltered with V Zeropoint,CCD,DGSA,,False
4017,PTF11KLY,000-BKD-525,2455830.30786,11.012,0.010,False,Unfiltered with V Zeropoint,CCD,DGSA,,False
4018,SN 2011FE,000-BKD-525,2455830.30800,10.568,0.005,False,Johnson V,CCD,ATE,1.63,False
4019,PTF11KLY,000-BKD-525,2455830.30828,10.976,0.002,False,Unfiltered with V Zeropoint,CCD,DGSA,,False
4020,SN 2011FE,000-BKD-525,2455830.30857,10.554,0.005,False,Johnson V,CCD,ATE,1.64,False
4021,PTF11KLY,000-BKD-525,2455830.30870,10.980,0.019,False,Unfiltered with V Zeropoint,CCD,DGSA,,False
4022,PTF11KLY,000-BKD-525,2455830.30911,10.905,0.025,False,Unfiltered with V Zeropoint,CCD,DGSA,,False
4023,SN 2011FE,000-BKD-525,2455830.30914,10.557,0.005,False,Johnson V,CCD,ATE,1.64,False
4024,PTF11KLY,000-BKD-525,2455830.30953,10.947,0.012,False,Unfiltered with V Zeropoint,CCD,DGSA,,False
4025,SN 2011FE,000-BKD-525,2455830.30972,10.562,0.005,False,Johnson V,CCD,ATE,1.65,False
4026,PTF11KLY,000-BKD-525,2455830.30995,10.906,0.043,False,Unfiltered with V Zeropoint,CCD,DGSA,,False
4027,SN 2011FE,000-BKD-525,2455830.31031,10.552,0.005,False,Johnson V,CCD,ATE,1.65,False
4028,PTF11KLY,000-BKD-525,2455830.31037,11.037,0.010,False,Unfiltered with V Zeropoint,CCD,DGSA,,False
4029,SN 2011FE,000-BKD-525,2455830.31091,10.560,0.005,False,Johnson V,CCD,ATE,1.66,False
4030,SN 2011FE,000-BKD-525,2455830.31151,10.580,0.005,False,Johnson V,CCD,ATE,1.66,False
4031,SN 2011FE,000-BKD-525,2455830.31211,10.576,0.005,False,Johnson V,CCD,ATE,1.66,False
4032,SN 2011FE,000-BKD-525,2455830.31271,10.590,0.005,False,Johnson V,CCD,ATE,1.67,False
4033,SN 2011FE,000-BKD-525,2455830.31332,10.592,0.005,False,Johnson V,CCD,ATE,1.67,False
4034,SN 2011FE,000-BKD-525,2455830.31391,10.584,0.005,False,Johnson V,CCD,ATE,1.68,False
4035,SN 2011FE,000-BKD-525,2455830.31452,10.563,0.005,False,Johnson V,CCD,ATE,1.68,False
4036,SN 2011FE,000-BKD-525,2455830.31511,10.562,0.005,False,Johnson V,CCD,ATE,1.69,False
4037,SN 2011FE,000-BKD-525,2455830.31571,10.551,0.005,False,Johnson V,CCD,ATE,1.69,False
4038,SN 2011FE,000-BKD-525,2455830.31628,10.565,0.005,False,Johnson V,CCD,ATE,1.70,False
4039,SN 2011FE,000-BKD-525,2455830.31685,10.555,0.005,False,Johnson V,CCD,ATE,1.70,False
4040,SN 2011FE,000-BKD-525,2455830.31741,10.563,0.005,False,Johnson V,CCD,ATE,1.71,False
4041,SN 2011FE,000-BKD-525,2455830.31798,10.582,0.005,False,Johnson V,CCD,ATE,1.71,False
4042,SN 2011FE,000-BKD-525,2455830.31858,10.580,0.005,False,Johnson V,CCD,ATE,1.72,False
4043,SN 2011FE,000-BKD-525,2455830.31918,10.597,0.005,False,Johnson V,CCD,ATE,1.72,False
4044,SN 2011FE,000-BKD-525,2455830.31979,10.568,0.005,False,Johnson V,CCD,ATE,1.73,False
4045,SN 2011FE,000-BKD-525,2455830.32039,10.597,0.005,False,Johnson V,CCD,ATE,1.73,False
4046,SN 2011FE,000-BKD-525,2455830.32096,10.586,0.005,False,Johnson V,CCD,ATE,1.73,False
4047,SN 2011FE,000-BKD-525,2455830.32155,10.603,0.005,False,Johnson V,CCD,ATE,1.74,False
4048,SN 2011FE,000-BKD-525,2455830.32211,10.570,0.005,False,Johnson V,CCD,ATE,1.74,False
4049,SN 2011FE,000-BKD-525,2455830.32271,10.568,0.005,False,Johnson V,CCD,ATE,1.75,False
4050,SN 2011FE,000-BKD-525,2455830.32328,10.585,0.005,False,Johnson V,CCD,ATE,1.75,False
4051,SN 2011FE,000-BKD-525,2455830.32385,10.573,0.005,False,Johnson V,CCD,ATE,1.76,False
4052,SN 2011FE,000-BKD-525,2455830.32443,10.549,0.005,False,Johnson V,CCD,ATE,1.76,False
4053,SN 2011FE,000-BKD-525,2455830.32986,10.6,,False,Visual,Visual,WKL,,
4054,SN 2011FE,000-BKD-525,2455830.36111,10.4,,False,Visual,Visual,BXT,,
4055,SN 2011FE,000-BKD-525,2455830.3715,10.5,,False,Visual,Visual,ILE,,
4056,SN 2011FE,000-BKD-525,2455830.37153,10.5,,False,Visual,Visual,ILE,,
4057,PTF11KLY,000-BKD-525,2455830.41667,10.45,,False,Unfiltered with V Zeropoint,CCD,VKN,,False
4058,SN 2011FE,000-BKD-525,2455830.484873,10.585,0.005,False,Johnson V,CCD,LDJ,1.625,False
4059,SN 2011FE,000-BKD-525,2455830.486163,10.587,0.005,False,Johnson V,CCD,LDJ,1.635,False
4060,SN 2011FE,000-BKD-525,2455830.487459,10.589,0.005,False,Johnson V,CCD,LDJ,1.644,False
4061,SN 2011FE,000-BKD-525,2455830.488756,10.593,0.005,False,Johnson V,CCD,LDJ,1.653,False
4062,SN 2011FE,000-BKD-525,2455830.490052,10.585,0.005,False,Johnson V,CCD,LDJ,1.662,False
4063,SN 2011FE,000-BKD-525,2455830.491348,10.589,0.005,False,Johnson V,CCD,LDJ,1.672,False
4064,SN 2011FE,000-BKD-525,2455830.492650,10.587,0.005,False,Johnson V,CCD,LDJ,1.681,False
4065,SN 2011FE,000-BKD-525,2455830.493953,10.592,0.005,False,Johnson V,CCD,LDJ,1.691,False
4066,SN 2011FE,000-BKD-525,2455830.495249,10.586,0.005,False,Johnson V,CCD,LDJ,1.700,False
4067,SN 2011FE,000-BKD-525,2455830.496551,10.581,0.005,False,Johnson V,CCD,LDJ,1.710,False
4068,SN 2011FE,000-BKD-525,2455830.497853,10.589,0.005,False,Johnson V,CCD,LDJ,1.720,False
4069,SN 2011FE,000-BKD-525,2455830.499149,10.584,0.005,False,Johnson V,CCD,LDJ,1.730,False
4070,SN 2011FE,000-BKD-525,2455830.500446,10.583,0.005,False,Johnson V,CCD,LDJ,1.740,False
4071,SN 2011FE,000-BKD-525,2455830.501742,10.592,0.005,False,Johnson V,CCD,LDJ,1.751,False
4072,SN 2011FE,000-BKD-525,2455830.503044,10.594,0.005,False,Johnson V,CCD,LDJ,1.761,False
4073,SN 2011FE,000-BKD-525,2455830.504346,10.600,0.005,False,Johnson V,CCD,LDJ,1.772,False
4074,SN 2011FE,000-BKD-525,2455830.505642,10.596,0.005,False,Johnson V,CCD,LDJ,1.782,False
4075,SN 2011FE,000-BKD-525,2455830.510208,10.590,0.005,False,Johnson V,CCD,LDJ,1.821,False
4076,SN 2011FE,000-BKD-525,2455830.511510,10.592,0.005,False,Johnson V,CCD,LDJ,1.832,False
4077,PTF11KLY,000-BKD-525,2455830.512,11.09,0.12,False,Johnson B,CCD,RHM,,False
4078,SN 2011FE,000-BKD-525,2455830.512807,10.584,0.005,False,Johnson V,CCD,LDJ,1.844,False
4079,SN 2011FE,000-BKD-525,2455830.514103,10.583,0.005,False,Johnson V,CCD,LDJ,1.855,False
4080,SN 2011FE,000-BKD-525,2455830.515399,10.591,0.005,False,Johnson V,CCD,LDJ,1.867,False
4081,SN 2011FE,000-BKD-525,2455830.516701,10.595,0.005,False,Johnson V,CCD,LDJ,1.879,False
4082,SN 2011FE,000-BKD-525,2455830.517,10.4,,False,Visual,Visual,MHH,,
4083,SN 2011FE,000-BKD-525,2455830.518003,10.589,0.005,False,Johnson V,CCD,LDJ,1.891,False
4084,SN 2011FE,000-BKD-525,2455830.519306,10.597,0.005,False,Johnson V,CCD,LDJ,1.903,False
4085,SN 2011FE,000-BKD-525,2455830.520608,10.592,0.005,False,Johnson V,CCD,LDJ,1.915,False
4086,PTF11KLY,000-BKD-525,2455830.523,10.59,0.07,False,Johnson V,CCD,RHM,,False
4087,SN 2011FE,000-BKD-525,2455830.523212,10.594,0.005,False,Johnson V,CCD,LDJ,1.940,False
4088,SN 2011FE,000-BKD-525,2455830.524508,10.601,0.005,False,Johnson V,CCD,LDJ,1.953,False
4089,SN 2011FE,000-BKD-525,2455830.525810,10.595,0.005,False,Johnson V,CCD,LDJ,1.966,False
4090,SN 2011FE,000-BKD-525,2455830.527112,10.604,0.005,False,Johnson V,CCD,LDJ,1.979,False
4091,SN 2011FE,000-BKD-525,2455830.528403,10.601,0.005,False,Johnson V,CCD,LDJ,1.992,False
4092,SN 2011FE,000-BKD-525,2455830.529705,10.601,0.005,False,Johnson V,CCD,LDJ,2.005,False
4093,SN 2011FE,000-BKD-525,2455830.531007,10.603,0.005,False,Johnson V,CCD,LDJ,2.019,False
4094,PTF11KLY,000-BKD-525,2455830.532,10.84,0.07,False,Cousins I,CCD,RHM,,False
4095,SN 2011FE,000-BKD-525,2455830.532309,10.605,0.005,False,Johnson V,CCD,LDJ,2.032,False
4096,SN 2011FE,000-BKD-525,2455830.534913,10.594,0.005,False,Johnson V,CCD,LDJ,2.060,False
4097,SN 2011FE,000-BKD-525,2455830.536215,10.601,0.005,False,Johnson V,CCD,LDJ,2.074,False
4098,SN 2011FE,000-BKD-525,2455830.537517,10.601,0.005,False,Johnson V,CCD,LDJ,2.088,False
4099,PTF11KLY,000-BKD-525,2455830.540,10.62,0.07,False,Cousins R,CCD,RHM,,False
4100,SN 2011FE,000-BKD-525,2455830.542749,10.596,0.005,False,Johnson V,CCD,LDJ,2.148,False
4101,SN 2011FE,000-BKD-525,2455830.547963,10.594,0.005,False,Johnson V,CCD,LDJ,2.210,False
4102,SN 2011FE,000-BKD-525,2455830.549271,10.596,0.005,False,Johnson V,CCD,LDJ,2.226,False
4103,SN 2011FE,000-BKD-525,2455830.54931,10.4,,False,Visual,Visual,CKB,,
4104,SN 2011FE,000-BKD-525,2455830.550573,10.603,0.005,False,Johnson V,CCD,LDJ,2.242,False
4105,SN 2011FE,000-BKD-525,2455830.554242,10.600,0.005,False,Johnson V,CCD,LDJ,2.287,False
4106,SN 2011FE,000-BKD-525,2455830.555544,10.600,0.005,False,Johnson V,CCD,LDJ,2.305,False
4107,SN 2011FE,000-BKD-525,2455830.556852,10.605,0.005,False,Johnson V,CCD,LDJ,2.322,False
4108,SN 2011FE,000-BKD-525,2455830.558154,10.594,0.005,False,Johnson V,CCD,LDJ,2.339,False
4109,SN 2011FE,000-BKD-525,2455830.562066,10.599,0.005,False,Johnson V,CCD,LDJ,2.392,False
4110,SN 2011FE,000-BKD-525,2455830.563368,10.610,0.005,False,Johnson V,CCD,LDJ,2.410,False
4111,SN 2011FE,000-BKD-525,2455830.57429,10.59,0.03,False,Johnson V,CCD,HSW,,False
4112,SN 2011FE,000-BKD-525,2455830.5847,10.5,,False,Visual,Visual,KRB,,
4113,SN 2011FE,000-BKD-525,2455830.585949,10.5311,0.0188,False,Johnson V,CCD,SSTA,1.395,False
4114,SN 2011FE,000-BKD-525,2455830.586713,10.5491,0.0175,False,Johnson V,CCD,SSTA,1.398,False
4115,SN 2011FE,000-BKD-525,2455830.587465,10.5333,0.0175,False,Johnson V,CCD,SSTA,1.402,False
4116,SN 2011FE,000-BKD-525,2455830.588229,10.5288,0.0168,False,Johnson V,CCD,SSTA,1.405,False
4117,SN 2011FE,000-BKD-525,2455830.588993,10.5246,0.0167,False,Johnson V,CCD,SSTA,1.408,False
4118,SN 2011FE,000-BKD-525,2455830.589745,10.5438,0.0168,False,Johnson V,CCD,SSTA,1.412,False
4119,SN 2011FE,000-BKD-525,2455830.590509,10.5189,0.0169,False,Johnson V,CCD,SSTA,1.415,False
4120,SN 2011FE,000-BKD-525,2455830.591262,10.5277,0.0166,False,Johnson V,CCD,SSTA,1.418,False
4121,SN 2011FE,000-BKD-525,2455830.592025,10.5169,0.0166,False,Johnson V,CCD,SSTA,1.422,False
4122,SN 2011FE,000-BKD-525,2455830.592789,10.5090,0.0175,False,Johnson V,CCD,SSTA,1.425,False
4123,SN 2011FE,000-BKD-525,2455830.593542,10.5140,0.0167,False,Johnson V,CCD,SSTA,1.428,False
4124,SN 2011FE,000-BKD-525,2455830.594306,10.5064,0.0169,False,Johnson V,CCD,SSTA,1.432,False
4125,SN 2011FE,000-BKD-525,2455830.595069,10.5206,0.0169,False,Johnson V,CCD,SSTA,1.435,False
4126,SN 2011FE,000-BKD-525,2455830.595822,10.5019,0.0195,False,Johnson V,CCD,SSTA,1.439,False
4127,SN 2011FE,000-BKD-525,2455830.596586,10.5280,0.0167,False,Johnson V,CCD,SSTA,1.442,False
4128,SN 2011FE,000-BKD-525,2455830.597338,10.5266,0.0161,False,Johnson V,CCD,SSTA,1.446,False
4129,SN 2011FE,000-BKD-525,2455830.598102,10.5389,0.0161,False,Johnson V,CCD,SSTA,1.450,False
4130,SN 2011FE,000-BKD-525,2455830.598866,10.4962,0.0166,False,Johnson V,CCD,SSTA,1.453,False
4131,SN 2011FE,000-BKD-525,2455830.599618,10.5119,0.0166,False,Johnson V,CCD,SSTA,1.457,False
4132,SN 2011FE,000-BKD-525,2455830.600382,10.5179,0.0161,False,Johnson V,CCD,SSTA,1.460,False
4133,SN 2011FE,000-BKD-525,2455830.601146,10.5270,0.0167,False,Johnson V,CCD,SSTA,1.464,False
4134,SN 2011FE,000-BKD-525,2455830.601898,10.5055,0.0167,False,Johnson V,CCD,SSTA,1.468,False
4135,SN 2011FE,000-BKD-525,2455830.602662,10.5395,0.0167,False,Johnson V,CCD,SSTA,1.471,False
4136,SN 2011FE,000-BKD-525,2455830.603426,10.5037,0.0194,False,Johnson V,CCD,SSTA,1.475,False
4137,SN 2011FE,000-BKD-525,2455830.604178,10.5185,0.0185,False,Johnson V,CCD,SSTA,1.479,False
4138,SN 2011FE,000-BKD-525,2455830.604942,10.5202,0.0165,False,Johnson V,CCD,SSTA,1.482,False
4139,SN 2011FE,000-BKD-525,2455830.605706,10.5188,0.0177,False,Johnson V,CCD,SSTA,1.486,False
4140,SN 2011FE,000-BKD-525,2455830.606458,10.5022,0.0175,False,Johnson V,CCD,SSTA,1.490,False
4141,SN 2011FE,000-BKD-525,2455830.607222,10.5243,0.0170,False,Johnson V,CCD,SSTA,1.494,False
4142,SN 2011FE,000-BKD-525,2455830.607975,10.4952,0.0154,False,Johnson V,CCD,SSTA,1.497,False
4143,SN 2011FE,000-BKD-525,2455830.608738,10.5128,0.0162,False,Johnson V,CCD,SSTA,1.501,False
4144,SN 2011FE,000-BKD-525,2455830.609502,10.4980,0.0170,False,Johnson V,CCD,SSTA,1.505,False
4145,SN 2011FE,000-BKD-525,2455830.610255,10.5287,0.0196,False,Johnson V,CCD,SSTA,1.509,False
4146,SN 2011FE,000-BKD-525,2455830.611019,10.5093,0.0173,False,Johnson V,CCD,SSTA,1.513,False
4147,SN 2011FE,000-BKD-525,2455830.611771,10.5066,0.0167,False,Johnson V,CCD,SSTA,1.517,False
4148,SN 2011FE,000-BKD-525,2455830.612535,10.5148,0.0163,False,Johnson V,CCD,SSTA,1.521,False
4149,SN 2011FE,000-BKD-525,2455830.613299,10.5021,0.0165,False,Johnson V,CCD,SSTA,1.525,False
4150,SN 2011FE,000-BKD-525,2455830.614051,10.5368,0.0160,False,Johnson V,CCD,SSTA,1.529,False
4151,SN 2011FE,000-BKD-525,2455830.614815,10.5044,0.0171,False,Johnson V,CCD,SSTA,1.533,False
4152,SN 2011FE,000-BKD-525,2455830.615579,10.4890,0.0168,False,Johnson V,CCD,SSTA,1.537,False
4153,SN 2011FE,000-BKD-525,2455830.616331,10.5088,0.0170,False,Johnson V,CCD,SSTA,1.541,False
4154,SN 2011FE,000-BKD-525,2455830.617095,10.5103,0.0168,False,Johnson V,CCD,SSTA,1.545,False
4155,SN 2011FE,000-BKD-525,2455830.6174,10.4,,False,Visual,Visual,DPV,,
4156,SN 2011FE,000-BKD-525,2455830.617847,10.5198,0.0172,False,Johnson V,CCD,SSTA,1.549,False
4157,SN 2011FE,000-BKD-525,2455830.618611,10.5265,0.0167,False,Johnson V,CCD,SSTA,1.553,False
4158,SN 2011FE,000-BKD-525,2455830.619363,10.5040,0.0163,False,Johnson V,CCD,SSTA,1.557,False
4159,SN 2011FE,000-BKD-525,2455830.620127,10.5019,0.0171,False,Johnson V,CCD,SSTA,1.561,False
4160,SN 2011FE,000-BKD-525,2455830.620891,10.4945,0.0181,False,Johnson V,CCD,SSTA,1.566,False
4161,SN 2011FE,000-BKD-525,2455830.621644,10.5347,0.0179,False,Johnson V,CCD,SSTA,1.570,False
4162,SN 2011FE,000-BKD-525,2455830.622407,10.5041,0.0185,False,Johnson V,CCD,SSTA,1.574,False
4163,SN 2011FE,000-BKD-525,2455830.623171,10.5068,0.0174,False,Johnson V,CCD,SSTA,1.578,False
4164,SN 2011FE,000-BKD-525,2455830.623924,10.5096,0.0170,False,Johnson V,CCD,SSTA,1.582,False
4165,SN 2011FE,000-BKD-525,2455830.624688,10.4992,0.0177,False,Johnson V,CCD,SSTA,1.587,False
4166,SN 2011FE,000-BKD-525,2455830.625451,10.4910,0.0179,False,Johnson V,CCD,SSTA,1.591,False
4167,SN 2011FE,000-BKD-525,2455830.626215,10.5136,0.0169,False,Johnson V,CCD,SSTA,1.595,False
4168,SN 2011FE,000-BKD-525,2455830.626979,10.4921,0.0175,False,Johnson V,CCD,SSTA,1.600,False
4169,SN 2011FE,000-BKD-525,2455830.627731,10.5036,0.0164,False,Johnson V,CCD,SSTA,1.604,False
4170,SN 2011FE,000-BKD-525,2455830.628495,10.5086,0.0170,False,Johnson V,CCD,SSTA,1.609,False
4171,SN 2011FE,000-BKD-525,2455830.629259,10.5202,0.0177,False,Johnson V,CCD,SSTA,1.613,False
4172,SN 2011FE,000-BKD-525,2455830.630023,10.5247,0.0172,False,Johnson V,CCD,SSTA,1.618,False
4173,SN 2011FE,000-BKD-525,2455830.630787,10.4922,0.0169,False,Johnson V,CCD,SSTA,1.622,False
4174,SN 2011FE,000-BKD-525,2455830.631539,10.5306,0.0167,False,Johnson V,CCD,SSTA,1.626,False
4175,SN 2011FE,000-BKD-525,2455830.632303,10.5222,0.0181,False,Johnson V,CCD,SSTA,1.631,False
4176,SN 2011FE,000-BKD-525,2455830.633067,10.5382,0.0182,False,Johnson V,CCD,SSTA,1.636,False
4177,SN 2011FE,000-BKD-525,2455830.633831,10.5376,0.0179,False,Johnson V,CCD,SSTA,1.640,False
4178,SN 2011FE,000-BKD-525,2455830.634595,10.5274,0.0173,False,Johnson V,CCD,SSTA,1.645,False
4179,SN 2011FE,000-BKD-525,2455830.635359,10.5379,0.0165,False,Johnson V,CCD,SSTA,1.649,False
4180,SN 2011FE,000-BKD-525,2455830.636111,10.5241,0.0168,False,Johnson V,CCD,SSTA,1.654,False
4181,SN 2011FE,000-BKD-525,2455830.636875,10.5349,0.0165,False,Johnson V,CCD,SSTA,1.659,False
4182,SN 2011FE,000-BKD-525,2455830.637639,10.5295,0.0178,False,Johnson V,CCD,SSTA,1.663,False
4183,SN 2011FE,000-BKD-525,2455830.638403,10.5538,0.0168,False,Johnson V,CCD,SSTA,1.668,False
4184,SN 2011FE,000-BKD-525,2455830.639167,10.5229,0.0182,False,Johnson V,CCD,SSTA,1.673,False
4185,SN 2011FE,000-BKD-525,2455830.639919,10.5269,0.0183,False,Johnson V,CCD,SSTA,1.678,False
4186,SN 2011FE,000-BKD-525,2455830.640683,10.5508,0.0187,False,Johnson V,CCD,SSTA,1.682,False
4187,SN 2011FE,000-BKD-525,2455830.641447,10.5331,0.0177,False,Johnson V,CCD,SSTA,1.687,False
4188,SN 2011FE,000-BKD-525,2455830.642211,10.5288,0.0180,False,Johnson V,CCD,SSTA,1.692,False
4189,SN 2011FE,000-BKD-525,2455830.642975,10.5531,0.0174,False,Johnson V,CCD,SSTA,1.697,False
4190,SN 2011FE,000-BKD-525,2455830.643727,10.5503,0.0177,False,Johnson V,CCD,SSTA,1.702,False
4191,SN 2011FE,000-BKD-525,2455830.644491,10.5509,0.0170,False,Johnson V,CCD,SSTA,1.707,False
4192,SN 2011FE,000-BKD-525,2455830.645255,10.5487,0.0175,False,Johnson V,CCD,SSTA,1.712,False
4193,SN 2011FE,000-BKD-525,2455830.646019,10.5579,0.0177,False,Johnson V,CCD,SSTA,1.717,False
4194,SN 2011FE,000-BKD-525,2455830.646782,10.5572,0.0167,False,Johnson V,CCD,SSTA,1.722,False
4195,SN 2011FE,000-BKD-525,2455830.647546,10.5865,0.0162,False,Johnson V,CCD,SSTA,1.727,False
4196,SN 2011FE,000-BKD-525,2455830.648299,10.5512,0.0183,False,Johnson V,CCD,SSTA,1.732,False
4197,SN 2011FE,000-BKD-525,2455830.649063,10.5404,0.0173,False,Johnson V,CCD,SSTA,1.737,False
4198,SN 2011FE,000-BKD-525,2455830.649826,10.5478,0.0174,False,Johnson V,CCD,SSTA,1.742,False
4199,SN 2011FE,000-BKD-525,2455830.65059,10.5691,0.0165,False,Johnson V,CCD,SSTA,1.747,False
4200,SN 2011FE,000-BKD-525,2455830.651354,10.5331,0.0182,False,Johnson V,CCD,SSTA,1.752,False
4201,SN 2011FE,000-BKD-525,2455830.652106,10.5438,0.0177,False,Johnson V,CCD,SSTA,1.757,False
4202,SN 2011FE,000-BKD-525,2455830.65287,10.5295,0.0191,False,Johnson V,CCD,SSTA,1.762,False
4203,SN 2011FE,000-BKD-525,2455830.653634,10.5461,0.0179,False,Johnson V,CCD,SSTA,1.768,False
4204,SN 2011FE,000-BKD-525,2455830.654387,10.5304,0.0176,False,Johnson V,CCD,SSTA,1.773,False
4205,SN 2011FE,000-BKD-525,2455830.65515,10.5530,0.0179,False,Johnson V,CCD,SSTA,1.778,False
4206,SN 2011FE,000-BKD-525,2455830.655914,10.5402,0.0184,False,Johnson V,CCD,SSTA,1.783,False
4207,SN 2011FE,000-BKD-525,2455830.6657,11.151,0.053,False,Johnson B,CCD,DJX,1.884,True
4208,SN 2011FE,000-BKD-525,2455830.6657,10.562,0.079,False,Cousins R,CCD,DJX,1.884,True
4209,SN 2011FE,000-BKD-525,2455830.6657,10.603,0.026,False,Johnson V,CCD,DJX,1.884,True
4210,SN 2011FE,000-BKD-525,2455831.23958,10.5,,False,Visual,Visual,RZM,,
4211,SN 2011FE,000-BKD-525,2455831.26,10.7,,False,Visual,Visual,PPS,,
4212,SN 2011FE,000-BKD-525,2455831.262,10.5,,False,Visual,Visual,VOL,,
4213,SN 2011FE,000-BKD-525,2455831.26389,10.6,,False,Visual,Visual,SSW,,
4214,SN 2011FE,000-BKD-525,2455831.26806,10.4,,False,Visual,Visual,SJZ,,
4215,SN 2011FE,000-BKD-525,2455831.274,10.3,,False,Visual,Visual,DAT,,
4216,SN 2011FE,000-BKD-525,2455831.2792,10.6,,False,Visual,Visual,KWO,,
4217,SN 2011FE,000-BKD-525,2455831.2812,10.5,,False,Visual,Visual,CSM,,
4218,SN 2011FE,000-BKD-525,2455831.30,10.4,,False,Visual,Visual,MOZ,,
4219,SN 2011FE,000-BKD-525,2455831.30105,10.9,0.13,False,Unfiltered with V Zeropoint,CCD,RMAD,,False
4220,SN 2011FE,000-BKD-525,2455831.31220,10.590,0.005,False,Johnson V,CCD,ATE,1.69,False
4221,SN 2011FE,000-BKD-525,2455831.31277,10.616,0.005,False,Johnson V,CCD,ATE,1.69,False
4222,SN 2011FE,000-BKD-525,2455831.31337,10.629,0.005,False,Johnson V,CCD,ATE,1.70,False
4223,SN 2011FE,000-BKD-525,2455831.31394,10.591,0.005,False,Johnson V,CCD,ATE,1.70,False
4224,SN 2011FE,000-BKD-525,2455831.31451,10.608,0.005,False,Johnson V,CCD,ATE,1.71,False
4225,SN 2011FE,000-BKD-525,2455831.31507,10.612,0.005,False,Johnson V,CCD,ATE,1.71,False
4226,SN 2011FE,000-BKD-525,2455831.31564,10.619,0.005,False,Johnson V,CCD,ATE,1.71,False
4227,SN 2011FE,000-BKD-525,2455831.31624,10.613,0.005,False,Johnson V,CCD,ATE,1.72,False
4228,SN 2011FE,000-BKD-525,2455831.31681,10.606,0.005,False,Johnson V,CCD,ATE,1.72,False
4229,SN 2011FE,000-BKD-525,2455831.31738,10.604,0.006,False,Johnson V,CCD,ATE,1.73,False
4230,SN 2011FE,000-BKD-525,2455831.31794,10.603,0.006,False,Johnson V,CCD,ATE,1.73,False
4231,SN 2011FE,000-BKD-525,2455831.31855,10.634,0.006,False,Johnson V,CCD,ATE,1.74,False
4232,SN 2011FE,000-BKD-525,2455831.31914,10.613,0.006,False,Johnson V,CCD,ATE,1.74,False
4233,SN 2011FE,000-BKD-525,2455831.31974,10.597,0.006,False,Johnson V,CCD,ATE,1.75,False
4234,SN 2011FE,000-BKD-525,2455831.32034,10.613,0.006,False,Johnson V,CCD,ATE,1.75,False
4235,SN 2011FE,000-BKD-525,2455831.32091,10.590,0.006,False,Johnson V,CCD,ATE,1.76,False
4236,SN 2011FE,000-BKD-525,2455831.32151,10.605,0.006,False,Johnson V,CCD,ATE,1.76,False
4237,SN 2011FE,000-BKD-525,2455831.32208,10.634,0.006,False,Johnson V,CCD,ATE,1.77,False
4238,SN 2011FE,000-BKD-525,2455831.32264,10.641,0.006,False,Johnson V,CCD,ATE,1.77,False
4239,SN 2011FE,000-BKD-525,2455831.32321,10.635,0.006,False,Johnson V,CCD,ATE,1.78,False
4240,SN 2011FE,000-BKD-525,2455831.32378,10.613,0.006,False,Johnson V,CCD,ATE,1.78,False
4241,SN 2011FE,000-BKD-525,2455831.32434,10.606,0.006,False,Johnson V,CCD,ATE,1.79,False
4242,SN 2011FE,000-BKD-525,2455831.32492,10.599,0.006,False,Johnson V,CCD,ATE,1.79,False
4243,SN 2011FE,000-BKD-525,2455831.32551,10.639,0.006,False,Johnson V,CCD,ATE,1.80,False
4244,SN 2011FE,000-BKD-525,2455831.32608,10.611,0.006,False,Johnson V,CCD,ATE,1.80,False
4245,SN 2011FE,000-BKD-525,2455831.32639,10.7,,False,Visual,Visual,WKL,,
4246,SN 2011FE,000-BKD-525,2455831.32665,10.611,0.006,False,Johnson V,CCD,ATE,1.81,False
4247,SN 2011FE,000-BKD-525,2455831.32723,10.618,0.006,False,Johnson V,CCD,ATE,1.81,False
4248,SN 2011FE,000-BKD-525,2455831.32779,10.631,0.006,False,Johnson V,CCD,ATE,1.82,False
4249,SN 2011FE,000-BKD-525,2455831.32836,10.591,0.006,False,Johnson V,CCD,ATE,1.82,False
4250,SN 2011FE,000-BKD-525,2455831.32895,10.613,0.006,False,Johnson V,CCD,ATE,1.83,False
4251,SN 2011FE,000-BKD-525,2455831.32952,10.631,0.006,False,Johnson V,CCD,ATE,1.83,False
4252,SN 2011FE,000-BKD-525,2455831.33010,10.601,0.006,False,Johnson V,CCD,ATE,1.84,False
4253,SN 2011FE,000-BKD-525,2455831.33066,10.637,0.006,False,Johnson V,CCD,ATE,1.84,False
4254,SN 2011FE,000-BKD-525,2455831.33123,10.630,0.006,False,Johnson V,CCD,ATE,1.85,False
4255,SN 2011FE,000-BKD-525,2455831.33180,10.624,0.006,False,Johnson V,CCD,ATE,1.86,False
4256,SN 2011FE,000-BKD-525,2455831.33237,10.591,0.006,False,Johnson V,CCD,ATE,1.86,False
4257,SN 2011FE,000-BKD-525,2455831.33297,10.642,0.006,False,Johnson V,CCD,ATE,1.87,False
4258,SN 2011FE,000-BKD-525,2455831.33611,10.636,0.026,False,Johnson V,CCD,BQM,,False
4259,SN 2011FE,000-BKD-525,2455831.33750,10.672,0.025,False,Johnson V,CCD,BQM,,False
4260,SN 2011FE,000-BKD-525,2455831.33819,10.621,0.024,False,Johnson V,CCD,BQM,,False
4261,SN 2011FE,000-BKD-525,2455831.33819,10.778,0.036,False,Johnson V,CCD,BQM,,False
4262,PTF11KLY,000-BKD-525,2455831.34375,10.6,,False,Visual,Visual,KGEA,,
4263,SN 2011FE,000-BKD-525,2455831.34375,10.6,,False,Visual,Visual,ILE,,
4264,SN 2011FE,000-BKD-525,2455831.3438,10.6,,False,Visual,Visual,ILE,,
4265,SN 2011FE,000-BKD-525,2455831.365,10.7,,False,Visual,Visual,PYG,,
4266,SN 2011FE,000-BKD-525,2455831.36806,10.4,,False,Visual,Visual,STI,,
4267,SN 2011FE,000-BKD-525,2455831.516505,10.620,0.01,False,Johnson V,CCD,LDJ,1.902,False
4268,PTF11KLY,000-BKD-525,2455831.59468,11.237,0.068,False,Johnson B,CCD,SRIC,1.49,False
4269,PTF11KLY,000-BKD-525,2455831.59765,10.681,0.019,False,Johnson V,CCD,SRIC,1.51,False
4270,SN 2011FE,000-BKD-525,2455831.6181,10.5,,False,Visual,Visual,DPV,,
4271,SN 2011FE,000-BKD-525,2455831.65139,10.2,,False,Visual,Visual,RR,,
4272,SN 2011FE,000-BKD-525,2455832.24236,10.6,,False,Visual,Visual,RZM,,
4273,SN 2011FE,000-BKD-525,2455832.2535,10.5,,False,Visual,Visual,CSM,,
4274,SN 2011FE,000-BKD-525,2455832.2569,10.6,,False,Visual,Visual,DPV,,
4275,SN 2011FE,000-BKD-525,2455832.25903,10.8,,False,Visual,Visual,KOS,,
4276,SN 2011FE,000-BKD-525,2455832.27,10.9,,False,Visual,Visual,COU,,
4277,SN 2011FE,000-BKD-525,2455832.27,10.4,,False,Visual,Visual,DGY,,
4278,SN 2011FE,000-BKD-525,2455832.27,10.5,,False,Visual,Visual,GGB,,
4279,SN 2011FE,000-BKD-525,2455832.27083,10.6,,False,Visual,Visual,SSW,,
4280,SN 2011FE,000-BKD-525,2455832.271,10.5,,False,Visual,Visual,VOL,,
4281,SN 2011FE,000-BKD-525,2455832.28125,10.8,,False,Visual,Visual,WKL,,
4282,SN 2011FE,000-BKD-525,2455832.2819,10.7,,False,Visual,Visual,KWO,,
4283,PTF11KLY,000-BKD-525,2455832.28715,11.166,0.031,False,Unfiltered with V Zeropoint,CCD,DGSA,,False
4284,PTF11KLY,000-BKD-525,2455832.28757,11.147,0.015,False,Unfiltered with V Zeropoint,CCD,DGSA,,False
4285,PTF11KLY,000-BKD-525,2455832.28799,11.127,0.020,False,Unfiltered with V Zeropoint,CCD,DGSA,,False
4286,PTF11KLY,000-BKD-525,2455832.28841,11.125,0.005,False,Unfiltered with V Zeropoint,CCD,DGSA,,False
4287,PTF11KLY,000-BKD-525,2455832.28883,11.111,0.017,False,Unfiltered with V Zeropoint,CCD,DGSA,,False
4288,PTF11KLY,000-BKD-525,2455832.28925,11.118,0.003,False,Unfiltered with V Zeropoint,CCD,DGSA,,False
4289,PTF11KLY,000-BKD-525,2455832.28966,11.080,0.003,False,Unfiltered with V Zeropoint,CCD,DGSA,,False
4290,PTF11KLY,000-BKD-525,2455832.29008,11.088,0.010,False,Unfiltered with V Zeropoint,CCD,DGSA,,False
4291,PTF11KLY,000-BKD-525,2455832.29050,11.090,0.009,False,Unfiltered with V Zeropoint,CCD,DGSA,,False
4292,PTF11KLY,000-BKD-525,2455832.29093,11.087,0.008,False,Unfiltered with V Zeropoint,CCD,DGSA,,False
4293,PTF11KLY,000-BKD-525,2455832.29135,11.134,0.013,False,Unfiltered with V Zeropoint,CCD,DGSA,,False
4294,SN 2011FE,000-BKD-525,2455832.2917,10.6,,False,Visual,Visual,MZS,,
4295,PTF11KLY,000-BKD-525,2455832.29177,11.096,0.009,False,Unfiltered with V Zeropoint,CCD,DGSA,,False
4296,PTF11KLY,000-BKD-525,2455832.29220,11.081,0.009,False,Unfiltered with V Zeropoint,CCD,DGSA,,False
4297,PTF11KLY,000-BKD-525,2455832.29262,11.094,0.020,False,Unfiltered with V Zeropoint,CCD,DGSA,,False
4298,PTF11KLY,000-BKD-525,2455832.29304,11.134,0.014,False,Unfiltered with V Zeropoint,CCD,DGSA,,False
4299,PTF11KLY,000-BKD-525,2455832.29345,11.112,0.001,False,Unfiltered with V Zeropoint,CCD,DGSA,,False
4300,PTF11KLY,000-BKD-525,2455832.29387,11.088,0.010,False,Unfiltered with V Zeropoint,CCD,DGSA,,False
4301,PTF11KLY,000-BKD-525,2455832.29429,11.097,0.016,False,Unfiltered with V Zeropoint,CCD,DGSA,,False
4302,PTF11KLY,000-BKD-525,2455832.29471,11.097,0.005,False,Unfiltered with V Zeropoint,CCD,DGSA,,False
4303,PTF11KLY,000-BKD-525,2455832.29514,11.052,0.010,False,Unfiltered with V Zeropoint,CCD,DGSA,,False
4304,PTF11KLY,000-BKD-525,2455832.29556,11.079,0.007,False,Unfiltered with V Zeropoint,CCD,DGSA,,False
4305,PTF11KLY,000-BKD-525,2455832.29598,11.106,0.009,False,Unfiltered with V Zeropoint,CCD,DGSA,,False
4306,PTF11KLY,000-BKD-525,2455832.29640,11.087,0.003,False,Unfiltered with V Zeropoint,CCD,DGSA,,False
4307,PTF11KLY,000-BKD-525,2455832.29682,11.099,0.005,False,Unfiltered with V Zeropoint,CCD,DGSA,,False
4308,PTF11KLY,000-BKD-525,2455832.29723,11.115,0.017,False,Unfiltered with V Zeropoint,CCD,DGSA,,False
4309,SN 2011FE,000-BKD-525,2455832.29750,10.668,0.006,False,Johnson V,CCD,ATE,1.60,False
4310,PTF11KLY,000-BKD-525,2455832.29765,11.111,0.008,False,Unfiltered with V Zeropoint,CCD,DGSA,,False
4311,PTF11KLY,000-BKD-525,2455832.29807,11.081,0.007,False,Unfiltered with V Zeropoint,CCD,DGSA,,False
4312,SN 2011FE,000-BKD-525,2455832.29820,10.653,0.006,False,Johnson V,CCD,ATE,1.60,False
4313,PTF11KLY,000-BKD-525,2455832.29849,11.104,0.009,False,Unfiltered with V Zeropoint,CCD,DGSA,,False
4314,SN 2011FE,000-BKD-525,2455832.29876,10.694,0.006,False,Johnson V,CCD,ATE,1.61,False
4315,PTF11KLY,000-BKD-525,2455832.29891,11.096,0.004,False,Unfiltered with V Zeropoint,CCD,DGSA,,False
4316,PTF11KLY,000-BKD-525,2455832.29932,11.079,0.003,False,Unfiltered with V Zeropoint,CCD,DGSA,,False
4317,SN 2011FE,000-BKD-525,2455832.29933,10.652,0.006,False,Johnson V,CCD,ATE,1.61,False
4318,PTF11KLY,000-BKD-525,2455832.29974,11.076,0.009,False,Unfiltered with V Zeropoint,CCD,DGSA,,False
4319,SN 2011FE,000-BKD-525,2455832.29990,10.662,0.006,False,Johnson V,CCD,ATE,1.62,False
4320,SN 2011FE,000-BKD-525,2455832.30,10.9,0.01,False,Unfiltered with V Zeropoint,CCD,HNDA,,False
4321,SN 2011FE,000-BKD-525,2455832.3,10.7,,False,Visual,Visual,SYU,,
4322,PTF11KLY,000-BKD-525,2455832.30016,11.107,0.019,False,Unfiltered with V Zeropoint,CCD,DGSA,,False
4323,SN 2011FE,000-BKD-525,2455832.30046,10.679,0.006,False,Johnson V,CCD,ATE,1.62,False
4324,PTF11KLY,000-BKD-525,2455832.30058,11.095,0.015,False,Unfiltered with V Zeropoint,CCD,DGSA,,False
4325,PTF11KLY,000-BKD-525,2455832.30100,11.063,0.008,False,Unfiltered with V Zeropoint,CCD,DGSA,,False
4326,SN 2011FE,000-BKD-525,2455832.30103,10.653,0.006,False,Johnson V,CCD,ATE,1.62,False
4327,PTF11KLY,000-BKD-525,2455832.30142,11.096,0.009,False,Unfiltered with V Zeropoint,CCD,DGSA,,False
4328,SN 2011FE,000-BKD-525,2455832.30161,10.676,0.006,False,Johnson V,CCD,ATE,1.63,False
4329,PTF11KLY,000-BKD-525,2455832.30184,11.117,0.020,False,Unfiltered with V Zeropoint,CCD,DGSA,,False
4330,SN 2011FE,000-BKD-525,2455832.30218,10.710,0.006,False,Johnson V,CCD,ATE,1.63,False
4331,PTF11KLY,000-BKD-525,2455832.30226,11.090,0.009,False,Unfiltered with V Zeropoint,CCD,DGSA,,False
4332,PTF11KLY,000-BKD-525,2455832.30268,11.106,0.009,False,Unfiltered with V Zeropoint,CCD,DGSA,,False
4333,SN 2011FE,000-BKD-525,2455832.30275,10.694,0.006,False,Johnson V,CCD,ATE,1.64,False
4334,PTF11KLY,000-BKD-525,2455832.30310,11.118,0.011,False,Unfiltered with V Zeropoint,CCD,DGSA,,False
4335,SN 2011FE,000-BKD-525,2455832.30331,10.719,0.006,False,Johnson V,CCD,ATE,1.64,False
4336,SN 2011FE,000-BKD-525,2455832.3035,10.2,,False,Visual,Visual,LCR,,
4337,PTF11KLY,000-BKD-525,2455832.30352,11.080,0.005,False,Unfiltered with V Zeropoint,CCD,DGSA,,False
4338,SN 2011FE,000-BKD-525,2455832.30388,10.679,0.006,False,Johnson V,CCD,ATE,1.65,False
4339,PTF11KLY,000-BKD-525,2455832.30393,11.108,0.017,False,Unfiltered with V Zeropoint,CCD,DGSA,,False
4340,PTF11KLY,000-BKD-525,2455832.30435,11.108,0.012,False,Unfiltered with V Zeropoint,CCD,DGSA,,False
4341,SN 2011FE,000-BKD-525,2455832.30445,10.683,0.006,False,Johnson V,CCD,ATE,1.65,False
4342,PTF11KLY,000-BKD-525,2455832.30477,11.114,0.018,False,Unfiltered with V Zeropoint,CCD,DGSA,,False
4343,SN 2011FE,000-BKD-525,2455832.30501,10.707,0.007,False,Johnson V,CCD,ATE,1.65,False
4344,PTF11KLY,000-BKD-525,2455832.30519,11.075,0.005,False,Unfiltered with V Zeropoint,CCD,DGSA,,False
4345,SN 2011FE,000-BKD-525,2455832.30558,10.702,0.007,False,Johnson V,CCD,ATE,1.66,False
4346,PTF11KLY,000-BKD-525,2455832.30561,11.086,0.011,False,Unfiltered with V Zeropoint,CCD,DGSA,,False
4347,PTF11KLY,000-BKD-525,2455832.30603,11.072,0.023,False,Unfiltered with V Zeropoint,CCD,DGSA,,False
4348,SN 2011FE,000-BKD-525,2455832.30618,10.713,0.007,False,Johnson V,CCD,ATE,1.66,False
4349,PTF11KLY,000-BKD-525,2455832.30645,11.083,0.019,False,Unfiltered with V Zeropoint,CCD,DGSA,,False
4350,SN 2011FE,000-BKD-525,2455832.30675,10.666,0.007,False,Johnson V,CCD,ATE,1.67,False
4351,PTF11KLY,000-BKD-525,2455832.30686,11.066,0.008,False,Unfiltered with V Zeropoint,CCD,DGSA,,False
4352,PTF11KLY,000-BKD-525,2455832.30729,11.106,0.022,False,Unfiltered with V Zeropoint,CCD,DGSA,,False
4353,SN 2011FE,000-BKD-525,2455832.30732,10.722,0.006,False,Johnson V,CCD,ATE,1.67,False
4354,PTF11KLY,000-BKD-525,2455832.30770,11.114,0.010,False,Unfiltered with V Zeropoint,CCD,DGSA,,False
4355,SN 2011FE,000-BKD-525,2455832.30788,10.689,0.007,False,Johnson V,CCD,ATE,1.68,False
4356,PTF11KLY,000-BKD-525,2455832.30813,11.106,0.015,False,Unfiltered with V Zeropoint,CCD,DGSA,,False
4357,SN 2011FE,000-BKD-525,2455832.30846,10.714,0.007,False,Johnson V,CCD,ATE,1.68,False
4358,PTF11KLY,000-BKD-525,2455832.30854,11.109,0.009,False,Unfiltered with V Zeropoint,CCD,DGSA,,False
4359,SN 2011FE,000-BKD-525,2455832.30906,10.651,0.007,False,Johnson V,CCD,ATE,1.68,False
4360,SN 2011FE,000-BKD-525,2455832.30967,10.681,0.007,False,Johnson V,CCD,ATE,1.69,False
4361,SN 2011FE,000-BKD-525,2455832.31023,10.686,0.007,False,Johnson V,CCD,ATE,1.69,False
4362,SN 2011FE,000-BKD-525,2455832.31080,10.664,0.007,False,Johnson V,CCD,ATE,1.70,False
4363,SN 2011FE,000-BKD-525,2455832.311,10.7,,False,Visual,Visual,PYG,,
4364,SN 2011FE,000-BKD-525,2455832.31137,10.674,0.007,False,Johnson V,CCD,ATE,1.70,False
4365,SN 2011FE,000-BKD-525,2455832.31197,10.668,0.006,False,Johnson V,CCD,ATE,1.71,False
4366,SN 2011FE,000-BKD-525,2455832.31254,10.697,0.006,False,Johnson V,CCD,ATE,1.71,False
4367,SN 2011FE,000-BKD-525,2455832.31310,10.673,0.006,False,Johnson V,CCD,ATE,1.72,False
4368,SN 2011FE,000-BKD-525,2455832.31367,10.693,0.006,False,Johnson V,CCD,ATE,1.72,False
4369,SN 2011FE,000-BKD-525,2455832.31427,10.671,0.006,False,Johnson V,CCD,ATE,1.73,False
4370,SN 2011FE,000-BKD-525,2455832.31484,10.669,0.006,False,Johnson V,CCD,ATE,1.73,False
4371,SN 2011FE,000-BKD-525,2455832.315,10.8,,False,Visual,Visual,FRF,,
4372,SN 2011FE,000-BKD-525,2455832.315210,11.034,,False,Unfiltered with V Zeropoint,CCD,HND,1.551,False
4373,SN 2011FE,000-BKD-525,2455832.315210,10.536,,False,Unfiltered with R Zeropoint,CCD,HND,1.551,False
4374,SN 2011FE,000-BKD-525,2455832.3153,10.8,,False,Visual,Visual,BVE,,
4375,SN 2011FE,000-BKD-525,2455832.31544,10.691,0.006,False,Johnson V,CCD,ATE,1.74,False
4376,SN 2011FE,000-BKD-525,2455832.315532,11.023,,False,Unfiltered with V Zeropoint,CCD,HND,1.553,False
4377,SN 2011FE,000-BKD-525,2455832.315532,10.525,,False,Unfiltered with R Zeropoint,CCD,HND,1.553,False
4378,SN 2011FE,000-BKD-525,2455832.315857,11.017,,False,Unfiltered with V Zeropoint,CCD,HND,1.554,False
4379,SN 2011FE,000-BKD-525,2455832.315857,10.519,,False,Unfiltered with R Zeropoint,CCD,HND,1.554,False
4380,SN 2011FE,000-BKD-525,2455832.31603,10.716,0.006,False,Johnson V,CCD,ATE,1.74,False
4381,SN 2011FE,000-BKD-525,2455832.316169,11.036,,False,Unfiltered with V Zeropoint,CCD,HND,1.556,False
4382,SN 2011FE,000-BKD-525,2455832.316169,10.538,,False,Unfiltered with R Zeropoint,CCD,HND,1.556,False
4383,SN 2011FE,000-BKD-525,2455832.316505,11.035,,False,Unfiltered with V Zeropoint,CCD,HND,1.558,False
4384,SN 2011FE,000-BKD-525,2455832.316505,10.537,,False,Unfiltered with R Zeropoint,CCD,HND,1.558,False
4385,SN 2011FE,000-BKD-525,2455832.31660,10.687,0.006,False,Johnson V,CCD,ATE,1.75,False
4386,SN 2011FE,000-BKD-525,2455832.316829,11.049,,False,Unfiltered with V Zeropoint,CCD,HND,1.560,False
4387,SN 2011FE,000-BKD-525,2455832.316829,10.551,,False,Unfiltered with R Zeropoint,CCD,HND,1.560,False
4388,SN 2011FE,000-BKD-525,2455832.317141,11.034,,False,Unfiltered with V Zeropoint,CCD,HND,1.562,False
4389,SN 2011FE,000-BKD-525,2455832.317141,10.536,,False,Unfiltered with R Zeropoint,CCD,HND,1.562,False
4390,SN 2011FE,000-BKD-525,2455832.31720,10.671,0.006,False,Johnson V,CCD,ATE,1.75,False
4391,SN 2011FE,000-BKD-525,2455832.3173,10.6,,False,Visual,Visual,NDQ,,
4392,SN 2011FE,000-BKD-525,2455832.317477,11.058,,False,Unfiltered with V Zeropoint,CCD,HND,1.563,False
4393,SN 2011FE,000-BKD-525,2455832.317477,10.560,,False,Unfiltered with R Zeropoint,CCD,HND,1.563,False
4394,SN 2011FE,000-BKD-525,2455832.317801,11.069,,False,Unfiltered with V Zeropoint,CCD,HND,1.565,False
4395,SN 2011FE,000-BKD-525,2455832.317801,10.571,,False,Unfiltered with R Zeropoint,CCD,HND,1.565,False
4396,SN 2011FE,000-BKD-525,2455832.318113,11.041,,False,Unfiltered with V Zeropoint,CCD,HND,1.567,False
4397,SN 2011FE,000-BKD-525,2455832.318113,10.543,,False,Unfiltered with R Zeropoint,CCD,HND,1.567,False
4398,SN 2011FE,000-BKD-525,2455832.318449,11.018,,False,Unfiltered with V Zeropoint,CCD,HND,1.569,False
4399,SN 2011FE,000-BKD-525,2455832.318449,10.520,,False,Unfiltered with R Zeropoint,CCD,HND,1.569,False
4400,SN 2011FE,000-BKD-525,2455832.318773,11.061,,False,Unfiltered with V Zeropoint,CCD,HND,1.571,False
4401,SN 2011FE,000-BKD-525,2455832.318773,10.563,,False,Unfiltered with R Zeropoint,CCD,HND,1.571,False
4402,SN 2011FE,000-BKD-525,2455832.319086,11.034,,False,Unfiltered with V Zeropoint,CCD,HND,1.572,False
4403,SN 2011FE,000-BKD-525,2455832.319086,10.536,,False,Unfiltered with R Zeropoint,CCD,HND,1.572,False
4404,PTF11KLY,000-BKD-525,2455832.3201,10.9,,False,Visual,Visual,VNL,,
4405,PTF11KLY,000-BKD-525,2455832.3215,10.5,,False,Visual,Visual,HHU,,
4406,SN 2011FE,000-BKD-525,2455832.3333,10.6,,False,Visual,Visual,FMAC,,
4407,PTF11kly,000-BKD-525,2455832.3438,10.4,,False,Visual,Visual,WWJ,,
4408,SN 2011FE,000-BKD-525,2455832.3535,10.6,,False,Visual,Visual,GGU,,
4409,SN 2011FE,000-BKD-525,2455832.3576,10.6,,False,Visual,Visual,ILE,,
4410,SN 2011FE,000-BKD-525,2455832.35764,10.6,,False,Visual,Visual,ILE,,
4411,PTF11KLY,000-BKD-525,2455832.39639,11.077,0.017,False,Unfiltered with V Zeropoint,CCD,DGSA,,False
4412,PTF11KLY,000-BKD-525,2455832.39681,11.087,0.024,False,Unfiltered with V Zeropoint,CCD,DGSA,,False
4413,PTF11KLY,000-BKD-525,2455832.39723,11.069,0.011,False,Unfiltered with V Zeropoint,CCD,DGSA,,False
4414,PTF11KLY,000-BKD-525,2455832.39765,11.085,0.022,False,Unfiltered with V Zeropoint,CCD,DGSA,,False
4415,PTF11KLY,000-BKD-525,2455832.39807,11.074,0.006,False,Unfiltered with V Zeropoint,CCD,DGSA,,False
4416,PTF11KLY,000-BKD-525,2455832.39849,11.057,0.014,False,Unfiltered with V Zeropoint,CCD,DGSA,,False
4417,PTF11KLY,000-BKD-525,2455832.39891,11.075,0.017,False,Unfiltered with V Zeropoint,CCD,DGSA,,False
4418,PTF11KLY,000-BKD-525,2455832.39933,11.062,0.012,False,Unfiltered with V Zeropoint,CCD,DGSA,,False
4419,PTF11KLY,000-BKD-525,2455832.39975,11.077,0.005,False,Unfiltered with V Zeropoint,CCD,DGSA,,False
4420,PTF11KLY,000-BKD-525,2455832.40018,11.070,0.012,False,Unfiltered with V Zeropoint,CCD,DGSA,,False
4421,PTF11KLY,000-BKD-525,2455832.40060,11.062,0.011,False,Unfiltered with V Zeropoint,CCD,DGSA,,False
4422,PTF11KLY,000-BKD-525,2455832.40102,11.087,0.014,False,Unfiltered with V Zeropoint,CCD,DGSA,,False
4423,PTF11KLY,000-BKD-525,2455832.40144,11.057,0.021,False,Unfiltered with V Zeropoint,CCD,DGSA,,False
4424,PTF11KLY,000-BKD-525,2455832.40186,11.091,0.026,False,Unfiltered with V Zeropoint,CCD,DGSA,,False
4425,PTF11KLY,000-BKD-525,2455832.40228,11.065,0.025,False,Unfiltered with V Zeropoint,CCD,DGSA,,False
4426,PTF11KLY,000-BKD-525,2455832.40270,11.051,0.015,False,Unfiltered with V Zeropoint,CCD,DGSA,,False
4427,PTF11KLY,000-BKD-525,2455832.40313,11.068,0.018,False,Unfiltered with V Zeropoint,CCD,DGSA,,False
4428,PTF11KLY,000-BKD-525,2455832.40355,11.087,0.013,False,Unfiltered with V Zeropoint,CCD,DGSA,,False
4429,PTF11KLY,000-BKD-525,2455832.40396,11.074,0.023,False,Unfiltered with V Zeropoint,CCD,DGSA,,False
4430,PTF11KLY,000-BKD-525,2455832.40439,11.069,0.003,False,Unfiltered with V Zeropoint,CCD,DGSA,,False
4431,PTF11KLY,000-BKD-525,2455832.40480,11.081,0.017,False,Unfiltered with V Zeropoint,CCD,DGSA,,False
4432,PTF11KLY,000-BKD-525,2455832.40523,11.083,0.027,False,Unfiltered with V Zeropoint,CCD,DGSA,,False
4433,PTF11KLY,000-BKD-525,2455832.40872,11.074,0.013,False,Unfiltered with V Zeropoint,CCD,DGSA,,False
4434,PTF11KLY,000-BKD-525,2455832.40914,11.091,0.026,False,Unfiltered with V Zeropoint,CCD,DGSA,,False
4435,PTF11KLY,000-BKD-525,2455832.40955,11.101,0.019,False,Unfiltered with V Zeropoint,CCD,DGSA,,False
4436,PTF11KLY,000-BKD-525,2455832.40999,11.068,0.009,False,Unfiltered with V Zeropoint,CCD,DGSA,,False
4437,PTF11KLY,000-BKD-525,2455832.41041,11.084,0.024,False,Unfiltered with V Zeropoint,CCD,DGSA,,False
4438,PTF11KLY,000-BKD-525,2455832.41083,11.086,0.018,False,Unfiltered with V Zeropoint,CCD,DGSA,,False
4439,PTF11KLY,000-BKD-525,2455832.41125,11.092,0.010,False,Unfiltered with V Zeropoint,CCD,DGSA,,False
4440,PTF11KLY,000-BKD-525,2455832.41167,11.088,0.016,False,Unfiltered with V Zeropoint,CCD,DGSA,,False
4441,PTF11KLY,000-BKD-525,2455832.41210,11.067,0.010,False,Unfiltered with V Zeropoint,CCD,DGSA,,False
4442,PTF11KLY,000-BKD-525,2455832.41251,11.119,0.019,False,Unfiltered with V Zeropoint,CCD,DGSA,,False
4443,PTF11KLY,000-BKD-525,2455832.41293,11.083,0.012,False,Unfiltered with V Zeropoint,CCD,DGSA,,False
4444,PTF11KLY,000-BKD-525,2455832.41335,11.082,0.025,False,Unfiltered with V Zeropoint,CCD,DGSA,,False
4445,PTF11KLY,000-BKD-525,2455832.41377,11.060,0.010,False,Unfiltered with V Zeropoint,CCD,DGSA,,False
4446,PTF11KLY,000-BKD-525,2455832.41419,11.121,0.024,False,Unfiltered with V Zeropoint,CCD,DGSA,,False
4447,PTF11KLY,000-BKD-525,2455832.41461,11.084,0.026,False,Unfiltered with V Zeropoint,CCD,DGSA,,False
4448,PTF11KLY,000-BKD-525,2455832.41503,11.094,0.030,False,Unfiltered with V Zeropoint,CCD,DGSA,,False
4449,PTF11KLY,000-BKD-525,2455832.41545,11.104,0.022,False,Unfiltered with V Zeropoint,CCD,DGSA,,False
4450,PTF11KLY,000-BKD-525,2455832.41587,11.100,0.026,False,Unfiltered with V Zeropoint,CCD,DGSA,,False
4451,PTF11KLY,000-BKD-525,2455832.41630,11.069,0.020,False,Unfiltered with V Zeropoint,CCD,DGSA,,False
4452,PTF11KLY,000-BKD-525,2455832.41671,11.083,0.018,False,Unfiltered with V Zeropoint,CCD,DGSA,,False
4453,PTF11KLY,000-BKD-525,2455832.41714,11.103,0.022,False,Unfiltered with V Zeropoint,CCD,DGSA,,False
4454,PTF11KLY,000-BKD-525,2455832.41756,11.106,0.015,False,Unfiltered with V Zeropoint,CCD,DGSA,,False
4455,PTF11KLY,000-BKD-525,2455832.41798,11.069,0.024,False,Unfiltered with V Zeropoint,CCD,DGSA,,False
4456,PTF11KLY,000-BKD-525,2455832.41841,11.108,0.028,False,Unfiltered with V Zeropoint,CCD,DGSA,,False
4457,PTF11KLY,000-BKD-525,2455832.41882,11.076,0.010,False,Unfiltered with V Zeropoint,CCD,DGSA,,False
4458,PTF11KLY,000-BKD-525,2455832.42303,11.103,0.016,False,Unfiltered with V Zeropoint,CCD,DGSA,,False
4459,PTF11KLY,000-BKD-525,2455832.42345,11.102,0.020,False,Unfiltered with V Zeropoint,CCD,DGSA,,False
4460,PTF11KLY,000-BKD-525,2455832.42387,11.084,0.025,False,Unfiltered with V Zeropoint,CCD,DGSA,,False
4461,PTF11KLY,000-BKD-525,2455832.42429,11.107,0.024,False,Unfiltered with V Zeropoint,CCD,DGSA,,False
4462,PTF11KLY,000-BKD-525,2455832.42471,11.097,0.006,False,Unfiltered with V Zeropoint,CCD,DGSA,,False
4463,PTF11KLY,000-BKD-525,2455832.42513,11.109,0.032,False,Unfiltered with V Zeropoint,CCD,DGSA,,False
4464,PTF11KLY,000-BKD-525,2455832.42555,11.094,0.014,False,Unfiltered with V Zeropoint,CCD,DGSA,,False
4465,PTF11KLY,000-BKD-525,2455832.43356,11.058,0.007,False,Unfiltered with V Zeropoint,CCD,DGSA,,False
4466,PTF11KLY,000-BKD-525,2455832.43398,11.095,0.024,False,Unfiltered with V Zeropoint,CCD,DGSA,,False
4467,PTF11KLY,000-BKD-525,2455832.43439,11.062,0.014,False,Unfiltered with V Zeropoint,CCD,DGSA,,False
4468,PTF11KLY,000-BKD-525,2455832.43481,11.082,0.019,False,Unfiltered with V Zeropoint,CCD,DGSA,,False
4469,PTF11KLY,000-BKD-525,2455832.43523,11.073,0.014,False,Unfiltered with V Zeropoint,CCD,DGSA,,False
4470,PTF11KLY,000-BKD-525,2455832.43566,11.063,0.015,False,Unfiltered with V Zeropoint,CCD,DGSA,,False
4471,PTF11KLY,000-BKD-525,2455832.43608,11.120,0.016,False,Unfiltered with V Zeropoint,CCD,DGSA,,False
4472,PTF11KLY,000-BKD-525,2455832.43649,11.063,0.010,False,Unfiltered with V Zeropoint,CCD,DGSA,,False
4473,PTF11KLY,000-BKD-525,2455832.43692,11.071,0.010,False,Unfiltered with V Zeropoint,CCD,DGSA,,False
4474,SN 2011FE,000-BKD-525,2455832.478015,10.713,0.01,False,Johnson V,CCD,LDJ,1.616,False
4475,SN 2011FE,000-BKD-525,2455832.479311,10.721,0.01,False,Johnson V,CCD,LDJ,1.625,False
4476,PTF11KLY,000-BKD-525,2455832.508,11.30,0.12,False,Johnson B,CCD,RHM,,False
4477,PTF11KLY,000-BKD-525,2455832.510,10.72,0.07,False,Johnson V,CCD,RHM,,False
4478,PTF11KLY,000-BKD-525,2455832.510,10.80,0.08,False,Cousins I,CCD,RHM,,False
4479,PTF11KLY,000-BKD-525,2455832.513,10.67,0.07,False,Cousins R,CCD,RHM,,False
4480,SN 2011FE,000-BKD-525,2455832.569583,10.755,0.013,False,Johnson V,CCD,KPK,2.398,False
4481,SN 2011FE,000-BKD-525,2455832.570914,10.703,0.010,False,Cousins R,CCD,KPK,2.380,False
4482,SN 2011FE,000-BKD-525,2455832.572164,10.741,0.013,False,Johnson V,CCD,KPK,2.434,False
4483,SN 2011FE,000-BKD-525,2455832.573484,10.703,0.011,False,Cousins R,CCD,KPK,2.417,False
4484,SN 2011FE,000-BKD-525,2455832.574734,10.744,0.014,False,Johnson V,CCD,KPK,2.472,False
4485,SN 2011FE,000-BKD-525,2455832.576065,10.709,0.011,False,Cousins R,CCD,KPK,2.453,False
4486,SN 2011FE,000-BKD-525,2455832.577303,10.747,0.014,False,Johnson V,CCD,KPK,2.510,False
4487,SN 2011FE,000-BKD-525,2455832.578634,10.698,0.012,False,Cousins R,CCD,KPK,2.491,False
4488,SN 2011FE,000-BKD-525,2455832.579884,10.732,0.015,False,Johnson V,CCD,KPK,2.549,False
4489,SN 2011FE,000-BKD-525,2455832.583206,11.274,0.054,False,Johnson B,CCD,KPK,2.599,False
4490,SN 2011FE,000-BKD-525,2455832.584641,11.291,0.058,False,Johnson B,CCD,KPK,2.622,False
4491,SN 2011FE,000-BKD-525,2455832.586088,11.260,0.061,False,Johnson B,CCD,KPK,2.646,False
4492,SN 2011FE,000-BKD-525,2455832.587535,11.273,0.058,False,Johnson B,CCD,KPK,2.669,False
4493,SN 2011FE,000-BKD-525,2455832.588981,11.230,0.061,False,Johnson B,CCD,KPK,2.693,False
4494,PTF11KLY,000-BKD-525,2455832.59525,11.341,0.057,False,Johnson B,CCD,SRIC,1.51,False
4495,PTF11KLY,000-BKD-525,2455832.59818,10.757,0.034,False,Johnson V,CCD,SRIC,1.53,False
4496,SN 2011FE,000-BKD-525,2455832.60417,10.7,,False,Visual,Visual,HSW,,
4497,SN 2011FE,000-BKD-525,2455833.24306,10.6,,False,Visual,Visual,RZM,,
4498,SN 2011FE,000-BKD-525,2455833.2465,10.6,,False,Visual,Visual,CSM,,
4499,SN 2011FE,000-BKD-525,2455833.25694,11.0,,False,Visual,Visual,OJMA,,
4500,SN 2011FE,000-BKD-525,2455833.26181,10.8,,False,Visual,Visual,KOS,,
4501,SN 2011FE,000-BKD-525,2455833.2667,10.7,,False,Visual,Visual,KWO,,
4502,SN 2011FE,000-BKD-525,2455833.2667,10.8,,False,Visual,Visual,REP,,
4503,SN 2011FE,000-BKD-525,2455833.272,10.7,,False,Visual,Visual,VOL,,
4504,SN 2011FE,000-BKD-525,2455833.27470,10.747,0.010,False,Johnson V,CCD,VWS,1.417,False
4505,SN 2011FE,000-BKD-525,2455833.27544,10.769,0.010,False,Johnson V,CCD,VWS,1.420,False
4506,SN 2011FE,000-BKD-525,2455833.27617,10.769,0.009,False,Johnson V,CCD,VWS,1.424,False
4507,SN 2011FE,000-BKD-525,2455833.27764,10.761,0.009,False,Johnson V,CCD,VWS,1.431,False
4508,SN 2011FE,000-BKD-525,2455833.27838,10.748,0.009,False,Johnson V,CCD,VWS,1.434,False
4509,SN 2011FE,000-BKD-525,2455833.27912,10.774,0.009,False,Johnson V,CCD,VWS,1.438,False
4510,SN 2011FE,000-BKD-525,2455833.27986,10.755,0.008,False,Johnson V,CCD,VWS,1.441,False
4511,SN 2011FE,000-BKD-525,2455833.28059,10.759,0.008,False,Johnson V,CCD,VWS,1.444,False
4512,SN 2011FE,000-BKD-525,2455833.28133,10.760,0.008,False,Johnson V,CCD,VWS,1.448,False
4513,SN 2011FE,000-BKD-525,2455833.28207,10.764,0.008,False,Johnson V,CCD,VWS,1.452,False
4514,SN 2011FE,000-BKD-525,2455833.28280,10.760,0.008,False,Johnson V,CCD,VWS,1.455,False
4515,SN 2011FE,000-BKD-525,2455833.28354,10.755,0.008,False,Johnson V,CCD,VWS,1.459,False
4516,SN 2011FE,000-BKD-525,2455833.28428,10.757,0.008,False,Johnson V,CCD,VWS,1.462,False
4517,SN 2011FE,000-BKD-525,2455833.28502,10.768,0.008,False,Johnson V,CCD,VWS,1.466,False
4518,SN 2011FE,000-BKD-525,2455833.28575,10.767,0.008,False,Johnson V,CCD,VWS,1.469,False
4519,SN 2011FE,000-BKD-525,2455833.28649,10.757,0.008,False,Johnson V,CCD,VWS,1.473,False
4520,SN 2011FE,000-BKD-525,2455833.28723,10.762,0.008,False,Johnson V,CCD,VWS,1.477,False
4521,SN 2011FE,000-BKD-525,2455833.298,10.6,,False,Visual,Visual,PIJ,,
4522,SN 2011FE,000-BKD-525,2455833.2986,10.8,,False,Visual,Visual,GGU,,
4523,SN 2011FE,000-BKD-525,2455833.29861,10.6,,False,Visual,Visual,VBH,,
4524,SN 2011FE,000-BKD-525,2455833.298947,10.81,0.034,False,Johnson V,CCD,CEMB,,False
4525,SN 2011FE,000-BKD-525,2455833.298947,11.45,0.03,False,Johnson B,CCD,CEMB,,False
4526,SN 2011FE,000-BKD-525,2455833.30069,10.6,,False,Visual,Visual,BBI,,
4527,SN 2011FE,000-BKD-525,2455833.30249,10.775,0.012,False,Johnson V,CCD,ATE,1.66,False
4528,SN 2011FE,000-BKD-525,2455833.30339,10.818,0.010,False,Johnson V,CCD,ATE,1.66,False
4529,SN 2011FE,000-BKD-525,2455833.30416,10.806,0.011,False,Johnson V,CCD,ATE,1.67,False
4530,SN 2011FE,000-BKD-525,2455833.30494,10.824,0.009,False,Johnson V,CCD,ATE,1.67,False
4531,SN 2011FE,000-BKD-525,2455833.30556,10.9,,False,Visual,Visual,WKL,,
4532,SN 2011FE,000-BKD-525,2455833.30568,10.776,0.010,False,Johnson V,CCD,ATE,1.68,False
4533,SN 2011FE,000-BKD-525,2455833.30642,10.785,0.010,False,Johnson V,CCD,ATE,1.69,False
4534,SN 2011FE,000-BKD-525,2455833.30716,10.791,0.010,False,Johnson V,CCD,ATE,1.69,False
4535,SN 2011FE,000-BKD-525,2455833.30790,10.807,0.008,False,Johnson V,CCD,ATE,1.70,False
4536,SN 2011FE,000-BKD-525,2455833.30864,10.775,0.009,False,Johnson V,CCD,ATE,1.70,False
4537,SN 2011FE,000-BKD-525,2455833.31016,10.812,0.009,False,Johnson V,CCD,ATE,1.72,False
4538,SN 2011FE,000-BKD-525,2455833.31090,10.808,0.006,False,Johnson V,CCD,ATE,1.72,False
4539,SN 2011FE,000-BKD-525,2455833.31164,10.784,0.006,False,Johnson V,CCD,ATE,1.73,False
4540,SN 2011FE,000-BKD-525,2455833.31238,10.769,0.011,False,Johnson V,CCD,ATE,1.73,False
4541,SN 2011FE,000-BKD-525,2455833.31313,10.778,0.009,False,Johnson V,CCD,ATE,1.74,False
4542,SN 2011FE,000-BKD-525,2455833.31313,10.788,0.009,False,Johnson V,CCD,ATE,1.74,False
4543,SN 2011FE,000-BKD-525,2455833.31387,10.811,0.010,False,Johnson V,CCD,ATE,1.75,False
4544,SN 2011FE,000-BKD-525,2455833.31387,10.821,0.010,False,Johnson V,CCD,ATE,1.75,False
4545,SN 2011FE,000-BKD-525,2455833.31461,10.820,0.009,False,Johnson V,CCD,ATE,1.75,False
4546,SN 2011FE,000-BKD-525,2455833.315,10.8,,False,Visual,Visual,PYG,,
4547,SN 2011FE,000-BKD-525,2455833.31535,10.814,0.007,False,Johnson V,CCD,ATE,1.76,False
4548,PTF11KLY,000-BKD-525,2455833.3160,10.7,,False,Visual,Visual,VNL,,
4549,SN 2011FE,000-BKD-525,2455833.31612,10.808,0.007,False,Johnson V,CCD,ATE,1.76,False
4550,SN 2011FE,000-BKD-525,2455833.31687,10.826,0.007,False,Johnson V,CCD,ATE,1.77,False
4551,SN 2011FE,000-BKD-525,2455833.31761,10.804,0.006,False,Johnson V,CCD,ATE,1.78,False
4552,SN 2011FE,000-BKD-525,2455833.31835,10.775,0.006,False,Johnson V,CCD,ATE,1.78,False
4553,SN 2011FE,000-BKD-525,2455833.31909,10.800,0.006,False,Johnson V,CCD,ATE,1.79,False
4554,SN 2011FE,000-BKD-525,2455833.31983,10.791,0.006,False,Johnson V,CCD,ATE,1.80,False
4555,SN 2011FE,000-BKD-525,2455833.32057,10.783,0.006,False,Johnson V,CCD,ATE,1.80,False
4556,SN 2011FE,000-BKD-525,2455833.32131,10.805,0.006,False,Johnson V,CCD,ATE,1.81,False
4557,SN 2011FE,000-BKD-525,2455833.32209,10.782,0.006,False,Johnson V,CCD,ATE,1.82,False
4558,SN 2011FE,000-BKD-525,2455833.32283,10.783,0.006,False,Johnson V,CCD,ATE,1.82,False
4559,SN 2011FE,000-BKD-525,2455833.32357,10.781,0.006,False,Johnson V,CCD,ATE,1.83,False
4560,SN 2011FE,000-BKD-525,2455833.32431,10.815,0.006,False,Johnson V,CCD,ATE,1.84,False
4561,SN 2011FE,000-BKD-525,2455833.32505,10.793,0.006,False,Johnson V,CCD,ATE,1.84,False
4562,SN 2011FE,000-BKD-525,2455833.32582,10.783,0.006,False,Johnson V,CCD,ATE,1.85,False
4563,SN 2011FE,000-BKD-525,2455833.32657,10.775,0.006,False,Johnson V,CCD,ATE,1.86,False
4564,SN 2011FE,000-BKD-525,2455833.32734,10.819,0.006,False,Johnson V,CCD,ATE,1.87,False
4565,SN 2011FE,000-BKD-525,2455833.32808,10.812,0.006,False,Johnson V,CCD,ATE,1.87,False
4566,PTF11KLY,000-BKD-525,2455833.32986,10.9,,False,Visual,Visual,KGEA,,
4567,SN 2011FE,000-BKD-525,2455833.35069,10.7,,False,Visual,Visual,ILE,,
4568,SN 2011FE,000-BKD-525,2455833.3507,10.7,,False,Visual,Visual,ILE,,
4569,SN 2011FE,000-BKD-525,2455833.3542,10.5,,False,Visual,Visual,WWJ,,
4570,SN 2011FE,000-BKD-525,2455833.36276,10.583,0.039,False,Johnson V,CCD,SDI,1.710,False
4571,SN 2011FE,000-BKD-525,2455833.38,10.9,0.01,False,Unfiltered with V Zeropoint,CCD,HNDA,,False
4572,SN 2011FE,000-BKD-525,2455833.383,9.6,,False,Visual,Visual,VDE,,
4573,SN 2011FE,000-BKD-525,2455833.476979,10.764,0.01,False,Johnson V,CCD,LDJ,1.627,False
4574,SN 2011FE,000-BKD-525,2455833.478304,10.760,0.01,False,Johnson V,CCD,LDJ,1.637,False
4575,PTF11KLY,000-BKD-525,2455833.59201,11.389,0.094,False,Johnson B,CCD,SRIC,1.51,False
4576,PTF11KLY,000-BKD-525,2455833.59502,10.795,0.012,False,Johnson V,CCD,SRIC,1.53,False
4577,SN 2011FE,000-BKD-525,2455834.26042,10.8,,False,Visual,Visual,SSW,,
4578,SN 2011FE,000-BKD-525,2455834.26473,10.827,0.013,False,Johnson V,CCD,CMAB,,False
4579,SN 2011FE,000-BKD-525,2455834.2736,10.32,,False,Visual,Visual,DAT,,
4580,SN 2011FE,000-BKD-525,2455834.28125,11.0,,False,Visual,Visual,WKL,,
4581,SN 2011FE,000-BKD-525,2455834.282651,10.640,,False,Unfiltered with R Zeropoint,CCD,HND,1.417,False
4582,SN 2011FE,000-BKD-525,2455834.283079,10.631,,False,Unfiltered with R Zeropoint,CCD,HND,1.418,False
4583,SN 2011FE,000-BKD-525,2455834.283507,10.663,,False,Unfiltered with R Zeropoint,CCD,HND,1.420,False
4584,SN 2011FE,000-BKD-525,2455834.283958,10.650,,False,Unfiltered with R Zeropoint,CCD,HND,1.422,False
4585,SN 2011FE,000-BKD-525,2455834.284398,10.646,,False,Unfiltered with R Zeropoint,CCD,HND,1.424,False
4586,SN 2011FE,000-BKD-525,2455834.284826,10.648,,False,Unfiltered with R Zeropoint,CCD,HND,1.426,False
4587,SN 2011FE,000-BKD-525,2455834.28490,10.824,0.009,False,Johnson V,CCD,VWS,1.479,False
4588,SN 2011FE,000-BKD-525,2455834.285278,10.656,,False,Unfiltered with R Zeropoint,CCD,HND,1.428,False
4589,SN 2011FE,000-BKD-525,2455834.285718,10.616,,False,Unfiltered with R Zeropoint,CCD,HND,1.430,False
4590,SN 2011FE,000-BKD-525,2455834.286146,10.635,,False,Unfiltered with R Zeropoint,CCD,HND,1.432,False
4591,SN 2011FE,000-BKD-525,2455834.28637,10.838,0.009,False,Johnson V,CCD,VWS,1.486,False
4592,SN 2011FE,000-BKD-525,2455834.287037,10.628,,False,Unfiltered with R Zeropoint,CCD,HND,1.437,False
4593,SN 2011FE,000-BKD-525,2455834.287465,10.663,,False,Unfiltered with R Zeropoint,CCD,HND,1.439,False
4594,SN 2011FE,000-BKD-525,2455834.28785,10.812,0.009,False,Johnson V,CCD,VWS,1.494,False
4595,SN 2011FE,000-BKD-525,2455834.287917,10.634,,False,Unfiltered with R Zeropoint,CCD,HND,1.441,False
4596,SN 2011FE,000-BKD-525,2455834.288357,10.632,,False,Unfiltered with R Zeropoint,CCD,HND,1.443,False
4597,SN 2011FE,000-BKD-525,2455834.288785,10.653,,False,Unfiltered with R Zeropoint,CCD,HND,1.445,False
4598,SN 2011FE,000-BKD-525,2455834.289236,10.664,,False,Unfiltered with R Zeropoint,CCD,HND,1.447,False
4599,SN 2011FE,000-BKD-525,2455834.28932,10.800,0.009,False,Johnson V,CCD,VWS,1.501,False
4600,SN 2011FE,000-BKD-525,2455834.289664,10.695,,False,Unfiltered with R Zeropoint,CCD,HND,1.449,False
4601,SN 2011FE,000-BKD-525,2455834.290093,10.699,,False,Unfiltered with R Zeropoint,CCD,HND,1.451,False
4602,SN 2011FE,000-BKD-525,2455834.290544,10.687,,False,Unfiltered with R Zeropoint,CCD,HND,1.453,False
4603,SN 2011FE,000-BKD-525,2455834.29080,10.808,0.009,False,Johnson V,CCD,VWS,1.509,False
4604,SN 2011FE,000-BKD-525,2455834.290984,10.703,,False,Unfiltered with R Zeropoint,CCD,HND,1.455,False
4605,SN 2011FE,000-BKD-525,2455834.291412,10.697,,False,Unfiltered with R Zeropoint,CCD,HND,1.457,False
4606,SN 2011FE,000-BKD-525,2455834.2917,10.6,,False,Visual,Visual,MZS,,
4607,SN 2011FE,000-BKD-525,2455834.291863,10.675,,False,Unfiltered with R Zeropoint,CCD,HND,1.459,False
4608,SN 2011FE,000-BKD-525,2455834.292303,10.695,,False,Unfiltered with R Zeropoint,CCD,HND,1.461,False
4609,SN 2011FE,000-BKD-525,2455834.292743,10.672,,False,Unfiltered with R Zeropoint,CCD,HND,1.464,False
4610,SN 2011FE,000-BKD-525,2455834.293171,10.640,,False,Unfiltered with R Zeropoint,CCD,HND,1.466,False
4611,SN 2011FE,000-BKD-525,2455834.293623,10.688,,False,Unfiltered with R Zeropoint,CCD,HND,1.468,False
4612,SN 2011FE,000-BKD-525,2455834.294062,10.664,,False,Unfiltered with R Zeropoint,CCD,HND,1.470,False
4613,SN 2011FE,000-BKD-525,2455834.294491,10.683,,False,Unfiltered with R Zeropoint,CCD,HND,1.472,False
4614,SN 2011FE,000-BKD-525,2455834.294942,10.681,,False,Unfiltered with R Zeropoint,CCD,HND,1.474,False
4615,SN 2011FE,000-BKD-525,2455834.295382,10.724,,False,Unfiltered with R Zeropoint,CCD,HND,1.476,False
4616,SN 2011FE,000-BKD-525,2455834.295810,10.688,,False,Unfiltered with R Zeropoint,CCD,HND,1.478,False
4617,SN 2011FE,000-BKD-525,2455834.296262,10.728,,False,Unfiltered with R Zeropoint,CCD,HND,1.481,False
4618,SN 2011FE,000-BKD-525,2455834.296701,10.651,,False,Unfiltered with R Zeropoint,CCD,HND,1.483,False
4619,SN 2011FE,000-BKD-525,2455834.297118,10.660,,False,Unfiltered with R Zeropoint,CCD,HND,1.485,False
4620,SN 2011FE,000-BKD-525,2455834.297569,10.688,,False,Unfiltered with R Zeropoint,CCD,HND,1.487,False
4621,SN 2011FE,000-BKD-525,2455834.298009,10.683,,False,Unfiltered with R Zeropoint,CCD,HND,1.489,False
4622,SN 2011FE,000-BKD-525,2455834.298449,10.663,,False,Unfiltered with R Zeropoint,CCD,HND,1.492,False
4623,PTF11KLY,000-BKD-525,2455834.2986,10.7,,False,Visual,Visual,VFK,,
4624,SN 2011FE,000-BKD-525,2455834.298889,10.659,,False,Unfiltered with R Zeropoint,CCD,HND,1.494,False
4625,SN 2011FE,000-BKD-525,2455834.299329,10.705,,False,Unfiltered with R Zeropoint,CCD,HND,1.496,False
4626,SN 2011FE,000-BKD-525,2455834.299769,10.661,,False,Unfiltered with R Zeropoint,CCD,HND,1.498,False
4627,SN 2011FE,000-BKD-525,2455834.29978,10.766,0.006,False,Johnson V,CCD,ATE,1.66,False
4628,SN 2011FE,000-BKD-525,2455834.300197,10.686,,False,Unfiltered with R Zeropoint,CCD,HND,1.500,False
4629,SN 2011FE,000-BKD-525,2455834.30047,10.769,0.006,False,Johnson V,CCD,ATE,1.66,False
4630,SN 2011FE,000-BKD-525,2455834.300648,10.698,,False,Unfiltered with R Zeropoint,CCD,HND,1.503,False
4631,SN 2011FE,000-BKD-525,2455834.30104,10.760,0.006,False,Johnson V,CCD,ATE,1.67,False
4632,SN 2011FE,000-BKD-525,2455834.301088,10.691,,False,Unfiltered with R Zeropoint,CCD,HND,1.505,False
4633,SN 2011FE,000-BKD-525,2455834.301539,10.662,,False,Unfiltered with R Zeropoint,CCD,HND,1.507,False
4634,SN 2011FE,000-BKD-525,2455834.30161,10.782,0.006,False,Johnson V,CCD,ATE,1.67,False
4635,SN 2011FE,000-BKD-525,2455834.301956,10.677,,False,Unfiltered with R Zeropoint,CCD,HND,1.510,False
4636,SN 2011FE,000-BKD-525,2455834.30218,10.803,0.006,False,Johnson V,CCD,ATE,1.67,False
4637,SN 2011FE,000-BKD-525,2455834.302407,10.655,,False,Unfiltered with R Zeropoint,CCD,HND,1.512,False
4638,SN 2011FE,000-BKD-525,2455834.30274,10.754,0.006,False,Johnson V,CCD,ATE,1.68,False
4639,SN 2011FE,000-BKD-525,2455834.302847,10.664,,False,Unfiltered with R Zeropoint,CCD,HND,1.514,False
4640,SN 2011FE,000-BKD-525,2455834.303,11.3,,False,Visual,Visual,SRBR,,
4641,SN 2011FE,000-BKD-525,2455834.303275,10.691,,False,Unfiltered with R Zeropoint,CCD,HND,1.516,False
4642,SN 2011FE,000-BKD-525,2455834.30331,10.758,0.006,False,Johnson V,CCD,ATE,1.68,False
4643,SN 2011FE,000-BKD-525,2455834.303715,10.696,,False,Unfiltered with R Zeropoint,CCD,HND,1.519,False
4644,SN 2011FE,000-BKD-525,2455834.30388,10.770,0.006,False,Johnson V,CCD,ATE,1.69,False
4645,SN 2011FE,000-BKD-525,2455834.304155,10.634,,False,Unfiltered with R Zeropoint,CCD,HND,1.521,False
4646,SN 2011FE,000-BKD-525,2455834.30448,10.763,0.006,False,Johnson V,CCD,ATE,1.69,False
4647,SN 2011FE,000-BKD-525,2455834.304618,10.647,,False,Unfiltered with R Zeropoint,CCD,HND,1.523,False
4648,SN 2011FE,000-BKD-525,2455834.305046,10.681,,False,Unfiltered with R Zeropoint,CCD,HND,1.526,False
4649,SN 2011FE,000-BKD-525,2455834.30505,10.766,0.006,False,Johnson V,CCD,ATE,1.70,False
4650,SN 2011FE,000-BKD-525,2455834.305486,10.674,,False,Unfiltered with R Zeropoint,CCD,HND,1.528,False
4651,SN 2011FE,000-BKD-525,2455834.30562,10.780,0.006,False,Johnson V,CCD,ATE,1.70,False
4652,SN 2011FE,000-BKD-525,2455834.305914,10.667,,False,Unfiltered with R Zeropoint,CCD,HND,1.530,False
4653,SN 2011FE,000-BKD-525,2455834.30619,10.778,0.006,False,Johnson V,CCD,ATE,1.71,False
4654,SN 2011FE,000-BKD-525,2455834.306366,10.685,,False,Unfiltered with R Zeropoint,CCD,HND,1.533,False
4655,SN 2011FE,000-BKD-525,2455834.30678,10.757,0.006,False,Johnson V,CCD,ATE,1.71,False
4656,SN 2011FE,000-BKD-525,2455834.306806,10.681,,False,Unfiltered with R Zeropoint,CCD,HND,1.535,False
4657,SN 2011FE,000-BKD-525,2455834.307234,10.665,,False,Unfiltered with R Zeropoint,CCD,HND,1.537,False
4658,SN 2011FE,000-BKD-525,2455834.30738,10.803,0.006,False,Johnson V,CCD,ATE,1.72,False
4659,SN 2011FE,000-BKD-525,2455834.307674,10.699,,False,Unfiltered with R Zeropoint,CCD,HND,1.540,False
4660,SN 2011FE,000-BKD-525,2455834.30799,10.782,0.006,False,Johnson V,CCD,ATE,1.72,False
4661,SN 2011FE,000-BKD-525,2455834.308102,10.686,,False,Unfiltered with R Zeropoint,CCD,HND,1.542,False
4662,SN 2011FE,000-BKD-525,2455834.308553,10.666,,False,Unfiltered with R Zeropoint,CCD,HND,1.544,False
4663,SN 2011FE,000-BKD-525,2455834.30859,10.783,0.006,False,Johnson V,CCD,ATE,1.73,False
4664,SN 2011FE,000-BKD-525,2455834.308993,10.709,,False,Unfiltered with R Zeropoint,CCD,HND,1.547,False
4665,SN 2011FE,000-BKD-525,2455834.30919,10.761,0.006,False,Johnson V,CCD,ATE,1.73,False
4666,SN 2011FE,000-BKD-525,2455834.309421,10.667,,False,Unfiltered with R Zeropoint,CCD,HND,1.549,False
4667,SN 2011FE,000-BKD-525,2455834.30979,10.760,0.006,False,Johnson V,CCD,ATE,1.73,False
4668,SN 2011FE,000-BKD-525,2455834.309873,10.673,,False,Unfiltered with R Zeropoint,CCD,HND,1.552,False
4669,SN 2011FE,000-BKD-525,2455834.310313,10.665,,False,Unfiltered with R Zeropoint,CCD,HND,1.554,False
4670,SN 2011FE,000-BKD-525,2455834.31038,10.779,0.006,False,Johnson V,CCD,ATE,1.74,False
4671,SN 2011FE,000-BKD-525,2455834.310729,10.669,,False,Unfiltered with R Zeropoint,CCD,HND,1.556,False
4672,SN 2011FE,000-BKD-525,2455834.31095,10.762,0.006,False,Johnson V,CCD,ATE,1.74,False
4673,SN 2011FE,000-BKD-525,2455834.311181,10.661,,False,Unfiltered with R Zeropoint,CCD,HND,1.559,False
4674,SN 2011FE,000-BKD-525,2455834.31155,10.781,0.006,False,Johnson V,CCD,ATE,1.75,False
4675,SN 2011FE,000-BKD-525,2455834.311609,10.678,,False,Unfiltered with R Zeropoint,CCD,HND,1.561,False
4676,SN 2011FE,000-BKD-525,2455834.312072,10.706,,False,Unfiltered with R Zeropoint,CCD,HND,1.564,False
4677,SN 2011FE,000-BKD-525,2455834.31215,10.813,0.006,False,Johnson V,CCD,ATE,1.75,False
4678,SN 2011FE,000-BKD-525,2455834.312500,10.684,,False,Unfiltered with R Zeropoint,CCD,HND,1.566,False
4679,SN 2011FE,000-BKD-525,2455834.31272,10.792,0.006,False,Johnson V,CCD,ATE,1.76,False
4680,SN 2011FE,000-BKD-525,2455834.312940,10.684,,False,Unfiltered with R Zeropoint,CCD,HND,1.569,False
4681,SN 2011FE,000-BKD-525,2455834.31329,10.779,0.006,False,Johnson V,CCD,ATE,1.76,False
4682,SN 2011FE,000-BKD-525,2455834.313380,10.676,,False,Unfiltered with R Zeropoint,CCD,HND,1.571,False
4683,SN 2011FE,000-BKD-525,2455834.31387,10.794,0.006,False,Johnson V,CCD,ATE,1.77,False
4684,SN 2011FE,000-BKD-525,2455834.31450,10.761,0.006,False,Johnson V,CCD,ATE,1.77,False
4685,SN 2011FE,000-BKD-525,2455834.31507,10.753,0.006,False,Johnson V,CCD,ATE,1.78,False
4686,SN 2011FE,000-BKD-525,2455834.31566,10.785,0.006,False,Johnson V,CCD,ATE,1.78,False
4687,SN 2011FE,000-BKD-525,2455834.31626,10.779,0.006,False,Johnson V,CCD,ATE,1.79,False
4688,SN 2011FE,000-BKD-525,2455834.31683,10.793,0.006,False,Johnson V,CCD,ATE,1.80,False
4689,SN 2011FE,000-BKD-525,2455834.31743,10.769,0.006,False,Johnson V,CCD,ATE,1.80,False
4690,SN 2011FE,000-BKD-525,2455834.31800,10.779,0.006,False,Johnson V,CCD,ATE,1.81,False
4691,SN 2011FE,000-BKD-525,2455834.31859,10.806,0.006,False,Johnson V,CCD,ATE,1.81,False
4692,SN 2011FE,000-BKD-525,2455834.31917,10.795,0.006,False,Johnson V,CCD,ATE,1.82,False
4693,SN 2011FE,000-BKD-525,2455834.31976,10.802,0.006,False,Johnson V,CCD,ATE,1.82,False
4694,PTF11KLY,000-BKD-525,2455834.32014,10.63,0.02,False,Unfiltered with R Zeropoint,CCD,NOT,,False
4695,SN 2011FE,000-BKD-525,2455834.32032,10.766,0.006,False,Johnson V,CCD,ATE,1.83,False
4696,SN 2011FE,000-BKD-525,2455834.32089,10.778,0.006,False,Johnson V,CCD,ATE,1.83,False
4697,SN 2011FE,000-BKD-525,2455834.32146,10.741,0.006,False,Johnson V,CCD,ATE,1.84,False
4698,SN 2011FE,000-BKD-525,2455834.32204,10.766,0.006,False,Johnson V,CCD,ATE,1.84,False
4699,PTF11KLY,000-BKD-525,2455834.32361,11.1,,False,Visual,Visual,KGEA,,
4700,PTF11kly,000-BKD-525,2455834.33681,10.7,,False,Visual,Visual,KKAA,,
4701,SN 2011FE,000-BKD-525,2455834.35417,10.8,,False,Visual,Visual,ILE,,
4702,SN 2011FE,000-BKD-525,2455834.3542,10.8,,False,Visual,Visual,ILE,,
4703,SN 2011FE,000-BKD-525,2455834.3563,10.8,,False,Visual,Visual,GGU,,
4704,SN 2011FE,000-BKD-525,2455834.35694,10.8,,False,Visual,Visual,SUQ,,
4705,SN 2011FE,000-BKD-525,2455834.36,10.99,0.01,False,Unfiltered with V Zeropoint,CCD,HNDA,,False
4706,SN 2011FE,000-BKD-525,2455834.395,10.8,,False,Visual,Visual,BMU,,
4707,SN 2011FE,000-BKD-525,2455834.399,10.5,,False,Visual,Visual,VDE,,
4708,SN 2011FE,000-BKD-525,2455834.51042,10.95,0.05,False,Unfiltered with V Zeropoint,CCD,MFR,1.800,False
4709,SN 2011FE,000-BKD-525,2455834.5194,10.7,,False,Visual,Visual,BRJ,,
4710,SN 2011FE,000-BKD-525,2455834.52492,11.1,,False,Visual,Visual,KRAA,,
4711,SN 2011FE,000-BKD-525,2455834.580081,10.9161,0.0155,False,Johnson V,CCD,SSTA,1.418,False
4712,SN 2011FE,000-BKD-525,2455834.580833,10.9147,0.0148,False,Johnson V,CCD,SSTA,1.421,False
4713,SN 2011FE,000-BKD-525,2455834.581597,10.9148,0.0139,False,Johnson V,CCD,SSTA,1.425,False
4714,SN 2011FE,000-BKD-525,2455834.582361,10.9203,0.0144,False,Johnson V,CCD,SSTA,1.428,False
4715,SN 2011FE,000-BKD-525,2455834.583125,10.9074,0.0144,False,Johnson V,CCD,SSTA,1.431,False
4716,SN 2011FE,000-BKD-525,2455834.583889,10.9018,0.0138,False,Johnson V,CCD,SSTA,1.435,False
4717,SN 2011FE,000-BKD-525,2455834.584653,10.9172,0.0142,False,Johnson V,CCD,SSTA,1.438,False
4718,SN 2011FE,000-BKD-525,2455834.585405,10.9130,0.0136,False,Johnson V,CCD,SSTA,1.442,False
4719,SN 2011FE,000-BKD-525,2455834.58542,10.4,,False,Visual,Visual,WLY,,
4720,SN 2011FE,000-BKD-525,2455834.586169,10.9194,0.0131,False,Johnson V,CCD,SSTA,1.446,False
4721,SN 2011FE,000-BKD-525,2455834.586933,10.9110,0.0138,False,Johnson V,CCD,SSTA,1.449,False
4722,SN 2011FE,000-BKD-525,2455834.587697,10.9233,0.0124,False,Johnson V,CCD,SSTA,1.453,False
4723,SN 2011FE,000-BKD-525,2455834.588461,10.9321,0.0136,False,Johnson V,CCD,SSTA,1.456,False
4724,SN 2011FE,000-BKD-525,2455834.589225,10.9238,0.0129,False,Johnson V,CCD,SSTA,1.460,False
4725,SN 2011FE,000-BKD-525,2455834.589977,10.9181,0.0123,False,Johnson V,CCD,SSTA,1.463,False
4726,PTF11KLY,000-BKD-525,2455834.59067,11.429,0.043,False,Johnson B,CCD,SRIC,1.51,False
4727,SN 2011FE,000-BKD-525,2455834.590741,10.9265,0.0129,False,Johnson V,CCD,SSTA,1.467,False
4728,SN 2011FE,000-BKD-525,2455834.591505,10.9269,0.0130,False,Johnson V,CCD,SSTA,1.471,False
4729,SN 2011FE,000-BKD-525,2455834.592269,10.9249,0.0157,False,Johnson V,CCD,SSTA,1.475,False
4730,SN 2011FE,000-BKD-525,2455834.593032,10.9276,0.0121,False,Johnson V,CCD,SSTA,1.478,False
4731,PTF11KLY,000-BKD-525,2455834.59374,10.876,0.073,False,Johnson V,CCD,SRIC,1.53,False
4732,SN 2011FE,000-BKD-525,2455834.593796,10.9201,0.0126,False,Johnson V,CCD,SSTA,1.482,False
4733,SN 2011FE,000-BKD-525,2455834.594549,10.9148,0.0124,False,Johnson V,CCD,SSTA,1.486,False
4734,SN 2011FE,000-BKD-525,2455834.595313,10.9301,0.0125,False,Johnson V,CCD,SSTA,1.490,False
4735,SN 2011FE,000-BKD-525,2455834.596076,10.9288,0.0120,False,Johnson V,CCD,SSTA,1.493,False
4736,SN 2011FE,000-BKD-525,2455834.59684,10.9228,0.0123,False,Johnson V,CCD,SSTA,1.497,False
4737,SN 2011FE,000-BKD-525,2455834.597604,10.9178,0.0121,False,Johnson V,CCD,SSTA,1.501,False
4738,SN 2011FE,000-BKD-525,2455834.598356,10.9195,0.0126,False,Johnson V,CCD,SSTA,1.505,False
4739,SN 2011FE,000-BKD-525,2455834.59912,10.9174,0.0124,False,Johnson V,CCD,SSTA,1.509,False
4740,SN 2011FE,000-BKD-525,2455834.599884,10.9324,0.0126,False,Johnson V,CCD,SSTA,1.513,False
4741,SN 2011FE,000-BKD-525,2455834.600637,10.9247,0.0136,False,Johnson V,CCD,SSTA,1.517,False
4742,SN 2011FE,000-BKD-525,2455834.6014,10.9199,0.0128,False,Johnson V,CCD,SSTA,1.521,False
4743,SN 2011FE,000-BKD-525,2455834.602153,10.9234,0.0137,False,Johnson V,CCD,SSTA,1.524,False
4744,SN 2011FE,000-BKD-525,2455834.602917,10.9276,0.0138,False,Johnson V,CCD,SSTA,1.528,False
4745,SN 2011FE,000-BKD-525,2455834.603681,10.9354,0.0134,False,Johnson V,CCD,SSTA,1.532,False
4746,SN 2011FE,000-BKD-525,2455834.60417,10.8,,False,Visual,Visual,HSW,,
4747,SN 2011FE,000-BKD-525,2455834.604433,10.9362,0.0138,False,Johnson V,CCD,SSTA,1.536,False
4748,SN 2011FE,000-BKD-525,2455834.605197,10.9291,0.0133,False,Johnson V,CCD,SSTA,1.541,False
4749,SN 2011FE,000-BKD-525,2455834.605949,10.9160,0.0135,False,Johnson V,CCD,SSTA,1.545,False
4750,SN 2011FE,000-BKD-525,2455834.606713,10.9371,0.0134,False,Johnson V,CCD,SSTA,1.549,False
4751,SN 2011FE,000-BKD-525,2455834.607465,10.9355,0.0137,False,Johnson V,CCD,SSTA,1.553,False
4752,SN 2011FE,000-BKD-525,2455834.608229,10.9380,0.0126,False,Johnson V,CCD,SSTA,1.557,False
4753,SN 2011FE,000-BKD-525,2455834.608993,10.9316,0.0130,False,Johnson V,CCD,SSTA,1.561,False
4754,SN 2011FE,000-BKD-525,2455834.609745,10.9358,0.0146,False,Johnson V,CCD,SSTA,1.565,False
4755,SN 2011FE,000-BKD-525,2455834.610509,10.9427,0.0134,False,Johnson V,CCD,SSTA,1.569,False
4756,SN 2011FE,000-BKD-525,2455834.611262,10.9333,0.0130,False,Johnson V,CCD,SSTA,1.574,False
4757,SN 2011FE,000-BKD-525,2455834.612025,10.9350,0.0133,False,Johnson V,CCD,SSTA,1.578,False
4758,SN 2011FE,000-BKD-525,2455834.612789,10.9411,0.0134,False,Johnson V,CCD,SSTA,1.582,False
4759,SN 2011FE,000-BKD-525,2455834.613542,10.9454,0.0137,False,Johnson V,CCD,SSTA,1.586,False
4760,SN 2011FE,000-BKD-525,2455834.614306,10.9486,0.0130,False,Johnson V,CCD,SSTA,1.591,False
4761,SN 2011FE,000-BKD-525,2455834.615058,10.9465,0.0135,False,Johnson V,CCD,SSTA,1.595,False
4762,SN 2011FE,000-BKD-525,2455834.615822,10.9408,0.0149,False,Johnson V,CCD,SSTA,1.599,False
4763,SN 2011FE,000-BKD-525,2455834.616574,10.9471,0.0135,False,Johnson V,CCD,SSTA,1.604,False
4764,SN 2011FE,000-BKD-525,2455834.617338,10.9638,0.0144,False,Johnson V,CCD,SSTA,1.608,False
4765,SN 2011FE,000-BKD-525,2455834.618102,10.9550,0.0135,False,Johnson V,CCD,SSTA,1.613,False
4766,SN 2011FE,000-BKD-525,2455834.618854,10.9476,0.0140,False,Johnson V,CCD,SSTA,1.617,False
4767,SN 2011FE,000-BKD-525,2455834.619618,10.9586,0.0132,False,Johnson V,CCD,SSTA,1.622,False
4768,SN 2011FE,000-BKD-525,2455834.62037,10.9573,0.0140,False,Johnson V,CCD,SSTA,1.626,False
4769,SN 2011FE,000-BKD-525,2455834.621134,10.9529,0.0132,False,Johnson V,CCD,SSTA,1.631,False
4770,SN 2011FE,000-BKD-525,2455834.621887,10.9636,0.0140,False,Johnson V,CCD,SSTA,1.635,False
4771,SN 2011FE,000-BKD-525,2455834.62265,10.9560,0.0148,False,Johnson V,CCD,SSTA,1.640,False
4772,SN 2011FE,000-BKD-525,2455834.623414,10.9511,0.0129,False,Johnson V,CCD,SSTA,1.644,False
4773,SN 2011FE,000-BKD-525,2455834.624167,10.9511,0.0135,False,Johnson V,CCD,SSTA,1.649,False
4774,SN 2011FE,000-BKD-525,2455834.624931,10.9537,0.0133,False,Johnson V,CCD,SSTA,1.653,False
4775,SN 2011FE,000-BKD-525,2455834.625683,10.9692,0.0137,False,Johnson V,CCD,SSTA,1.658,False
4776,SN 2011FE,000-BKD-525,2455834.626447,10.9572,0.0143,False,Johnson V,CCD,SSTA,1.663,False
4777,SN 2011FE,000-BKD-525,2455834.627211,10.9532,0.0131,False,Johnson V,CCD,SSTA,1.667,False
4778,SN 2011FE,000-BKD-525,2455834.627975,10.9559,0.0137,False,Johnson V,CCD,SSTA,1.672,False
4779,SN 2011FE,000-BKD-525,2455834.628738,10.9685,0.0136,False,Johnson V,CCD,SSTA,1.677,False
4780,SN 2011FE,000-BKD-525,2455834.629502,10.9552,0.0148,False,Johnson V,CCD,SSTA,1.682,False
4781,SN 2011FE,000-BKD-525,2455834.630255,10.9538,0.0140,False,Johnson V,CCD,SSTA,1.687,False
4782,SN 2011FE,000-BKD-525,2455834.631019,10.9679,0.0145,False,Johnson V,CCD,SSTA,1.691,False
4783,SN 2011FE,000-BKD-525,2455834.631782,10.9549,0.0134,False,Johnson V,CCD,SSTA,1.696,False
4784,SN 2011FE,000-BKD-525,2455834.632546,10.9647,0.0136,False,Johnson V,CCD,SSTA,1.701,False
4785,SN 2011FE,000-BKD-525,2455834.63331,10.9641,0.0160,False,Johnson V,CCD,SSTA,1.706,False
4786,SN 2011FE,000-BKD-525,2455834.634063,10.9594,0.0126,False,Johnson V,CCD,SSTA,1.711,False
4787,SN 2011FE,000-BKD-525,2455834.634826,10.9697,0.0136,False,Johnson V,CCD,SSTA,1.716,False
4788,SN 2011FE,000-BKD-525,2455834.63559,10.9620,0.0228,False,Johnson V,CCD,SSTA,1.721,False
4789,SN 2011FE,000-BKD-525,2455834.636354,10.9647,0.0146,False,Johnson V,CCD,SSTA,1.726,False
4790,SN 2011FE,000-BKD-525,2455834.637118,10.9617,0.0146,False,Johnson V,CCD,SSTA,1.731,False
4791,SN 2011FE,000-BKD-525,2455834.63787,10.9694,0.0153,False,Johnson V,CCD,SSTA,1.736,False
4792,SN 2011FE,000-BKD-525,2455834.638634,10.9551,0.0129,False,Johnson V,CCD,SSTA,1.741,False
4793,SN 2011FE,000-BKD-525,2455834.639398,10.9645,0.0147,False,Johnson V,CCD,SSTA,1.746,False
4794,SN 2011FE,000-BKD-525,2455834.640162,10.9702,0.0153,False,Johnson V,CCD,SSTA,1.751,False
4795,SN 2011FE,000-BKD-525,2455834.640914,10.9596,0.0136,False,Johnson V,CCD,SSTA,1.757,False
4796,SN 2011FE,000-BKD-525,2455834.641678,10.9635,0.0174,False,Johnson V,CCD,SSTA,1.762,False
4797,SN 2011FE,000-BKD-525,2455834.642442,10.9721,0.0145,False,Johnson V,CCD,SSTA,1.767,False
4798,SN 2011FE,000-BKD-525,2455834.643194,10.9704,0.0137,False,Johnson V,CCD,SSTA,1.772,False
4799,SN 2011FE,000-BKD-525,2455834.643958,10.9613,0.0143,False,Johnson V,CCD,SSTA,1.777,False
4800,SN 2011FE,000-BKD-525,2455834.644711,10.9643,0.0161,False,Johnson V,CCD,SSTA,1.783,False
4801,SN 2011FE,000-BKD-525,2455834.645475,10.9682,0.0146,False,Johnson V,CCD,SSTA,1.788,False
4802,SN 2011FE,000-BKD-525,2455834.646227,10.9685,0.0135,False,Johnson V,CCD,SSTA,1.793,False
4803,SN 2011FE,000-BKD-525,2455834.646991,10.9716,0.0138,False,Johnson V,CCD,SSTA,1.799,False
4804,SN 2011FE,000-BKD-525,2455834.647755,10.9742,0.0138,False,Johnson V,CCD,SSTA,1.804,False
4805,SN 2011FE,000-BKD-525,2455834.648507,10.9700,0.0135,False,Johnson V,CCD,SSTA,1.809,False
4806,SN 2011FE,000-BKD-525,2455834.649271,10.9583,0.0134,False,Johnson V,CCD,SSTA,1.815,False
4807,SN 2011FE,000-BKD-525,2455834.650035,10.9677,0.0143,False,Johnson V,CCD,SSTA,1.820,False
4808,SN 2011FE,000-BKD-525,2455834.650787,10.9698,0.0149,False,Johnson V,CCD,SSTA,1.826,False
4809,SN 2011FE,000-BKD-525,2455834.651551,10.9801,0.0243,False,Johnson V,CCD,SSTA,1.831,False
4810,SN 2011FE,000-BKD-525,2455834.652303,10.9792,0.0161,False,Johnson V,CCD,SSTA,1.837,False
4811,SN 2011FE,000-BKD-525,2455834.653067,10.9714,0.0145,False,Johnson V,CCD,SSTA,1.842,False
4812,SN 2011FE,000-BKD-525,2455834.653819,10.9572,0.0151,False,Johnson V,CCD,SSTA,1.848,False
4813,SN 2011FE,000-BKD-525,2455834.654583,10.9563,0.0149,False,Johnson V,CCD,SSTA,1.854,False
4814,SN 2011FE,000-BKD-525,2455834.655347,10.9765,0.0145,False,Johnson V,CCD,SSTA,1.859,False
4815,SN 2011FE,000-BKD-525,2455834.6561,10.9743,0.0145,False,Johnson V,CCD,SSTA,1.865,False
4816,SN 2011FE,000-BKD-525,2455834.656863,10.9776,0.0141,False,Johnson V,CCD,SSTA,1.871,False
4817,SN 2011FE,000-BKD-525,2455834.657616,10.9721,0.0130,False,Johnson V,CCD,SSTA,1.876,False
4818,SN 2011FE,000-BKD-525,2455834.65838,10.9580,0.0146,False,Johnson V,CCD,SSTA,1.882,False
4819,SN 2011FE,000-BKD-525,2455834.659144,10.9557,0.0162,False,Johnson V,CCD,SSTA,1.888,False
4820,SN 2011FE,000-BKD-525,2455834.659896,10.9722,0.0148,False,Johnson V,CCD,SSTA,1.893,False
4821,SN 2011FE,000-BKD-525,2455834.66066,10.9725,0.0164,False,Johnson V,CCD,SSTA,1.899,False
4822,SN 2011FE,000-BKD-525,2455834.661412,10.9673,0.0147,False,Johnson V,CCD,SSTA,1.905,False
4823,SN 2011FE,000-BKD-525,2455834.662176,10.9599,0.0164,False,Johnson V,CCD,SSTA,1.911,False
4824,SN 2011FE,000-BKD-525,2455834.66294,10.9647,0.0154,False,Johnson V,CCD,SSTA,1.917,False
4825,SN 2011FE,000-BKD-525,2455834.663692,10.9545,0.0142,False,Johnson V,CCD,SSTA,1.923,False
4826,SN 2011FE,000-BKD-525,2455834.664456,10.9690,0.0140,False,Johnson V,CCD,SSTA,1.929,False
4827,SN 2011FE,000-BKD-525,2455834.66522,10.9656,0.0155,False,Johnson V,CCD,SSTA,1.935,False
4828,SN 2011FE,000-BKD-525,2455834.665972,10.9602,0.0153,False,Johnson V,CCD,SSTA,1.941,False
4829,SN 2011FE,000-BKD-525,2455834.666736,10.9581,0.0153,False,Johnson V,CCD,SSTA,1.947,False
4830,SN 2011FE,000-BKD-525,2455834.667488,10.9652,0.0151,False,Johnson V,CCD,SSTA,1.953,False
4831,SN 2011FE,000-BKD-525,2455834.668252,10.9624,0.0148,False,Johnson V,CCD,SSTA,1.959,False
4832,SN 2011FE,000-BKD-525,2455834.669016,10.9591,0.0143,False,Johnson V,CCD,SSTA,1.965,False
4833,SN 2011FE,000-BKD-525,2455834.669769,10.9718,0.0148,False,Johnson V,CCD,SSTA,1.971,False
4834,SN 2011FE,000-BKD-525,2455834.670532,10.9680,0.0150,False,Johnson V,CCD,SSTA,1.977,False
4835,SN 2011FE,000-BKD-525,2455834.671296,10.9510,0.0147,False,Johnson V,CCD,SSTA,1.983,False
4836,SN 2011FE,000-BKD-525,2455834.672049,10.9584,0.0156,False,Johnson V,CCD,SSTA,1.990,False
4837,SN 2011FE,000-BKD-525,2455834.672813,10.9448,0.0183,False,Johnson V,CCD,SSTA,1.996,False
4838,SN 2011FE,000-BKD-525,2455834.673565,10.9653,0.0240,False,Johnson V,CCD,SSTA,2.002,False
4839,SN 2011FE,000-BKD-525,2455834.674329,10.9444,0.0262,False,Johnson V,CCD,SSTA,2.008,False
4840,SN 2011FE,000-BKD-525,2455834.675093,10.9195,0.0339,False,Johnson V,CCD,SSTA,2.015,False
4841,SN 2011FE,000-BKD-525,2455834.675845,10.9558,0.0247,False,Johnson V,CCD,SSTA,2.021,False
4842,SN 2011FE,000-BKD-525,2455834.676609,10.9082,0.0230,False,Johnson V,CCD,SSTA,2.027,False
4843,SN 2011FE,000-BKD-525,2455834.677361,10.8913,0.0225,False,Johnson V,CCD,SSTA,2.034,False
4844,SN 2011FE,000-BKD-525,2455834.678125,10.9207,0.0212,False,Johnson V,CCD,SSTA,2.040,False
4845,SN 2011FE,000-BKD-525,2455834.678877,10.9215,0.0186,False,Johnson V,CCD,SSTA,2.047,False
4846,SN 2011FE,000-BKD-525,2455834.679641,10.9331,0.0159,False,Johnson V,CCD,SSTA,2.053,False
4847,SN 2011FE,000-BKD-525,2455834.680405,10.9513,0.0189,False,Johnson V,CCD,SSTA,2.060,False
4848,SN 2011FE,000-BKD-525,2455834.681157,10.9286,0.0161,False,Johnson V,CCD,SSTA,2.066,False
4849,SN 2011FE,000-BKD-525,2455835.23958,10.8,,False,Visual,Visual,RZM,,
4850,SN 2011FE,000-BKD-525,2455835.241220,10.667,,False,Unfiltered with R Zeropoint,CCD,HND,1.267,False
4851,SN 2011FE,000-BKD-525,2455835.241667,10.627,,False,Unfiltered with R Zeropoint,CCD,HND,1.268,False
4852,SN 2011FE,000-BKD-525,2455835.242083,10.642,,False,Unfiltered with R Zeropoint,CCD,HND,1.270,False
4853,SN 2011FE,000-BKD-525,2455835.242535,10.640,,False,Unfiltered with R Zeropoint,CCD,HND,1.271,False
4854,SN 2011FE,000-BKD-525,2455835.242975,10.631,,False,Unfiltered with R Zeropoint,CCD,HND,1.273,False
4855,SN 2011FE,000-BKD-525,2455835.243426,10.653,,False,Unfiltered with R Zeropoint,CCD,HND,1.274,False
4856,SN 2011FE,000-BKD-525,2455835.243866,10.641,,False,Unfiltered with R Zeropoint,CCD,HND,1.276,False
4857,SN 2011FE,000-BKD-525,2455835.244282,10.637,,False,Unfiltered with R Zeropoint,CCD,HND,1.277,False
4858,SN 2011FE,000-BKD-525,2455835.244734,10.632,,False,Unfiltered with R Zeropoint,CCD,HND,1.278,False
4859,SN 2011FE,000-BKD-525,2455835.245,10.8,,False,Visual,Visual,VOL,,
4860,SN 2011FE,000-BKD-525,2455835.245162,10.673,,False,Unfiltered with R Zeropoint,CCD,HND,1.280,False
4861,SN 2011FE,000-BKD-525,2455835.245613,10.647,,False,Unfiltered with R Zeropoint,CCD,HND,1.281,False
4862,SN 2011FE,000-BKD-525,2455835.246053,10.648,,False,Unfiltered with R Zeropoint,CCD,HND,1.283,False
4863,SN 2011FE,000-BKD-525,2455835.246482,10.652,,False,Unfiltered with R Zeropoint,CCD,HND,1.284,False
4864,SN 2011FE,000-BKD-525,2455835.246921,10.644,,False,Unfiltered with R Zeropoint,CCD,HND,1.286,False
4865,SN 2011FE,000-BKD-525,2455835.247373,10.649,,False,Unfiltered with R Zeropoint,CCD,HND,1.288,False
4866,SN 2011FE,000-BKD-525,2455835.247813,10.670,,False,Unfiltered with R Zeropoint,CCD,HND,1.289,False
4867,SN 2011FE,000-BKD-525,2455835.248252,10.658,,False,Unfiltered with R Zeropoint,CCD,HND,1.291,False
4868,2011FE,000-BKD-525,2455835.24861,13.965,,False,Johnson B,CCD,MFB,,False
4869,SN 2011FE,000-BKD-525,2455835.248681,10.616,,False,Unfiltered with R Zeropoint,CCD,HND,1.292,False
4870,SN 2011FE,000-BKD-525,2455835.249120,10.615,,False,Unfiltered with R Zeropoint,CCD,HND,1.294,False
4871,SN 2011FE,000-BKD-525,2455835.249560,10.642,,False,Unfiltered with R Zeropoint,CCD,HND,1.295,False
4872,SN 2011FE,000-BKD-525,2455835.250000,10.624,,False,Unfiltered with R Zeropoint,CCD,HND,1.297,False
4873,SN 2011FE,000-BKD-525,2455835.250440,10.637,,False,Unfiltered with R Zeropoint,CCD,HND,1.298,False
4874,2011FE,000-BKD-525,2455835.25069,9.608,,False,Johnson V,CCD,MFB,,False
4875,SN 2011FE,000-BKD-525,2455835.250868,10.650,,False,Unfiltered with R Zeropoint,CCD,HND,1.300,False
4876,SN 2011FE,000-BKD-525,2455835.251308,10.628,,False,Unfiltered with R Zeropoint,CCD,HND,1.301,False
4877,SN 2011FE,000-BKD-525,2455835.251748,10.680,,False,Unfiltered with R Zeropoint,CCD,HND,1.303,False
4878,SN 2011FE,000-BKD-525,2455835.252176,10.643,,False,Unfiltered with R Zeropoint,CCD,HND,1.305,False
4879,SN 2011FE,000-BKD-525,2455835.252627,10.661,,False,Unfiltered with R Zeropoint,CCD,HND,1.306,False
4880,SN 2011FE,000-BKD-525,2455835.253056,10.670,,False,Unfiltered with R Zeropoint,CCD,HND,1.308,False
4881,2011FE,000-BKD-525,2455835.25347,10.561,,False,Cousins R,CCD,MFB,,False
4882,SN 2011FE,000-BKD-525,2455835.253507,10.730,,False,Unfiltered with R Zeropoint,CCD,HND,1.309,False
4883,SN 2011FE,000-BKD-525,2455835.253947,10.669,,False,Unfiltered with R Zeropoint,CCD,HND,1.311,False
4884,SN 2011FE,000-BKD-525,2455835.254363,10.649,,False,Unfiltered with R Zeropoint,CCD,HND,1.313,False
4885,SN 2011FE,000-BKD-525,2455835.254815,10.647,,False,Unfiltered with R Zeropoint,CCD,HND,1.314,False
4886,SN 2011FE,000-BKD-525,2455835.255243,10.654,,False,Unfiltered with R Zeropoint,CCD,HND,1.316,False
4887,SN 2011FE,000-BKD-525,2455835.255694,10.663,,False,Unfiltered with R Zeropoint,CCD,HND,1.317,False
4888,SN 2011FE,000-BKD-525,2455835.256134,10.661,,False,Unfiltered with R Zeropoint,CCD,HND,1.319,False
4889,2011FE,000-BKD-525,2455835.25625,10.848,,False,Cousins I,CCD,MFB,,False
4890,SN 2011FE,000-BKD-525,2455835.256562,10.686,,False,Unfiltered with R Zeropoint,CCD,HND,1.321,False
4891,SN 2011FE,000-BKD-525,2455835.25694,10.9,,False,Visual,Visual,SSW,,
4892,SN 2011FE,000-BKD-525,2455835.257002,10.659,,False,Unfiltered with R Zeropoint,CCD,HND,1.322,False
4893,SN 2011FE,000-BKD-525,2455835.257442,10.669,,False,Unfiltered with R Zeropoint,CCD,HND,1.324,False
4894,SN 2011FE,000-BKD-525,2455835.257870,10.664,,False,Unfiltered with R Zeropoint,CCD,HND,1.326,False
4895,SN 2011FE,000-BKD-525,2455835.258322,10.668,,False,Unfiltered with R Zeropoint,CCD,HND,1.327,False
4896,SN 2011FE,000-BKD-525,2455835.258750,10.675,,False,Unfiltered with R Zeropoint,CCD,HND,1.329,False
4897,SN 2011FE,000-BKD-525,2455835.259213,10.685,,False,Unfiltered with R Zeropoint,CCD,HND,1.331,False
4898,SN 2011FE,000-BKD-525,2455835.259630,10.684,,False,Unfiltered with R Zeropoint,CCD,HND,1.332,False
4899,SN 2011FE,000-BKD-525,2455835.25988,10.872,0.013,False,Johnson V,CCD,CMAB,,False
4900,SN 2011FE,000-BKD-525,2455835.260081,10.707,,False,Unfiltered with R Zeropoint,CCD,HND,1.334,False
4901,SN 2011FE,000-BKD-525,2455835.260521,10.678,,False,Unfiltered with R Zeropoint,CCD,HND,1.336,False
4902,SN 2011FE,000-BKD-525,2455835.260961,10.685,,False,Unfiltered with R Zeropoint,CCD,HND,1.337,False
4903,SN 2011FE,000-BKD-525,2455835.26111,10.7,,False,Visual,Visual,SJZ,,
4904,SN 2011FE,000-BKD-525,2455835.261389,10.673,,False,Unfiltered with R Zeropoint,CCD,HND,1.339,False
4905,SN 2011FE,000-BKD-525,2455835.261817,10.679,,False,Unfiltered with R Zeropoint,CCD,HND,1.341,False
4906,SN 2011FE,000-BKD-525,2455835.262268,10.671,,False,Unfiltered with R Zeropoint,CCD,HND,1.343,False
4907,SN 2011FE,000-BKD-525,2455835.2625,11.3,,False,Visual,Visual,REP,,
4908,SN 2011FE,000-BKD-525,2455835.262708,10.680,,False,Unfiltered with R Zeropoint,CCD,HND,1.344,False
4909,SN 2011FE,000-BKD-525,2455835.263148,10.706,,False,Unfiltered with R Zeropoint,CCD,HND,1.346,False
4910,SN 2011FE,000-BKD-525,2455835.263588,10.667,,False,Unfiltered with R Zeropoint,CCD,HND,1.348,False
4911,SN 2011FE,000-BKD-525,2455835.26389,10.9,,False,Visual,Visual,OJMA,,
4912,SN 2011FE,000-BKD-525,2455835.264028,10.678,,False,Unfiltered with R Zeropoint,CCD,HND,1.349,False
4913,SN 2011FE,000-BKD-525,2455835.264444,10.674,,False,Unfiltered with R Zeropoint,CCD,HND,1.351,False
4914,SN 2011FE,000-BKD-525,2455835.264896,10.655,,False,Unfiltered with R Zeropoint,CCD,HND,1.353,False
4915,SN 2011FE,000-BKD-525,2455835.2652,10.33,,False,Visual,Visual,DAT,,
4916,SN 2011FE,000-BKD-525,2455835.265347,10.649,,False,Unfiltered with R Zeropoint,CCD,HND,1.355,False
4917,SN 2011FE,000-BKD-525,2455835.265775,10.692,,False,Unfiltered with R Zeropoint,CCD,HND,1.356,False
4918,SN 2011FE,000-BKD-525,2455835.266227,10.691,,False,Unfiltered with R Zeropoint,CCD,HND,1.358,False
4919,SN 2011FE,000-BKD-525,2455835.266667,10.690,,False,Unfiltered with R Zeropoint,CCD,HND,1.360,False
4920,SN 2011FE,000-BKD-525,2455835.267095,10.668,,False,Unfiltered with R Zeropoint,CCD,HND,1.362,False
4921,SN 2011FE,000-BKD-525,2455835.267546,10.705,,False,Unfiltered with R Zeropoint,CCD,HND,1.364,False
4922,SN 2011FE,000-BKD-525,2455835.267963,10.680,,False,Unfiltered with R Zeropoint,CCD,HND,1.365,False
4923,SN 2011FE,000-BKD-525,2455835.268426,10.688,,False,Unfiltered with R Zeropoint,CCD,HND,1.367,False
4924,SN 2011FE,000-BKD-525,2455835.268866,10.684,,False,Unfiltered with R Zeropoint,CCD,HND,1.369,False
4925,SN 2011FE,000-BKD-525,2455835.269306,10.690,,False,Unfiltered with R Zeropoint,CCD,HND,1.371,False
4926,SN 2011FE,000-BKD-525,2455835.269757,10.698,,False,Unfiltered with R Zeropoint,CCD,HND,1.373,False
4927,SN 2011FE,000-BKD-525,2455835.2715,10.9,,False,Visual,Visual,KWO,,
4928,SN 2011FE,000-BKD-525,2455835.27361,10.8,,False,Visual,Visual,SUQ,,
4929,SN 2011FE,000-BKD-525,2455835.27431,10.9,,False,Visual,Visual,KOS,,
4930,SN 2011FE,000-BKD-525,2455835.2812,10.5,,False,Visual,Visual,CSM,,
4931,SN 2011FE,000-BKD-525,2455835.29437,10.842,0.007,False,Johnson V,CCD,ATE,1.64,False
4932,SN 2011FE,000-BKD-525,2455835.29507,10.835,0.007,False,Johnson V,CCD,ATE,1.64,False
4933,SN 2011FE,000-BKD-525,2455835.29564,10.846,0.007,False,Johnson V,CCD,ATE,1.65,False
4934,SN 2011FE,000-BKD-525,2455835.29623,10.874,0.007,False,Johnson V,CCD,ATE,1.65,False
4935,SN 2011FE,000-BKD-525,2455835.29679,10.857,0.007,False,Johnson V,CCD,ATE,1.65,False
4936,SN 2011FE,000-BKD-525,2455835.29739,10.853,0.007,False,Johnson V,CCD,ATE,1.66,False
4937,SN 2011FE,000-BKD-525,2455835.29800,10.888,0.007,False,Johnson V,CCD,ATE,1.66,False
4938,SN 2011FE,000-BKD-525,2455835.29856,10.843,0.007,False,Johnson V,CCD,ATE,1.67,False
4939,SN 2011FE,000-BKD-525,2455835.2986,11.3,,False,Visual,Visual,PLP,,
4940,SN 2011FE,000-BKD-525,2455835.29915,10.891,0.007,False,Johnson V,CCD,ATE,1.67,False
4941,SN 2011FE,000-BKD-525,2455835.29976,10.883,0.007,False,Johnson V,CCD,ATE,1.68,False
4942,SN 2011FE,000-BKD-525,2455835.3,10.9,,False,Visual,Visual,SYU,,
4943,SN 2011FE,000-BKD-525,2455835.30036,10.839,0.007,False,Johnson V,CCD,ATE,1.68,False
4944,SN 2011FE,000-BKD-525,2455835.30092,10.886,0.007,False,Johnson V,CCD,ATE,1.69,False
4945,SN 2011FE,000-BKD-525,2455835.30149,10.863,0.007,False,Johnson V,CCD,ATE,1.69,False
4946,SN 2011FE,000-BKD-525,2455835.30206,10.856,0.007,False,Johnson V,CCD,ATE,1.70,False
4947,SN 2011FE,000-BKD-525,2455835.30208,10.9,,False,Visual,Visual,KKAA,,
4948,SN 2011FE,000-BKD-525,2455835.30263,10.844,0.007,False,Johnson V,CCD,ATE,1.70,False
4949,SN 2011FE,000-BKD-525,2455835.30319,10.863,0.007,False,Johnson V,CCD,ATE,1.70,False
4950,SN 2011FE,000-BKD-525,2455835.30380,10.837,0.007,False,Johnson V,CCD,ATE,1.71,False
4951,SN 2011FE,000-BKD-525,2455835.304,10.9,,False,Visual,Visual,PYG,,
4952,SN 2011FE,000-BKD-525,2455835.30412,11.1,0.12,False,Unfiltered with V Zeropoint,CCD,RMAD,,False
4953,SN 2011FE,000-BKD-525,2455835.30436,10.837,0.007,False,Johnson V,CCD,ATE,1.71,False
4954,SN 2011FE,000-BKD-525,2455835.30493,10.860,0.007,False,Johnson V,CCD,ATE,1.72,False
4955,SN 2011FE,000-BKD-525,2455835.30551,10.892,0.007,False,Johnson V,CCD,ATE,1.72,False
4956,SN 2011FE,000-BKD-525,2455835.30608,10.866,0.007,False,Johnson V,CCD,ATE,1.73,False
4957,SN 2011FE,000-BKD-525,2455835.30664,10.841,0.007,False,Johnson V,CCD,ATE,1.73,False
4958,SN 2011FE,000-BKD-525,2455835.30723,10.867,0.007,False,Johnson V,CCD,ATE,1.74,False
4959,SN 2011FE,000-BKD-525,2455835.30783,10.880,0.007,False,Johnson V,CCD,ATE,1.74,False
4960,SN 2011FE,000-BKD-525,2455835.30840,10.863,0.007,False,Johnson V,CCD,ATE,1.75,False
4961,PTF11KLY,000-BKD-525,2455835.3090,10.9,,False,Visual,Visual,VFK,,
4962,SN 2011FE,000-BKD-525,2455835.30900,10.875,0.007,False,Johnson V,CCD,ATE,1.75,False
4963,SN 2011FE,000-BKD-525,2455835.3090,10.8,,False,Visual,Visual,MZS,,
4964,SN 2011FE,000-BKD-525,2455835.30957,10.890,0.007,False,Johnson V,CCD,ATE,1.76,False
4965,SN 2011FE,000-BKD-525,2455835.31014,10.877,0.007,False,Johnson V,CCD,ATE,1.76,False
4966,SN 2011FE,000-BKD-525,2455835.3104,10.9,,False,Visual,Visual,BVE,,
4967,SN 2011FE,000-BKD-525,2455835.31070,10.878,0.007,False,Johnson V,CCD,ATE,1.77,False
4968,SN 2011FE,000-BKD-525,2455835.31128,10.851,0.007,False,Johnson V,CCD,ATE,1.77,False
4969,SN 2011FE,000-BKD-525,2455835.31185,10.839,0.007,False,Johnson V,CCD,ATE,1.78,False
4970,SN 2011FE,000-BKD-525,2455835.31242,10.844,0.007,False,Johnson V,CCD,ATE,1.78,False
4971,SN 2011FE,000-BKD-525,2455835.31298,10.860,0.007,False,Johnson V,CCD,ATE,1.79,False
4972,SN 2011FE,000-BKD-525,2455835.31355,10.859,0.007,False,Johnson V,CCD,ATE,1.79,False
4973,SN 2011FE,000-BKD-525,2455835.31412,10.876,0.007,False,Johnson V,CCD,ATE,1.80,False
4974,SN 2011FE,000-BKD-525,2455835.3146,11.0,,False,Visual,Visual,GGU,,
4975,SN 2011FE,000-BKD-525,2455835.31472,10.850,0.007,False,Johnson V,CCD,ATE,1.80,False
4976,SN 2011FE,000-BKD-525,2455835.31529,10.847,0.007,False,Johnson V,CCD,ATE,1.81,False
4977,SN 2011FE,000-BKD-525,2455835.31586,10.867,0.007,False,Johnson V,CCD,ATE,1.81,False
4978,SN 2011FE,000-BKD-525,2455835.31597,11.1,,False,Visual,Visual,WKL,,
4979,SN 2011FE,000-BKD-525,2455835.3194,10.9,,False,Visual,Visual,ILE,,
4980,SN 2011FE,000-BKD-525,2455835.31944,10.9,,False,Visual,Visual,ILE,,
4981,SN 2011FE,000-BKD-525,2455835.32121,10.809,0.040,False,Johnson V,CCD,SJAR,1.758,False
4982,SN 2011FE,000-BKD-525,2455835.32142,10.685,0.032,False,Cousins R,CCD,SJAR,1.759,False
4983,SN 2011FE,000-BKD-525,2455835.32163,11.743,0.110,False,Johnson B,CCD,SJAR,1.760,False
4984,SN 2011FE,000-BKD-525,2455835.32184,10.733,0.094,False,Cousins I,CCD,SJAR,1.761,False
4985,SN 2011FE,000-BKD-525,2455835.32206,10.779,0.041,False,Johnson V,CCD,SJAR,1.762,False
4986,SN 2011FE,000-BKD-525,2455835.32227,10.653,0.033,False,Cousins R,CCD,SJAR,1.763,False
4987,SN 2011FE,000-BKD-525,2455835.32290,10.859,0.037,False,Johnson V,CCD,SJAR,1.766,False
4988,SN 2011FE,000-BKD-525,2455835.32310,10.629,0.032,False,Cousins R,CCD,SJAR,1.767,False
4989,SN 2011FE,000-BKD-525,2455835.32352,10.819,0.098,False,Cousins I,CCD,SJAR,1.769,False
4990,SN 2011FE,000-BKD-525,2455835.32435,10.779,0.100,False,Cousins I,CCD,SJAR,1.773,False
4991,PTF11KLY,000-BKD-525,2455835.3278,11.0,,False,Visual,Visual,VNL,,
4992,SN 2011FE,000-BKD-525,2455835.344,10.9,,False,Visual,Visual,FRF,,
4993,SN 2011FE,000-BKD-525,2455835.35556,10.919,0.029,False,Johnson V,CCD,BQM,,False
4994,SN 2011FE,000-BKD-525,2455835.35625,10.871,0.027,False,Johnson V,CCD,BQM,,False
4995,SN 2011FE,000-BKD-525,2455835.35694,10.883,0.028,False,Johnson V,CCD,BQM,,False
4996,PTF11KLY,000-BKD-525,2455835.3722,10.6,,False,Visual,Visual,HHU,,
4997,SN 2011FE,000-BKD-525,2455835.3889,11.1,,False,Visual,Visual,PDKA,,
4998,SN 2011FE,000-BKD-525,2455835.53958,10.5,,False,Visual,Visual,CKB,,
4999,SN 2011FE,000-BKD-525,2455835.5806,11.0,,False,Visual,Visual,KRB,,
5000,SN 2011FE,000-BKD-525,2455835.58124,10.832,0.012,False,Johnson V,CCD,HQA,1.000,True
5001,SN 2011FE,000-BKD-525,2455835.58124,11.728,0.014,False,Johnson B,CCD,HQA,1.000,True
5002,SN 2011FE,000-BKD-525,2455835.58333,11.6,,False,Visual,Visual,CKB,,
5003,SN 2011FE,000-BKD-525,2455835.62869,10.801,0.003,False,Johnson V,CCD,SAH,,False
5004,PTF11KLY,000-BKD-525,2455835.65203,11.518,0.004,False,Johnson B,CCD,SRIC,2.01,False
5005,PTF11KLY,000-BKD-525,2455835.65495,10.832,0.028,False,Johnson V,CCD,SRIC,2.04,False
5006,SN 2011FE,000-BKD-525,2455836.23180,10.934,0.036,False,Johnson V,CCD,SJAR,1.391,False
5007,SN 2011FE,000-BKD-525,2455836.23201,10.711,0.031,False,Cousins R,CCD,SJAR,1.391,False
5008,SN 2011FE,000-BKD-525,2455836.23222,11.723,0.110,False,Johnson B,CCD,SJAR,1.392,False
5009,SN 2011FE,000-BKD-525,2455836.23242,10.718,0.098,False,Cousins I,CCD,SJAR,1.393,False
5010,SN 2011FE,000-BKD-525,2455836.24167,11.0,,False,Visual,Visual,RZM,,
5011,SN 2011FE,000-BKD-525,2455836.242,11.0,,False,Visual,Visual,VOL,,
5012,SN 2011FE,000-BKD-525,2455836.2575,10.35,,False,Visual,Visual,DAT,,
5013,SN 2011FE,000-BKD-525,2455836.26042,11.0,,False,Visual,Visual,SSW,,
5014,PTF11KLY,000-BKD-525,2455836.2611,10.9,,False,Visual,Visual,VFK,,
5015,SN 2011FE,000-BKD-525,2455836.26250,10.9,,False,Visual,Visual,KOS,,
5016,SN 2011FE,000-BKD-525,2455836.2674,11.3,,False,Visual,Visual,REP,,
5017,SN 2011FE,000-BKD-525,2455836.26817,10.862,0.035,False,Johnson V,CCD,SJAR,1.529,False
5018,SN 2011FE,000-BKD-525,2455836.26842,10.874,0.032,False,Johnson V,CCD,SJAR,1.531,False
5019,SN 2011FE,000-BKD-525,2455836.26867,10.918,0.031,False,Johnson V,CCD,SJAR,1.532,False
5020,SN 2011FE,000-BKD-525,2455836.26893,10.901,0.031,False,Johnson V,CCD,SJAR,1.533,False
5021,SN 2011FE,000-BKD-525,2455836.26918,10.894,0.031,False,Johnson V,CCD,SJAR,1.534,False
5022,SN 2011FE,000-BKD-525,2455836.2694,11.0,,False,Visual,Visual,KWO,,
5023,SN 2011FE,000-BKD-525,2455836.26942,10.876,0.032,False,Johnson V,CCD,SJAR,1.535,False
5024,SN 2011FE,000-BKD-525,2455836.26968,10.886,0.031,False,Johnson V,CCD,SJAR,1.536,False
5025,SN 2011FE,000-BKD-525,2455836.26993,10.859,0.033,False,Johnson V,CCD,SJAR,1.537,False
5026,SN 2011FE,000-BKD-525,2455836.27,11.0,,False,Visual,Visual,BFO,,
5027,SN 2011FE,000-BKD-525,2455836.27018,10.907,0.031,False,Johnson V,CCD,SJAR,1.538,False
5028,SN 2011FE,000-BKD-525,2455836.27043,10.913,0.031,False,Johnson V,CCD,SJAR,1.539,False
5029,SN 2011FE,000-BKD-525,2455836.27068,10.900,0.031,False,Johnson V,CCD,SJAR,1.540,False
5030,SN 2011FE,000-BKD-525,2455836.27093,10.914,0.031,False,Johnson V,CCD,SJAR,1.541,False
5031,SN 2011FE,000-BKD-525,2455836.27118,10.888,0.032,False,Johnson V,CCD,SJAR,1.542,False
5032,SN 2011FE,000-BKD-525,2455836.27144,10.877,0.032,False,Johnson V,CCD,SJAR,1.543,False
5033,SN 2011FE,000-BKD-525,2455836.27169,10.917,0.031,False,Johnson V,CCD,SJAR,1.544,False
5034,SN 2011FE,000-BKD-525,2455836.27194,10.878,0.032,False,Johnson V,CCD,SJAR,1.545,False
5035,SN 2011FE,000-BKD-525,2455836.27219,10.860,0.033,False,Johnson V,CCD,SJAR,1.546,False
5036,SN 2011FE,000-BKD-525,2455836.27244,10.905,0.031,False,Johnson V,CCD,SJAR,1.547,False
5037,SN 2011FE,000-BKD-525,2455836.27269,10.888,0.031,False,Johnson V,CCD,SJAR,1.548,False
5038,SN 2011FE,000-BKD-525,2455836.27294,10.876,0.032,False,Johnson V,CCD,SJAR,1.549,False
5039,SN 2011FE,000-BKD-525,2455836.27915,10.686,0.032,False,Cousins R,CCD,SJAR,1.576,False
5040,SN 2011FE,000-BKD-525,2455836.27935,10.694,0.032,False,Cousins R,CCD,SJAR,1.577,False
5041,SN 2011FE,000-BKD-525,2455836.27954,10.649,0.034,False,Cousins R,CCD,SJAR,1.578,False
5042,SN 2011FE,000-BKD-525,2455836.27974,10.676,0.033,False,Cousins R,CCD,SJAR,1.579,False
5043,SN 2011FE,000-BKD-525,2455836.27994,10.706,0.032,False,Cousins R,CCD,SJAR,1.579,False
5044,SN 2011FE,000-BKD-525,2455836.28013,10.714,0.032,False,Cousins R,CCD,SJAR,1.580,False
5045,SN 2011FE,000-BKD-525,2455836.28032,10.695,0.032,False,Cousins R,CCD,SJAR,1.581,False
5046,SN 2011FE,000-BKD-525,2455836.28052,10.660,0.033,False,Cousins R,CCD,SJAR,1.582,False
5047,SN 2011FE,000-BKD-525,2455836.28071,10.695,0.032,False,Cousins R,CCD,SJAR,1.583,False
5048,SN 2011FE,000-BKD-525,2455836.28091,10.668,0.034,False,Cousins R,CCD,SJAR,1.584,False
5049,SN 2011FE,000-BKD-525,2455836.28110,10.630,0.034,False,Cousins R,CCD,SJAR,1.584,False
5050,SN 2011FE,000-BKD-525,2455836.2812,10.6,,False,Visual,Visual,CSM,,
5051,SN 2011FE,000-BKD-525,2455836.28129,10.646,0.034,False,Cousins R,CCD,SJAR,1.585,False
5052,SN 2011FE,000-BKD-525,2455836.28149,10.692,0.032,False,Cousins R,CCD,SJAR,1.586,False
5053,SN 2011FE,000-BKD-525,2455836.28168,10.670,0.033,False,Cousins R,CCD,SJAR,1.587,False
5054,SN 2011FE,000-BKD-525,2455836.28187,10.690,0.032,False,Cousins R,CCD,SJAR,1.588,False
5055,SN 2011FE,000-BKD-525,2455836.28207,10.692,0.033,False,Cousins R,CCD,SJAR,1.589,False
5056,SN 2011FE,000-BKD-525,2455836.28227,10.668,0.033,False,Cousins R,CCD,SJAR,1.590,False
5057,SN 2011FE,000-BKD-525,2455836.28246,10.685,0.033,False,Cousins R,CCD,SJAR,1.590,False
5058,SN 2011FE,000-BKD-525,2455836.28265,10.650,0.033,False,Cousins R,CCD,SJAR,1.591,False
5059,SN 2011FE,000-BKD-525,2455836.28284,10.672,0.033,False,Cousins R,CCD,SJAR,1.592,False
5060,SN 2011FE,000-BKD-525,2455836.28352,10.685,0.107,False,Cousins I,CCD,SJAR,1.595,False
5061,SN 2011FE,000-BKD-525,2455836.28372,10.756,0.103,False,Cousins I,CCD,SJAR,1.596,False
5062,SN 2011FE,000-BKD-525,2455836.28391,10.686,0.107,False,Cousins I,CCD,SJAR,1.597,False
5063,SN 2011FE,000-BKD-525,2455836.28411,10.697,0.105,False,Cousins I,CCD,SJAR,1.598,False
5064,SN 2011FE,000-BKD-525,2455836.28430,10.657,0.108,False,Cousins I,CCD,SJAR,1.599,False
5065,SN 2011FE,000-BKD-525,2455836.28449,10.688,0.108,False,Cousins I,CCD,SJAR,1.599,False
5066,SN 2011FE,000-BKD-525,2455836.2847,10.9,,False,Visual,Visual,BVE,,
5067,SN 2011FE,000-BKD-525,2455836.28472,10.634,0.114,False,Cousins I,CCD,SJAR,1.600,False
5068,SN 2011FE,000-BKD-525,2455836.28492,10.682,0.108,False,Cousins I,CCD,SJAR,1.601,False
5069,SN 2011FE,000-BKD-525,2455836.28515,10.493,0.127,False,Cousins I,CCD,SJAR,1.602,False
5070,SN 2011FE,000-BKD-525,2455836.28534,10.695,0.107,False,Cousins I,CCD,SJAR,1.603,False
5071,SN 2011FE,000-BKD-525,2455836.28553,10.728,0.101,False,Cousins I,CCD,SJAR,1.604,False
5072,SN 2011FE,000-BKD-525,2455836.28572,10.704,0.107,False,Cousins I,CCD,SJAR,1.605,False
5073,SN 2011FE,000-BKD-525,2455836.285729,10.665,,False,Unfiltered with R Zeropoint,CCD,HND,1.456,False
5074,SN 2011FE,000-BKD-525,2455836.28592,10.703,0.105,False,Cousins I,CCD,SJAR,1.606,False
5075,SN 2011FE,000-BKD-525,2455836.28611,10.764,0.099,False,Cousins I,CCD,SJAR,1.607,False
5076,SN 2011FE,000-BKD-525,2455836.286181,10.695,,False,Unfiltered with R Zeropoint,CCD,HND,1.458,False
5077,SN 2011FE,000-BKD-525,2455836.28630,10.700,0.106,False,Cousins I,CCD,SJAR,1.607,False
5078,SN 2011FE,000-BKD-525,2455836.28659,10.681,0.107,False,Cousins I,CCD,SJAR,1.609,False
5079,SN 2011FE,000-BKD-525,2455836.286609,10.656,,False,Unfiltered with R Zeropoint,CCD,HND,1.460,False
5080,SN 2011FE,000-BKD-525,2455836.28684,10.682,0.106,False,Cousins I,CCD,SJAR,1.610,False
5081,SN 2011FE,000-BKD-525,2455836.28703,10.755,0.098,False,Cousins I,CCD,SJAR,1.611,False
5082,SN 2011FE,000-BKD-525,2455836.287049,10.674,,False,Unfiltered with R Zeropoint,CCD,HND,1.462,False
5083,SN 2011FE,000-BKD-525,2455836.28723,10.749,0.103,False,Cousins I,CCD,SJAR,1.612,False
5084,SN 2011FE,000-BKD-525,2455836.28742,10.707,0.105,False,Cousins I,CCD,SJAR,1.612,False
5085,SN 2011FE,000-BKD-525,2455836.287488,10.661,,False,Unfiltered with R Zeropoint,CCD,HND,1.464,False
5086,SN 2011FE,000-BKD-525,2455836.287917,10.664,,False,Unfiltered with R Zeropoint,CCD,HND,1.467,False
5087,SN 2011FE,000-BKD-525,2455836.28817,10.903,0.038,False,Johnson V,CCD,SJAR,1.616,False
5088,SN 2011FE,000-BKD-525,2455836.288368,10.668,,False,Unfiltered with R Zeropoint,CCD,HND,1.469,False
5089,SN 2011FE,000-BKD-525,2455836.28838,10.689,0.033,False,Cousins R,CCD,SJAR,1.617,False
5090,SN 2011FE,000-BKD-525,2455836.28859,11.881,0.114,False,Johnson B,CCD,SJAR,1.618,False
5091,SN 2011FE,000-BKD-525,2455836.28880,10.734,0.102,False,Cousins I,CCD,SJAR,1.619,False
5092,SN 2011FE,000-BKD-525,2455836.288808,10.718,,False,Unfiltered with R Zeropoint,CCD,HND,1.471,False
5093,SN 2011FE,000-BKD-525,2455836.289236,10.691,,False,Unfiltered with R Zeropoint,CCD,HND,1.473,False
5094,SN 2011FE,000-BKD-525,2455836.289687,10.681,,False,Unfiltered with R Zeropoint,CCD,HND,1.475,False
5095,SN 2011FE,000-BKD-525,2455836.29,11.05,0.01,False,Unfiltered with V Zeropoint,CCD,HNDA,,False
5096,SN 2011FE,000-BKD-525,2455836.290116,10.717,,False,Unfiltered with R Zeropoint,CCD,HND,1.477,False
5097,SN 2011FE,000-BKD-525,2455836.290544,10.665,,False,Unfiltered with R Zeropoint,CCD,HND,1.479,False
5098,SN 2011FE,000-BKD-525,2455836.290995,10.708,,False,Unfiltered with R Zeropoint,CCD,HND,1.482,False
5099,SN 2011FE,000-BKD-525,2455836.291435,10.712,,False,Unfiltered with R Zeropoint,CCD,HND,1.484,False
5100,SN 2011FE,000-BKD-525,2455836.29145,10.950,0.006,False,Johnson V,CCD,ATE,1.64,False
5101,SN 2011FE,000-BKD-525,2455836.2917,11.0,,False,Visual,Visual,MZS,,
5102,SN 2011FE,000-BKD-525,2455836.291863,10.678,,False,Unfiltered with R Zeropoint,CCD,HND,1.486,False
5103,SN 2011FE,000-BKD-525,2455836.29215,10.968,0.006,False,Johnson V,CCD,ATE,1.64,False
5104,SN 2011FE,000-BKD-525,2455836.292315,10.698,,False,Unfiltered with R Zeropoint,CCD,HND,1.488,False
5105,SN 2011FE,000-BKD-525,2455836.29272,10.926,0.006,False,Johnson V,CCD,ATE,1.65,False
5106,SN 2011FE,000-BKD-525,2455836.292743,10.714,,False,Unfiltered with R Zeropoint,CCD,HND,1.490,False
5107,SN 2011FE,000-BKD-525,2455836.293183,10.694,,False,Unfiltered with R Zeropoint,CCD,HND,1.493,False
5108,SN 2011FE,000-BKD-525,2455836.29328,10.948,0.006,False,Johnson V,CCD,ATE,1.65,False
5109,SN 2011FE,000-BKD-525,2455836.293623,10.713,,False,Unfiltered with R Zeropoint,CCD,HND,1.495,False
5110,SN 2011FE,000-BKD-525,2455836.29385,10.949,0.006,False,Johnson V,CCD,ATE,1.65,False
5111,SN 2011FE,000-BKD-525,2455836.294051,10.701,,False,Unfiltered with R Zeropoint,CCD,HND,1.497,False
5112,SN 2011FE,000-BKD-525,2455836.29443,10.954,0.006,False,Johnson V,CCD,ATE,1.66,False
5113,SN 2011FE,000-BKD-525,2455836.294502,10.675,,False,Unfiltered with R Zeropoint,CCD,HND,1.499,False
5114,SN 2011FE,000-BKD-525,2455836.294942,10.716,,False,Unfiltered with R Zeropoint,CCD,HND,1.502,False
5115,SN 2011FE,000-BKD-525,2455836.29500,10.946,0.006,False,Johnson V,CCD,ATE,1.66,False
5116,SN 2011FE,000-BKD-525,2455836.295370,10.664,,False,Unfiltered with R Zeropoint,CCD,HND,1.504,False
5117,SN 2011FE,000-BKD-525,2455836.29556,10.938,0.006,False,Johnson V,CCD,ATE,1.67,False
5118,SN 2011FE,000-BKD-525,2455836.295810,10.683,,False,Unfiltered with R Zeropoint,CCD,HND,1.506,False
5119,SN 2011FE,000-BKD-525,2455836.29613,10.960,0.006,False,Johnson V,CCD,ATE,1.67,False
5120,SN 2011FE,000-BKD-525,2455836.29672,10.973,0.006,False,Johnson V,CCD,ATE,1.68,False
5121,SN 2011FE,000-BKD-525,2455836.29730,10.957,0.006,False,Johnson V,CCD,ATE,1.68,False
5122,SN 2011FE,000-BKD-525,2455836.29787,10.928,0.006,False,Johnson V,CCD,ATE,1.68,False
5123,SN 2011FE,000-BKD-525,2455836.298470,10.674,,False,Unfiltered with R Zeropoint,CCD,HND,1.520,False
5124,SN 2011FE,000-BKD-525,2455836.298924,10.746,,False,Unfiltered with R Zeropoint,CCD,HND,1.522,False
5125,SN 2011FE,000-BKD-525,2455836.299363,10.669,,False,Unfiltered with R Zeropoint,CCD,HND,1.524,False
5126,SN 2011FE,000-BKD-525,2455836.29957,10.977,0.007,False,Johnson V,CCD,ATE,1.70,False
5127,SN 2011FE,000-BKD-525,2455836.299792,10.736,,False,Unfiltered with R Zeropoint,CCD,HND,1.527,False
5128,SN 2011FE,000-BKD-525,2455836.30017,10.941,0.007,False,Johnson V,CCD,ATE,1.70,False
5129,SN 2011FE,000-BKD-525,2455836.300243,10.689,,False,Unfiltered with R Zeropoint,CCD,HND,1.529,False
5130,SN 2011FE,000-BKD-525,2455836.300683,10.690,,False,Unfiltered with R Zeropoint,CCD,HND,1.531,False
5131,SN 2011FE,000-BKD-525,2455836.30074,10.953,0.007,False,Johnson V,CCD,ATE,1.71,False
5132,SN 2011FE,000-BKD-525,2455836.301111,10.706,,False,Unfiltered with R Zeropoint,CCD,HND,1.534,False
5133,SN 2011FE,000-BKD-525,2455836.30130,10.979,0.007,False,Johnson V,CCD,ATE,1.71,False
5134,SN 2011FE,000-BKD-525,2455836.301563,10.709,,False,Unfiltered with R Zeropoint,CCD,HND,1.536,False
5135,SN 2011FE,000-BKD-525,2455836.30187,10.948,0.007,False,Johnson V,CCD,ATE,1.72,False
5136,SN 2011FE,000-BKD-525,2455836.301991,10.724,,False,Unfiltered with R Zeropoint,CCD,HND,1.538,False
5137,SN 2011FE,000-BKD-525,2455836.302419,10.750,,False,Unfiltered with R Zeropoint,CCD,HND,1.541,False
5138,SN 2011FE,000-BKD-525,2455836.30247,10.936,0.007,False,Johnson V,CCD,ATE,1.72,False
5139,SN 2011FE,000-BKD-525,2455836.3028,10.2,,False,Visual,Visual,LCR,,
5140,SN 2011FE,000-BKD-525,2455836.302870,10.759,,False,Unfiltered with R Zeropoint,CCD,HND,1.543,False
5141,SN 2011FE,000-BKD-525,2455836.30304,10.958,0.007,False,Johnson V,CCD,ATE,1.73,False
5142,SN 2011FE,000-BKD-525,2455836.303310,10.724,,False,Unfiltered with R Zeropoint,CCD,HND,1.546,False
5143,SN 2011FE,000-BKD-525,2455836.30361,10.970,0.007,False,Johnson V,CCD,ATE,1.73,False
5144,SN 2011FE,000-BKD-525,2455836.303738,10.714,,False,Unfiltered with R Zeropoint,CCD,HND,1.548,False
5145,SN 2011FE,000-BKD-525,2455836.30417,11.0,,False,Visual,Visual,KKAA,,
5146,SN 2011FE,000-BKD-525,2455836.30417,10.967,0.007,False,Johnson V,CCD,ATE,1.73,False
5147,SN 2011FE,000-BKD-525,2455836.304190,10.630,,False,Unfiltered with R Zeropoint,CCD,HND,1.550,False
5148,SN 2011FE,000-BKD-525,2455836.304607,10.676,,False,Unfiltered with R Zeropoint,CCD,HND,1.553,False
5149,SN 2011FE,000-BKD-525,2455836.30474,10.957,0.007,False,Johnson V,CCD,ATE,1.74,False
5150,SN 2011FE,000-BKD-525,2455836.305058,10.699,,False,Unfiltered with R Zeropoint,CCD,HND,1.555,False
5151,SN 2011FE,000-BKD-525,2455836.30531,10.980,0.007,False,Johnson V,CCD,ATE,1.74,False
5152,SN 2011FE,000-BKD-525,2455836.305498,10.688,,False,Unfiltered with R Zeropoint,CCD,HND,1.558,False
5153,SN 2011FE,000-BKD-525,2455836.30588,10.953,0.007,False,Johnson V,CCD,ATE,1.75,False
5154,SN 2011FE,000-BKD-525,2455836.305938,10.649,,False,Unfiltered with R Zeropoint,CCD,HND,1.560,False
5155,SN 2011FE,000-BKD-525,2455836.306366,10.672,,False,Unfiltered with R Zeropoint,CCD,HND,1.562,False
5156,SN 2011FE,000-BKD-525,2455836.306817,10.691,,False,Unfiltered with R Zeropoint,CCD,HND,1.565,False
5157,SN 2011FE,000-BKD-525,2455836.30705,10.950,0.007,False,Johnson V,CCD,ATE,1.76,False
5158,SN 2011FE,000-BKD-525,2455836.307257,10.681,,False,Unfiltered with R Zeropoint,CCD,HND,1.567,False
5159,SN 2011FE,000-BKD-525,2455836.30761,10.957,0.007,False,Johnson V,CCD,ATE,1.76,False
5160,SN 2011FE,000-BKD-525,2455836.307685,10.650,,False,Unfiltered with R Zeropoint,CCD,HND,1.570,False
5161,SN 2011FE,000-BKD-525,2455836.30818,10.938,0.007,False,Johnson V,CCD,ATE,1.77,False
5162,SN 2011FE,000-BKD-525,2455836.308553,10.675,,False,Unfiltered with R Zeropoint,CCD,HND,1.575,False
5163,SN 2011FE,000-BKD-525,2455836.30875,10.946,0.007,False,Johnson V,CCD,ATE,1.77,False
5164,SN 2011FE,000-BKD-525,2455836.30931,10.955,0.007,False,Johnson V,CCD,ATE,1.78,False
5165,SN 2011FE,000-BKD-525,2455836.30992,10.964,0.007,False,Johnson V,CCD,ATE,1.78,False
5166,SN 2011FE,000-BKD-525,2455836.31,10.2,,False,Visual,Visual,PUJ,,
5167,SN 2011FE,000-BKD-525,2455836.31048,10.939,0.007,False,Johnson V,CCD,ATE,1.79,False
5168,SN 2011FE,000-BKD-525,2455836.31105,10.931,0.007,False,Johnson V,CCD,ATE,1.79,False
5169,SN 2011FE,000-BKD-525,2455836.31162,10.976,0.007,False,Johnson V,CCD,ATE,1.80,False
5170,SN 2011FE,000-BKD-525,2455836.31218,10.952,0.007,False,Johnson V,CCD,ATE,1.80,False
5171,SN 2011FE,000-BKD-525,2455836.31275,10.959,0.007,False,Johnson V,CCD,ATE,1.81,False
5172,SN 2011FE,000-BKD-525,2455836.31332,10.969,0.007,False,Johnson V,CCD,ATE,1.81,False
5173,SN 2011FE,000-BKD-525,2455836.31389,10.945,0.007,False,Johnson V,CCD,ATE,1.82,False
5174,SN 2011FE,000-BKD-525,2455836.31446,10.966,0.007,False,Johnson V,CCD,ATE,1.82,False
5175,SN 2011FE,000-BKD-525,2455836.31505,10.956,0.007,False,Johnson V,CCD,ATE,1.83,False
5176,SN 2011FE,000-BKD-525,2455836.31562,10.940,0.007,False,Johnson V,CCD,ATE,1.84,False
5177,SN 2011FE,000-BKD-525,2455836.31619,10.934,0.007,False,Johnson V,CCD,ATE,1.84,False
5178,SN 2011FE,000-BKD-525,2455836.31677,10.975,0.007,False,Johnson V,CCD,ATE,1.85,False
5179,SN 2011FE,000-BKD-525,2455836.31736,10.974,0.007,False,Johnson V,CCD,ATE,1.85,False
5180,SN 2011FE,000-BKD-525,2455836.31792,10.947,0.007,False,Johnson V,CCD,ATE,1.86,False
5181,SN 2011FE,000-BKD-525,2455836.31849,10.967,0.007,False,Johnson V,CCD,ATE,1.86,False
5182,SN 2011FE,000-BKD-525,2455836.31966,10.965,0.007,False,Johnson V,CCD,ATE,1.87,False
5183,SN 2011FE,000-BKD-525,2455836.32023,10.945,0.007,False,Johnson V,CCD,ATE,1.88,False
5184,SN 2011FE,000-BKD-525,2455836.32083,10.969,0.007,False,Johnson V,CCD,ATE,1.88,False
5185,PTF11KLY,000-BKD-525,2455836.32134,11.173,0.015,False,Unfiltered with V Zeropoint,CCD,DGSA,,False
5186,SN 2011FE,000-BKD-525,2455836.32140,10.960,0.007,False,Johnson V,CCD,ATE,1.89,False
5187,PTF11KLY,000-BKD-525,2455836.32180,11.201,0.014,False,Unfiltered with V Zeropoint,CCD,DGSA,,False
5188,SN 2011FE,000-BKD-525,2455836.32196,10.966,0.007,False,Johnson V,CCD,ATE,1.90,False
5189,PTF11KLY,000-BKD-525,2455836.32223,11.199,0.017,False,Unfiltered with V Zeropoint,CCD,DGSA,,False
5190,SN 2011FE,000-BKD-525,2455836.32253,10.975,0.007,False,Johnson V,CCD,ATE,1.90,False
5191,PTF11KLY,000-BKD-525,2455836.32266,11.188,0.015,False,Unfiltered with V Zeropoint,CCD,DGSA,,False
5192,PTF11KLY,000-BKD-525,2455836.32309,11.200,0.014,False,Unfiltered with V Zeropoint,CCD,DGSA,,False
5193,PTF11KLY,000-BKD-525,2455836.32352,11.208,0.020,False,Unfiltered with V Zeropoint,CCD,DGSA,,False
5194,PTF11KLY,000-BKD-525,2455836.32394,11.211,0.027,False,Unfiltered with V Zeropoint,CCD,DGSA,,False
5195,PTF11KLY,000-BKD-525,2455836.32438,11.207,0.023,False,Unfiltered with V Zeropoint,CCD,DGSA,,False
5196,PTF11KLY,000-BKD-525,2455836.32481,11.206,0.023,False,Unfiltered with V Zeropoint,CCD,DGSA,,False
5197,PTF11KLY,000-BKD-525,2455836.32522,11.209,0.016,False,Unfiltered with V Zeropoint,CCD,DGSA,,False
5198,PTF11KLY,000-BKD-525,2455836.32565,11.228,0.019,False,Unfiltered with V Zeropoint,CCD,DGSA,,False
5199,PTF11KLY,000-BKD-525,2455836.32607,11.219,0.019,False,Unfiltered with V Zeropoint,CCD,DGSA,,False
5200,PTF11KLY,000-BKD-525,2455836.32649,11.198,0.019,False,Unfiltered with V Zeropoint,CCD,DGSA,,False
5201,PTF11KLY,000-BKD-525,2455836.32693,11.196,0.022,False,Unfiltered with V Zeropoint,CCD,DGSA,,False
5202,PTF11KLY,000-BKD-525,2455836.32736,11.209,0.020,False,Unfiltered with V Zeropoint,CCD,DGSA,,False
5203,PTF11KLY,000-BKD-525,2455836.32778,11.234,0.014,False,Unfiltered with V Zeropoint,CCD,DGSA,,False
5204,PTF11KLY,000-BKD-525,2455836.32819,11.202,0.011,False,Unfiltered with V Zeropoint,CCD,DGSA,,False
5205,PTF11KLY,000-BKD-525,2455836.32863,11.277,0.024,False,Unfiltered with V Zeropoint,CCD,DGSA,,False
5206,PTF11KLY,000-BKD-525,2455836.32905,11.230,0.019,False,Unfiltered with V Zeropoint,CCD,DGSA,,False
5207,PTF11KLY,000-BKD-525,2455836.32947,11.214,0.008,False,Unfiltered with V Zeropoint,CCD,DGSA,,False
5208,SN 2011FE,000-BKD-525,2455836.32986,10.9,,False,Visual,Visual,ILE,,
5209,PTF11KLY,000-BKD-525,2455836.32989,11.233,0.020,False,Unfiltered with V Zeropoint,CCD,DGSA,,False
5210,SN 2011FE,000-BKD-525,2455836.3299,10.9,,False,Visual,Visual,ILE,,
5211,PTF11KLY,000-BKD-525,2455836.33032,11.193,0.018,False,Unfiltered with V Zeropoint,CCD,DGSA,,False
5212,PTF11KLY,000-BKD-525,2455836.33073,11.221,0.017,False,Unfiltered with V Zeropoint,CCD,DGSA,,False
5213,PTF11KLY,000-BKD-525,2455836.33116,11.193,0.016,False,Unfiltered with V Zeropoint,CCD,DGSA,,False
5214,PTF11KLY,000-BKD-525,2455836.33158,11.208,0.016,False,Unfiltered with V Zeropoint,CCD,DGSA,,False
5215,PTF11KLY,000-BKD-525,2455836.33200,11.183,0.017,False,Unfiltered with V Zeropoint,CCD,DGSA,,False
5216,PTF11KLY,000-BKD-525,2455836.33243,11.200,0.020,False,Unfiltered with V Zeropoint,CCD,DGSA,,False
5217,PTF11KLY,000-BKD-525,2455836.33285,11.220,0.025,False,Unfiltered with V Zeropoint,CCD,DGSA,,False
5218,PTF11KLY,000-BKD-525,2455836.33327,11.190,0.010,False,Unfiltered with V Zeropoint,CCD,DGSA,,False
5219,PTF11KLY,000-BKD-525,2455836.33370,11.211,0.013,False,Unfiltered with V Zeropoint,CCD,DGSA,,False
5220,PTF11KLY,000-BKD-525,2455836.33412,11.192,0.013,False,Unfiltered with V Zeropoint,CCD,DGSA,,False
5221,PTF11KLY,000-BKD-525,2455836.33455,11.218,0.022,False,Unfiltered with V Zeropoint,CCD,DGSA,,False
5222,PTF11KLY,000-BKD-525,2455836.33497,11.206,0.021,False,Unfiltered with V Zeropoint,CCD,DGSA,,False
5223,PTF11KLY,000-BKD-525,2455836.33539,11.188,0.014,False,Unfiltered with V Zeropoint,CCD,DGSA,,False
5224,PTF11KLY,000-BKD-525,2455836.33581,11.217,0.021,False,Unfiltered with V Zeropoint,CCD,DGSA,,False
5225,PTF11KLY,000-BKD-525,2455836.33623,11.171,0.017,False,Unfiltered with V Zeropoint,CCD,DGSA,,False
5226,PTF11KLY,000-BKD-525,2455836.33666,11.221,0.033,False,Unfiltered with V Zeropoint,CCD,DGSA,,False
5227,PTF11KLY,000-BKD-525,2455836.33708,11.179,0.009,False,Unfiltered with V Zeropoint,CCD,DGSA,,False
5228,PTF11KLY,000-BKD-525,2455836.33750,11.203,0.014,False,Unfiltered with V Zeropoint,CCD,DGSA,,False
5229,PTF11KLY,000-BKD-525,2455836.33793,11.195,0.016,False,Unfiltered with V Zeropoint,CCD,DGSA,,False
5230,PTF11KLY,000-BKD-525,2455836.33835,11.222,0.020,False,Unfiltered with V Zeropoint,CCD,DGSA,,False
5231,PTF11KLY,000-BKD-525,2455836.33878,11.208,0.017,False,Unfiltered with V Zeropoint,CCD,DGSA,,False
5232,SN 2011FE,000-BKD-525,2455836.339,10.8,,False,Visual,Visual,BMU,,
5233,PTF11KLY,000-BKD-525,2455836.33920,11.208,0.021,False,Unfiltered with V Zeropoint,CCD,DGSA,,False
5234,PTF11KLY,000-BKD-525,2455836.33962,11.207,0.013,False,Unfiltered with V Zeropoint,CCD,DGSA,,False
5235,SN 2011FE,000-BKD-525,2455836.340,10.8,,False,Visual,Visual,VDE,,
5236,PTF11KLY,000-BKD-525,2455836.34005,11.214,0.020,False,Unfiltered with V Zeropoint,CCD,DGSA,,False
5237,PTF11KLY,000-BKD-525,2455836.34046,11.186,0.009,False,Unfiltered with V Zeropoint,CCD,DGSA,,False
5238,PTF11KLY,000-BKD-525,2455836.34088,11.191,0.016,False,Unfiltered with V Zeropoint,CCD,DGSA,,False
5239,PTF11KLY,000-BKD-525,2455836.34130,11.192,0.028,False,Unfiltered with V Zeropoint,CCD,DGSA,,False
5240,PTF11KLY,000-BKD-525,2455836.34173,11.208,0.013,False,Unfiltered with V Zeropoint,CCD,DGSA,,False
5241,PTF11KLY,000-BKD-525,2455836.34215,11.218,0.014,False,Unfiltered with V Zeropoint,CCD,DGSA,,False
5242,PTF11KLY,000-BKD-525,2455836.34257,11.193,0.017,False,Unfiltered with V Zeropoint,CCD,DGSA,,False
5243,PTF11KLY,000-BKD-525,2455836.34299,11.213,0.027,False,Unfiltered with V Zeropoint,CCD,DGSA,,False
5244,PTF11KLY,000-BKD-525,2455836.34342,11.184,0.013,False,Unfiltered with V Zeropoint,CCD,DGSA,,False
5245,PTF11KLY,000-BKD-525,2455836.34383,11.181,0.013,False,Unfiltered with V Zeropoint,CCD,DGSA,,False
5246,PTF11KLY,000-BKD-525,2455836.34425,11.178,0.013,False,Unfiltered with V Zeropoint,CCD,DGSA,,False
5247,PTF11KLY,000-BKD-525,2455836.34468,11.197,0.031,False,Unfiltered with V Zeropoint,CCD,DGSA,,False
5248,PTF11KLY,000-BKD-525,2455836.34510,11.203,0.028,False,Unfiltered with V Zeropoint,CCD,DGSA,,False
5249,PTF11KLY,000-BKD-525,2455836.34552,11.188,0.018,False,Unfiltered with V Zeropoint,CCD,DGSA,,False
5250,PTF11KLY,000-BKD-525,2455836.34594,11.204,0.021,False,Unfiltered with V Zeropoint,CCD,DGSA,,False
5251,PTF11KLY,000-BKD-525,2455836.34636,11.201,0.018,False,Unfiltered with V Zeropoint,CCD,DGSA,,False
5252,PTF11KLY,000-BKD-525,2455836.34678,11.187,0.013,False,Unfiltered with V Zeropoint,CCD,DGSA,,False
5253,PTF11KLY,000-BKD-525,2455836.34720,11.192,0.009,False,Unfiltered with V Zeropoint,CCD,DGSA,,False
5254,PTF11KLY,000-BKD-525,2455836.34763,11.181,0.019,False,Unfiltered with V Zeropoint,CCD,DGSA,,False
5255,PTF11KLY,000-BKD-525,2455836.34805,11.181,0.018,False,Unfiltered with V Zeropoint,CCD,DGSA,,False
5256,PTF11KLY,000-BKD-525,2455836.34847,11.201,0.010,False,Unfiltered with V Zeropoint,CCD,DGSA,,False
5257,PTF11KLY,000-BKD-525,2455836.34889,11.195,0.026,False,Unfiltered with V Zeropoint,CCD,DGSA,,False
5258,PTF11KLY,000-BKD-525,2455836.34931,11.178,0.007,False,Unfiltered with V Zeropoint,CCD,DGSA,,False
5259,PTF11KLY,000-BKD-525,2455836.34973,11.196,0.023,False,Unfiltered with V Zeropoint,CCD,DGSA,,False
5260,PTF11KLY,000-BKD-525,2455836.35015,11.182,0.005,False,Unfiltered with V Zeropoint,CCD,DGSA,,False
5261,PTF11KLY,000-BKD-525,2455836.35058,11.203,0.025,False,Unfiltered with V Zeropoint,CCD,DGSA,,False
5262,PTF11KLY,000-BKD-525,2455836.35099,11.191,0.016,False,Unfiltered with V Zeropoint,CCD,DGSA,,False
5263,PTF11KLY,000-BKD-525,2455836.35141,11.185,0.015,False,Unfiltered with V Zeropoint,CCD,DGSA,,False
5264,PTF11KLY,000-BKD-525,2455836.35183,11.168,0.007,False,Unfiltered with V Zeropoint,CCD,DGSA,,False
5265,PTF11KLY,000-BKD-525,2455836.35225,11.209,0.013,False,Unfiltered with V Zeropoint,CCD,DGSA,,False
5266,PTF11KLY,000-BKD-525,2455836.35267,11.201,0.022,False,Unfiltered with V Zeropoint,CCD,DGSA,,False
5267,PTF11KLY,000-BKD-525,2455836.35309,11.178,0.022,False,Unfiltered with V Zeropoint,CCD,DGSA,,False
5268,PTF11KLY,000-BKD-525,2455836.35351,11.188,0.019,False,Unfiltered with V Zeropoint,CCD,DGSA,,False
5269,PTF11KLY,000-BKD-525,2455836.35393,11.190,0.018,False,Unfiltered with V Zeropoint,CCD,DGSA,,False
5270,PTF11KLY,000-BKD-525,2455836.35434,11.190,0.026,False,Unfiltered with V Zeropoint,CCD,DGSA,,False
5271,PTF11KLY,000-BKD-525,2455836.35476,11.194,0.015,False,Unfiltered with V Zeropoint,CCD,DGSA,,False
5272,PTF11KLY,000-BKD-525,2455836.35518,11.182,0.013,False,Unfiltered with V Zeropoint,CCD,DGSA,,False
5273,PTF11KLY,000-BKD-525,2455836.35560,11.198,0.020,False,Unfiltered with V Zeropoint,CCD,DGSA,,False
5274,PTF11KLY,000-BKD-525,2455836.35602,11.190,0.022,False,Unfiltered with V Zeropoint,CCD,DGSA,,False
5275,PTF11KLY,000-BKD-525,2455836.35644,11.194,0.021,False,Unfiltered with V Zeropoint,CCD,DGSA,,False
5276,PTF11KLY,000-BKD-525,2455836.35685,11.192,0.018,False,Unfiltered with V Zeropoint,CCD,DGSA,,False
5277,PTF11KLY,000-BKD-525,2455836.35727,11.193,0.025,False,Unfiltered with V Zeropoint,CCD,DGSA,,False
5278,PTF11KLY,000-BKD-525,2455836.35769,11.194,0.016,False,Unfiltered with V Zeropoint,CCD,DGSA,,False
5279,PTF11KLY,000-BKD-525,2455836.35811,11.191,0.020,False,Unfiltered with V Zeropoint,CCD,DGSA,,False
5280,PTF11KLY,000-BKD-525,2455836.35853,11.183,0.011,False,Unfiltered with V Zeropoint,CCD,DGSA,,False
5281,PTF11KLY,000-BKD-525,2455836.35894,11.193,0.029,False,Unfiltered with V Zeropoint,CCD,DGSA,,False
5282,PTF11KLY,000-BKD-525,2455836.35936,11.192,0.023,False,Unfiltered with V Zeropoint,CCD,DGSA,,False
5283,PTF11KLY,000-BKD-525,2455836.35978,11.198,0.018,False,Unfiltered with V Zeropoint,CCD,DGSA,,False
5284,PTF11KLY,000-BKD-525,2455836.36020,11.196,0.023,False,Unfiltered with V Zeropoint,CCD,DGSA,,False
5285,PTF11KLY,000-BKD-525,2455836.36062,11.198,0.020,False,Unfiltered with V Zeropoint,CCD,DGSA,,False
5286,PTF11KLY,000-BKD-525,2455836.36103,11.179,0.004,False,Unfiltered with V Zeropoint,CCD,DGSA,,False
5287,PTF11KLY,000-BKD-525,2455836.36145,11.195,0.013,False,Unfiltered with V Zeropoint,CCD,DGSA,,False
5288,PTF11KLY,000-BKD-525,2455836.36186,11.207,0.016,False,Unfiltered with V Zeropoint,CCD,DGSA,,False
5289,PTF11KLY,000-BKD-525,2455836.36229,11.175,0.014,False,Unfiltered with V Zeropoint,CCD,DGSA,,False
5290,PTF11KLY,000-BKD-525,2455836.36270,11.216,0.025,False,Unfiltered with V Zeropoint,CCD,DGSA,,False
5291,PTF11KLY,000-BKD-525,2455836.36312,11.185,0.027,False,Unfiltered with V Zeropoint,CCD,DGSA,,False
5292,PTF11KLY,000-BKD-525,2455836.36353,11.190,0.012,False,Unfiltered with V Zeropoint,CCD,DGSA,,False
5293,PTF11KLY,000-BKD-525,2455836.36395,11.193,0.012,False,Unfiltered with V Zeropoint,CCD,DGSA,,False
5294,PTF11KLY,000-BKD-525,2455836.36437,11.193,0.018,False,Unfiltered with V Zeropoint,CCD,DGSA,,False
5295,PTF11KLY,000-BKD-525,2455836.36479,11.196,0.031,False,Unfiltered with V Zeropoint,CCD,DGSA,,False
5296,PTF11KLY,000-BKD-525,2455836.36521,11.181,0.013,False,Unfiltered with V Zeropoint,CCD,DGSA,,False
5297,PTF11KLY,000-BKD-525,2455836.36563,11.180,0.010,False,Unfiltered with V Zeropoint,CCD,DGSA,,False
5298,PTF11KLY,000-BKD-525,2455836.36604,11.184,0.014,False,Unfiltered with V Zeropoint,CCD,DGSA,,False
5299,PTF11KLY,000-BKD-525,2455836.36647,11.194,0.019,False,Unfiltered with V Zeropoint,CCD,DGSA,,False
5300,PTF11KLY,000-BKD-525,2455836.36689,11.180,0.002,False,Unfiltered with V Zeropoint,CCD,DGSA,,False
5301,PTF11KLY,000-BKD-525,2455836.36730,11.196,0.022,False,Unfiltered with V Zeropoint,CCD,DGSA,,False
5302,PTF11KLY,000-BKD-525,2455836.36815,11.184,0.018,False,Unfiltered with V Zeropoint,CCD,DGSA,,False
5303,PTF11KLY,000-BKD-525,2455836.36857,11.197,0.023,False,Unfiltered with V Zeropoint,CCD,DGSA,,False
5304,PTF11KLY,000-BKD-525,2455836.36898,11.190,0.026,False,Unfiltered with V Zeropoint,CCD,DGSA,,False
5305,PTF11KLY,000-BKD-525,2455836.36940,11.173,0.015,False,Unfiltered with V Zeropoint,CCD,DGSA,,False
5306,PTF11KLY,000-BKD-525,2455836.36982,11.200,0.017,False,Unfiltered with V Zeropoint,CCD,DGSA,,False
5307,PTF11KLY,000-BKD-525,2455836.37025,11.185,0.009,False,Unfiltered with V Zeropoint,CCD,DGSA,,False
5308,PTF11KLY,000-BKD-525,2455836.37067,11.189,0.023,False,Unfiltered with V Zeropoint,CCD,DGSA,,False
5309,PTF11KLY,000-BKD-525,2455836.37109,11.180,0.005,False,Unfiltered with V Zeropoint,CCD,DGSA,,False
5310,PTF11KLY,000-BKD-525,2455836.37151,11.194,0.015,False,Unfiltered with V Zeropoint,CCD,DGSA,,False
5311,PTF11KLY,000-BKD-525,2455836.37193,11.191,0.008,False,Unfiltered with V Zeropoint,CCD,DGSA,,False
5312,SN 2011FE,000-BKD-525,2455836.40972,11.1,,False,Visual,Visual,NAO,,
5313,SN 2011FE,000-BKD-525,2455836.54167,10.8,,False,Visual,Visual,ZXIA,,
5314,SN 2011FE,000-BKD-525,2455836.56597,10.6,,False,Visual,Visual,CKB,,
5315,PTF11KLY,000-BKD-525,2455836.61455,11.794,0.033,False,Johnson B,CCD,SRIC,1.71,False
5316,PTF11KLY,000-BKD-525,2455836.61752,10.934,0.031,False,Johnson V,CCD,SRIC,1.73,False
5317,SN 2011FE,000-BKD-525,2455836.62986,11.0,,False,Visual,Visual,HMV,,
5318,SN 2011FE,000-BKD-525,2455836.68056,11.2,,False,Visual,Visual,RR,,
5319,SN 2011FE,000-BKD-525,2455837.23889,11.2,,False,Visual,Visual,RZM,,
5320,SN 2011FE,000-BKD-525,2455837.240,11.1,,False,Visual,Visual,VOL,,
5321,PTF11KLY,000-BKD-525,2455837.2500,11.1,,False,Visual,Visual,VFK,,
5322,SN 2011FE,000-BKD-525,2455837.2604,11.1,,False,Visual,Visual,CSM,,
5323,SN 2011FE,000-BKD-525,2455837.2627,10.4,,False,Visual,Visual,DAT,,
5324,SN 2011FE,000-BKD-525,2455837.26875,10.8,,False,Visual,Visual,SJZ,,
5325,SN 2011FE,000-BKD-525,2455837.27083,11.2,,False,Visual,Visual,WKL,,
5326,SN 2011FE,000-BKD-525,2455837.272140,10.722,,False,Unfiltered with R Zeropoint,CCD,HND,1.406,False
5327,SN 2011FE,000-BKD-525,2455837.2722,11.1,,False,Visual,Visual,KWO,,
5328,SN 2011FE,000-BKD-525,2455837.272581,10.717,,False,Unfiltered with R Zeropoint,CCD,HND,1.408,False
5329,SN 2011FE,000-BKD-525,2455837.273021,10.717,,False,Unfiltered with R Zeropoint,CCD,HND,1.410,False
5330,SN 2011FE,000-BKD-525,2455837.273461,10.708,,False,Unfiltered with R Zeropoint,CCD,HND,1.412,False
5331,SN 2011FE,000-BKD-525,2455837.273901,10.708,,False,Unfiltered with R Zeropoint,CCD,HND,1.414,False
5332,SN 2011FE,000-BKD-525,2455837.274340,10.714,,False,Unfiltered with R Zeropoint,CCD,HND,1.416,False
5333,SN 2011FE,000-BKD-525,2455837.274769,10.720,,False,Unfiltered with R Zeropoint,CCD,HND,1.418,False
5334,SN 2011FE,000-BKD-525,2455837.275220,10.714,,False,Unfiltered with R Zeropoint,CCD,HND,1.420,False
5335,SN 2011FE,000-BKD-525,2455837.275637,10.723,,False,Unfiltered with R Zeropoint,CCD,HND,1.422,False
5336,SN 2011FE,000-BKD-525,2455837.276088,10.719,,False,Unfiltered with R Zeropoint,CCD,HND,1.424,False
5337,SN 2011FE,000-BKD-525,2455837.276528,10.713,,False,Unfiltered with R Zeropoint,CCD,HND,1.426,False
5338,SN 2011FE,000-BKD-525,2455837.276956,10.706,,False,Unfiltered with R Zeropoint,CCD,HND,1.428,False
5339,SN 2011FE,000-BKD-525,2455837.277407,10.714,,False,Unfiltered with R Zeropoint,CCD,HND,1.430,False
5340,SN 2011FE,000-BKD-525,2455837.277847,10.704,,False,Unfiltered with R Zeropoint,CCD,HND,1.432,False
5341,SN 2011FE,000-BKD-525,2455837.278276,10.708,,False,Unfiltered with R Zeropoint,CCD,HND,1.434,False
5342,PTF11KLY,000-BKD-525,2455837.2785,11.2,,False,Visual,Visual,VNL,,
5343,SN 2011FE,000-BKD-525,2455837.278727,10.710,,False,Unfiltered with R Zeropoint,CCD,HND,1.436,False
5344,SN 2011FE,000-BKD-525,2455837.279167,10.710,,False,Unfiltered with R Zeropoint,CCD,HND,1.438,False
5345,SN 2011FE,000-BKD-525,2455837.279595,10.709,,False,Unfiltered with R Zeropoint,CCD,HND,1.440,False
5346,SN 2011FE,000-BKD-525,2455837.280035,10.715,,False,Unfiltered with R Zeropoint,CCD,HND,1.442,False
5347,SN 2011FE,000-BKD-525,2455837.280463,10.722,,False,Unfiltered with R Zeropoint,CCD,HND,1.444,False
5348,SN 2011FE,000-BKD-525,2455837.280914,10.717,,False,Unfiltered with R Zeropoint,CCD,HND,1.446,False
5349,SN 2011FE,000-BKD-525,2455837.281354,10.723,,False,Unfiltered with R Zeropoint,CCD,HND,1.448,False
5350,SN 2011FE,000-BKD-525,2455837.281782,10.723,,False,Unfiltered with R Zeropoint,CCD,HND,1.450,False
5351,SN 2011FE,000-BKD-525,2455837.28286,10.989,0.007,False,Johnson V,CCD,ATE,1.59,False
5352,SN 2011FE,000-BKD-525,2455837.283160,10.742,,False,Unfiltered with R Zeropoint,CCD,HND,1.457,False
5353,SN 2011FE,000-BKD-525,2455837.283600,10.738,,False,Unfiltered with R Zeropoint,CCD,HND,1.459,False
5354,SN 2011FE,000-BKD-525,2455837.28361,10.976,0.007,False,Johnson V,CCD,ATE,1.60,False
5355,SN 2011FE,000-BKD-525,2455837.284039,10.737,,False,Unfiltered with R Zeropoint,CCD,HND,1.461,False
5356,SN 2011FE,000-BKD-525,2455837.28417,10.987,0.007,False,Johnson V,CCD,ATE,1.60,False
5357,SN 2011FE,000-BKD-525,2455837.284468,10.732,,False,Unfiltered with R Zeropoint,CCD,HND,1.463,False
5358,SN 2011FE,000-BKD-525,2455837.28474,10.969,0.007,False,Johnson V,CCD,ATE,1.61,False
5359,SN 2011FE,000-BKD-525,2455837.284919,10.729,,False,Unfiltered with R Zeropoint,CCD,HND,1.465,False
5360,SN 2011FE,000-BKD-525,2455837.28534,10.949,0.007,False,Johnson V,CCD,ATE,1.61,False
5361,SN 2011FE,000-BKD-525,2455837.285359,10.721,,False,Unfiltered with R Zeropoint,CCD,HND,1.467,False
5362,SN 2011FE,000-BKD-525,2455837.285787,10.728,,False,Unfiltered with R Zeropoint,CCD,HND,1.469,False
5363,SN 2011FE,000-BKD-525,2455837.28593,10.997,0.007,False,Johnson V,CCD,ATE,1.62,False
5364,SN 2011FE,000-BKD-525,2455837.286238,10.733,,False,Unfiltered with R Zeropoint,CCD,HND,1.472,False
5365,SN 2011FE,000-BKD-525,2455837.28650,10.995,0.007,False,Johnson V,CCD,ATE,1.62,False
5366,SN 2011FE,000-BKD-525,2455837.286678,10.745,,False,Unfiltered with R Zeropoint,CCD,HND,1.474,False
5367,SN 2011FE,000-BKD-525,2455837.28710,10.973,0.007,False,Johnson V,CCD,ATE,1.62,False
5368,SN 2011FE,000-BKD-525,2455837.287107,10.754,,False,Unfiltered with R Zeropoint,CCD,HND,1.476,False
5369,SN 2011FE,000-BKD-525,2455837.287546,10.759,,False,Unfiltered with R Zeropoint,CCD,HND,1.478,False
5370,PTF11KLY,000-BKD-525,2455837.28755,11.230,0.017,False,Unfiltered with V Zeropoint,CCD,DGSA,,False
5371,SN 2011FE,000-BKD-525,2455837.28767,11.001,0.007,False,Johnson V,CCD,ATE,1.63,False
5372,PTF11KLY,000-BKD-525,2455837.28798,11.209,0.023,False,Unfiltered with V Zeropoint,CCD,DGSA,,False
5373,SN 2011FE,000-BKD-525,2455837.287986,10.750,,False,Unfiltered with R Zeropoint,CCD,HND,1.480,False
5374,SN 2011FE,000-BKD-525,2455837.28824,10.952,0.007,False,Johnson V,CCD,ATE,1.63,False
5375,SN 2011FE,000-BKD-525,2455837.28840,10.94,0.003,False,Johnson V,CCD,CALA,2.018,False
5376,PTF11KLY,000-BKD-525,2455837.28840,11.228,0.025,False,Unfiltered with V Zeropoint,CCD,DGSA,,False
5377,SN 2011FE,000-BKD-525,2455837.288414,10.744,,False,Unfiltered with R Zeropoint,CCD,HND,1.482,False
5378,PTF11KLY,000-BKD-525,2455837.28883,11.218,0.021,False,Unfiltered with V Zeropoint,CCD,DGSA,,False
5379,SN 2011FE,000-BKD-525,2455837.28884,10.952,0.007,False,Johnson V,CCD,ATE,1.64,False
5380,SN 2011FE,000-BKD-525,2455837.288866,10.738,,False,Unfiltered with R Zeropoint,CCD,HND,1.485,False
5381,PTF11KLY,000-BKD-525,2455837.28926,11.202,0.008,False,Unfiltered with V Zeropoint,CCD,DGSA,,False
5382,SN 2011FE,000-BKD-525,2455837.289306,10.734,,False,Unfiltered with R Zeropoint,CCD,HND,1.487,False
5383,SN 2011FE,000-BKD-525,2455837.28940,10.989,0.007,False,Johnson V,CCD,ATE,1.64,False
5384,PTF11KLY,000-BKD-525,2455837.28968,11.210,0.012,False,Unfiltered with V Zeropoint,CCD,DGSA,,False
5385,SN 2011FE,000-BKD-525,2455837.289734,10.736,,False,Unfiltered with R Zeropoint,CCD,HND,1.489,False
5386,SN 2011FE,000-BKD-525,2455837.29,10.95,0.05,False,Johnson V,CCD,QW,,True
5387,SN 2011FE,000-BKD-525,2455837.29001,10.980,0.007,False,Johnson V,CCD,ATE,1.65,False
5388,PTF11KLY,000-BKD-525,2455837.29011,11.217,0.017,False,Unfiltered with V Zeropoint,CCD,DGSA,,False
5389,SN 2011FE,000-BKD-525,2455837.290185,10.741,,False,Unfiltered with R Zeropoint,CCD,HND,1.491,False
5390,PTF11KLY,000-BKD-525,2455837.29028,10.72,0.02,False,Unfiltered with R Zeropoint,CCD,NOT,,False
5391,PTF11KLY,000-BKD-525,2455837.29054,11.216,0.013,False,Unfiltered with V Zeropoint,CCD,DGSA,,False
5392,SN 2011FE,000-BKD-525,2455837.29060,10.987,0.007,False,Johnson V,CCD,ATE,1.65,False
5393,SN 2011FE,000-BKD-525,2455837.290625,10.745,,False,Unfiltered with R Zeropoint,CCD,HND,1.493,False
5394,PTF11KLY,000-BKD-525,2455837.29096,11.206,0.010,False,Unfiltered with V Zeropoint,CCD,DGSA,,False
5395,SN 2011FE,000-BKD-525,2455837.291065,10.744,,False,Unfiltered with R Zeropoint,CCD,HND,1.496,False
5396,SN 2011FE,000-BKD-525,2455837.29116,10.970,0.007,False,Johnson V,CCD,ATE,1.65,False
5397,SN 2011FE,000-BKD-525,2455837.29130,10.69,0.002,False,Cousins R,CCD,CALA,2.049,False
5398,PTF11KLY,000-BKD-525,2455837.29139,11.220,0.017,False,Unfiltered with V Zeropoint,CCD,DGSA,,False
5399,SN 2011FE,000-BKD-525,2455837.291505,10.738,,False,Unfiltered with R Zeropoint,CCD,HND,1.498,False
5400,SN 2011FE,000-BKD-525,2455837.29174,11.010,0.007,False,Johnson V,CCD,ATE,1.66,False
5401,PTF11KLY,000-BKD-525,2455837.29181,11.205,0.018,False,Unfiltered with V Zeropoint,CCD,DGSA,,False
5402,SN 2011FE,000-BKD-525,2455837.291944,10.736,,False,Unfiltered with R Zeropoint,CCD,HND,1.500,False
5403,PTF11KLY,000-BKD-525,2455837.29223,11.213,0.016,False,Unfiltered with V Zeropoint,CCD,DGSA,,False
5404,SN 2011FE,000-BKD-525,2455837.29231,10.995,0.007,False,Johnson V,CCD,ATE,1.66,False
5405,SN 2011FE,000-BKD-525,2455837.292373,10.734,,False,Unfiltered with R Zeropoint,CCD,HND,1.502,False
5406,PTF11KLY,000-BKD-525,2455837.29266,11.235,0.020,False,Unfiltered with V Zeropoint,CCD,DGSA,,False
5407,SN 2011FE,000-BKD-525,2455837.292813,10.730,,False,Unfiltered with R Zeropoint,CCD,HND,1.505,False
5408,SN 2011FE,000-BKD-525,2455837.29289,11.007,0.007,False,Johnson V,CCD,ATE,1.67,False
5409,PTF11KLY,000-BKD-525,2455837.29308,11.215,0.017,False,Unfiltered with V Zeropoint,CCD,DGSA,,False
5410,SN 2011FE,000-BKD-525,2455837.293241,10.732,,False,Unfiltered with R Zeropoint,CCD,HND,1.507,False
5411,SN 2011FE,000-BKD-525,2455837.29348,10.960,0.007,False,Johnson V,CCD,ATE,1.67,False
5412,PTF11KLY,000-BKD-525,2455837.29350,11.215,0.015,False,Unfiltered with V Zeropoint,CCD,DGSA,,False
5413,SN 2011FE,000-BKD-525,2455837.293692,10.735,,False,Unfiltered with R Zeropoint,CCD,HND,1.509,False
5414,PTF11KLY,000-BKD-525,2455837.29393,11.208,0.017,False,Unfiltered with V Zeropoint,CCD,DGSA,,False
5415,SN 2011FE,000-BKD-525,2455837.29408,10.992,0.007,False,Johnson V,CCD,ATE,1.68,False
5416,SN 2011FE,000-BKD-525,2455837.294132,10.739,,False,Unfiltered with R Zeropoint,CCD,HND,1.511,False
5417,PTF11KLY,000-BKD-525,2455837.29434,11.207,0.003,False,Unfiltered with V Zeropoint,CCD,DGSA,,False
5418,SN 2011FE,000-BKD-525,2455837.294560,10.742,,False,Unfiltered with R Zeropoint,CCD,HND,1.514,False
5419,SN 2011FE,000-BKD-525,2455837.29465,10.976,0.007,False,Johnson V,CCD,ATE,1.68,False
5420,PTF11KLY,000-BKD-525,2455837.29477,11.210,0.002,False,Unfiltered with V Zeropoint,CCD,DGSA,,False
5421,SN 2011FE,000-BKD-525,2455837.295012,10.745,,False,Unfiltered with R Zeropoint,CCD,HND,1.516,False
5422,PTF11KLY,000-BKD-525,2455837.29519,11.209,0.012,False,Unfiltered with V Zeropoint,CCD,DGSA,,False
5423,SN 2011FE,000-BKD-525,2455837.29520,11.84,0.004,False,Johnson B,CCD,CALA,2.094,False
5424,SN 2011FE,000-BKD-525,2455837.29521,10.953,0.007,False,Johnson V,CCD,ATE,1.69,False
5425,SN 2011FE,000-BKD-525,2455837.295451,10.747,,False,Unfiltered with R Zeropoint,CCD,HND,1.518,False
5426,PTF11KLY,000-BKD-525,2455837.29561,11.216,0.019,False,Unfiltered with V Zeropoint,CCD,DGSA,,False
5427,SN 2011FE,000-BKD-525,2455837.29582,10.978,0.007,False,Johnson V,CCD,ATE,1.69,False
5428,SN 2011FE,000-BKD-525,2455837.295880,10.747,,False,Unfiltered with R Zeropoint,CCD,HND,1.521,False
5429,PTF11KLY,000-BKD-525,2455837.29603,11.200,0.004,False,Unfiltered with V Zeropoint,CCD,DGSA,,False
5430,SN 2011FE,000-BKD-525,2455837.296331,10.738,,False,Unfiltered with R Zeropoint,CCD,HND,1.523,False
5431,SN 2011FE,000-BKD-525,2455837.29638,10.991,0.007,False,Johnson V,CCD,ATE,1.69,False
5432,PTF11KLY,000-BKD-525,2455837.29645,11.183,0.002,False,Unfiltered with V Zeropoint,CCD,DGSA,,False
5433,SN 2011FE,000-BKD-525,2455837.296771,10.739,,False,Unfiltered with R Zeropoint,CCD,HND,1.525,False
5434,PTF11KLY,000-BKD-525,2455837.29687,11.206,0.007,False,Unfiltered with V Zeropoint,CCD,DGSA,,False
5435,SN 2011FE,000-BKD-525,2455837.29697,10.997,0.007,False,Johnson V,CCD,ATE,1.70,False
5436,SN 2011FE,000-BKD-525,2455837.297199,10.727,,False,Unfiltered with R Zeropoint,CCD,HND,1.527,False
5437,PTF11KLY,000-BKD-525,2455837.29729,11.209,0.006,False,Unfiltered with V Zeropoint,CCD,DGSA,,False
5438,SN 2011FE,000-BKD-525,2455837.29755,10.964,0.007,False,Johnson V,CCD,ATE,1.70,False
5439,SN 2011FE,000-BKD-525,2455837.297639,10.721,,False,Unfiltered with R Zeropoint,CCD,HND,1.530,False
5440,PTF11KLY,000-BKD-525,2455837.29771,11.197,0.002,False,Unfiltered with V Zeropoint,CCD,DGSA,,False
5441,SN 2011FE,000-BKD-525,2455837.298090,10.716,,False,Unfiltered with R Zeropoint,CCD,HND,1.532,False
5442,SN 2011FE,000-BKD-525,2455837.29812,10.968,0.007,False,Johnson V,CCD,ATE,1.71,False
5443,PTF11KLY,000-BKD-525,2455837.29813,11.202,0.010,False,Unfiltered with V Zeropoint,CCD,DGSA,,False
5444,SN 2011FE,000-BKD-525,2455837.298518,10.725,,False,Unfiltered with R Zeropoint,CCD,HND,1.535,False
5445,PTF11KLY,000-BKD-525,2455837.29855,11.203,0.001,False,Unfiltered with V Zeropoint,CCD,DGSA,,False
5446,SN 2011FE,000-BKD-525,2455837.29869,10.950,0.007,False,Johnson V,CCD,ATE,1.71,False
5447,SN 2011FE,000-BKD-525,2455837.298958,10.719,,False,Unfiltered with R Zeropoint,CCD,HND,1.537,False
5448,PTF11KLY,000-BKD-525,2455837.29897,11.206,0.007,False,Unfiltered with V Zeropoint,CCD,DGSA,,False
5449,SN 2011FE,000-BKD-525,2455837.29925,10.990,0.007,False,Johnson V,CCD,ATE,1.72,False
5450,PTF11KLY,000-BKD-525,2455837.29939,11.214,0.010,False,Unfiltered with V Zeropoint,CCD,DGSA,,False
5451,SN 2011FE,000-BKD-525,2455837.299398,10.720,,False,Unfiltered with R Zeropoint,CCD,HND,1.539,False
5452,PTF11KLY,000-BKD-525,2455837.29981,11.210,0.009,False,Unfiltered with V Zeropoint,CCD,DGSA,,False
5453,SN 2011FE,000-BKD-525,2455837.29982,10.983,0.007,False,Johnson V,CCD,ATE,1.72,False
5454,SN 2011FE,000-BKD-525,2455837.299826,10.715,,False,Unfiltered with R Zeropoint,CCD,HND,1.542,False
5455,SN 2011FE,000-BKD-525,2455837.3,10.7,,False,Visual,Visual,WUB,,
5456,SN 2011FE,000-BKD-525,2455837.30,11.85,0.06,False,Johnson B,CCD,QW,,True
5457,PTF11KLY,000-BKD-525,2455837.30024,11.191,0.008,False,Unfiltered with V Zeropoint,CCD,DGSA,,False
5458,SN 2011FE,000-BKD-525,2455837.300278,10.634,,False,Unfiltered with R Zeropoint,CCD,HND,1.544,False
5459,SN 2011FE,000-BKD-525,2455837.30042,10.965,0.007,False,Johnson V,CCD,ATE,1.73,False
5460,PTF11KLY,000-BKD-525,2455837.30065,11.195,0.009,False,Unfiltered with V Zeropoint,CCD,DGSA,,False
5461,SN 2011FE,000-BKD-525,2455837.300718,10.624,,False,Unfiltered with R Zeropoint,CCD,HND,1.546,False
5462,SN 2011FE,000-BKD-525,2455837.30099,11.013,0.007,False,Johnson V,CCD,ATE,1.73,False
5463,PTF11KLY,000-BKD-525,2455837.30108,11.224,0.020,False,Unfiltered with V Zeropoint,CCD,DGSA,,False
5464,SN 2011FE,000-BKD-525,2455837.301146,10.600,,False,Unfiltered with R Zeropoint,CCD,HND,1.549,False
5465,PTF11KLY,000-BKD-525,2455837.30150,11.211,0.005,False,Unfiltered with V Zeropoint,CCD,DGSA,,False
5466,SN 2011FE,000-BKD-525,2455837.30156,10.948,0.007,False,Johnson V,CCD,ATE,1.74,False
5467,SN 2011FE,000-BKD-525,2455837.301597,10.606,,False,Unfiltered with R Zeropoint,CCD,HND,1.551,False
5468,PTF11KLY,000-BKD-525,2455837.30192,11.218,0.016,False,Unfiltered with V Zeropoint,CCD,DGSA,,False
5469,SN 2011FE,000-BKD-525,2455837.302037,10.611,,False,Unfiltered with R Zeropoint,CCD,HND,1.554,False
5470,SN 2011FE,000-BKD-525,2455837.30208,10.9,,False,Visual,Visual,OJR,,
5471,SN 2011FE,000-BKD-525,2455837.30208,10.9,,False,Visual,Visual,VBH,,
5472,SN 2011FE,000-BKD-525,2455837.30216,10.978,0.007,False,Johnson V,CCD,ATE,1.74,False
5473,PTF11KLY,000-BKD-525,2455837.30234,11.207,0.004,False,Unfiltered with V Zeropoint,CCD,DGSA,,False
5474,SN 2011FE,000-BKD-525,2455837.302465,10.700,,False,Unfiltered with R Zeropoint,CCD,HND,1.556,False
5475,SN 2011FE,000-BKD-525,2455837.30273,10.960,0.007,False,Johnson V,CCD,ATE,1.75,False
5476,PTF11KLY,000-BKD-525,2455837.30276,11.214,0.003,False,Unfiltered with V Zeropoint,CCD,DGSA,,False
5477,SN 2011FE,000-BKD-525,2455837.302905,10.685,,False,Unfiltered with R Zeropoint,CCD,HND,1.558,False
5478,PTF11KLY,000-BKD-525,2455837.30319,11.212,0.004,False,Unfiltered with V Zeropoint,CCD,DGSA,,False
5479,SN 2011FE,000-BKD-525,2455837.30333,10.953,0.007,False,Johnson V,CCD,ATE,1.75,False
5480,SN 2011FE,000-BKD-525,2455837.303345,10.712,,False,Unfiltered with R Zeropoint,CCD,HND,1.561,False
5481,SN 2011FE,000-BKD-525,2455837.30337,10.971,0.012,False,Johnson V,CCD,CMAB,,False
5482,PTF11KLY,000-BKD-525,2455837.30360,11.227,0.010,False,Unfiltered with V Zeropoint,CCD,DGSA,,False
5483,SN 2011FE,000-BKD-525,2455837.303773,10.701,,False,Unfiltered with R Zeropoint,CCD,HND,1.563,False
5484,SN 2011FE,000-BKD-525,2455837.30389,10.960,0.007,False,Johnson V,CCD,ATE,1.76,False
5485,SN 2011FE,000-BKD-525,2455837.304,11.4,,False,Visual,Visual,SRBR,,
5486,PTF11KLY,000-BKD-525,2455837.30403,11.239,0.021,False,Unfiltered with V Zeropoint,CCD,DGSA,,False
5487,SN 2011FE,000-BKD-525,2455837.304224,10.691,,False,Unfiltered with R Zeropoint,CCD,HND,1.566,False
5488,PTF11KLY,000-BKD-525,2455837.30445,11.217,0.016,False,Unfiltered with V Zeropoint,CCD,DGSA,,False
5489,SN 2011FE,000-BKD-525,2455837.30455,10.977,0.007,False,Johnson V,CCD,ATE,1.76,False
5490,SN 2011FE,000-BKD-525,2455837.304664,10.680,,False,Unfiltered with R Zeropoint,CCD,HND,1.568,False
5491,PTF11KLY,000-BKD-525,2455837.30487,11.234,0.012,False,Unfiltered with V Zeropoint,CCD,DGSA,,False
5492,SN 2011FE,000-BKD-525,2455837.305093,10.685,,False,Unfiltered with R Zeropoint,CCD,HND,1.570,False
5493,SN 2011FE,000-BKD-525,2455837.30512,10.998,0.007,False,Johnson V,CCD,ATE,1.77,False
5494,PTF11KLY,000-BKD-525,2455837.30529,11.213,0.017,False,Unfiltered with V Zeropoint,CCD,DGSA,,False
5495,PTF11KLY,000-BKD-525,2455837.30571,11.228,0.017,False,Unfiltered with V Zeropoint,CCD,DGSA,,False
5496,SN 2011FE,000-BKD-525,2455837.30574,10.967,0.007,False,Johnson V,CCD,ATE,1.77,False
5497,PTF11KLY,000-BKD-525,2455837.30614,11.229,0.015,False,Unfiltered with V Zeropoint,CCD,DGSA,,False
5498,SN 2011FE,000-BKD-525,2455837.30633,10.986,0.007,False,Johnson V,CCD,ATE,1.78,False
5499,PTF11KLY,000-BKD-525,2455837.30656,11.235,0.012,False,Unfiltered with V Zeropoint,CCD,DGSA,,False
5500,PTF11KLY,000-BKD-525,2455837.30698,11.223,0.012,False,Unfiltered with V Zeropoint,CCD,DGSA,,False
5501,PTF11KLY,000-BKD-525,2455837.30741,11.210,0.014,False,Unfiltered with V Zeropoint,CCD,DGSA,,False
5502,PTF11KLY,000-BKD-525,2455837.30826,11.217,0.013,False,Unfiltered with V Zeropoint,CCD,DGSA,,False
5503,PTF11KLY,000-BKD-525,2455837.30868,11.199,0.012,False,Unfiltered with V Zeropoint,CCD,DGSA,,False
5504,PTF11KLY,000-BKD-525,2455837.30911,11.249,0.019,False,Unfiltered with V Zeropoint,CCD,DGSA,,False
5505,PTF11KLY,000-BKD-525,2455837.30953,11.216,0.029,False,Unfiltered with V Zeropoint,CCD,DGSA,,False
5506,PTF11KLY,000-BKD-525,2455837.30995,11.230,0.026,False,Unfiltered with V Zeropoint,CCD,DGSA,,False
5507,PTF11KLY,000-BKD-525,2455837.31037,11.240,0.012,False,Unfiltered with V Zeropoint,CCD,DGSA,,False
5508,PTF11KLY,000-BKD-525,2455837.31079,11.221,0.018,False,Unfiltered with V Zeropoint,CCD,DGSA,,False
5509,PTF11KLY,000-BKD-525,2455837.31122,11.228,0.029,False,Unfiltered with V Zeropoint,CCD,DGSA,,False
5510,PTF11KLY,000-BKD-525,2455837.31164,11.216,0.020,False,Unfiltered with V Zeropoint,CCD,DGSA,,False
5511,PTF11KLY,000-BKD-525,2455837.31206,11.260,0.025,False,Unfiltered with V Zeropoint,CCD,DGSA,,False
5512,PTF11KLY,000-BKD-525,2455837.31248,11.217,0.017,False,Unfiltered with V Zeropoint,CCD,DGSA,,False
5513,PTF11KLY,000-BKD-525,2455837.31294,11.244,0.022,False,Unfiltered with V Zeropoint,CCD,DGSA,,False
5514,PTF11KLY,000-BKD-525,2455837.31336,11.224,0.020,False,Unfiltered with V Zeropoint,CCD,DGSA,,False
5515,PTF11KLY,000-BKD-525,2455837.31378,11.231,0.023,False,Unfiltered with V Zeropoint,CCD,DGSA,,False
5516,PTF11KLY,000-BKD-525,2455837.31420,11.230,0.018,False,Unfiltered with V Zeropoint,CCD,DGSA,,False
5517,PTF11KLY,000-BKD-525,2455837.31462,11.230,0.023,False,Unfiltered with V Zeropoint,CCD,DGSA,,False
5518,PTF11KLY,000-BKD-525,2455837.31504,11.228,0.023,False,Unfiltered with V Zeropoint,CCD,DGSA,,False
5519,PTF11KLY,000-BKD-525,2455837.31547,11.226,0.030,False,Unfiltered with V Zeropoint,CCD,DGSA,,False
5520,PTF11KLY,000-BKD-525,2455837.31589,11.237,0.019,False,Unfiltered with V Zeropoint,CCD,DGSA,,False
5521,PTF11KLY,000-BKD-525,2455837.31632,11.224,0.017,False,Unfiltered with V Zeropoint,CCD,DGSA,,False
5522,PTF11KLY,000-BKD-525,2455837.31674,11.225,0.023,False,Unfiltered with V Zeropoint,CCD,DGSA,,False
5523,PTF11KLY,000-BKD-525,2455837.31717,11.228,0.029,False,Unfiltered with V Zeropoint,CCD,DGSA,,False
5524,PTF11KLY,000-BKD-525,2455837.31759,11.256,0.020,False,Unfiltered with V Zeropoint,CCD,DGSA,,False
5525,PTF11KLY,000-BKD-525,2455837.31802,11.231,0.019,False,Unfiltered with V Zeropoint,CCD,DGSA,,False
5526,PTF11KLY,000-BKD-525,2455837.31845,11.240,0.029,False,Unfiltered with V Zeropoint,CCD,DGSA,,False
5527,PTF11KLY,000-BKD-525,2455837.31887,11.210,0.018,False,Unfiltered with V Zeropoint,CCD,DGSA,,False
5528,PTF11KLY,000-BKD-525,2455837.31929,11.204,0.017,False,Unfiltered with V Zeropoint,CCD,DGSA,,False
5529,PTF11KLY,000-BKD-525,2455837.31972,11.232,0.013,False,Unfiltered with V Zeropoint,CCD,DGSA,,False
5530,PTF11KLY,000-BKD-525,2455837.32015,11.220,0.018,False,Unfiltered with V Zeropoint,CCD,DGSA,,False
5531,PTF11KLY,000-BKD-525,2455837.32058,11.221,0.021,False,Unfiltered with V Zeropoint,CCD,DGSA,,False
5532,PTF11KLY,000-BKD-525,2455837.32101,11.233,0.017,False,Unfiltered with V Zeropoint,CCD,DGSA,,False
5533,PTF11KLY,000-BKD-525,2455837.32143,11.218,0.015,False,Unfiltered with V Zeropoint,CCD,DGSA,,False
5534,PTF11KLY,000-BKD-525,2455837.32185,11.204,0.017,False,Unfiltered with V Zeropoint,CCD,DGSA,,False
5535,PTF11KLY,000-BKD-525,2455837.32228,11.205,0.023,False,Unfiltered with V Zeropoint,CCD,DGSA,,False
5536,PTF11KLY,000-BKD-525,2455837.32271,11.233,0.017,False,Unfiltered with V Zeropoint,CCD,DGSA,,False
5537,PTF11KLY,000-BKD-525,2455837.32313,11.213,0.017,False,Unfiltered with V Zeropoint,CCD,DGSA,,False
5538,PTF11KLY,000-BKD-525,2455837.32355,11.218,0.021,False,Unfiltered with V Zeropoint,CCD,DGSA,,False
5539,PTF11KLY,000-BKD-525,2455837.32398,11.210,0.021,False,Unfiltered with V Zeropoint,CCD,DGSA,,False
5540,PTF11KLY,000-BKD-525,2455837.32440,11.224,0.015,False,Unfiltered with V Zeropoint,CCD,DGSA,,False
5541,PTF11KLY,000-BKD-525,2455837.32483,11.224,0.017,False,Unfiltered with V Zeropoint,CCD,DGSA,,False
5542,PTF11KLY,000-BKD-525,2455837.32525,11.211,0.019,False,Unfiltered with V Zeropoint,CCD,DGSA,,False
5543,PTF11KLY,000-BKD-525,2455837.32567,11.217,0.034,False,Unfiltered with V Zeropoint,CCD,DGSA,,False
5544,SN 2011FE,000-BKD-525,2455837.326,10.9,,False,Visual,Visual,LTE,,
5545,PTF11KLY,000-BKD-525,2455837.32608,11.214,0.021,False,Unfiltered with V Zeropoint,CCD,DGSA,,False
5546,PTF11KLY,000-BKD-525,2455837.32650,11.224,0.025,False,Unfiltered with V Zeropoint,CCD,DGSA,,False
5547,PTF11KLY,000-BKD-525,2455837.32693,11.199,0.016,False,Unfiltered with V Zeropoint,CCD,DGSA,,False
5548,PTF11KLY,000-BKD-525,2455837.32735,11.203,0.011,False,Unfiltered with V Zeropoint,CCD,DGSA,,False
5549,PTF11KLY,000-BKD-525,2455837.32782,11.191,0.014,False,Unfiltered with V Zeropoint,CCD,DGSA,,False
5550,PTF11KLY,000-BKD-525,2455837.32825,11.210,0.016,False,Unfiltered with V Zeropoint,CCD,DGSA,,False
5551,PTF11KLY,000-BKD-525,2455837.32867,11.239,0.021,False,Unfiltered with V Zeropoint,CCD,DGSA,,False
5552,PTF11KLY,000-BKD-525,2455837.32908,11.232,0.029,False,Unfiltered with V Zeropoint,CCD,DGSA,,False
5553,PTF11KLY,000-BKD-525,2455837.32950,11.215,0.014,False,Unfiltered with V Zeropoint,CCD,DGSA,,False
5554,PTF11KLY,000-BKD-525,2455837.32991,11.220,0.020,False,Unfiltered with V Zeropoint,CCD,DGSA,,False
5555,PTF11KLY,000-BKD-525,2455837.33033,11.206,0.010,False,Unfiltered with V Zeropoint,CCD,DGSA,,False
5556,PTF11KLY,000-BKD-525,2455837.33075,11.235,0.019,False,Unfiltered with V Zeropoint,CCD,DGSA,,False
5557,PTF11KLY,000-BKD-525,2455837.33118,11.223,0.025,False,Unfiltered with V Zeropoint,CCD,DGSA,,False
5558,PTF11KLY,000-BKD-525,2455837.33161,11.215,0.016,False,Unfiltered with V Zeropoint,CCD,DGSA,,False
5559,PTF11KLY,000-BKD-525,2455837.33203,11.198,0.017,False,Unfiltered with V Zeropoint,CCD,DGSA,,False
5560,SN 2011FE,000-BKD-525,2455837.3326,11.1,,False,Visual,Visual,GGU,,
5561,SN 2011FE,000-BKD-525,2455837.3368,11.3,,False,Visual,Visual,ILE,,
5562,SN 2011FE,000-BKD-525,2455837.33681,11.3,,False,Visual,Visual,ILE,,
5563,SN 2011FE,000-BKD-525,2455837.50278,11.5,,False,Visual,Visual,TYS,,
5564,SN 2011FE,000-BKD-525,2455837.52112,10.95,0.02,False,Johnson V,CCD,SHA,1.67,True
5565,SN 2011FE,000-BKD-525,2455837.52222,11.88,0.02,False,Johnson B,CCD,SHA,1.68,True
5566,SN 2011FE,000-BKD-525,2455837.52375,10.62,0.03,False,Cousins I,CCD,SHA,1.69,True
5567,SN 2011FE,000-BKD-525,2455837.67083,11.3,,False,Visual,Visual,RR,,
5568,PTF11KLY,000-BKD-525,2455837.99578,12.003,0.140,False,Johnson B,CCD,SRIC,3.17,False
5569,PTF11KLY,000-BKD-525,2455837.99578,11.931,0.170,False,Johnson B,CCD,SRIC,3.21,False
5570,PTF11KLY,000-BKD-525,2455837.99888,11.015,0.023,False,Johnson V,CCD,SRIC,3.15,False
5571,PTF11KLY,000-BKD-525,2455837.99888,10.985,0.104,False,Johnson V,CCD,SRIC,3.15,False
5572,SN 2011FE,000-BKD-525,2455838.19,11.0,,False,Visual,Visual,HCS,,
5573,2011FE,000-BKD-525,2455838.22083,10.9,,False,Visual,Visual,KSQ,,
5574,SN 2011FE,000-BKD-525,2455838.23,11.1,,False,Visual,Visual,BFO,,
5575,SN 2011FE,000-BKD-525,2455838.23611,11.2,,False,Visual,Visual,RZM,,
5576,PTF11KLY,000-BKD-525,2455838.2500,11.2,,False,Visual,Visual,VFK,,
5577,SN 2011FE,000-BKD-525,2455838.25903,11.1,,False,Visual,Visual,KOS,,
5578,SN 2011FE,000-BKD-525,2455838.26389,11.2,,False,Visual,Visual,SSW,,
5579,SN 2011FE,000-BKD-525,2455838.2639,11.2,,False,Visual,Visual,CSM,,
5580,SN 2011FE,000-BKD-525,2455838.2674,11.4,,False,Visual,Visual,PLP,,
5581,SN 2011FE,000-BKD-525,2455838.273330,10.793,,False,Unfiltered with R Zeropoint,CCD,HND,1.424,False
5582,SN 2011FE,000-BKD-525,2455838.2736,11.2,,False,Visual,Visual,KWO,,
5583,SN 2011FE,000-BKD-525,2455838.273762,10.753,,False,Unfiltered with R Zeropoint,CCD,HND,1.426,False
5584,SN 2011FE,000-BKD-525,2455838.274213,10.755,,False,Unfiltered with R Zeropoint,CCD,HND,1.428,False
5585,SN 2011FE,000-BKD-525,2455838.274653,10.673,,False,Unfiltered with R Zeropoint,CCD,HND,1.430,False
5586,SN 2011FE,000-BKD-525,2455838.275093,10.795,,False,Unfiltered with R Zeropoint,CCD,HND,1.432,False
5587,SN 2011FE,000-BKD-525,2455838.275521,10.802,,False,Unfiltered with R Zeropoint,CCD,HND,1.434,False
5588,SN 2011FE,000-BKD-525,2455838.275972,10.755,,False,Unfiltered with R Zeropoint,CCD,HND,1.436,False
5589,SN 2011FE,000-BKD-525,2455838.276412,10.804,,False,Unfiltered with R Zeropoint,CCD,HND,1.438,False
5590,SN 2011FE,000-BKD-525,2455838.276840,10.788,,False,Unfiltered with R Zeropoint,CCD,HND,1.440,False
5591,SN 2011FE,000-BKD-525,2455838.277292,10.751,,False,Unfiltered with R Zeropoint,CCD,HND,1.442,False
5592,SN 2011FE,000-BKD-525,2455838.277732,10.761,,False,Unfiltered with R Zeropoint,CCD,HND,1.444,False
5593,SN 2011FE,000-BKD-525,2455838.278160,10.751,,False,Unfiltered with R Zeropoint,CCD,HND,1.446,False
5594,SN 2011FE,000-BKD-525,2455838.278600,10.747,,False,Unfiltered with R Zeropoint,CCD,HND,1.448,False
5595,SN 2011FE,000-BKD-525,2455838.279039,10.767,,False,Unfiltered with R Zeropoint,CCD,HND,1.450,False
5596,SN 2011FE,000-BKD-525,2455838.279479,10.748,,False,Unfiltered with R Zeropoint,CCD,HND,1.452,False
5597,SN 2011FE,000-BKD-525,2455838.279919,10.756,,False,Unfiltered with R Zeropoint,CCD,HND,1.454,False
5598,SN 2011FE,000-BKD-525,2455838.280359,10.776,,False,Unfiltered with R Zeropoint,CCD,HND,1.456,False
5599,SN 2011FE,000-BKD-525,2455838.280799,10.771,,False,Unfiltered with R Zeropoint,CCD,HND,1.459,False
5600,SN 2011FE,000-BKD-525,2455838.281238,10.734,,False,Unfiltered with R Zeropoint,CCD,HND,1.461,False
5601,SN 2011FE,000-BKD-525,2455838.281678,10.731,,False,Unfiltered with R Zeropoint,CCD,HND,1.463,False
5602,PTF11KLY,000-BKD-525,2455838.28194,10.75,0.02,False,Unfiltered with R Zeropoint,CCD,NOT,,False
5603,SN 2011FE,000-BKD-525,2455838.282118,10.752,,False,Unfiltered with R Zeropoint,CCD,HND,1.465,False
5604,SN 2011FE,000-BKD-525,2455838.282558,10.750,,False,Unfiltered with R Zeropoint,CCD,HND,1.467,False
5605,SN 2011FE,000-BKD-525,2455838.282986,10.741,,False,Unfiltered with R Zeropoint,CCD,HND,1.469,False
5606,SN 2011FE,000-BKD-525,2455838.283437,10.787,,False,Unfiltered with R Zeropoint,CCD,HND,1.471,False
5607,SN 2011FE,000-BKD-525,2455838.283866,10.767,,False,Unfiltered with R Zeropoint,CCD,HND,1.473,False
5608,SN 2011FE,000-BKD-525,2455838.284294,10.720,,False,Unfiltered with R Zeropoint,CCD,HND,1.476,False
5609,SN 2011FE,000-BKD-525,2455838.284745,10.759,,False,Unfiltered with R Zeropoint,CCD,HND,1.478,False
5610,SN 2011FE,000-BKD-525,2455838.285185,10.737,,False,Unfiltered with R Zeropoint,CCD,HND,1.480,False
5611,SN 2011FE,000-BKD-525,2455838.285613,10.735,,False,Unfiltered with R Zeropoint,CCD,HND,1.482,False
5612,SN 2011FE,000-BKD-525,2455838.286065,10.759,,False,Unfiltered with R Zeropoint,CCD,HND,1.484,False
5613,SN 2011FE,000-BKD-525,2455838.286505,10.734,,False,Unfiltered with R Zeropoint,CCD,HND,1.487,False
5614,SN 2011FE,000-BKD-525,2455838.286933,10.753,,False,Unfiltered with R Zeropoint,CCD,HND,1.489,False
5615,SN 2011FE,000-BKD-525,2455838.287384,10.732,,False,Unfiltered with R Zeropoint,CCD,HND,1.491,False
5616,SN 2011FE,000-BKD-525,2455838.287824,10.754,,False,Unfiltered with R Zeropoint,CCD,HND,1.493,False
5617,SN 2011FE,000-BKD-525,2455838.288252,10.727,,False,Unfiltered with R Zeropoint,CCD,HND,1.495,False
5618,SN 2011FE,000-BKD-525,2455838.288704,10.752,,False,Unfiltered with R Zeropoint,CCD,HND,1.498,False
5619,SN 2011FE,000-BKD-525,2455838.289132,10.728,,False,Unfiltered with R Zeropoint,CCD,HND,1.500,False
5620,SN 2011FE,000-BKD-525,2455838.28930,11.077,0.007,False,Johnson V,CCD,ATE,1.66,False
5621,SN 2011FE,000-BKD-525,2455838.28999,11.045,0.007,False,Johnson V,CCD,ATE,1.67,False
5622,SN 2011FE,000-BKD-525,2455838.29,11.00,0.05,False,Johnson V,CCD,QW,,True
5623,SN 2011FE,000-BKD-525,2455838.29001,11.031,0.009,False,Johnson V,CCD,CMAB,,False
5624,SN 2011FE,000-BKD-525,2455838.29059,11.063,0.007,False,Johnson V,CCD,ATE,1.67,False
5625,SN 2011FE,000-BKD-525,2455838.29116,11.069,0.007,False,Johnson V,CCD,ATE,1.68,False
5626,SN 2011FE,000-BKD-525,2455838.29167,11.4,,False,Visual,Visual,KAM,,
5627,SN 2011FE,000-BKD-525,2455838.29173,11.069,0.007,False,Johnson V,CCD,ATE,1.68,False
5628,SN 2011FE,000-BKD-525,2455838.29230,11.085,0.007,False,Johnson V,CCD,ATE,1.68,False
5629,SN 2011FE,000-BKD-525,2455838.29286,11.044,0.007,False,Johnson V,CCD,ATE,1.69,False
5630,SN 2011FE,000-BKD-525,2455838.29346,11.042,0.007,False,Johnson V,CCD,ATE,1.69,False
5631,SN 2011FE,000-BKD-525,2455838.29403,11.072,0.007,False,Johnson V,CCD,ATE,1.70,False
5632,SN 2011FE,000-BKD-525,2455838.29460,11.056,0.007,False,Johnson V,CCD,ATE,1.70,False
5633,SN 2011FE,000-BKD-525,2455838.29517,11.081,0.007,False,Johnson V,CCD,ATE,1.71,False
5634,SN 2011FE,000-BKD-525,2455838.29573,11.088,0.007,False,Johnson V,CCD,ATE,1.71,False
5635,SN 2011FE,000-BKD-525,2455838.29633,11.085,0.007,False,Johnson V,CCD,ATE,1.72,False
5636,SN 2011FE,000-BKD-525,2455838.29690,11.063,0.007,False,Johnson V,CCD,ATE,1.72,False
5637,SN 2011FE,000-BKD-525,2455838.29747,11.048,0.007,False,Johnson V,CCD,ATE,1.73,False
5638,SN 2011FE,000-BKD-525,2455838.29804,11.048,0.007,False,Johnson V,CCD,ATE,1.73,False
5639,SN 2011FE,000-BKD-525,2455838.29862,11.091,0.007,False,Johnson V,CCD,ATE,1.73,False
5640,SN 2011FE,000-BKD-525,2455838.29918,11.069,0.007,False,Johnson V,CCD,ATE,1.74,False
5641,SN 2011FE,000-BKD-525,2455838.29977,11.048,0.007,False,Johnson V,CCD,ATE,1.74,False
5642,SN 2011FE,000-BKD-525,2455838.3,10.8,,False,Visual,Visual,WUB,,
5643,SN 2011FE,000-BKD-525,2455838.30035,11.057,0.007,False,Johnson V,CCD,ATE,1.75,False
5644,SN 2011FE,000-BKD-525,2455838.30092,11.051,0.007,False,Johnson V,CCD,ATE,1.75,False
5645,SN 2011FE,000-BKD-525,2455838.30149,11.071,0.007,False,Johnson V,CCD,ATE,1.76,False
5646,SN 2011FE,000-BKD-525,2455838.30208,11.071,0.007,False,Johnson V,CCD,ATE,1.76,False
5647,SN 2011FE,000-BKD-525,2455838.30265,11.087,0.007,False,Johnson V,CCD,ATE,1.77,False
5648,SN 2011FE,000-BKD-525,2455838.30322,11.075,0.007,False,Johnson V,CCD,ATE,1.77,False
5649,SN 2011FE,000-BKD-525,2455838.30379,11.041,0.007,False,Johnson V,CCD,ATE,1.78,False
5650,SN 2011FE,000-BKD-525,2455838.30436,11.082,0.007,False,Johnson V,CCD,ATE,1.78,False
5651,SN 2011FE,000-BKD-525,2455838.30492,11.085,0.007,False,Johnson V,CCD,ATE,1.79,False
5652,SN 2011FE,000-BKD-525,2455838.30549,11.067,0.007,False,Johnson V,CCD,ATE,1.79,False
5653,SN 2011FE,000-BKD-525,2455838.30606,11.089,0.007,False,Johnson V,CCD,ATE,1.80,False
5654,SN 2011FE,000-BKD-525,2455838.30662,11.091,0.007,False,Johnson V,CCD,ATE,1.80,False
5655,SN 2011FE,000-BKD-525,2455838.30719,11.080,0.007,False,Johnson V,CCD,ATE,1.81,False
5656,SN 2011FE,000-BKD-525,2455838.30779,11.078,0.007,False,Johnson V,CCD,ATE,1.81,False
5657,SN 2011FE,000-BKD-525,2455838.30836,11.066,0.007,False,Johnson V,CCD,ATE,1.82,False
5658,SN 2011FE,000-BKD-525,2455838.30893,11.047,0.007,False,Johnson V,CCD,ATE,1.82,False
5659,SN 2011FE,000-BKD-525,2455838.30953,11.088,0.007,False,Johnson V,CCD,ATE,1.83,False
5660,SN 2011FE,000-BKD-525,2455838.31010,11.056,0.007,False,Johnson V,CCD,ATE,1.84,False
5661,SN 2011FE,000-BKD-525,2455838.31066,11.076,0.007,False,Johnson V,CCD,ATE,1.84,False
5662,SN 2011FE,000-BKD-525,2455838.31133,11.049,0.007,False,Johnson V,CCD,ATE,1.85,False
5663,SN 2011FE,000-BKD-525,2455838.31191,11.065,0.007,False,Johnson V,CCD,ATE,1.85,False
5664,PTF11KLY,000-BKD-525,2455838.3236,11.2,,False,Visual,Visual,HHU,,
5665,SN 2011FE,000-BKD-525,2455838.33333,11.010,0.024,False,Johnson V,CCD,BQM,,False
5666,SN 2011FE,000-BKD-525,2455838.33333,11.038,0.027,False,Johnson V,CCD,BQM,,False
5667,SN 2011FE,000-BKD-525,2455838.33403,11.011,0.024,False,Johnson V,CCD,BQM,,False
5668,SN 2011FE,000-BKD-525,2455838.33403,11.029,0.024,False,Johnson V,CCD,BQM,,False
5669,SN 2011FE,000-BKD-525,2455838.33472,11.036,0.024,False,Johnson V,CCD,BQM,,False
5670,SN 2011FE,000-BKD-525,2455838.33472,11.017,0.027,False,Johnson V,CCD,BQM,,False
5671,SN 2011FE,000-BKD-525,2455838.3368,11.3,,False,Visual,Visual,WWJ,,
5672,SN 2011FE,000-BKD-525,2455838.3854,11.4,,False,Visual,Visual,ILE,,
5673,SN 2011FE,000-BKD-525,2455838.38542,11.4,,False,Visual,Visual,ILE,,
5674,SN 2011FE,000-BKD-525,2455838.646,11.1,,False,Visual,Visual,VOL,,
5675,SN 2011FE,000-BKD-525,2455839.24028,11.4,,False,Visual,Visual,RZM,,
5676,SN 2011FE,000-BKD-525,2455839.244,11.2,,False,Visual,Visual,VOL,,
5677,2011FE,000-BKD-525,2455839.25417,9.91,,False,Johnson V,CCD,MFB,,False
5678,2011FE,000-BKD-525,2455839.25625,10.334,,False,Cousins R,CCD,MFB,,False
5679,2011FE,000-BKD-525,2455839.25833,10.838,,False,Cousins I,CCD,MFB,,False
5680,SN 2011FE,000-BKD-525,2455839.2604,11.2,,False,Visual,Visual,CSM,,
5681,SN 2011FE,000-BKD-525,2455839.2674,11.3,,False,Visual,Visual,KWO,,
5682,PTF11kly,000-BKD-525,2455839.27778,11.3,,False,Visual,Visual,WKL,,
5683,SN 2011FE,000-BKD-525,2455839.28747,11.068,0.007,False,Johnson V,CCD,ATE,1.67,False
5684,SN 2011FE,000-BKD-525,2455839.28815,11.087,0.007,False,Johnson V,CCD,ATE,1.67,False
5685,SN 2011FE,000-BKD-525,2455839.28872,11.095,0.007,False,Johnson V,CCD,ATE,1.68,False
5686,SN 2011FE,000-BKD-525,2455839.28929,11.080,0.007,False,Johnson V,CCD,ATE,1.68,False
5687,SN 2011FE,000-BKD-525,2455839.28985,11.095,0.007,False,Johnson V,CCD,ATE,1.69,False
5688,SN 2011FE,000-BKD-525,2455839.29,12.00,0.05,False,Johnson B,CCD,QW,,True
5689,SN 2011FE,000-BKD-525,2455839.29042,11.098,0.007,False,Johnson V,CCD,ATE,1.69,False
5690,SN 2011FE,000-BKD-525,2455839.29102,11.119,0.007,False,Johnson V,CCD,ATE,1.70,False
5691,SN 2011FE,000-BKD-525,2455839.29159,11.107,0.007,False,Johnson V,CCD,ATE,1.70,False
5692,SN 2011FE,000-BKD-525,2455839.29216,11.079,0.007,False,Johnson V,CCD,ATE,1.71,False
5693,SN 2011FE,000-BKD-525,2455839.29272,11.079,0.007,False,Johnson V,CCD,ATE,1.71,False
5694,SN 2011FE,000-BKD-525,2455839.29333,11.067,0.007,False,Johnson V,CCD,ATE,1.71,False
5695,SN 2011FE,000-BKD-525,2455839.29389,11.109,0.007,False,Johnson V,CCD,ATE,1.72,False
5696,SN 2011FE,000-BKD-525,2455839.29446,11.116,0.007,False,Johnson V,CCD,ATE,1.72,False
5697,SN 2011FE,000-BKD-525,2455839.29503,11.102,0.007,False,Johnson V,CCD,ATE,1.73,False
5698,SN 2011FE,000-BKD-525,2455839.29559,11.093,0.007,False,Johnson V,CCD,ATE,1.73,False
5699,SN 2011FE,000-BKD-525,2455839.29616,11.116,0.007,False,Johnson V,CCD,ATE,1.74,False
5700,SN 2011FE,000-BKD-525,2455839.29673,11.078,0.007,False,Johnson V,CCD,ATE,1.74,False
5701,SN 2011FE,000-BKD-525,2455839.29730,11.102,0.007,False,Johnson V,CCD,ATE,1.75,False
5702,SN 2011FE,000-BKD-525,2455839.29786,11.071,0.007,False,Johnson V,CCD,ATE,1.75,False
5703,SN 2011FE,000-BKD-525,2455839.29844,11.112,0.007,False,Johnson V,CCD,ATE,1.76,False
5704,SN 2011FE,000-BKD-525,2455839.29901,11.070,0.007,False,Johnson V,CCD,ATE,1.76,False
5705,SN 2011FE,000-BKD-525,2455839.29958,11.105,0.007,False,Johnson V,CCD,ATE,1.77,False
5706,SN 2011FE,000-BKD-525,2455839.30,11.05,0.05,False,Johnson V,CCD,QW,,True
5707,SN 2011FE,000-BKD-525,2455839.30014,11.097,0.007,False,Johnson V,CCD,ATE,1.77,False
5708,SN 2011FE,000-BKD-525,2455839.30071,11.095,0.007,False,Johnson V,CCD,ATE,1.78,False
5709,SN 2011FE,000-BKD-525,2455839.30128,11.073,0.007,False,Johnson V,CCD,ATE,1.78,False
5710,SN 2011FE,000-BKD-525,2455839.30188,11.099,0.007,False,Johnson V,CCD,ATE,1.79,False
5711,SN 2011FE,000-BKD-525,2455839.30245,11.080,0.007,False,Johnson V,CCD,ATE,1.79,False
5712,SN 2011FE,000-BKD-525,2455839.30301,11.098,0.007,False,Johnson V,CCD,ATE,1.80,False
5713,SN 2011FE,000-BKD-525,2455839.30358,11.106,0.007,False,Johnson V,CCD,ATE,1.80,False
5714,SN 2011FE,000-BKD-525,2455839.30415,11.106,0.007,False,Johnson V,CCD,ATE,1.81,False
5715,SN 2011FE,000-BKD-525,2455839.30475,11.068,0.007,False,Johnson V,CCD,ATE,1.81,False
5716,SN 2011FE,000-BKD-525,2455839.30532,11.091,0.007,False,Johnson V,CCD,ATE,1.82,False
5717,SN 2011FE,000-BKD-525,2455839.30588,11.105,0.007,False,Johnson V,CCD,ATE,1.82,False
5718,SN 2011FE,000-BKD-525,2455839.30645,11.086,0.007,False,Johnson V,CCD,ATE,1.83,False
5719,SN 2011FE,000-BKD-525,2455839.30702,11.110,0.007,False,Johnson V,CCD,ATE,1.83,False
5720,SN 2011FE,000-BKD-525,2455839.30758,11.073,0.007,False,Johnson V,CCD,ATE,1.84,False
5721,SN 2011FE,000-BKD-525,2455839.30816,11.075,0.007,False,Johnson V,CCD,ATE,1.84,False
5722,SN 2011FE,000-BKD-525,2455839.30873,11.096,0.007,False,Johnson V,CCD,ATE,1.85,False
5723,SN 2011FE,000-BKD-525,2455839.30930,11.073,0.007,False,Johnson V,CCD,ATE,1.85,False
5724,SN 2011FE,000-BKD-525,2455839.30986,11.078,0.007,False,Johnson V,CCD,ATE,1.86,False
5725,SN 2011FE,000-BKD-525,2455839.31047,11.119,0.007,False,Johnson V,CCD,ATE,1.87,False
5726,SN 2011FE,000-BKD-525,2455839.31944,10.9,,False,Visual,Visual,CBEA,,
5727,SN 2011FE,000-BKD-525,2455839.3472,11.4,,False,Visual,Visual,ILE,,
5728,SN 2011FE,000-BKD-525,2455839.38542,11.4,,False,Visual,Visual,ILE,,
5729,PTF11KLY,000-BKD-525,2455839.522,12.12,0.11,False,Johnson B,CCD,RHM,,False
5730,PTF11KLY,000-BKD-525,2455839.530,11.09,0.07,False,Johnson V,CCD,RHM,,False
5731,PTF11KLY,000-BKD-525,2455839.538,10.64,0.07,False,Cousins I,CCD,RHM,,False
5732,PTF11KLY,000-BKD-525,2455839.547,10.79,0.06,False,Cousins R,CCD,RHM,,False
5733,SN 2011FE,000-BKD-525,2455839.58819,11.3,,True,Visual,Visual,ASA,,
5734,SN 2011FE,000-BKD-525,2455840.24744,11.138,0.007,False,Johnson V,CCD,CMAB,,False
5735,SN 2011FE,000-BKD-525,2455840.25596,11.142,0.041,False,Johnson V,CCD,SJAR,1.524,False
5736,SN 2011FE,000-BKD-525,2455840.25617,10.810,0.034,False,Cousins R,CCD,SJAR,1.525,False
5737,SN 2011FE,000-BKD-525,2455840.25637,12.159,0.120,False,Johnson B,CCD,SJAR,1.526,False
5738,SN 2011FE,000-BKD-525,2455840.25658,10.649,0.102,False,Cousins I,CCD,SJAR,1.527,False
5739,SN 2011FE,000-BKD-525,2455840.25812,12.151,0.038,False,Johnson B,CCD,SJAR,1.533,False
5740,SN 2011FE,000-BKD-525,2455840.25879,10.645,0.032,False,Cousins I,CCD,SJAR,1.536,False
5741,SN 2011FE,000-BKD-525,2455840.25950,12.148,0.037,False,Johnson B,CCD,SJAR,1.539,False
5742,SN 2011FE,000-BKD-525,2455840.26017,10.637,0.032,False,Cousins I,CCD,SJAR,1.542,False
5743,SN 2011FE,000-BKD-525,2455840.26088,12.166,0.038,False,Johnson B,CCD,SJAR,1.545,False
5744,SN 2011FE,000-BKD-525,2455840.26154,10.636,0.032,False,Cousins I,CCD,SJAR,1.547,False
5745,SN 2011FE,000-BKD-525,2455840.26225,12.119,0.039,False,Johnson B,CCD,SJAR,1.550,False
5746,SN 2011FE,000-BKD-525,2455840.26292,10.544,0.035,False,Cousins I,CCD,SJAR,1.553,False
5747,SN 2011FE,000-BKD-525,2455840.26362,12.156,0.038,False,Johnson B,CCD,SJAR,1.556,False
5748,SN 2011FE,000-BKD-525,2455840.26431,10.630,0.032,False,Cousins I,CCD,SJAR,1.559,False
5749,SN 2011FE,000-BKD-525,2455840.26501,12.159,0.037,False,Johnson B,CCD,SJAR,1.562,False
5750,SN 2011FE,000-BKD-525,2455840.26570,10.630,0.032,False,Cousins I,CCD,SJAR,1.565,False
5751,SN 2011FE,000-BKD-525,2455840.26640,12.191,0.037,False,Johnson B,CCD,SJAR,1.568,False
5752,SN 2011FE,000-BKD-525,2455840.26707,10.617,0.033,False,Cousins I,CCD,SJAR,1.571,False
5753,SN 2011FE,000-BKD-525,2455840.26777,12.100,0.040,False,Johnson B,CCD,SJAR,1.574,False
5754,SN 2011FE,000-BKD-525,2455840.26845,10.632,0.032,False,Cousins I,CCD,SJAR,1.577,False
5755,SN 2011FE,000-BKD-525,2455840.26915,12.160,0.037,False,Johnson B,CCD,SJAR,1.580,False
5756,SN 2011FE,000-BKD-525,2455840.26982,10.625,0.032,False,Cousins I,CCD,SJAR,1.583,False
5757,SN 2011FE,000-BKD-525,2455840.27052,12.198,0.037,False,Johnson B,CCD,SJAR,1.586,False
5758,SN 2011FE,000-BKD-525,2455840.27080,10.76,0.002,False,Cousins R,CCD,CALA,1.935,False
5759,SN 2011FE,000-BKD-525,2455840.27122,10.649,0.032,False,Cousins I,CCD,SJAR,1.589,False
5760,SN 2011FE,000-BKD-525,2455840.27192,12.152,0.039,False,Johnson B,CCD,SJAR,1.592,False
5761,SN 2011FE,000-BKD-525,2455840.27259,10.625,0.032,False,Cousins I,CCD,SJAR,1.595,False
5762,SN 2011FE,000-BKD-525,2455840.27330,12.134,0.040,False,Johnson B,CCD,SJAR,1.598,False
5763,SN 2011FE,000-BKD-525,2455840.27397,10.620,0.033,False,Cousins I,CCD,SJAR,1.601,False
5764,SN 2011FE,000-BKD-525,2455840.27467,12.165,0.038,False,Johnson B,CCD,SJAR,1.604,False
5765,SN 2011FE,000-BKD-525,2455840.27534,10.633,0.032,False,Cousins I,CCD,SJAR,1.607,False
5766,SN 2011FE,000-BKD-525,2455840.27605,12.172,0.038,False,Johnson B,CCD,SJAR,1.610,False
5767,SN 2011FE,000-BKD-525,2455840.27660,11.10,0.003,False,Johnson V,CCD,CALA,1.981,False
5768,SN 2011FE,000-BKD-525,2455840.27672,10.632,0.032,False,Cousins I,CCD,SJAR,1.613,False
5769,SN 2011FE,000-BKD-525,2455840.27742,12.169,0.038,False,Johnson B,CCD,SJAR,1.617,False
5770,SN 2011FE,000-BKD-525,2455840.27809,10.626,0.033,False,Cousins I,CCD,SJAR,1.620,False
5771,SN 2011FE,000-BKD-525,2455840.27880,12.151,0.040,False,Johnson B,CCD,SJAR,1.623,False
5772,SN 2011FE,000-BKD-525,2455840.27946,10.631,0.033,False,Cousins I,CCD,SJAR,1.626,False
5773,SN 2011FE,000-BKD-525,2455840.28017,12.130,0.041,False,Johnson B,CCD,SJAR,1.629,False
5774,SN 2011FE,000-BKD-525,2455840.28040,12.10,0.005,False,Johnson B,CCD,CALA,2.022,False
5775,SN 2011FE,000-BKD-525,2455840.28084,10.612,0.033,False,Cousins I,CCD,SJAR,1.632,False
5776,SN 2011FE,000-BKD-525,2455840.28155,12.150,0.040,False,Johnson B,CCD,SJAR,1.635,False
5777,SN 2011FE,000-BKD-525,2455840.28222,10.663,0.032,False,Cousins I,CCD,SJAR,1.638,False
5778,SN 2011FE,000-BKD-525,2455840.28293,12.141,0.040,False,Johnson B,CCD,SJAR,1.641,False
5779,SN 2011FE,000-BKD-525,2455840.28359,10.603,0.034,False,Cousins I,CCD,SJAR,1.644,False
5780,SN 2011FE,000-BKD-525,2455840.28430,12.127,0.041,False,Johnson B,CCD,SJAR,1.648,False
5781,SN 2011FE,000-BKD-525,2455840.28449,11.113,0.007,False,Johnson V,CCD,ATE,1.67,False
5782,SN 2011FE,000-BKD-525,2455840.28497,10.639,0.033,False,Cousins I,CCD,SJAR,1.651,False
5783,SN 2011FE,000-BKD-525,2455840.28520,11.106,0.007,False,Johnson V,CCD,ATE,1.67,False
5784,SN 2011FE,000-BKD-525,2455840.28576,11.195,0.039,False,Johnson V,CCD,SJAR,1.654,False
5785,SN 2011FE,000-BKD-525,2455840.28577,11.098,0.007,False,Johnson V,CCD,ATE,1.68,False
5786,SN 2011FE,000-BKD-525,2455840.28597,10.804,0.034,False,Cousins R,CCD,SJAR,1.655,False
5787,SN 2011FE,000-BKD-525,2455840.28617,12.210,0.123,False,Johnson B,CCD,SJAR,1.656,False
5788,SN 2011FE,000-BKD-525,2455840.28637,11.100,0.007,False,Johnson V,CCD,ATE,1.68,False
5789,SN 2011FE,000-BKD-525,2455840.28638,10.625,0.109,False,Cousins I,CCD,SJAR,1.657,False
5790,SN 2011FE,000-BKD-525,2455840.28693,11.113,0.007,False,Johnson V,CCD,ATE,1.69,False
5791,SN 2011FE,000-BKD-525,2455840.28750,11.124,0.007,False,Johnson V,CCD,ATE,1.69,False
5792,SN 2011FE,000-BKD-525,2455840.28807,11.125,0.007,False,Johnson V,CCD,ATE,1.69,False
5793,SN 2011FE,000-BKD-525,2455840.28864,11.151,0.007,False,Johnson V,CCD,ATE,1.70,False
5794,SN 2011FE,000-BKD-525,2455840.28920,11.101,0.007,False,Johnson V,CCD,ATE,1.70,False
5795,SN 2011FE,000-BKD-525,2455840.28980,11.127,0.007,False,Johnson V,CCD,ATE,1.71,False
5796,SN 2011FE,000-BKD-525,2455840.29037,11.122,0.007,False,Johnson V,CCD,ATE,1.71,False
5797,SN 2011FE,000-BKD-525,2455840.29094,11.104,0.007,False,Johnson V,CCD,ATE,1.72,False
5798,SN 2011FE,000-BKD-525,2455840.29151,11.109,0.007,False,Johnson V,CCD,ATE,1.72,False
5799,SN 2011FE,000-BKD-525,2455840.29207,11.112,0.007,False,Johnson V,CCD,ATE,1.73,False
5800,SN 2011FE,000-BKD-525,2455840.29264,11.158,0.007,False,Johnson V,CCD,ATE,1.73,False
5801,SN 2011FE,000-BKD-525,2455840.29321,11.123,0.007,False,Johnson V,CCD,ATE,1.74,False
5802,SN 2011FE,000-BKD-525,2455840.29377,11.138,0.007,False,Johnson V,CCD,ATE,1.74,False
5803,SN 2011FE,000-BKD-525,2455840.29435,11.111,0.007,False,Johnson V,CCD,ATE,1.75,False
5804,SN 2011FE,000-BKD-525,2455840.29494,11.118,0.007,False,Johnson V,CCD,ATE,1.75,False
5805,SN 2011FE,000-BKD-525,2455840.29551,11.114,0.007,False,Johnson V,CCD,ATE,1.76,False
5806,SN 2011FE,000-BKD-525,2455840.29608,11.156,0.007,False,Johnson V,CCD,ATE,1.76,False
5807,SN 2011FE,000-BKD-525,2455840.29666,11.099,0.007,False,Johnson V,CCD,ATE,1.77,False
5808,SN 2011FE,000-BKD-525,2455840.29722,11.115,0.007,False,Johnson V,CCD,ATE,1.77,False
5809,SN 2011FE,000-BKD-525,2455840.29779,11.111,0.007,False,Johnson V,CCD,ATE,1.78,False
5810,SN 2011FE,000-BKD-525,2455840.29836,11.134,0.007,False,Johnson V,CCD,ATE,1.78,False
5811,SN 2011FE,000-BKD-525,2455840.29892,11.143,0.007,False,Johnson V,CCD,ATE,1.79,False
5812,SN 2011FE,000-BKD-525,2455840.29953,11.127,0.007,False,Johnson V,CCD,ATE,1.79,False
5813,SN 2011FE,000-BKD-525,2455840.30009,11.102,0.007,False,Johnson V,CCD,ATE,1.80,False
5814,SN 2011FE,000-BKD-525,2455840.30066,11.112,0.007,False,Johnson V,CCD,ATE,1.80,False
5815,SN 2011FE,000-BKD-525,2455840.30123,11.130,0.007,False,Johnson V,CCD,ATE,1.81,False
5816,SN 2011FE,000-BKD-525,2455840.30180,11.140,0.007,False,Johnson V,CCD,ATE,1.81,False
5817,SN 2011FE,000-BKD-525,2455840.30236,11.104,0.007,False,Johnson V,CCD,ATE,1.82,False
5818,SN 2011FE,000-BKD-525,2455840.30296,11.121,0.007,False,Johnson V,CCD,ATE,1.82,False
5819,SN 2011FE,000-BKD-525,2455840.30355,11.159,0.007,False,Johnson V,CCD,ATE,1.83,False
5820,SN 2011FE,000-BKD-525,2455840.30412,11.122,0.007,False,Johnson V,CCD,ATE,1.83,False
5821,SN 2011FE,000-BKD-525,2455840.30470,11.118,0.007,False,Johnson V,CCD,ATE,1.84,False
5822,SN 2011FE,000-BKD-525,2455840.30527,11.120,0.007,False,Johnson V,CCD,ATE,1.84,False
5823,SN 2011FE,000-BKD-525,2455840.30583,11.135,0.007,False,Johnson V,CCD,ATE,1.85,False
5824,SN 2011FE,000-BKD-525,2455840.30642,11.122,0.007,False,Johnson V,CCD,ATE,1.85,False
5825,SN 2011FE,000-BKD-525,2455840.30699,11.161,0.007,False,Johnson V,CCD,ATE,1.86,False
5826,PTF11KLY,000-BKD-525,2455840.494,12.22,0.10,False,Johnson B,CCD,RHM,,False
5827,PTF11KLY,000-BKD-525,2455840.505,11.16,0.06,False,Johnson V,CCD,RHM,,False
5828,SN 2011FE,000-BKD-525,2455840.50694,11.27,0.05,False,Unfiltered with V Zeropoint,CCD,MFR,2.000,False
5829,SN 2011FE,000-BKD-525,2455840.508,11.3,,False,Visual,Visual,MHH,,
5830,PTF11KLY,000-BKD-525,2455840.514,10.61,0.07,False,Cousins I,CCD,RHM,,False
5831,PTF11KLY,000-BKD-525,2455840.524,10.81,0.07,False,Cousins R,CCD,RHM,,False
5832,SN 2011FE,000-BKD-525,2455841.242,11.3,,False,Visual,Visual,VOL,,
5833,SN 2011FE,000-BKD-525,2455841.273750,10.914,,False,Unfiltered with R Zeropoint,CCD,HND,1.464,False
5834,SN 2011FE,000-BKD-525,2455841.275509,10.866,,False,Unfiltered with R Zeropoint,CCD,HND,1.473,False
5835,SN 2011FE,000-BKD-525,2455841.277269,10.899,,False,Unfiltered with R Zeropoint,CCD,HND,1.481,False
5836,SN 2011FE,000-BKD-525,2455841.279016,10.920,,False,Unfiltered with R Zeropoint,CCD,HND,1.490,False
5837,SN 2011FE,000-BKD-525,2455841.280764,10.928,,False,Unfiltered with R Zeropoint,CCD,HND,1.499,False
5838,SN 2011FE,000-BKD-525,2455841.282535,10.914,,False,Unfiltered with R Zeropoint,CCD,HND,1.508,False
5839,SN 2011FE,000-BKD-525,2455841.284271,10.910,,False,Unfiltered with R Zeropoint,CCD,HND,1.517,False
5840,SN 2011FE,000-BKD-525,2455841.2847,11.5,,False,Visual,Visual,BBI,,
5841,SN 2011FE,000-BKD-525,2455841.286042,10.880,,False,Unfiltered with R Zeropoint,CCD,HND,1.526,False
5842,SN 2011FE,000-BKD-525,2455841.287778,10.896,,False,Unfiltered with R Zeropoint,CCD,HND,1.535,False
5843,SN 2011FE,000-BKD-525,2455841.28859,11.159,0.008,False,Johnson V,CCD,ATE,1.72,False
5844,SN 2011FE,000-BKD-525,2455841.28926,11.239,0.008,False,Johnson V,CCD,ATE,1.73,False
5845,SN 2011FE,000-BKD-525,2455841.289549,10.888,,False,Unfiltered with R Zeropoint,CCD,HND,1.545,False
5846,SN 2011FE,000-BKD-525,2455841.28984,11.189,0.008,False,Johnson V,CCD,ATE,1.73,False
5847,SN 2011FE,000-BKD-525,2455841.29041,11.213,0.007,False,Johnson V,CCD,ATE,1.74,False
5848,SN 2011FE,000-BKD-525,2455841.29097,11.166,0.008,False,Johnson V,CCD,ATE,1.74,False
5849,SN 2011FE,000-BKD-525,2455841.291296,10.925,,False,Unfiltered with R Zeropoint,CCD,HND,1.555,False
5850,SN 2011FE,000-BKD-525,2455841.29154,11.215,0.008,False,Johnson V,CCD,ATE,1.75,False
5851,SN 2011FE,000-BKD-525,2455841.29167,11.5,,False,Visual,Visual,VBH,,
5852,SN 2011FE,000-BKD-525,2455841.29211,11.217,0.008,False,Johnson V,CCD,ATE,1.75,False
5853,SN 2011FE,000-BKD-525,2455841.29271,11.222,0.008,False,Johnson V,CCD,ATE,1.76,False
5854,SN 2011FE,000-BKD-525,2455841.29328,11.209,0.007,False,Johnson V,CCD,ATE,1.76,False
5855,SN 2011FE,000-BKD-525,2455841.29384,11.240,0.008,False,Johnson V,CCD,ATE,1.77,False
5856,SN 2011FE,000-BKD-525,2455841.29441,11.175,0.008,False,Johnson V,CCD,ATE,1.77,False
5857,SN 2011FE,000-BKD-525,2455841.29498,11.215,0.008,False,Johnson V,CCD,ATE,1.78,False
5858,SN 2011FE,000-BKD-525,2455841.29558,11.169,0.008,False,Johnson V,CCD,ATE,1.78,False
5859,SN 2011FE,000-BKD-525,2455841.29618,11.229,0.008,False,Johnson V,CCD,ATE,1.79,False
5860,SN 2011FE,000-BKD-525,2455841.29678,11.232,0.008,False,Johnson V,CCD,ATE,1.79,False
5861,SN 2011FE,000-BKD-525,2455841.29738,11.241,0.007,False,Johnson V,CCD,ATE,1.80,False
5862,SN 2011FE,000-BKD-525,2455841.29799,11.235,0.007,False,Johnson V,CCD,ATE,1.80,False
5863,SN 2011FE,000-BKD-525,2455841.29859,11.187,0.008,False,Johnson V,CCD,ATE,1.81,False
5864,SN 2011FE,000-BKD-525,2455841.29917,11.239,0.011,False,Johnson V,CCD,ATE,1.81,False
5865,SN 2011FE,000-BKD-525,2455841.29977,11.207,0.010,False,Johnson V,CCD,ATE,1.82,False
5866,SN 2011FE,000-BKD-525,2455841.30037,11.168,0.012,False,Johnson V,CCD,ATE,1.82,False
5867,SN 2011FE,000-BKD-525,2455841.30097,11.174,0.011,False,Johnson V,CCD,ATE,1.83,False
5868,SN 2011FE,000-BKD-525,2455841.30154,11.216,0.010,False,Johnson V,CCD,ATE,1.83,False
5869,SN 2011FE,000-BKD-525,2455841.30211,11.202,0.012,False,Johnson V,CCD,ATE,1.84,False
5870,SN 2011FE,000-BKD-525,2455841.30267,11.198,0.011,False,Johnson V,CCD,ATE,1.84,False
5871,SN 2011FE,000-BKD-525,2455841.30324,11.223,0.012,False,Johnson V,CCD,ATE,1.85,False
5872,SN 2011FE,000-BKD-525,2455841.30384,11.212,0.012,False,Johnson V,CCD,ATE,1.86,False
5873,SN 2011FE,000-BKD-525,2455841.30445,11.211,0.013,False,Johnson V,CCD,ATE,1.86,False
5874,SN 2011FE,000-BKD-525,2455841.30505,11.188,0.013,False,Johnson V,CCD,ATE,1.87,False
5875,SN 2011FE,000-BKD-525,2455841.30564,11.171,0.013,False,Johnson V,CCD,ATE,1.87,False
5876,SN 2011FE,000-BKD-525,2455841.30620,11.177,0.012,False,Johnson V,CCD,ATE,1.88,False
5877,SN 2011FE,000-BKD-525,2455841.30681,11.198,0.011,False,Johnson V,CCD,ATE,1.88,False
5878,SN 2011FE,000-BKD-525,2455841.30737,11.225,0.010,False,Johnson V,CCD,ATE,1.89,False
5879,SN 2011FE,000-BKD-525,2455841.30798,11.232,0.010,False,Johnson V,CCD,ATE,1.90,False
5880,SN 2011FE,000-BKD-525,2455841.30854,11.226,0.012,False,Johnson V,CCD,ATE,1.90,False
5881,SN 2011FE,000-BKD-525,2455841.31198,11.227,0.010,False,Johnson V,CCD,ATE,1.94,False
5882,PTF11KLY,000-BKD-525,2455841.489,12.30,0.10,False,Johnson B,CCD,RHM,,False
5883,PTF11KLY,000-BKD-525,2455841.497,11.21,0.07,False,Johnson V,CCD,RHM,,False
5884,PTF11KLY,000-BKD-525,2455841.507,10.87,0.06,False,Cousins R,CCD,RHM,,False
5885,PTF11KLY,000-BKD-525,2455841.516,10.62,0.08,False,Cousins I,CCD,RHM,,False
5886,SN 2011FE,000-BKD-525,2455841.544144,12.254,0.046,False,Johnson B,CCD,KPK,,False
5887,SN 2011FE,000-BKD-525,2455841.547836,10.867,0.013,False,Cousins R,CCD,KPK,,False
5888,SN 2011FE,000-BKD-525,2455841.549375,10.879,0.015,False,Cousins R,CCD,KPK,,False
5889,SN 2011FE,000-BKD-525,2455841.5500,11.5,,False,Visual,Visual,KRB,,
5890,SN 2011FE,000-BKD-525,2455841.550914,10.869,0.015,False,Cousins R,CCD,KPK,,False
5891,SN 2011FE,000-BKD-525,2455841.552454,10.880,0.015,False,Cousins R,CCD,KPK,,False
5892,SN 2011FE,000-BKD-525,2455841.558866,12.270,0.050,False,Johnson B,CCD,KPK,,False
5893,SN 2011FE,000-BKD-525,2455841.561331,12.225,0.060,False,Johnson B,CCD,KPK,,False
5894,SN 2011FE,000-BKD-525,2455841.568345,11.213,0.028,False,Johnson V,CCD,KPK,,False
5895,SN 2011FE,000-BKD-525,2455841.569884,11.199,0.028,False,Johnson V,CCD,KPK,,False
5896,SN 2011FE,000-BKD-525,2455841.571435,11.219,0.027,False,Johnson V,CCD,KPK,,False
5897,SN 2011FE,000-BKD-525,2455841.572975,11.213,0.027,False,Johnson V,CCD,KPK,,False
5898,SN 2011FE,000-BKD-525,2455841.57354,11.3,,True,Visual,Visual,DDJ,,
5899,SN 2011FE,000-BKD-525,2455841.574583,10.897,0.022,False,Cousins R,CCD,KPK,,False
5900,SN 2011FE,000-BKD-525,2455841.576111,10.875,0.023,False,Cousins R,CCD,KPK,,False
5901,SN 2011FE,000-BKD-525,2455841.57765,10.847,0.026,False,Cousins R,CCD,KPK,,False
5902,SN 2011FE,000-BKD-525,2455841.57919,10.838,0.031,False,Cousins R,CCD,KPK,,False
5903,SN 2011FE,000-BKD-525,2455841.6167,11.1,,False,Unknown,CCD,HUR,,
5904,SN 2011FE,000-BKD-525,2455841.6215,11.5,,False,Visual,Visual,ILE,,
5905,SN 2011FE,000-BKD-525,2455841.62153,11.5,,False,Visual,Visual,ILE,,
5906,SN 2011FE,000-BKD-525,2455842.265521,10.898,,False,Unfiltered with R Zeropoint,CCD,HND,1.438,False
5907,SN 2011FE,000-BKD-525,2455842.267257,10.917,,False,Unfiltered with R Zeropoint,CCD,HND,1.446,False
5908,SN 2011FE,000-BKD-525,2455842.269016,10.922,,False,Unfiltered with R Zeropoint,CCD,HND,1.454,False
5909,SN 2011FE,000-BKD-525,2455842.270764,10.927,,False,Unfiltered with R Zeropoint,CCD,HND,1.463,False
5910,SN 2011FE,000-BKD-525,2455842.272535,10.945,,False,Unfiltered with R Zeropoint,CCD,HND,1.471,False
5911,SN 2011FE,000-BKD-525,2455842.274271,10.949,,False,Unfiltered with R Zeropoint,CCD,HND,1.480,False
5912,SN 2011FE,000-BKD-525,2455842.276030,10.945,,False,Unfiltered with R Zeropoint,CCD,HND,1.489,False
5913,SN 2011FE,000-BKD-525,2455842.277778,10.934,,False,Unfiltered with R Zeropoint,CCD,HND,1.498,False
5914,SN 2011FE,000-BKD-525,2455842.279537,10.951,,False,Unfiltered with R Zeropoint,CCD,HND,1.507,False
5915,SN 2011FE,000-BKD-525,2455842.281273,10.953,,False,Unfiltered with R Zeropoint,CCD,HND,1.516,False
5916,SN 2011FE,000-BKD-525,2455842.283044,10.948,,False,Unfiltered with R Zeropoint,CCD,HND,1.525,False
5917,SN 2011FE,000-BKD-525,2455842.28316,11.347,0.009,False,Johnson V,CCD,ATE,1.70,False
5918,SN 2011FE,000-BKD-525,2455842.28388,11.345,0.009,False,Johnson V,CCD,ATE,1.71,False
5919,SN 2011FE,000-BKD-525,2455842.28447,11.346,0.009,False,Johnson V,CCD,ATE,1.71,False
5920,SN 2011FE,000-BKD-525,2455842.284780,10.945,,False,Unfiltered with R Zeropoint,CCD,HND,1.534,False
5921,SN 2011FE,000-BKD-525,2455842.28508,11.336,0.010,False,Johnson V,CCD,ATE,1.72,False
5922,SN 2011FE,000-BKD-525,2455842.28565,11.333,0.010,False,Johnson V,CCD,ATE,1.72,False
5923,SN 2011FE,000-BKD-525,2455842.28624,11.342,0.010,False,Johnson V,CCD,ATE,1.73,False
5924,SN 2011FE,000-BKD-525,2455842.286551,10.935,,False,Unfiltered with R Zeropoint,CCD,HND,1.544,False
5925,SN 2011FE,000-BKD-525,2455842.28684,11.348,0.010,False,Johnson V,CCD,ATE,1.73,False
5926,SN 2011FE,000-BKD-525,2455842.28741,11.331,0.010,False,Johnson V,CCD,ATE,1.73,False
5927,SN 2011FE,000-BKD-525,2455842.28798,11.332,0.010,False,Johnson V,CCD,ATE,1.74,False
5928,SN 2011FE,000-BKD-525,2455842.288287,10.952,,False,Unfiltered with R Zeropoint,CCD,HND,1.553,False
5929,SN 2011FE,000-BKD-525,2455842.28857,11.331,0.010,False,Johnson V,CCD,ATE,1.74,False
5930,SN 2011FE,000-BKD-525,2455842.28914,11.342,0.009,False,Johnson V,CCD,ATE,1.75,False
5931,SN 2011FE,000-BKD-525,2455842.28971,11.312,0.009,False,Johnson V,CCD,ATE,1.75,False
5932,SN 2011FE,000-BKD-525,2455842.290046,10.977,,False,Unfiltered with R Zeropoint,CCD,HND,1.563,False
5933,SN 2011FE,000-BKD-525,2455842.29028,11.299,0.009,False,Johnson V,CCD,ATE,1.76,False
5934,SN 2011FE,000-BKD-525,2455842.29084,11.340,0.010,False,Johnson V,CCD,ATE,1.76,False
5935,SN 2011FE,000-BKD-525,2455842.29145,11.320,0.010,False,Johnson V,CCD,ATE,1.77,False
5936,SN 2011FE,000-BKD-525,2455842.29205,11.305,0.010,False,Johnson V,CCD,ATE,1.77,False
5937,SN 2011FE,000-BKD-525,2455842.29261,11.315,0.010,False,Johnson V,CCD,ATE,1.78,False
5938,SN 2011FE,000-BKD-525,2455842.29320,11.339,0.010,False,Johnson V,CCD,ATE,1.78,False
5939,SN 2011FE,000-BKD-525,2455842.29378,11.341,0.009,False,Johnson V,CCD,ATE,1.79,False
5940,SN 2011FE,000-BKD-525,2455842.29439,11.333,0.010,False,Johnson V,CCD,ATE,1.79,False
5941,SN 2011FE,000-BKD-525,2455842.29498,11.307,0.010,False,Johnson V,CCD,ATE,1.80,False
5942,SN 2011FE,000-BKD-525,2455842.29554,11.347,0.009,False,Johnson V,CCD,ATE,1.80,False
5943,SN 2011FE,000-BKD-525,2455842.29612,11.323,0.009,False,Johnson V,CCD,ATE,1.81,False
5944,SN 2011FE,000-BKD-525,2455842.29669,11.305,0.009,False,Johnson V,CCD,ATE,1.82,False
5945,SN 2011FE,000-BKD-525,2455842.29726,11.306,0.009,False,Johnson V,CCD,ATE,1.82,False
5946,SN 2011FE,000-BKD-525,2455842.29782,11.345,0.009,False,Johnson V,CCD,ATE,1.83,False
5947,SN 2011FE,000-BKD-525,2455842.29839,11.351,0.009,False,Johnson V,CCD,ATE,1.83,False
5948,SN 2011FE,000-BKD-525,2455842.29899,11.310,0.009,False,Johnson V,CCD,ATE,1.84,False
5949,SN 2011FE,000-BKD-525,2455842.29956,11.330,0.009,False,Johnson V,CCD,ATE,1.84,False
5950,SN 2011FE,000-BKD-525,2455842.30013,11.307,0.009,False,Johnson V,CCD,ATE,1.85,False
5951,SN 2011FE,000-BKD-525,2455842.30069,11.342,0.009,False,Johnson V,CCD,ATE,1.85,False
5952,SN 2011FE,000-BKD-525,2455842.30126,11.302,0.009,False,Johnson V,CCD,ATE,1.86,False
5953,SN 2011FE,000-BKD-525,2455842.30183,11.298,0.009,False,Johnson V,CCD,ATE,1.86,False
5954,SN 2011FE,000-BKD-525,2455842.30243,11.344,0.009,False,Johnson V,CCD,ATE,1.87,False
5955,SN 2011FE,000-BKD-525,2455842.30302,11.334,0.010,False,Johnson V,CCD,ATE,1.87,False
5956,SN 2011FE,000-BKD-525,2455842.30359,11.322,0.009,False,Johnson V,CCD,ATE,1.88,False
5957,SN 2011FE,000-BKD-525,2455842.30419,11.300,0.009,False,Johnson V,CCD,ATE,1.89,False
5958,SN 2011FE,000-BKD-525,2455842.30476,11.305,0.010,False,Johnson V,CCD,ATE,1.89,False
5959,SN 2011FE,000-BKD-525,2455842.30532,11.349,0.010,False,Johnson V,CCD,ATE,1.90,False
5960,SN 2011FE,000-BKD-525,2455842.30589,11.328,0.011,False,Johnson V,CCD,ATE,1.90,False
5961,SN 2011FE,000-BKD-525,2455842.30646,11.334,0.011,False,Johnson V,CCD,ATE,1.91,False
5962,SN 2011FE,000-BKD-525,2455842.31458,11.4,,False,Visual,Visual,SJZ,,
5963,SN 2011FE,000-BKD-525,2455842.31912,11.247,0.053,False,Johnson V,CCD,PXR,,False
5964,SN 2011FE,000-BKD-525,2455842.31938,11.216,0.053,False,Johnson V,CCD,PXR,,False
5965,SN 2011FE,000-BKD-525,2455842.31964,11.240,0.053,False,Johnson V,CCD,PXR,,False
5966,SN 2011FE,000-BKD-525,2455842.31991,11.204,0.053,False,Johnson V,CCD,PXR,,False
5967,SN 2011FE,000-BKD-525,2455842.32,11.38,0.01,False,Unfiltered with V Zeropoint,CCD,HNDA,,False
5968,SN 2011FE,000-BKD-525,2455842.32017,11.265,0.053,False,Johnson V,CCD,PXR,,False
5969,SN 2011FE,000-BKD-525,2455842.32044,11.274,0.053,False,Johnson V,CCD,PXR,,False
5970,SN 2011FE,000-BKD-525,2455842.32071,11.248,0.053,False,Johnson V,CCD,PXR,,False
5971,SN 2011FE,000-BKD-525,2455842.32097,11.279,0.052,False,Johnson V,CCD,PXR,,False
5972,SN 2011FE,000-BKD-525,2455842.32124,11.165,0.054,False,Johnson V,CCD,PXR,,False
5973,SN 2011FE,000-BKD-525,2455842.32149,11.209,0.053,False,Johnson V,CCD,PXR,,False
5974,SN 2011FE,000-BKD-525,2455842.32176,11.228,0.053,False,Johnson V,CCD,PXR,,False
5975,SN 2011FE,000-BKD-525,2455842.32203,11.232,0.053,False,Johnson V,CCD,PXR,,False
5976,SN 2011FE,000-BKD-525,2455842.32228,11.297,0.052,False,Johnson V,CCD,PXR,,False
5977,SN 2011FE,000-BKD-525,2455842.32255,11.181,0.054,False,Johnson V,CCD,PXR,,False
5978,SN 2011FE,000-BKD-525,2455842.32280,11.171,0.055,False,Johnson V,CCD,PXR,,False
5979,SN 2011FE,000-BKD-525,2455842.32307,11.247,0.054,False,Johnson V,CCD,PXR,,False
5980,SN 2011FE,000-BKD-525,2455842.32333,11.261,0.054,False,Johnson V,CCD,PXR,,False
5981,SN 2011FE,000-BKD-525,2455842.32359,11.125,0.057,False,Johnson V,CCD,PXR,,False
5982,SN 2011FE,000-BKD-525,2455842.32385,11.165,0.055,False,Johnson V,CCD,PXR,,False
5983,SN 2011FE,000-BKD-525,2455842.32412,11.243,0.054,False,Johnson V,CCD,PXR,,False
5984,SN 2011FE,000-BKD-525,2455842.32438,11.148,0.055,False,Johnson V,CCD,PXR,,False
5985,SN 2011FE,000-BKD-525,2455842.32464,11.175,0.055,False,Johnson V,CCD,PXR,,False
5986,SN 2011FE,000-BKD-525,2455842.32491,11.151,0.056,False,Johnson V,CCD,PXR,,False
5987,SN 2011FE,000-BKD-525,2455842.32516,11.246,0.054,False,Johnson V,CCD,PXR,,False
5988,SN 2011FE,000-BKD-525,2455842.32543,11.178,0.055,False,Johnson V,CCD,PXR,,False
5989,SN 2011FE,000-BKD-525,2455842.32569,11.175,0.054,False,Johnson V,CCD,PXR,,False
5990,SN 2011FE,000-BKD-525,2455842.32596,11.192,0.054,False,Johnson V,CCD,PXR,,False
5991,SN 2011FE,000-BKD-525,2455842.32622,11.195,0.054,False,Johnson V,CCD,PXR,,False
5992,SN 2011FE,000-BKD-525,2455842.32648,11.164,0.055,False,Johnson V,CCD,PXR,,False
5993,SN 2011FE,000-BKD-525,2455842.32674,11.138,0.055,False,Johnson V,CCD,PXR,,False
5994,SN 2011FE,000-BKD-525,2455842.32700,11.199,0.054,False,Johnson V,CCD,PXR,,False
5995,SN 2011FE,000-BKD-525,2455842.32727,11.145,0.055,False,Johnson V,CCD,PXR,,False
5996,SN 2011FE,000-BKD-525,2455842.32753,11.243,0.053,False,Johnson V,CCD,PXR,,False
5997,SN 2011FE,000-BKD-525,2455842.32779,11.258,0.053,False,Johnson V,CCD,PXR,,False
5998,SN 2011FE,000-BKD-525,2455842.32806,11.213,0.054,False,Johnson V,CCD,PXR,,False
5999,SN 2011FE,000-BKD-525,2455842.32832,11.059,0.056,False,Johnson V,CCD,PXR,,False
6000,SN 2011FE,000-BKD-525,2455842.32858,11.146,0.055,False,Johnson V,CCD,PXR,,False
6001,SN 2011FE,000-BKD-525,2455842.32884,11.215,0.055,False,Johnson V,CCD,PXR,,False
6002,SN 2011FE,000-BKD-525,2455842.32911,11.238,0.055,False,Johnson V,CCD,PXR,,False
6003,SN 2011FE,000-BKD-525,2455842.32936,11.167,0.055,False,Johnson V,CCD,PXR,,False
6004,SN 2011FE,000-BKD-525,2455842.32963,11.119,0.057,False,Johnson V,CCD,PXR,,False
6005,SN 2011FE,000-BKD-525,2455842.32990,11.158,0.056,False,Johnson V,CCD,PXR,,False
6006,SN 2011FE,000-BKD-525,2455842.33016,11.179,0.055,False,Johnson V,CCD,PXR,,False
6007,SN 2011FE,000-BKD-525,2455842.33042,11.220,0.055,False,Johnson V,CCD,PXR,,False
6008,SN 2011FE,000-BKD-525,2455842.33068,11.237,0.054,False,Johnson V,CCD,PXR,,False
6009,SN 2011FE,000-BKD-525,2455842.33094,11.072,0.058,False,Johnson V,CCD,PXR,,False
6010,SN 2011FE,000-BKD-525,2455842.33120,11.061,0.057,False,Johnson V,CCD,PXR,,False
6011,SN 2011FE,000-BKD-525,2455842.33147,11.123,0.057,False,Johnson V,CCD,PXR,,False
6012,SN 2011FE,000-BKD-525,2455842.33172,11.214,0.057,False,Johnson V,CCD,PXR,,False
6013,PTF11KLY,000-BKD-525,2455842.487,12.40,0.11,False,Johnson B,CCD,RHM,,False
6014,SN 2011FE,000-BKD-525,2455842.5000,11.4,,False,Visual,Visual,BRJ,,
6015,PTF11KLY,000-BKD-525,2455842.500,11.27,0.06,False,Johnson V,CCD,RHM,,False
6016,PTF11KLY,000-BKD-525,2455842.508,10.90,0.06,False,Cousins R,CCD,RHM,,False
6017,SN 2011FE,000-BKD-525,2455842.514,11.7,,False,Visual,Visual,MHH,,
6018,PTF11kly,000-BKD-525,2455842.517,10.61,0.07,False,Cousins I,CCD,RHM,,False
6019,SN 2011FE,000-BKD-525,2455842.532627,10.920,0.017,False,Cousins R,CCD,KPK,,False
6020,SN 2011FE,000-BKD-525,2455842.535706,10.922,0.019,False,Cousins R,CCD,KPK,,False
6021,SN 2011FE,000-BKD-525,2455842.537269,12.310,0.053,False,Johnson B,CCD,KPK,,False
6022,SN 2011FE,000-BKD-525,2455842.54736,11.5,,False,Visual,Visual,DDJ,,
6023,SN 2011FE,000-BKD-525,2455842.553692,11.265,0.048,False,Johnson V,CCD,KPK,,False
6024,SN 2011FE,000-BKD-525,2455842.555208,11.267,0.044,False,Johnson V,CCD,KPK,,False
6025,SN 2011FE,000-BKD-525,2455842.556713,11.275,0.046,False,Johnson V,CCD,KPK,,False
6026,SN 2011FE,000-BKD-525,2455842.558229,11.282,0.048,False,Johnson V,CCD,KPK,,False
6027,SN 2011FE,000-BKD-525,2455842.559861,10.929,0.062,False,Cousins R,CCD,KPK,,False
6028,SN 2011FE,000-BKD-525,2455842.561377,10.907,0.065,False,Cousins R,CCD,KPK,,False
6029,SN 2011FE,000-BKD-525,2455842.562894,10.940,0.052,False,Cousins R,CCD,KPK,,False
6030,SN 2011FE,000-BKD-525,2455843.24251,11.298,0.024,False,Johnson V,CCD,SJAR,1.503,False
6031,SN 2011FE,000-BKD-525,2455843.24289,10.915,0.020,False,Cousins R,CCD,SJAR,1.504,False
6032,SN 2011FE,000-BKD-525,2455843.24327,12.348,0.066,False,Johnson B,CCD,SJAR,1.506,False
6033,SN 2011FE,000-BKD-525,2455843.24366,10.599,0.054,False,Cousins I,CCD,SJAR,1.507,False
6034,SN 2011FE,000-BKD-525,2455843.26736,11.4,,False,Visual,Visual,SJZ,,
6035,SN 2011FE,000-BKD-525,2455843.28075,11.428,0.008,False,Johnson V,CCD,ATE,1.70,False
6036,SN 2011FE,000-BKD-525,2455843.2813,11.5,,False,Visual,Visual,PLP,,
6037,SN 2011FE,000-BKD-525,2455843.28150,11.436,0.008,False,Johnson V,CCD,ATE,1.71,False
6038,SN 2011FE,000-BKD-525,2455843.28207,11.431,0.008,False,Johnson V,CCD,ATE,1.71,False
6039,SN 2011FE,000-BKD-525,2455843.28264,11.424,0.008,False,Johnson V,CCD,ATE,1.72,False
6040,SN 2011FE,000-BKD-525,2455843.28324,11.410,0.008,False,Johnson V,CCD,ATE,1.72,False
6041,SN 2011FE,000-BKD-525,2455843.28381,11.419,0.008,False,Johnson V,CCD,ATE,1.73,False
6042,SN 2011FE,000-BKD-525,2455843.28440,11.421,0.008,False,Johnson V,CCD,ATE,1.73,False
6043,SN 2011FE,000-BKD-525,2455843.28496,11.439,0.008,False,Johnson V,CCD,ATE,1.74,False
6044,SN 2011FE,000-BKD-525,2455843.28553,11.439,0.008,False,Johnson V,CCD,ATE,1.74,False
6045,SN 2011FE,000-BKD-525,2455843.28611,11.442,0.008,False,Johnson V,CCD,ATE,1.75,False
6046,SN 2011FE,000-BKD-525,2455843.28668,11.418,0.008,False,Johnson V,CCD,ATE,1.75,False
6047,SN 2011FE,000-BKD-525,2455843.28724,11.438,0.008,False,Johnson V,CCD,ATE,1.76,False
6048,SN 2011FE,000-BKD-525,2455843.28781,11.408,0.008,False,Johnson V,CCD,ATE,1.76,False
6049,SN 2011FE,000-BKD-525,2455843.28840,11.393,0.008,False,Johnson V,CCD,ATE,1.77,False
6050,SN 2011FE,000-BKD-525,2455843.28897,11.405,0.008,False,Johnson V,CCD,ATE,1.77,False
6051,SN 2011FE,000-BKD-525,2455843.28954,11.420,0.008,False,Johnson V,CCD,ATE,1.78,False
6052,SN 2011FE,000-BKD-525,2455843.29011,11.389,0.008,False,Johnson V,CCD,ATE,1.78,False
6053,SN 2011FE,000-BKD-525,2455843.29068,11.406,0.008,False,Johnson V,CCD,ATE,1.79,False
6054,SN 2011FE,000-BKD-525,2455843.29125,11.422,0.008,False,Johnson V,CCD,ATE,1.79,False
6055,SN 2011FE,000-BKD-525,2455843.29182,11.391,0.008,False,Johnson V,CCD,ATE,1.80,False
6056,SN 2011FE,000-BKD-525,2455843.29238,11.403,0.008,False,Johnson V,CCD,ATE,1.80,False
6057,SN 2011FE,000-BKD-525,2455843.29295,11.416,0.008,False,Johnson V,CCD,ATE,1.81,False
6058,SN 2011FE,000-BKD-525,2455843.29355,11.394,0.008,False,Johnson V,CCD,ATE,1.81,False
6059,SN 2011FE,000-BKD-525,2455843.29412,11.417,0.008,False,Johnson V,CCD,ATE,1.82,False
6060,SN 2011FE,000-BKD-525,2455843.29469,11.405,0.008,False,Johnson V,CCD,ATE,1.82,False
6061,SN 2011FE,000-BKD-525,2455843.29525,11.419,0.008,False,Johnson V,CCD,ATE,1.83,False
6062,SN 2011FE,000-BKD-525,2455843.29589,11.410,0.008,False,Johnson V,CCD,ATE,1.83,False
6063,SN 2011FE,000-BKD-525,2455843.29646,11.387,0.008,False,Johnson V,CCD,ATE,1.84,False
6064,SN 2011FE,000-BKD-525,2455843.29702,11.391,0.008,False,Johnson V,CCD,ATE,1.84,False
6065,SN 2011FE,000-BKD-525,2455843.29763,11.389,0.008,False,Johnson V,CCD,ATE,1.85,False
6066,SN 2011FE,000-BKD-525,2455843.29819,11.392,0.008,False,Johnson V,CCD,ATE,1.86,False
6067,SN 2011FE,000-BKD-525,2455843.29876,11.421,0.008,False,Johnson V,CCD,ATE,1.86,False
6068,SN 2011FE,000-BKD-525,2455843.30328,11.356,0.054,False,Johnson V,CCD,SJAR,1.777,False
6069,SN 2011FE,000-BKD-525,2455843.30365,11.330,0.038,False,Johnson V,CCD,SJAR,1.779,False
6070,SN 2011FE,000-BKD-525,2455843.30402,11.397,0.041,False,Johnson V,CCD,SJAR,1.781,False
6071,SN 2011FE,000-BKD-525,2455843.30439,11.276,0.044,False,Johnson V,CCD,SJAR,1.782,False
6072,SN 2011FE,000-BKD-525,2455843.30476,11.336,0.035,False,Johnson V,CCD,SJAR,1.784,False
6073,SN 2011FE,000-BKD-525,2455843.30514,11.240,0.049,False,Johnson V,CCD,SJAR,1.786,False
6074,SN 2011FE,000-BKD-525,2455843.30551,11.377,0.060,False,Johnson V,CCD,SJAR,1.788,False
6075,SN 2011FE,000-BKD-525,2455843.30588,11.345,0.030,False,Johnson V,CCD,SJAR,1.790,False
6076,SN 2011FE,000-BKD-525,2455843.30625,11.321,0.033,False,Johnson V,CCD,SJAR,1.792,False
6077,SN 2011FE,000-BKD-525,2455843.30662,11.386,0.034,False,Johnson V,CCD,SJAR,1.793,False
6078,SN 2011FE,000-BKD-525,2455843.30699,11.324,0.040,False,Johnson V,CCD,SJAR,1.795,False
6079,SN 2011FE,000-BKD-525,2455843.30737,11.355,0.043,False,Johnson V,CCD,SJAR,1.797,False
6080,SN 2011FE,000-BKD-525,2455843.30774,11.377,0.038,False,Johnson V,CCD,SJAR,1.799,False
6081,SN 2011FE,000-BKD-525,2455843.30811,11.291,0.057,False,Johnson V,CCD,SJAR,1.801,False
6082,SN 2011FE,000-BKD-525,2455843.30848,11.318,0.076,False,Johnson V,CCD,SJAR,1.803,False
6083,SN 2011FE,000-BKD-525,2455843.30885,11.273,0.065,False,Johnson V,CCD,SJAR,1.804,False
6084,SN 2011FE,000-BKD-525,2455843.30937,11.285,0.114,False,Johnson V,CCD,SJAR,1.807,False
6085,SN 2011FE,000-BKD-525,2455843.30974,11.147,0.163,False,Johnson V,CCD,SJAR,1.809,False
6086,SN 2011FE,000-BKD-525,2455843.31049,11.248,0.122,False,Johnson V,CCD,SJAR,1.813,False
6087,SN 2011FE,000-BKD-525,2455843.31086,11.327,0.147,False,Johnson V,CCD,SJAR,1.814,False
6088,SN 2011FE,000-BKD-525,2455843.31123,11.242,0.092,False,Johnson V,CCD,SJAR,1.816,False
6089,SN 2011FE,000-BKD-525,2455843.31160,11.274,0.071,False,Johnson V,CCD,SJAR,1.818,False
6090,SN 2011FE,000-BKD-525,2455843.31197,11.384,0.083,False,Johnson V,CCD,SJAR,1.820,False
6091,SN 2011FE,000-BKD-525,2455843.31235,11.350,0.058,False,Johnson V,CCD,SJAR,1.822,False
6092,SN 2011FE,000-BKD-525,2455843.31272,11.328,0.095,False,Johnson V,CCD,SJAR,1.824,False
6093,SN 2011FE,000-BKD-525,2455843.31309,11.343,0.070,False,Johnson V,CCD,SJAR,1.825,False
6094,SN 2011FE,000-BKD-525,2455843.31346,11.327,0.055,False,Johnson V,CCD,SJAR,1.827,False
6095,SN 2011FE,000-BKD-525,2455843.31383,11.385,0.072,False,Johnson V,CCD,SJAR,1.829,False
6096,SN 2011FE,000-BKD-525,2455843.31420,11.410,0.064,False,Johnson V,CCD,SJAR,1.831,False
6097,SN 2011FE,000-BKD-525,2455843.31458,11.269,0.052,False,Johnson V,CCD,SJAR,1.833,False
6098,SN 2011FE,000-BKD-525,2455843.31496,11.348,0.049,False,Johnson V,CCD,SJAR,1.835,False
6099,SN 2011FE,000-BKD-525,2455843.31534,11.287,0.043,False,Johnson V,CCD,SJAR,1.837,False
6100,SN 2011FE,000-BKD-525,2455843.31571,11.325,0.037,False,Johnson V,CCD,SJAR,1.839,False
6101,SN 2011FE,000-BKD-525,2455843.31608,11.351,0.033,False,Johnson V,CCD,SJAR,1.840,False
6102,SN 2011FE,000-BKD-525,2455843.31646,11.378,0.031,False,Johnson V,CCD,SJAR,1.842,False
6103,SN 2011FE,000-BKD-525,2455843.31684,11.346,0.032,False,Johnson V,CCD,SJAR,1.844,False
6104,SN 2011FE,000-BKD-525,2455843.31722,11.342,0.032,False,Johnson V,CCD,SJAR,1.846,False
6105,SN 2011FE,000-BKD-525,2455843.31759,11.304,0.031,False,Johnson V,CCD,SJAR,1.848,False
6106,SN 2011FE,000-BKD-525,2455843.31796,11.326,0.031,False,Johnson V,CCD,SJAR,1.850,False
6107,SN 2011FE,000-BKD-525,2455843.31834,11.369,0.029,False,Johnson V,CCD,SJAR,1.852,False
6108,SN 2011FE,000-BKD-525,2455843.31871,11.335,0.029,False,Johnson V,CCD,SJAR,1.854,False
6109,SN 2011FE,000-BKD-525,2455843.31908,11.310,0.030,False,Johnson V,CCD,SJAR,1.855,False
6110,SN 2011FE,000-BKD-525,2455843.31945,11.333,0.029,False,Johnson V,CCD,SJAR,1.857,False
6111,SN 2011FE,000-BKD-525,2455843.31983,11.323,0.030,False,Johnson V,CCD,SJAR,1.859,False
6112,SN 2011FE,000-BKD-525,2455843.32023,11.358,0.029,False,Johnson V,CCD,SJAR,1.861,False
6113,SN 2011FE,000-BKD-525,2455843.32060,11.340,0.029,False,Johnson V,CCD,SJAR,1.863,False
6114,SN 2011FE,000-BKD-525,2455843.32097,11.309,0.030,False,Johnson V,CCD,SJAR,1.865,False
6115,SN 2011FE,000-BKD-525,2455843.32135,11.325,0.029,False,Johnson V,CCD,SJAR,1.867,False
6116,SN 2011FE,000-BKD-525,2455843.32172,11.336,0.029,False,Johnson V,CCD,SJAR,1.869,False
6117,SN 2011FE,000-BKD-525,2455843.32209,11.330,0.029,False,Johnson V,CCD,SJAR,1.871,False
6118,SN 2011FE,000-BKD-525,2455843.32246,11.331,0.029,False,Johnson V,CCD,SJAR,1.872,False
6119,SN 2011FE,000-BKD-525,2455843.32283,11.335,0.029,False,Johnson V,CCD,SJAR,1.874,False
6120,SN 2011FE,000-BKD-525,2455843.32321,11.333,0.029,False,Johnson V,CCD,SJAR,1.876,False
6121,SN 2011FE,000-BKD-525,2455843.32358,11.335,0.029,False,Johnson V,CCD,SJAR,1.878,False
6122,SN 2011FE,000-BKD-525,2455843.32396,11.352,0.029,False,Johnson V,CCD,SJAR,1.880,False
6123,SN 2011FE,000-BKD-525,2455843.32434,11.368,0.028,False,Johnson V,CCD,SJAR,1.882,False
6124,SN 2011FE,000-BKD-525,2455843.32473,11.303,0.030,False,Johnson V,CCD,SJAR,1.884,False
6125,SN 2011FE,000-BKD-525,2455843.32511,11.331,0.029,False,Johnson V,CCD,SJAR,1.886,False
6126,SN 2011FE,000-BKD-525,2455843.32548,11.327,0.030,False,Johnson V,CCD,SJAR,1.888,False
6127,SN 2011FE,000-BKD-525,2455843.32833,10.941,0.036,False,Cousins R,CCD,SJAR,1.902,False
6128,SN 2011FE,000-BKD-525,2455843.32853,10.901,0.037,False,Cousins R,CCD,SJAR,1.903,False
6129,SN 2011FE,000-BKD-525,2455843.32873,10.879,0.038,False,Cousins R,CCD,SJAR,1.904,False
6130,SN 2011FE,000-BKD-525,2455843.32893,10.934,0.036,False,Cousins R,CCD,SJAR,1.905,False
6131,SN 2011FE,000-BKD-525,2455843.32914,10.939,0.036,False,Cousins R,CCD,SJAR,1.906,False
6132,SN 2011FE,000-BKD-525,2455843.32934,10.934,0.036,False,Cousins R,CCD,SJAR,1.907,False
6133,SN 2011FE,000-BKD-525,2455843.32954,10.951,0.036,False,Cousins R,CCD,SJAR,1.908,False
6134,SN 2011FE,000-BKD-525,2455843.32985,10.916,0.037,False,Cousins R,CCD,SJAR,1.910,False
6135,SN 2011FE,000-BKD-525,2455843.33010,10.954,0.037,False,Cousins R,CCD,SJAR,1.911,False
6136,SN 2011FE,000-BKD-525,2455843.33030,10.935,0.036,False,Cousins R,CCD,SJAR,1.912,False
6137,SN 2011FE,000-BKD-525,2455843.33050,10.918,0.037,False,Cousins R,CCD,SJAR,1.913,False
6138,SN 2011FE,000-BKD-525,2455843.33070,10.937,0.036,False,Cousins R,CCD,SJAR,1.914,False
6139,SN 2011FE,000-BKD-525,2455843.33089,10.923,0.038,False,Cousins R,CCD,SJAR,1.915,False
6140,SN 2011FE,000-BKD-525,2455843.33109,10.950,0.037,False,Cousins R,CCD,SJAR,1.916,False
6141,SN 2011FE,000-BKD-525,2455843.33129,10.905,0.038,False,Cousins R,CCD,SJAR,1.917,False
6142,SN 2011FE,000-BKD-525,2455843.33149,10.955,0.036,False,Cousins R,CCD,SJAR,1.918,False
6143,SN 2011FE,000-BKD-525,2455843.33169,10.930,0.037,False,Cousins R,CCD,SJAR,1.919,False
6144,SN 2011FE,000-BKD-525,2455843.33188,10.889,0.037,False,Cousins R,CCD,SJAR,1.920,False
6145,SN 2011FE,000-BKD-525,2455843.33208,10.923,0.037,False,Cousins R,CCD,SJAR,1.921,False
6146,SN 2011FE,000-BKD-525,2455843.33228,10.945,0.037,False,Cousins R,CCD,SJAR,1.922,False
6147,SN 2011FE,000-BKD-525,2455843.33248,10.935,0.036,False,Cousins R,CCD,SJAR,1.923,False
6148,SN 2011FE,000-BKD-525,2455843.33268,10.884,0.038,False,Cousins R,CCD,SJAR,1.924,False
6149,SN 2011FE,000-BKD-525,2455843.33288,10.972,0.036,False,Cousins R,CCD,SJAR,1.925,False
6150,SN 2011FE,000-BKD-525,2455843.33307,10.952,0.036,False,Cousins R,CCD,SJAR,1.926,False
6151,SN 2011FE,000-BKD-525,2455843.33327,10.887,0.038,False,Cousins R,CCD,SJAR,1.927,False
6152,SN 2011FE,000-BKD-525,2455843.33347,10.902,0.038,False,Cousins R,CCD,SJAR,1.928,False
6153,SN 2011FE,000-BKD-525,2455843.33367,10.928,0.037,False,Cousins R,CCD,SJAR,1.929,False
6154,SN 2011FE,000-BKD-525,2455843.33386,10.995,0.036,False,Cousins R,CCD,SJAR,1.930,False
6155,SN 2011FE,000-BKD-525,2455843.33406,10.937,0.036,False,Cousins R,CCD,SJAR,1.931,False
6156,SN 2011FE,000-BKD-525,2455843.33426,10.909,0.038,False,Cousins R,CCD,SJAR,1.932,False
6157,SN 2011FE,000-BKD-525,2455843.33446,10.886,0.038,False,Cousins R,CCD,SJAR,1.933,False
6158,SN 2011FE,000-BKD-525,2455843.33466,10.936,0.038,False,Cousins R,CCD,SJAR,1.934,False
6159,SN 2011FE,000-BKD-525,2455843.33485,10.902,0.038,False,Cousins R,CCD,SJAR,1.935,False
6160,SN 2011FE,000-BKD-525,2455843.33505,10.951,0.037,False,Cousins R,CCD,SJAR,1.936,False
6161,SN 2011FE,000-BKD-525,2455843.33525,10.872,0.039,False,Cousins R,CCD,SJAR,1.937,False
6162,SN 2011FE,000-BKD-525,2455843.33545,10.952,0.036,False,Cousins R,CCD,SJAR,1.938,False
6163,SN 2011FE,000-BKD-525,2455843.33566,10.924,0.038,False,Cousins R,CCD,SJAR,1.939,False
6164,SN 2011FE,000-BKD-525,2455843.33586,10.904,0.037,False,Cousins R,CCD,SJAR,1.940,False
6165,SN 2011FE,000-BKD-525,2455843.33609,10.916,0.037,False,Cousins R,CCD,SJAR,1.941,False
6166,SN 2011FE,000-BKD-525,2455843.33628,10.919,0.037,False,Cousins R,CCD,SJAR,1.942,False
6167,SN 2011FE,000-BKD-525,2455843.33648,10.959,0.037,False,Cousins R,CCD,SJAR,1.943,False
6168,SN 2011FE,000-BKD-525,2455843.33668,10.915,0.037,False,Cousins R,CCD,SJAR,1.944,False
6169,SN 2011FE,000-BKD-525,2455843.33688,10.920,0.037,False,Cousins R,CCD,SJAR,1.945,False
6170,SN 2011FE,000-BKD-525,2455843.33708,10.912,0.039,False,Cousins R,CCD,SJAR,1.946,False
6171,SN 2011FE,000-BKD-525,2455843.33727,10.932,0.037,False,Cousins R,CCD,SJAR,1.947,False
6172,SN 2011FE,000-BKD-525,2455843.33747,10.929,0.037,False,Cousins R,CCD,SJAR,1.948,False
6173,SN 2011FE,000-BKD-525,2455843.33767,10.930,0.037,False,Cousins R,CCD,SJAR,1.949,False
6174,SN 2011FE,000-BKD-525,2455843.33787,10.956,0.037,False,Cousins R,CCD,SJAR,1.950,False
6175,SN 2011FE,000-BKD-525,2455843.33806,10.907,0.039,False,Cousins R,CCD,SJAR,1.951,False
6176,SN 2011FE,000-BKD-525,2455843.33826,10.996,0.037,False,Cousins R,CCD,SJAR,1.952,False
6177,SN 2011FE,000-BKD-525,2455843.33846,10.892,0.040,False,Cousins R,CCD,SJAR,1.953,False
6178,SN 2011FE,000-BKD-525,2455843.33866,10.921,0.039,False,Cousins R,CCD,SJAR,1.954,False
6179,SN 2011FE,000-BKD-525,2455843.33888,10.887,0.042,False,Cousins R,CCD,SJAR,1.955,False
6180,SN 2011FE,000-BKD-525,2455843.33908,10.880,0.042,False,Cousins R,CCD,SJAR,1.956,False
6181,SN 2011FE,000-BKD-525,2455843.33928,10.914,0.041,False,Cousins R,CCD,SJAR,1.957,False
6182,SN 2011FE,000-BKD-525,2455843.33948,10.948,0.041,False,Cousins R,CCD,SJAR,1.958,False
6183,SN 2011FE,000-BKD-525,2455843.33967,10.939,0.041,False,Cousins R,CCD,SJAR,1.959,False
6184,SN 2011FE,000-BKD-525,2455843.33987,10.909,0.043,False,Cousins R,CCD,SJAR,1.960,False
6185,SN 2011FE,000-BKD-525,2455843.34007,10.885,0.044,False,Cousins R,CCD,SJAR,1.961,False
6186,SN 2011FE,000-BKD-525,2455843.34027,10.891,0.046,False,Cousins R,CCD,SJAR,1.962,False
6187,SN 2011FE,000-BKD-525,2455843.575405,11.4308,0.0464,False,Johnson V,CCD,SSTA,1.510,False
6188,SN 2011FE,000-BKD-525,2455843.576863,11.4440,0.0461,False,Johnson V,CCD,SSTA,1.514,False
6189,SN 2011FE,000-BKD-525,2455843.57765,11.4501,0.0470,False,Johnson V,CCD,SSTA,1.521,False
6190,SN 2011FE,000-BKD-525,2455843.578403,11.4415,0.0476,False,Johnson V,CCD,SSTA,1.525,False
6191,SN 2011FE,000-BKD-525,2455843.579167,11.4452,0.0454,False,Johnson V,CCD,SSTA,1.529,False
6192,SN 2011FE,000-BKD-525,2455843.579919,11.4443,0.0424,False,Johnson V,CCD,SSTA,1.533,False
6193,SN 2011FE,000-BKD-525,2455843.580683,11.4443,0.0431,False,Johnson V,CCD,SSTA,1.537,False
6194,SN 2011FE,000-BKD-525,2455843.581435,11.4537,0.0462,False,Johnson V,CCD,SSTA,1.541,False
6195,SN 2011FE,000-BKD-525,2455843.582199,11.4501,0.0447,False,Johnson V,CCD,SSTA,1.545,False
6196,SN 2011FE,000-BKD-525,2455843.582963,11.4388,0.0449,False,Johnson V,CCD,SSTA,1.549,False
6197,SN 2011FE,000-BKD-525,2455843.583715,11.4353,0.0390,False,Johnson V,CCD,SSTA,1.553,False
6198,SN 2011FE,000-BKD-525,2455843.584479,11.4420,0.0446,False,Johnson V,CCD,SSTA,1.557,False
6199,SN 2011FE,000-BKD-525,2455843.58537,11.4480,0.0423,False,Johnson V,CCD,SSTA,1.561,False
6200,SN 2011FE,000-BKD-525,2455843.586134,11.4489,0.0483,False,Johnson V,CCD,SSTA,1.566,False
6201,SN 2011FE,000-BKD-525,2455843.586887,11.4394,0.0497,False,Johnson V,CCD,SSTA,1.571,False
6202,SN 2011FE,000-BKD-525,2455843.58765,11.4460,0.0435,False,Johnson V,CCD,SSTA,1.575,False
6203,SN 2011FE,000-BKD-525,2455843.588403,11.4549,0.0470,False,Johnson V,CCD,SSTA,1.579,False
6204,SN 2011FE,000-BKD-525,2455843.589167,11.4500,0.0436,False,Johnson V,CCD,SSTA,1.583,False
6205,SN 2011FE,000-BKD-525,2455843.589931,11.4413,0.0456,False,Johnson V,CCD,SSTA,1.588,False
6206,SN 2011FE,000-BKD-525,2455843.590683,11.4475,0.0506,False,Johnson V,CCD,SSTA,1.592,False
6207,SN 2011FE,000-BKD-525,2455843.591447,11.4544,0.0436,False,Johnson V,CCD,SSTA,1.596,False
6208,SN 2011FE,000-BKD-525,2455843.592199,11.4380,0.0442,False,Johnson V,CCD,SSTA,1.601,False
6209,SN 2011FE,000-BKD-525,2455843.593137,11.4550,0.0476,False,Johnson V,CCD,SSTA,1.605,False
6210,SN 2011FE,000-BKD-525,2455843.593889,11.4446,0.0406,False,Johnson V,CCD,SSTA,1.610,False
6211,SN 2011FE,000-BKD-525,2455843.594653,11.4538,0.0434,False,Johnson V,CCD,SSTA,1.615,False
6212,SN 2011FE,000-BKD-525,2455843.595405,11.4509,0.0438,False,Johnson V,CCD,SSTA,1.619,False
6213,SN 2011FE,000-BKD-525,2455843.596169,11.4513,0.0460,False,Johnson V,CCD,SSTA,1.624,False
6214,SN 2011FE,000-BKD-525,2455843.596933,11.4557,0.0429,False,Johnson V,CCD,SSTA,1.628,False
6215,SN 2011FE,000-BKD-525,2455843.597685,11.4383,0.0416,False,Johnson V,CCD,SSTA,1.633,False
6216,SN 2011FE,000-BKD-525,2455843.598449,11.4399,0.0459,False,Johnson V,CCD,SSTA,1.637,False
6217,SN 2011FE,000-BKD-525,2455843.599201,11.4516,0.0399,False,Johnson V,CCD,SSTA,1.642,False
6218,SN 2011FE,000-BKD-525,2455843.599965,11.4428,0.0414,False,Johnson V,CCD,SSTA,1.647,False
6219,SN 2011FE,000-BKD-525,2455843.600856,11.4414,0.0399,False,Johnson V,CCD,SSTA,1.651,False
6220,SN 2011FE,000-BKD-525,2455843.60162,11.4443,0.0428,False,Johnson V,CCD,SSTA,1.657,False
6221,SN 2011FE,000-BKD-525,2455843.602373,11.4428,0.0466,False,Johnson V,CCD,SSTA,1.662,False
6222,SN 2011FE,000-BKD-525,2455843.603137,11.4592,0.0463,False,Johnson V,CCD,SSTA,1.666,False
6223,SN 2011FE,000-BKD-525,2455843.603889,11.4513,0.0470,False,Johnson V,CCD,SSTA,1.671,False
6224,SN 2011FE,000-BKD-525,2455843.604653,11.4505,0.0432,False,Johnson V,CCD,SSTA,1.676,False
6225,SN 2011FE,000-BKD-525,2455843.605417,11.4695,0.0453,False,Johnson V,CCD,SSTA,1.681,False
6226,SN 2011FE,000-BKD-525,2455843.606169,11.4598,0.0503,False,Johnson V,CCD,SSTA,1.685,False
6227,SN 2011FE,000-BKD-525,2455843.606933,11.4385,0.0453,False,Johnson V,CCD,SSTA,1.690,False
6228,SN 2011FE,000-BKD-525,2455843.607685,11.4466,0.0453,False,Johnson V,CCD,SSTA,1.695,False
6229,SN 2011FE,000-BKD-525,2455843.608611,11.4604,0.0437,False,Johnson V,CCD,SSTA,1.700,False
6230,SN 2011FE,000-BKD-525,2455843.609363,11.4487,0.0494,False,Johnson V,CCD,SSTA,1.706,False
6231,SN 2011FE,000-BKD-525,2455843.610127,11.4465,0.0441,False,Johnson V,CCD,SSTA,1.711,False
6232,SN 2011FE,000-BKD-525,2455843.610891,11.4459,0.0467,False,Johnson V,CCD,SSTA,1.716,False
6233,SN 2011FE,000-BKD-525,2455843.611644,11.4442,0.0504,False,Johnson V,CCD,SSTA,1.721,False
6234,SN 2011FE,000-BKD-525,2455843.612407,11.4452,0.0475,False,Johnson V,CCD,SSTA,1.726,False
6235,SN 2011FE,000-BKD-525,2455843.613171,11.4444,0.0443,False,Johnson V,CCD,SSTA,1.731,False
6236,SN 2011FE,000-BKD-525,2455843.613935,11.4439,0.0474,False,Johnson V,CCD,SSTA,1.736,False
6237,SN 2011FE,000-BKD-525,2455843.614688,11.4520,0.0442,False,Johnson V,CCD,SSTA,1.741,False
6238,SN 2011FE,000-BKD-525,2455843.615451,11.4495,0.0477,False,Johnson V,CCD,SSTA,1.746,False
6239,SN 2011FE,000-BKD-525,2455843.616389,11.4558,0.0462,False,Johnson V,CCD,SSTA,1.751,False
6240,SN 2011FE,000-BKD-525,2455843.617141,11.4447,0.0447,False,Johnson V,CCD,SSTA,1.758,False
6241,SN 2011FE,000-BKD-525,2455843.617905,11.4567,0.0485,False,Johnson V,CCD,SSTA,1.763,False
6242,SN 2011FE,000-BKD-525,2455843.618681,11.4460,0.0446,False,Johnson V,CCD,SSTA,1.768,False
6243,SN 2011FE,000-BKD-525,2455843.619502,11.4510,0.0461,False,Johnson V,CCD,SSTA,1.773,False
6244,SN 2011FE,000-BKD-525,2455843.620266,11.4471,0.0457,False,Johnson V,CCD,SSTA,1.779,False
6245,SN 2011FE,000-BKD-525,2455843.62103,11.4528,0.0463,False,Johnson V,CCD,SSTA,1.784,False
6246,SN 2011FE,000-BKD-525,2455843.621782,11.4570,0.0438,False,Johnson V,CCD,SSTA,1.790,False
6247,SN 2011FE,000-BKD-525,2455843.622546,11.4602,0.0447,False,Johnson V,CCD,SSTA,1.795,False
6248,SN 2011FE,000-BKD-525,2455843.62331,11.4480,0.0442,False,Johnson V,CCD,SSTA,1.801,False
6249,SN 2011FE,000-BKD-525,2455843.624352,11.4727,0.0452,False,Johnson V,CCD,SSTA,1.806,False
6250,SN 2011FE,000-BKD-525,2455843.625116,11.4566,0.0475,False,Johnson V,CCD,SSTA,1.814,False
6251,SN 2011FE,000-BKD-525,2455843.62588,11.4714,0.0553,False,Johnson V,CCD,SSTA,1.819,False
6252,SN 2011FE,000-BKD-525,2455843.626644,11.4514,0.0485,False,Johnson V,CCD,SSTA,1.825,False
6253,SN 2011FE,000-BKD-525,2455843.627407,11.4484,0.0462,False,Johnson V,CCD,SSTA,1.830,False
6254,SN 2011FE,000-BKD-525,2455843.628171,11.4504,0.0532,False,Johnson V,CCD,SSTA,1.836,False
6255,SN 2011FE,000-BKD-525,2455843.628935,11.4506,0.0468,False,Johnson V,CCD,SSTA,1.841,False
6256,SN 2011FE,000-BKD-525,2455843.629699,11.4503,0.0522,False,Johnson V,CCD,SSTA,1.847,False
6257,SN 2011FE,000-BKD-525,2455843.630463,11.4391,0.0462,False,Johnson V,CCD,SSTA,1.853,False
6258,SN 2011FE,000-BKD-525,2455843.631227,11.4514,0.0468,False,Johnson V,CCD,SSTA,1.858,False
6259,SN 2011FE,000-BKD-525,2455843.632234,11.4485,0.0518,False,Johnson V,CCD,SSTA,1.864,False
6260,SN 2011FE,000-BKD-525,2455843.632998,11.4416,0.0464,False,Johnson V,CCD,SSTA,1.872,False
6261,SN 2011FE,000-BKD-525,2455843.633762,11.4597,0.0459,False,Johnson V,CCD,SSTA,1.878,False
6262,SN 2011FE,000-BKD-525,2455843.634525,11.4545,0.0452,False,Johnson V,CCD,SSTA,1.883,False
6263,SN 2011FE,000-BKD-525,2455843.635289,11.4614,0.0504,False,Johnson V,CCD,SSTA,1.889,False
6264,SN 2011FE,000-BKD-525,2455843.636053,11.4492,0.0462,False,Johnson V,CCD,SSTA,1.895,False
6265,SN 2011FE,000-BKD-525,2455843.636829,11.4473,0.0464,False,Johnson V,CCD,SSTA,1.901,False
6266,SN 2011FE,000-BKD-525,2455843.637616,11.4507,0.0511,False,Johnson V,CCD,SSTA,1.907,False
6267,SN 2011FE,000-BKD-525,2455843.63838,11.4470,0.0515,False,Johnson V,CCD,SSTA,1.913,False
6268,SN 2011FE,000-BKD-525,2455843.639144,11.4694,0.0496,False,Johnson V,CCD,SSTA,1.919,False
6269,SN 2011FE,000-BKD-525,2455843.640069,11.4388,0.0532,False,Johnson V,CCD,SSTA,1.925,False
6270,SN 2011FE,000-BKD-525,2455843.640833,11.4455,0.0476,False,Johnson V,CCD,SSTA,1.933,False
6271,SN 2011FE,000-BKD-525,2455843.641597,11.4539,0.0505,False,Johnson V,CCD,SSTA,1.939,False
6272,SN 2011FE,000-BKD-525,2455843.642361,11.4578,0.0471,False,Johnson V,CCD,SSTA,1.945,False
6273,SN 2011FE,000-BKD-525,2455843.643113,11.4373,0.0518,False,Johnson V,CCD,SSTA,1.951,False
6274,SN 2011FE,000-BKD-525,2455843.643877,11.4518,0.0515,False,Johnson V,CCD,SSTA,1.957,False
6275,SN 2011FE,000-BKD-525,2455843.64463,11.4574,0.0532,False,Johnson V,CCD,SSTA,1.963,False
6276,SN 2011FE,000-BKD-525,2455843.645394,11.4548,0.0514,False,Johnson V,CCD,SSTA,1.969,False
6277,SN 2011FE,000-BKD-525,2455843.646157,11.4533,0.0494,False,Johnson V,CCD,SSTA,1.976,False
6278,SN 2011FE,000-BKD-525,2455843.64691,11.4549,0.0490,False,Johnson V,CCD,SSTA,1.982,False
6279,SN 2011FE,000-BKD-525,2455843.647847,11.4419,0.0515,False,Johnson V,CCD,SSTA,1.988,False
6280,SN 2011FE,000-BKD-525,2455843.648611,11.4640,0.0523,False,Johnson V,CCD,SSTA,1.996,False
6281,SN 2011FE,000-BKD-525,2455843.649363,11.4611,0.0495,False,Johnson V,CCD,SSTA,2.002,False
6282,SN 2011FE,000-BKD-525,2455843.650127,11.4527,0.0511,False,Johnson V,CCD,SSTA,2.008,False
6283,SN 2011FE,000-BKD-525,2455844.006493,11.3969,0.0684,False,Johnson V,CCD,SSTA,2.098,False
6284,SN 2011FE,000-BKD-525,2455844.007257,11.4005,0.0660,False,Johnson V,CCD,SSTA,2.091,False
6285,SN 2011FE,000-BKD-525,2455844.008032,11.3729,0.0720,False,Johnson V,CCD,SSTA,2.084,False
6286,SN 2011FE,000-BKD-525,2455844.008796,11.3983,0.0712,False,Johnson V,CCD,SSTA,2.077,False
6287,SN 2011FE,000-BKD-525,2455844.00956,11.4084,0.0702,False,Johnson V,CCD,SSTA,2.071,False
6288,SN 2011FE,000-BKD-525,2455844.010313,11.4079,0.0767,False,Johnson V,CCD,SSTA,2.064,False
6289,SN 2011FE,000-BKD-525,2455844.011076,11.3967,0.0796,False,Johnson V,CCD,SSTA,2.058,False
6290,SN 2011FE,000-BKD-525,2455844.01184,11.3854,0.0912,False,Johnson V,CCD,SSTA,2.051,False
6291,SN 2011FE,000-BKD-525,2455844.012593,11.3870,0.0822,False,Johnson V,CCD,SSTA,2.045,False
6292,SN 2011FE,000-BKD-525,2455844.013356,11.3876,0.1052,False,Johnson V,CCD,SSTA,2.038,False
6293,SN 2011FE,000-BKD-525,2455844.01412,11.3950,0.0941,False,Johnson V,CCD,SSTA,2.032,False
6294,SN 2011FE,000-BKD-525,2455844.014942,11.3716,0.0909,False,Johnson V,CCD,SSTA,2.025,False
6295,SN 2011FE,000-BKD-525,2455844.015764,11.3963,0.1197,False,Johnson V,CCD,SSTA,2.018,False
6296,SN 2011FE,000-BKD-525,2455844.016563,11.4041,0.1283,False,Johnson V,CCD,SSTA,2.012,False
6297,SN 2011FE,000-BKD-525,2455844.017384,11.4027,0.1141,False,Johnson V,CCD,SSTA,2.005,False
6298,SN 2011FE,000-BKD-525,2455844.2458,11.6,,False,Visual,Visual,KWO,,
6299,SN 2011FE,000-BKD-525,2455844.2500,11.0,,False,Visual,Visual,MZS,,
6300,SN 2011FE,000-BKD-525,2455844.25556,11.373,0.05,False,Johnson V,CCD,BQM,,False
6301,SN 2011FE,000-BKD-525,2455844.25625,11.389,0.055,False,Johnson V,CCD,BQM,,False
6302,SN 2011FE,000-BKD-525,2455844.25694,11.390,0.057,False,Johnson V,CCD,BQM,,False
6303,SN 2011FE,000-BKD-525,2455844.25764,11.378,0.055,False,Johnson V,CCD,BQM,,False
6304,SN 2011FE,000-BKD-525,2455844.25833,11.421,0.06,False,Johnson V,CCD,BQM,,False
6305,SN 2011FE,000-BKD-525,2455844.25903,11.377,0.052,False,Johnson V,CCD,BQM,,False
6306,SN 2011FE,000-BKD-525,2455844.25972,11.399,0.056,False,Johnson V,CCD,BQM,,False
6307,SN 2011FE,000-BKD-525,2455844.26042,11.393,0.043,False,Johnson V,CCD,BQM,,False
6308,SN 2011FE,000-BKD-525,2455844.26111,11.427,0.049,False,Johnson V,CCD,BQM,,False
6309,SN 2011FE,000-BKD-525,2455844.26181,11.429,0.041,False,Johnson V,CCD,BQM,,False
6310,SN 2011FE,000-BKD-525,2455844.26250,11.414,0.051,False,Johnson V,CCD,BQM,,False
6311,SN 2011FE,000-BKD-525,2455844.26319,11.396,0.039,False,Johnson V,CCD,BQM,,False
6312,SN 2011FE,000-BKD-525,2455844.26389,11.369,0.034,False,Johnson V,CCD,BQM,,False
6313,SN 2011FE,000-BKD-525,2455844.26458,11.334,0.036,False,Johnson V,CCD,BQM,,False
6314,SN 2011FE,000-BKD-525,2455844.26528,11.395,0.052,False,Johnson V,CCD,BQM,,False
6315,SN 2011FE,000-BKD-525,2455844.26597,11.350,0.038,False,Johnson V,CCD,BQM,,False
6316,SN 2011FE,000-BKD-525,2455844.26597,11.393,0.041,False,Johnson V,CCD,BQM,,False
6317,SN 2011FE,000-BKD-525,2455844.26736,11.389,0.04,False,Johnson V,CCD,BQM,,False
6318,SN 2011FE,000-BKD-525,2455844.26806,11.405,0.051,False,Johnson V,CCD,BQM,,False
6319,SN 2011FE,000-BKD-525,2455844.26875,11.382,0.052,False,Johnson V,CCD,BQM,,False
6320,SN 2011FE,000-BKD-525,2455844.26875,11.5,,False,Visual,Visual,SJZ,,
6321,SN 2011FE,000-BKD-525,2455844.26944,11.387,0.048,False,Johnson V,CCD,BQM,,False
6322,SN 2011FE,000-BKD-525,2455844.27014,11.390,0.04,False,Johnson V,CCD,BQM,,False
6323,SN 2011FE,000-BKD-525,2455844.27083,11.386,0.058,False,Johnson V,CCD,BQM,,False
6324,SN 2011FE,000-BKD-525,2455844.27153,11.396,0.059,False,Johnson V,CCD,BQM,,False
6325,SN 2011FE,000-BKD-525,2455844.27222,11.373,0.069,False,Johnson V,CCD,BQM,,False
6326,SN 2011FE,000-BKD-525,2455844.27361,11.394,0.061,False,Johnson V,CCD,BQM,,False
6327,SN 2011FE,000-BKD-525,2455844.27431,11.375,0.062,False,Johnson V,CCD,BQM,,False
6328,SN 2011FE,000-BKD-525,2455844.27500,11.380,0.059,False,Johnson V,CCD,BQM,,False
6329,SN 2011FE,000-BKD-525,2455844.28702,11.433,0.008,False,Johnson V,CCD,ATE,1.78,False
6330,SN 2011FE,000-BKD-525,2455844.28776,11.406,0.008,False,Johnson V,CCD,ATE,1.79,False
6331,SN 2011FE,000-BKD-525,2455844.28833,11.409,0.008,False,Johnson V,CCD,ATE,1.79,False
6332,SN 2011FE,000-BKD-525,2455844.28892,11.420,0.008,False,Johnson V,CCD,ATE,1.80,False
6333,SN 2011FE,000-BKD-525,2455844.28949,11.398,0.008,False,Johnson V,CCD,ATE,1.80,False
6334,SN 2011FE,000-BKD-525,2455844.29008,11.403,0.008,False,Johnson V,CCD,ATE,1.81,False
6335,SN 2011FE,000-BKD-525,2455844.29064,11.440,0.008,False,Johnson V,CCD,ATE,1.81,False
6336,SN 2011FE,000-BKD-525,2455844.29121,11.416,0.008,False,Johnson V,CCD,ATE,1.82,False
6337,SN 2011FE,000-BKD-525,2455844.29179,11.408,0.008,False,Johnson V,CCD,ATE,1.82,False
6338,SN 2011FE,000-BKD-525,2455844.29238,11.421,0.008,False,Johnson V,CCD,ATE,1.83,False
6339,SN 2011FE,000-BKD-525,2455844.29295,11.404,0.008,False,Johnson V,CCD,ATE,1.83,False
6340,SN 2011FE,000-BKD-525,2455844.29351,11.449,0.008,False,Johnson V,CCD,ATE,1.84,False
6341,SN 2011FE,000-BKD-525,2455844.29412,11.437,0.008,False,Johnson V,CCD,ATE,1.84,False
6342,SN 2011FE,000-BKD-525,2455844.29468,11.452,0.008,False,Johnson V,CCD,ATE,1.85,False
6343,SN 2011FE,000-BKD-525,2455844.29525,11.437,0.008,False,Johnson V,CCD,ATE,1.85,False
6344,SN 2011FE,000-BKD-525,2455844.29582,11.445,0.008,False,Johnson V,CCD,ATE,1.86,False
6345,SN 2011FE,000-BKD-525,2455844.29642,11.431,0.008,False,Johnson V,CCD,ATE,1.86,False
6346,SN 2011FE,000-BKD-525,2455844.29699,11.414,0.008,False,Johnson V,CCD,ATE,1.87,False
6347,SN 2011FE,000-BKD-525,2455844.29759,11.386,0.008,False,Johnson V,CCD,ATE,1.88,False
6348,SN 2011FE,000-BKD-525,2455844.29816,11.382,0.008,False,Johnson V,CCD,ATE,1.88,False
6349,SN 2011FE,000-BKD-525,2455844.29872,11.424,0.008,False,Johnson V,CCD,ATE,1.89,False
6350,SN 2011FE,000-BKD-525,2455844.29929,11.387,0.008,False,Johnson V,CCD,ATE,1.89,False
6351,SN 2011FE,000-BKD-525,2455844.29986,11.426,0.008,False,Johnson V,CCD,ATE,1.90,False
6352,SN 2011FE,000-BKD-525,2455844.30042,11.371,0.008,False,Johnson V,CCD,ATE,1.90,False
6353,SN 2011FE,000-BKD-525,2455844.30103,11.392,0.008,False,Johnson V,CCD,ATE,1.91,False
6354,SN 2011FE,000-BKD-525,2455844.30159,11.407,0.008,False,Johnson V,CCD,ATE,1.92,False
6355,SN 2011FE,000-BKD-525,2455844.30216,11.398,0.008,False,Johnson V,CCD,ATE,1.92,False
6356,SN 2011FE,000-BKD-525,2455844.30276,11.387,0.008,False,Johnson V,CCD,ATE,1.93,False
6357,SN 2011FE,000-BKD-525,2455844.30333,11.408,0.008,False,Johnson V,CCD,ATE,1.93,False
6358,SN 2011FE,000-BKD-525,2455844.30392,11.419,0.008,False,Johnson V,CCD,ATE,1.94,False
6359,SN 2011FE,000-BKD-525,2455844.30450,11.398,0.008,False,Johnson V,CCD,ATE,1.95,False
6360,SN 2011FE,000-BKD-525,2455844.30507,11.438,0.008,False,Johnson V,CCD,ATE,1.95,False
6361,SN 2011FE,000-BKD-525,2455844.30563,11.427,0.008,False,Johnson V,CCD,ATE,1.96,False
6362,SN 2011FE,000-BKD-525,2455844.30622,11.409,0.008,False,Johnson V,CCD,ATE,1.96,False
6363,SN 2011FE,000-BKD-525,2455844.30679,11.388,0.008,False,Johnson V,CCD,ATE,1.97,False
6364,SN 2011FE,000-BKD-525,2455844.30737,11.385,0.008,False,Johnson V,CCD,ATE,1.98,False
6365,SN 2011FE,000-BKD-525,2455844.30794,11.402,0.008,False,Johnson V,CCD,ATE,1.98,False
6366,SN 2011FE,000-BKD-525,2455844.31250,11.4,,False,Visual,Visual,CBEA,,
6367,SN 2011FE,000-BKD-525,2455844.31250,11.9,,False,Visual,Visual,ILE,,
6368,SN 2011FE,000-BKD-525,2455844.3125,11.9,,False,Visual,Visual,ILE,,
6369,SN 2011FE,000-BKD-525,2455844.3639,11.39,0.046,False,Johnson V,CCD,KTHA,,False
6370,SN 2011FE,000-BKD-525,2455844.37465,11.272,,False,Johnson V,CCD,SWQ,,False
6371,PTF11KLY,000-BKD-525,2455844.489,12.58,0.10,False,Johnson B,CCD,RHM,,False
6372,SN 2011FE,000-BKD-525,2455844.4958,11.5,,False,Visual,Visual,BRJ,,
6373,PTF11KLY,000-BKD-525,2455844.501,11.40,0.07,False,Johnson V,CCD,RHM,,False
6374,PTF11KLY,000-BKD-525,2455844.508,11.00,0.07,False,Cousins R,CCD,RHM,,False
6375,PTF11KLY,000-BKD-525,2455844.519,10.68,0.08,False,Cousins I,CCD,RHM,,False
6376,SN 2011FE,000-BKD-525,2455844.538,11.7,,False,Visual,Visual,MHH,,
6377,SN 2011FE,000-BKD-525,2455844.56441,12.473,0.057,False,Johnson B,CCD,KPK,,False
6378,SN 2011FE,000-BKD-525,2455844.567234,12.394,0.065,False,Johnson B,CCD,KPK,,False
6379,SN 2011FE,000-BKD-525,2455844.56740,11.425,0.011,False,Johnson V,CCD,HQA,1.000,True
6380,SN 2011FE,000-BKD-525,2455844.56740,12.625,0.014,False,Johnson B,CCD,HQA,1.000,True
6381,SN 2011FE,000-BKD-525,2455844.56740,11.061,0.013,False,Cousins R,CCD,HQA,1.000,True
6382,SN 2011FE,000-BKD-525,2455844.56740,10.731,0.015,False,Cousins I,CCD,HQA,1.000,True
6383,SN 2011FE,000-BKD-525,2455844.572315,10.988,0.043,False,Cousins R,CCD,KPK,,False
6384,SN 2011FE,000-BKD-525,2455844.574005,11.038,0.057,False,Cousins R,CCD,KPK,,False
6385,SN 2011FE,000-BKD-525,2455844.575567,10.966,0.066,False,Cousins R,CCD,KPK,,False
6386,PTF11KLY,000-BKD-525,2455844.67090,12.557,0.028,False,Johnson B,CCD,SRIC,2.54,False
6387,PTF11KLY,000-BKD-525,2455844.67397,11.410,0.012,False,Johnson V,CCD,SRIC,2.59,False
6388,SN 2011FE,000-BKD-525,2455845.23611,11.5,,False,Visual,Visual,KOS,,
6389,SN 2011FE,000-BKD-525,2455845.24273,11.453,0.009,False,Johnson V,CCD,CMAB,,False
6390,SN 2011FE,000-BKD-525,2455845.2569,11.6,,False,Visual,Visual,CSM,,
6391,SN 2011FE,000-BKD-525,2455845.529896,12.446,0.075,False,Johnson B,CCD,KPK,,False
6392,SN 2011FE,000-BKD-525,2455845.533519,12.439,0.132,False,Johnson B,CCD,KPK,,False
6393,SN 2011FE,000-BKD-525,2455845.540347,11.249,0.075,False,Cousins R,CCD,KPK,,False
6394,SN 2011FE,000-BKD-525,2455845.542836,11.246,0.078,False,Cousins R,CCD,KPK,,False
6395,SN 2011FE,000-BKD-525,2455845.545301,11.218,0.081,False,Cousins R,CCD,KPK,,False
6396,SN 2011FE,000-BKD-525,2455845.547905,11.441,0.024,False,Johnson V,CCD,KPK,,False
6397,SN 2011FE,000-BKD-525,2455845.551354,11.447,0.027,False,Johnson V,CCD,KPK,,False
6398,SN 2011FE,000-BKD-525,2455845.553819,11.443,0.030,False,Johnson V,CCD,KPK,,False
6399,SN 2011FE,000-BKD-525,2455845.56578,11.496,0.014,False,Johnson V,CCD,HQA,1.000,True
6400,SN 2011FE,000-BKD-525,2455845.56578,12.719,0.023,False,Johnson B,CCD,HQA,1.000,True
6401,SN 2011FE,000-BKD-525,2455845.56578,11.109,0.015,False,Cousins R,CCD,HQA,1.000,True
6402,SN 2011FE,000-BKD-525,2455845.56578,10.768,0.016,False,Cousins I,CCD,HQA,1.000,True
6403,SN 2011FE,000-BKD-525,2455846.28004,11.559,0.008,False,Johnson V,CCD,ATE,1.77,False
6404,SN 2011FE,000-BKD-525,2455846.28080,11.578,0.008,False,Johnson V,CCD,ATE,1.77,False
6405,SN 2011FE,000-BKD-525,2455846.28137,11.561,0.008,False,Johnson V,CCD,ATE,1.78,False
6406,SN 2011FE,000-BKD-525,2455846.28195,11.585,0.008,False,Johnson V,CCD,ATE,1.78,False
6407,SN 2011FE,000-BKD-525,2455846.28251,11.563,0.008,False,Johnson V,CCD,ATE,1.79,False
6408,SN 2011FE,000-BKD-525,2455846.28308,11.544,0.008,False,Johnson V,CCD,ATE,1.79,False
6409,SN 2011FE,000-BKD-525,2455846.28365,11.561,0.008,False,Johnson V,CCD,ATE,1.80,False
6410,SN 2011FE,000-BKD-525,2455846.28422,11.559,0.008,False,Johnson V,CCD,ATE,1.80,False
6411,SN 2011FE,000-BKD-525,2455846.28482,11.557,0.008,False,Johnson V,CCD,ATE,1.81,False
6412,SN 2011FE,000-BKD-525,2455846.28539,11.562,0.008,False,Johnson V,CCD,ATE,1.81,False
6413,SN 2011FE,000-BKD-525,2455846.28595,11.564,0.008,False,Johnson V,CCD,ATE,1.82,False
6414,SN 2011FE,000-BKD-525,2455846.28652,11.543,0.008,False,Johnson V,CCD,ATE,1.82,False
6415,SN 2011FE,000-BKD-525,2455846.28709,11.555,0.008,False,Johnson V,CCD,ATE,1.83,False
6416,SN 2011FE,000-BKD-525,2455846.28765,11.545,0.008,False,Johnson V,CCD,ATE,1.83,False
6417,SN 2011FE,000-BKD-525,2455846.28822,11.585,0.008,False,Johnson V,CCD,ATE,1.84,False
6418,SN 2011FE,000-BKD-525,2455846.28879,11.536,0.008,False,Johnson V,CCD,ATE,1.85,False
6419,SN 2011FE,000-BKD-525,2455846.28936,11.591,0.008,False,Johnson V,CCD,ATE,1.85,False
6420,SN 2011FE,000-BKD-525,2455846.28992,11.555,0.008,False,Johnson V,CCD,ATE,1.86,False
6421,SN 2011FE,000-BKD-525,2455846.29049,11.536,0.008,False,Johnson V,CCD,ATE,1.86,False
6422,SN 2011FE,000-BKD-525,2455846.29108,11.576,0.008,False,Johnson V,CCD,ATE,1.87,False
6423,SN 2011FE,000-BKD-525,2455846.29165,11.575,0.008,False,Johnson V,CCD,ATE,1.87,False
6424,SN 2011FE,000-BKD-525,2455846.29222,11.579,0.008,False,Johnson V,CCD,ATE,1.88,False
6425,SN 2011FE,000-BKD-525,2455846.29278,11.569,0.008,False,Johnson V,CCD,ATE,1.88,False
6426,SN 2011FE,000-BKD-525,2455846.29335,11.549,0.008,False,Johnson V,CCD,ATE,1.89,False
6427,SN 2011FE,000-BKD-525,2455846.29392,11.540,0.008,False,Johnson V,CCD,ATE,1.89,False
6428,SN 2011FE,000-BKD-525,2455846.29448,11.545,0.008,False,Johnson V,CCD,ATE,1.90,False
6429,SN 2011FE,000-BKD-525,2455846.29509,11.530,0.008,False,Johnson V,CCD,ATE,1.91,False
6430,SN 2011FE,000-BKD-525,2455846.29565,11.570,0.008,False,Johnson V,CCD,ATE,1.91,False
6431,SN 2011FE,000-BKD-525,2455846.29622,11.562,0.008,False,Johnson V,CCD,ATE,1.92,False
6432,SN 2011FE,000-BKD-525,2455846.29682,11.532,0.008,False,Johnson V,CCD,ATE,1.92,False
6433,SN 2011FE,000-BKD-525,2455846.29739,11.548,0.008,False,Johnson V,CCD,ATE,1.93,False
6434,SN 2011FE,000-BKD-525,2455846.29796,11.586,0.008,False,Johnson V,CCD,ATE,1.94,False
6435,SN 2011FE,000-BKD-525,2455846.29852,11.543,0.008,False,Johnson V,CCD,ATE,1.94,False
6436,SN 2011FE,000-BKD-525,2455846.464410,11.516,0.01,False,Johnson V,CCD,LDJ,1.803,False
6437,SN 2011FE,000-BKD-525,2455846.465723,11.515,0.01,False,Johnson V,CCD,LDJ,1.814,False
6438,SN 2011FE,000-BKD-525,2455846.518333,12.238,0.026,False,Johnson B,CCD,KPK,,False
6439,SN 2011FE,000-BKD-525,2455846.525567,12.219,0.025,False,Johnson B,CCD,KPK,,False
6440,SN 2011FE,000-BKD-525,2455846.528715,11.163,0.017,False,Cousins R,CCD,KPK,,False
6441,SN 2011FE,000-BKD-525,2455846.531181,11.175,0.018,False,Cousins R,CCD,KPK,,False
6442,SN 2011FE,000-BKD-525,2455846.533646,11.164,0.020,False,Cousins R,CCD,KPK,,False
6443,SN 2011FE,000-BKD-525,2455846.536123,11.513,0.039,False,Johnson V,CCD,KPK,,False
6444,SN 2011FE,000-BKD-525,2455847.25050,11.17,0.003,False,Cousins R,CCD,CALA,1.907,False
6445,SN 2011FE,000-BKD-525,2455847.2528,11.7,,False,Visual,Visual,BHS,,
6446,SN 2011FE,000-BKD-525,2455847.25340,11.57,0.004,False,Johnson V,CCD,CALA,1.936,False
6447,SN 2011FE,000-BKD-525,2455847.25730,12.63,0.007,False,Johnson B,CCD,CALA,1.976,False
6448,SN 2011FE,000-BKD-525,2455847.27733,11.572,0.008,False,Johnson V,CCD,ATE,1.77,False
6449,SN 2011FE,000-BKD-525,2455847.27802,11.574,0.008,False,Johnson V,CCD,ATE,1.77,False
6450,SN 2011FE,000-BKD-525,2455847.27859,11.610,0.008,False,Johnson V,CCD,ATE,1.78,False
6451,SN 2011FE,000-BKD-525,2455847.27916,11.570,0.008,False,Johnson V,CCD,ATE,1.78,False
6452,SN 2011FE,000-BKD-525,2455847.27972,11.608,0.008,False,Johnson V,CCD,ATE,1.79,False
6453,SN 2011FE,000-BKD-525,2455847.28034,11.603,0.008,False,Johnson V,CCD,ATE,1.79,False
6454,SN 2011FE,000-BKD-525,2455847.28092,11.609,0.008,False,Johnson V,CCD,ATE,1.80,False
6455,SN 2011FE,000-BKD-525,2455847.28151,11.570,0.008,False,Johnson V,CCD,ATE,1.80,False
6456,SN 2011FE,000-BKD-525,2455847.28211,11.611,0.008,False,Johnson V,CCD,ATE,1.81,False
6457,SN 2011FE,000-BKD-525,2455847.28268,11.607,0.008,False,Johnson V,CCD,ATE,1.81,False
6458,SN 2011FE,000-BKD-525,2455847.28328,11.597,0.008,False,Johnson V,CCD,ATE,1.82,False
6459,SN 2011FE,000-BKD-525,2455847.28385,11.603,0.008,False,Johnson V,CCD,ATE,1.83,False
6460,SN 2011FE,000-BKD-525,2455847.28441,11.597,0.008,False,Johnson V,CCD,ATE,1.83,False
6461,SN 2011FE,000-BKD-525,2455847.28501,11.598,0.008,False,Johnson V,CCD,ATE,1.84,False
6462,SN 2011FE,000-BKD-525,2455847.28558,11.598,0.008,False,Johnson V,CCD,ATE,1.84,False
6463,SN 2011FE,000-BKD-525,2455847.28615,11.581,0.008,False,Johnson V,CCD,ATE,1.85,False
6464,SN 2011FE,000-BKD-525,2455847.28675,11.590,0.008,False,Johnson V,CCD,ATE,1.85,False
6465,SN 2011FE,000-BKD-525,2455847.28732,11.579,0.008,False,Johnson V,CCD,ATE,1.86,False
6466,SN 2011FE,000-BKD-525,2455847.28788,11.584,0.008,False,Johnson V,CCD,ATE,1.86,False
6467,SN 2011FE,000-BKD-525,2455847.28846,11.578,0.008,False,Johnson V,CCD,ATE,1.87,False
6468,SN 2011FE,000-BKD-525,2455847.28903,11.606,0.008,False,Johnson V,CCD,ATE,1.87,False
6469,SN 2011FE,000-BKD-525,2455847.28963,11.607,0.008,False,Johnson V,CCD,ATE,1.88,False
6470,SN 2011FE,000-BKD-525,2455847.29023,11.561,0.008,False,Johnson V,CCD,ATE,1.89,False
6471,SN 2011FE,000-BKD-525,2455847.29080,11.597,0.008,False,Johnson V,CCD,ATE,1.89,False
6472,SN 2011FE,000-BKD-525,2455847.29137,11.578,0.008,False,Johnson V,CCD,ATE,1.90,False
6473,SN 2011FE,000-BKD-525,2455847.29194,11.578,0.008,False,Johnson V,CCD,ATE,1.90,False
6474,SN 2011FE,000-BKD-525,2455847.29250,11.564,0.008,False,Johnson V,CCD,ATE,1.91,False
6475,SN 2011FE,000-BKD-525,2455847.29310,11.608,0.008,False,Johnson V,CCD,ATE,1.91,False
6476,SN 2011FE,000-BKD-525,2455847.29367,11.581,0.008,False,Johnson V,CCD,ATE,1.92,False
6477,SN 2011FE,000-BKD-525,2455847.29424,11.610,0.008,False,Johnson V,CCD,ATE,1.93,False
6478,SN 2011FE,000-BKD-525,2455847.29481,11.562,0.008,False,Johnson V,CCD,ATE,1.93,False
6479,SN 2011FE,000-BKD-525,2455847.29551,11.601,0.008,False,Johnson V,CCD,ATE,1.94,False
6480,PTF11KLY,000-BKD-525,2455847.57858,12.655,0.098,False,Johnson B,CCD,SRIC,1.66,False
6481,PTF11KLY,000-BKD-525,2455847.58172,11.623,0.036,False,Johnson V,CCD,SRIC,1.69,False
6482,SN 2011FE,000-BKD-525,2455848.247,11.9,,False,Visual,Visual,FRF,,
6483,SN 2011FE,000-BKD-525,2455848.25694,11.7,,False,Visual,Visual,OJMA,,
6484,SN 2011FE,000-BKD-525,2455848.2813,12.1,,False,Visual,Visual,GGU,,
6485,PTF11KLY,000-BKD-525,2455848.3104,12.0,,False,Visual,Visual,HHU,,
6486,PTF11kly,000-BKD-525,2455848.32986,11.7,,False,Visual,Visual,WKL,,
6487,PTF11KLY,000-BKD-525,2455848.33125,11.27,0.02,False,Unfiltered with R Zeropoint,CCD,NOT,,False
6488,SN 2011FE,000-BKD-525,2455849.22690,11.747,0.027,False,Johnson V,CCD,SJAR,1.506,False
6489,SN 2011FE,000-BKD-525,2455849.22729,11.339,0.023,False,Cousins R,CCD,SJAR,1.507,False
6490,SN 2011FE,000-BKD-525,2455849.22969,12.800,0.045,False,Johnson B,CCD,SJAR,1.517,False
6491,SN 2011FE,000-BKD-525,2455849.23042,11.013,0.033,False,Cousins I,CCD,SJAR,1.520,False
6492,SN 2011FE,000-BKD-525,2455849.23826,11.723,0.010,False,Johnson V,CCD,CMAB,,False
6493,SN 2011FE,000-BKD-525,2455849.25833,11.8,,False,Visual,Visual,SJZ,,
6494,SN 2011FE,000-BKD-525,2455849.26,11.72,0.02,False,Johnson V,CCD,QW,,True
6495,SN 2011FE,000-BKD-525,2455849.2639,12.0,,False,Visual,Visual,CSM,,
6496,SN 2011FE,000-BKD-525,2455849.26561,11.697,0.009,False,Johnson V,CCD,ATE,1.72,False
6497,SN 2011FE,000-BKD-525,2455849.26618,11.702,0.009,False,Johnson V,CCD,ATE,1.72,False
6498,SN 2011FE,000-BKD-525,2455849.26678,11.748,0.009,False,Johnson V,CCD,ATE,1.73,False
6499,SN 2011FE,000-BKD-525,2455849.26737,11.739,0.009,False,Johnson V,CCD,ATE,1.73,False
6500,SN 2011FE,000-BKD-525,2455849.26797,11.705,0.009,False,Johnson V,CCD,ATE,1.74,False
6501,SN 2011FE,000-BKD-525,2455849.26854,11.733,0.009,False,Johnson V,CCD,ATE,1.74,False
6502,SN 2011FE,000-BKD-525,2455849.26914,11.698,0.009,False,Johnson V,CCD,ATE,1.75,False
6503,SN 2011FE,000-BKD-525,2455849.26971,11.733,0.009,False,Johnson V,CCD,ATE,1.75,False
6504,SN 2011FE,000-BKD-525,2455849.27,11.78,0.05,False,Unfiltered with V Zeropoint,CCD,HNDA,,False
6505,SN 2011FE,000-BKD-525,2455849.27027,11.753,0.009,False,Johnson V,CCD,ATE,1.75,False
6506,SN 2011FE,000-BKD-525,2455849.27084,11.715,0.009,False,Johnson V,CCD,ATE,1.76,False
6507,SN 2011FE,000-BKD-525,2455849.27141,11.754,0.009,False,Johnson V,CCD,ATE,1.76,False
6508,SN 2011FE,000-BKD-525,2455849.27198,11.743,0.009,False,Johnson V,CCD,ATE,1.77,False
6509,SN 2011FE,000-BKD-525,2455849.27254,11.699,0.009,False,Johnson V,CCD,ATE,1.77,False
6510,SN 2011FE,000-BKD-525,2455849.27312,11.713,0.009,False,Johnson V,CCD,ATE,1.78,False
6511,SN 2011FE,000-BKD-525,2455849.27369,11.702,0.009,False,Johnson V,CCD,ATE,1.78,False
6512,SN 2011FE,000-BKD-525,2455849.27426,11.725,0.009,False,Johnson V,CCD,ATE,1.79,False
6513,SN 2011FE,000-BKD-525,2455849.27486,11.725,0.009,False,Johnson V,CCD,ATE,1.79,False
6514,SN 2011FE,000-BKD-525,2455849.27543,11.740,0.009,False,Johnson V,CCD,ATE,1.80,False
6515,SN 2011FE,000-BKD-525,2455849.27599,11.730,0.009,False,Johnson V,CCD,ATE,1.80,False
6516,SN 2011FE,000-BKD-525,2455849.27656,11.751,0.009,False,Johnson V,CCD,ATE,1.81,False
6517,SN 2011FE,000-BKD-525,2455849.27713,11.737,0.009,False,Johnson V,CCD,ATE,1.81,False
6518,SN 2011FE,000-BKD-525,2455849.27769,11.749,0.009,False,Johnson V,CCD,ATE,1.82,False
6519,SN 2011FE,000-BKD-525,2455849.278,11.9,,False,Visual,Visual,PYG,,
6520,SN 2011FE,000-BKD-525,2455849.27826,11.752,0.009,False,Johnson V,CCD,ATE,1.83,False
6521,SN 2011FE,000-BKD-525,2455849.27840,11.787,0.028,False,Johnson V,CCD,SJAR,1.736,False
6522,SN 2011FE,000-BKD-525,2455849.2785,12.3,,False,Visual,Visual,GGU,,
6523,SN 2011FE,000-BKD-525,2455849.27878,11.375,0.024,False,Cousins R,CCD,SJAR,1.737,False
6524,SN 2011FE,000-BKD-525,2455849.27886,11.709,0.009,False,Johnson V,CCD,ATE,1.83,False
6525,SN 2011FE,000-BKD-525,2455849.27916,12.744,0.089,False,Johnson B,CCD,SJAR,1.739,False
6526,SN 2011FE,000-BKD-525,2455849.27943,11.755,0.009,False,Johnson V,CCD,ATE,1.84,False
6527,SN 2011FE,000-BKD-525,2455849.27954,11.008,0.064,False,Cousins I,CCD,SJAR,1.741,False
6528,SN 2011FE,000-BKD-525,2455849.28000,11.744,0.009,False,Johnson V,CCD,ATE,1.84,False
6529,SN 2011FE,000-BKD-525,2455849.28056,11.734,0.009,False,Johnson V,CCD,ATE,1.85,False
6530,SN 2011FE,000-BKD-525,2455849.28117,11.743,0.009,False,Johnson V,CCD,ATE,1.85,False
6531,SN 2011FE,000-BKD-525,2455849.28125,12.1,,False,Visual,Visual,OJR,,
6532,SN 2011FE,000-BKD-525,2455849.28173,11.723,0.009,False,Johnson V,CCD,ATE,1.86,False
6533,SN 2011FE,000-BKD-525,2455849.28205,11.758,0.030,False,Johnson V,CCD,SJAR,1.753,False
6534,SN 2011FE,000-BKD-525,2455849.28230,11.752,0.009,False,Johnson V,CCD,ATE,1.86,False
6535,SN 2011FE,000-BKD-525,2455849.28242,11.736,0.030,False,Johnson V,CCD,SJAR,1.755,False
6536,SN 2011FE,000-BKD-525,2455849.28279,11.766,0.030,False,Johnson V,CCD,SJAR,1.757,False
6537,SN 2011FE,000-BKD-525,2455849.28287,11.727,0.009,False,Johnson V,CCD,ATE,1.87,False
6538,SN 2011FE,000-BKD-525,2455849.28315,11.758,0.030,False,Johnson V,CCD,SJAR,1.759,False
6539,SN 2011FE,000-BKD-525,2455849.28343,11.744,0.009,False,Johnson V,CCD,ATE,1.87,False
6540,SN 2011FE,000-BKD-525,2455849.28354,11.765,0.029,False,Johnson V,CCD,SJAR,1.761,False
6541,SN 2011FE,000-BKD-525,2455849.28391,11.788,0.029,False,Johnson V,CCD,SJAR,1.762,False
6542,SN 2011FE,000-BKD-525,2455849.28400,11.712,0.009,False,Johnson V,CCD,ATE,1.88,False
6543,SN 2011FE,000-BKD-525,2455849.28427,11.745,0.029,False,Johnson V,CCD,SJAR,1.764,False
6544,SN 2011FE,000-BKD-525,2455849.28458,11.741,0.009,False,Johnson V,CCD,ATE,1.89,False
6545,SN 2011FE,000-BKD-525,2455849.28464,11.736,0.029,False,Johnson V,CCD,SJAR,1.766,False
6546,SN 2011FE,000-BKD-525,2455849.28500,11.796,0.028,False,Johnson V,CCD,SJAR,1.768,False
6547,SN 2011FE,000-BKD-525,2455849.28515,11.714,0.009,False,Johnson V,CCD,ATE,1.89,False
6548,SN 2011FE,000-BKD-525,2455849.28537,11.760,0.030,False,Johnson V,CCD,SJAR,1.769,False
6549,SN 2011FE,000-BKD-525,2455849.28573,11.782,0.029,False,Johnson V,CCD,SJAR,1.771,False
6550,SN 2011FE,000-BKD-525,2455849.28578,11.733,0.009,False,Johnson V,CCD,ATE,1.90,False
6551,SN 2011FE,000-BKD-525,2455849.28611,11.788,0.030,False,Johnson V,CCD,SJAR,1.773,False
6552,SN 2011FE,000-BKD-525,2455849.28635,11.710,0.009,False,Johnson V,CCD,ATE,1.90,False
6553,SN 2011FE,000-BKD-525,2455849.28647,11.757,0.029,False,Johnson V,CCD,SJAR,1.775,False
6554,SN 2011FE,000-BKD-525,2455849.28684,11.745,0.030,False,Johnson V,CCD,SJAR,1.777,False
6555,SN 2011FE,000-BKD-525,2455849.28693,11.732,0.009,False,Johnson V,CCD,ATE,1.91,False
6556,SN 2011FE,000-BKD-525,2455849.28721,11.782,0.029,False,Johnson V,CCD,SJAR,1.778,False
6557,SN 2011FE,000-BKD-525,2455849.28757,11.726,0.030,False,Johnson V,CCD,SJAR,1.780,False
6558,SN 2011FE,000-BKD-525,2455849.28794,11.778,0.029,False,Johnson V,CCD,SJAR,1.782,False
6559,SN 2011FE,000-BKD-525,2455849.28831,11.782,0.029,False,Johnson V,CCD,SJAR,1.784,False
6560,SN 2011FE,000-BKD-525,2455849.28867,11.785,0.028,False,Johnson V,CCD,SJAR,1.786,False
6561,SN 2011FE,000-BKD-525,2455849.28909,11.758,0.030,False,Johnson V,CCD,SJAR,1.788,False
6562,SN 2011FE,000-BKD-525,2455849.28945,11.744,0.030,False,Johnson V,CCD,SJAR,1.790,False
6563,SN 2011FE,000-BKD-525,2455849.28981,11.751,0.029,False,Johnson V,CCD,SJAR,1.791,False
6564,SN 2011FE,000-BKD-525,2455849.29,12.74,0.06,False,Johnson B,CCD,QW,,True
6565,SN 2011FE,000-BKD-525,2455849.29018,11.772,0.029,False,Johnson V,CCD,SJAR,1.793,False
6566,SN 2011FE,000-BKD-525,2455849.29055,11.777,0.029,False,Johnson V,CCD,SJAR,1.795,False
6567,SN 2011FE,000-BKD-525,2455849.29091,11.752,0.029,False,Johnson V,CCD,SJAR,1.797,False
6568,SN 2011FE,000-BKD-525,2455849.29128,11.764,0.029,False,Johnson V,CCD,SJAR,1.799,False
6569,SN 2011FE,000-BKD-525,2455849.29167,11.736,0.030,False,Johnson V,CCD,SJAR,1.801,False
6570,SN 2011FE,000-BKD-525,2455849.29204,11.770,0.029,False,Johnson V,CCD,SJAR,1.802,False
6571,SN 2011FE,000-BKD-525,2455849.29241,11.728,0.030,False,Johnson V,CCD,SJAR,1.804,False
6572,SN 2011FE,000-BKD-525,2455849.29277,11.769,0.030,False,Johnson V,CCD,SJAR,1.806,False
6573,SN 2011FE,000-BKD-525,2455849.29314,11.767,0.030,False,Johnson V,CCD,SJAR,1.808,False
6574,SN 2011FE,000-BKD-525,2455849.29350,11.753,0.029,False,Johnson V,CCD,SJAR,1.810,False
6575,SN 2011FE,000-BKD-525,2455849.29387,11.756,0.030,False,Johnson V,CCD,SJAR,1.811,False
6576,SN 2011FE,000-BKD-525,2455849.29423,11.737,0.030,False,Johnson V,CCD,SJAR,1.813,False
6577,SN 2011FE,000-BKD-525,2455849.29460,11.754,0.030,False,Johnson V,CCD,SJAR,1.815,False
6578,SN 2011FE,000-BKD-525,2455849.29496,11.748,0.031,False,Johnson V,CCD,SJAR,1.817,False
6579,SN 2011FE,000-BKD-525,2455849.29533,11.733,0.031,False,Johnson V,CCD,SJAR,1.819,False
6580,SN 2011FE,000-BKD-525,2455849.29569,11.759,0.030,False,Johnson V,CCD,SJAR,1.820,False
6581,SN 2011FE,000-BKD-525,2455849.29606,11.750,0.030,False,Johnson V,CCD,SJAR,1.822,False
6582,SN 2011FE,000-BKD-525,2455849.29643,11.762,0.030,False,Johnson V,CCD,SJAR,1.824,False
6583,SN 2011FE,000-BKD-525,2455849.29679,11.769,0.030,False,Johnson V,CCD,SJAR,1.826,False
6584,SN 2011FE,000-BKD-525,2455849.29716,11.751,0.030,False,Johnson V,CCD,SJAR,1.828,False
6585,SN 2011FE,000-BKD-525,2455849.29753,11.758,0.030,False,Johnson V,CCD,SJAR,1.830,False
6586,SN 2011FE,000-BKD-525,2455849.29789,11.822,0.028,False,Johnson V,CCD,SJAR,1.831,False
6587,SN 2011FE,000-BKD-525,2455849.29828,11.749,0.030,False,Johnson V,CCD,SJAR,1.833,False
6588,SN 2011FE,000-BKD-525,2455849.29864,11.756,0.030,False,Johnson V,CCD,SJAR,1.835,False
6589,SN 2011FE,000-BKD-525,2455849.29901,11.740,0.031,False,Johnson V,CCD,SJAR,1.837,False
6590,SN 2011FE,000-BKD-525,2455849.29938,11.730,0.031,False,Johnson V,CCD,SJAR,1.839,False
6591,SN 2011FE,000-BKD-525,2455849.29974,11.760,0.031,False,Johnson V,CCD,SJAR,1.841,False
6592,SN 2011FE,000-BKD-525,2455849.30,11.8,,False,Visual,Visual,HCS,,
6593,SN 2011FE,000-BKD-525,2455849.30011,11.742,0.031,False,Johnson V,CCD,SJAR,1.842,False
6594,SN 2011FE,000-BKD-525,2455849.30047,11.749,0.032,False,Johnson V,CCD,SJAR,1.844,False
6595,SN 2011FE,000-BKD-525,2455849.30084,11.751,0.031,False,Johnson V,CCD,SJAR,1.846,False
6596,SN 2011FE,000-BKD-525,2455849.30121,11.823,0.030,False,Johnson V,CCD,SJAR,1.848,False
6597,SN 2011FE,000-BKD-525,2455849.30157,11.759,0.031,False,Johnson V,CCD,SJAR,1.850,False
6598,SN 2011FE,000-BKD-525,2455849.30194,11.747,0.032,False,Johnson V,CCD,SJAR,1.852,False
6599,SN 2011FE,000-BKD-525,2455849.30231,11.761,0.030,False,Johnson V,CCD,SJAR,1.853,False
6600,SN 2011FE,000-BKD-525,2455849.30267,11.736,0.031,False,Johnson V,CCD,SJAR,1.855,False
6601,SN 2011FE,000-BKD-525,2455849.30304,11.796,0.030,False,Johnson V,CCD,SJAR,1.857,False
6602,SN 2011FE,000-BKD-525,2455849.30341,11.754,0.030,False,Johnson V,CCD,SJAR,1.859,False
6603,SN 2011FE,000-BKD-525,2455849.30378,11.728,0.031,False,Johnson V,CCD,SJAR,1.861,False
6604,SN 2011FE,000-BKD-525,2455850.2347,12.1,,False,Visual,Visual,CSM,,
6605,SN 2011FE,000-BKD-525,2455850.24514,11.9,,False,Visual,Visual,SJZ,,
6606,SN 2011FE,000-BKD-525,2455850.24583,11.773,0.07,False,Johnson V,CCD,BQM,,False
6607,SN 2011FE,000-BKD-525,2455850.24653,11.759,0.051,False,Johnson V,CCD,BQM,,False
6608,SN 2011FE,000-BKD-525,2455850.24722,11.789,0.052,False,Johnson V,CCD,BQM,,False
6609,SN 2011FE,000-BKD-525,2455850.24792,11.791,0.06,False,Johnson V,CCD,BQM,,False
6610,SN 2011FE,000-BKD-525,2455850.24861,11.755,0.058,False,Johnson V,CCD,BQM,,False
6611,SN 2011FE,000-BKD-525,2455850.24931,11.773,0.051,False,Johnson V,CCD,BQM,,False
6612,SN 2011FE,000-BKD-525,2455850.25000,11.786,0.06,False,Johnson V,CCD,BQM,,False
6613,SN 2011FE,000-BKD-525,2455850.25069,11.769,0.068,False,Johnson V,CCD,BQM,,False
6614,SN 2011FE,000-BKD-525,2455850.25139,11.790,0.061,False,Johnson V,CCD,BQM,,False
6615,SN 2011FE,000-BKD-525,2455850.2514,12.0,,False,Visual,Visual,KWO,,
6616,SN 2011FE,000-BKD-525,2455850.25208,11.790,0.058,False,Johnson V,CCD,BQM,,False
6617,SN 2011FE,000-BKD-525,2455850.252730,11.410,,False,Unfiltered with R Zeropoint,CCD,HND,1.481,False
6618,SN 2011FE,000-BKD-525,2455850.25278,11.753,0.063,False,Johnson V,CCD,BQM,,False
6619,SN 2011FE,000-BKD-525,2455850.253171,11.421,,False,Unfiltered with R Zeropoint,CCD,HND,1.484,False
6620,SN 2011FE,000-BKD-525,2455850.25347,12.4,,False,Visual,Visual,GGU,,
6621,SN 2011FE,000-BKD-525,2455850.25347,11.790,0.053,False,Johnson V,CCD,BQM,,False
6622,SN 2011FE,000-BKD-525,2455850.25417,11.792,0.057,False,Johnson V,CCD,BQM,,False
6623,SN 2011FE,000-BKD-525,2455850.254502,11.430,,False,Unfiltered with R Zeropoint,CCD,HND,1.490,False
6624,SN 2011FE,000-BKD-525,2455850.25486,11.826,0.061,False,Johnson V,CCD,BQM,,False
6625,SN 2011FE,000-BKD-525,2455850.255382,11.491,,False,Unfiltered with R Zeropoint,CCD,HND,1.495,False
6626,SN 2011FE,000-BKD-525,2455850.25556,11.794,0.06,False,Johnson V,CCD,BQM,,False
6627,SN 2011FE,000-BKD-525,2455850.255822,11.485,,False,Unfiltered with R Zeropoint,CCD,HND,1.497,False
6628,SN 2011FE,000-BKD-525,2455850.25694,11.741,0.063,False,Johnson V,CCD,BQM,,False
6629,SN 2011FE,000-BKD-525,2455850.257153,11.477,,False,Unfiltered with R Zeropoint,CCD,HND,1.504,False
6630,SN 2011FE,000-BKD-525,2455850.25764,11.801,0.053,False,Johnson V,CCD,BQM,,False
6631,SN 2011FE,000-BKD-525,2455850.258032,11.445,,False,Unfiltered with R Zeropoint,CCD,HND,1.508,False
6632,SN 2011FE,000-BKD-525,2455850.25833,11.767,0.05,False,Johnson V,CCD,BQM,,False
6633,SN 2011FE,000-BKD-525,2455850.258472,11.469,,False,Unfiltered with R Zeropoint,CCD,HND,1.511,False
6634,SN 2011FE,000-BKD-525,2455850.258912,11.469,,False,Unfiltered with R Zeropoint,CCD,HND,1.513,False
6635,SN 2011FE,000-BKD-525,2455850.25903,11.766,0.053,False,Johnson V,CCD,BQM,,False
6636,SN 2011FE,000-BKD-525,2455850.25972,11.768,0.061,False,Johnson V,CCD,BQM,,False
6637,SN 2011FE,000-BKD-525,2455850.259803,11.474,,False,Unfiltered with R Zeropoint,CCD,HND,1.517,False
6638,SN 2011FE,000-BKD-525,2455850.260683,11.424,,False,Unfiltered with R Zeropoint,CCD,HND,1.522,False
6639,SN 2011FE,000-BKD-525,2455850.261134,11.461,,False,Unfiltered with R Zeropoint,CCD,HND,1.524,False
6640,SN 2011FE,000-BKD-525,2455850.261574,11.454,,False,Unfiltered with R Zeropoint,CCD,HND,1.527,False
6641,SN 2011FE,000-BKD-525,2455850.262014,11.473,,False,Unfiltered with R Zeropoint,CCD,HND,1.529,False
6642,SN 2011FE,000-BKD-525,2455850.262454,11.466,,False,Unfiltered with R Zeropoint,CCD,HND,1.531,False
6643,SN 2011FE,000-BKD-525,2455850.262905,11.447,,False,Unfiltered with R Zeropoint,CCD,HND,1.534,False
6644,SN 2011FE,000-BKD-525,2455850.263356,11.424,,False,Unfiltered with R Zeropoint,CCD,HND,1.536,False
6645,SN 2011FE,000-BKD-525,2455850.263796,11.459,,False,Unfiltered with R Zeropoint,CCD,HND,1.539,False
6646,SN 2011FE,000-BKD-525,2455850.264248,11.469,,False,Unfiltered with R Zeropoint,CCD,HND,1.541,False
6647,SN 2011FE,000-BKD-525,2455850.264687,11.463,,False,Unfiltered with R Zeropoint,CCD,HND,1.543,False
6648,SN 2011FE,000-BKD-525,2455850.265116,11.469,,False,Unfiltered with R Zeropoint,CCD,HND,1.546,False
6649,SN 2011FE,000-BKD-525,2455850.265567,11.448,,False,Unfiltered with R Zeropoint,CCD,HND,1.548,False
6650,SN 2011FE,000-BKD-525,2455850.266007,11.478,,False,Unfiltered with R Zeropoint,CCD,HND,1.551,False
6651,SN 2011FE,000-BKD-525,2455850.266447,11.498,,False,Unfiltered with R Zeropoint,CCD,HND,1.553,False
6652,SN 2011FE,000-BKD-525,2455850.266887,11.457,,False,Unfiltered with R Zeropoint,CCD,HND,1.555,False
6653,SN 2011FE,000-BKD-525,2455850.267326,11.469,,False,Unfiltered with R Zeropoint,CCD,HND,1.558,False
6654,SN 2011FE,000-BKD-525,2455850.267778,11.481,,False,Unfiltered with R Zeropoint,CCD,HND,1.560,False
6655,SN 2011FE,000-BKD-525,2455850.268229,11.465,,False,Unfiltered with R Zeropoint,CCD,HND,1.563,False
6656,SN 2011FE,000-BKD-525,2455850.268669,11.472,,False,Unfiltered with R Zeropoint,CCD,HND,1.565,False
6657,SN 2011FE,000-BKD-525,2455850.27,12.79,0.02,False,Johnson B,CCD,QW,,True
6658,SN 2011FE,000-BKD-525,2455850.2778,11.8,,False,Visual,Visual,BVE,,
6659,SN 2011FE,000-BKD-525,2455850.27986,11.9,,False,Visual,Visual,VBH,,
6660,SN 2011FE,000-BKD-525,2455850.28027,11.809,0.011,False,Johnson V,CCD,ATE,1.87,False
6661,SN 2011FE,000-BKD-525,2455850.28094,11.811,0.011,False,Johnson V,CCD,ATE,1.88,False
6662,SN 2011FE,000-BKD-525,2455850.28151,11.754,0.011,False,Johnson V,CCD,ATE,1.88,False
6663,SN 2011FE,000-BKD-525,2455850.28211,11.765,0.011,False,Johnson V,CCD,ATE,1.89,False
6664,SN 2011FE,000-BKD-525,2455850.28268,11.776,0.011,False,Johnson V,CCD,ATE,1.89,False
6665,SN 2011FE,000-BKD-525,2455850.28327,11.745,0.011,False,Johnson V,CCD,ATE,1.90,False
6666,SN 2011FE,000-BKD-525,2455850.28385,11.748,0.011,False,Johnson V,CCD,ATE,1.91,False
6667,SN 2011FE,000-BKD-525,2455850.28442,11.771,0.011,False,Johnson V,CCD,ATE,1.91,False
6668,SN 2011FE,000-BKD-525,2455850.28501,11.808,0.011,False,Johnson V,CCD,ATE,1.92,False
6669,SN 2011FE,000-BKD-525,2455850.28557,11.777,0.011,False,Johnson V,CCD,ATE,1.92,False
6670,SN 2011FE,000-BKD-525,2455850.28614,11.804,0.011,False,Johnson V,CCD,ATE,1.93,False
6671,SN 2011FE,000-BKD-525,2455850.28671,11.792,0.011,False,Johnson V,CCD,ATE,1.93,False
6672,SN 2011FE,000-BKD-525,2455850.28729,11.780,0.011,False,Johnson V,CCD,ATE,1.94,False
6673,SN 2011FE,000-BKD-525,2455850.28788,11.775,0.011,False,Johnson V,CCD,ATE,1.95,False
6674,SN 2011FE,000-BKD-525,2455850.28819,11.9,,False,Visual,Visual,WKL,,
6675,SN 2011FE,000-BKD-525,2455850.28844,11.785,0.011,False,Johnson V,CCD,ATE,1.95,False
6676,SN 2011FE,000-BKD-525,2455850.28901,11.741,0.011,False,Johnson V,CCD,ATE,1.96,False
6677,SN 2011FE,000-BKD-525,2455850.28958,11.805,0.011,False,Johnson V,CCD,ATE,1.96,False
6678,SN 2011FE,000-BKD-525,2455850.29,11.5,,False,Visual,Visual,PUJ,,
6679,SN 2011FE,000-BKD-525,2455850.29,11.75,0.01,False,Johnson V,CCD,QW,,True
6680,SN 2011FE,000-BKD-525,2455850.29018,11.812,0.011,False,Johnson V,CCD,ATE,1.97,False
6681,SN 2011FE,000-BKD-525,2455850.29076,11.755,0.011,False,Johnson V,CCD,ATE,1.98,False
6682,SN 2011FE,000-BKD-525,2455850.29136,11.786,0.011,False,Johnson V,CCD,ATE,1.98,False
6683,SN 2011FE,000-BKD-525,2455850.29193,11.777,0.011,False,Johnson V,CCD,ATE,1.99,False
6684,SN 2011FE,000-BKD-525,2455850.29249,11.770,0.011,False,Johnson V,CCD,ATE,2.00,False
6685,SN 2011FE,000-BKD-525,2455850.29306,11.739,0.011,False,Johnson V,CCD,ATE,2.00,False
6686,SN 2011FE,000-BKD-525,2455850.29363,11.787,0.011,False,Johnson V,CCD,ATE,2.01,False
6687,PTF11KLY,000-BKD-525,2455850.29375,11.41,0.02,False,Unfiltered with R Zeropoint,CCD,NOT,,False
6688,SN 2011FE,000-BKD-525,2455850.29420,11.776,0.011,False,Johnson V,CCD,ATE,2.02,False
6689,SN 2011FE,000-BKD-525,2455850.29476,11.807,0.011,False,Johnson V,CCD,ATE,2.02,False
6690,SN 2011FE,000-BKD-525,2455850.29537,11.795,0.011,False,Johnson V,CCD,ATE,2.03,False
6691,SN 2011FE,000-BKD-525,2455850.29593,11.804,0.011,False,Johnson V,CCD,ATE,2.03,False
6692,SN 2011FE,000-BKD-525,2455850.29650,11.758,0.011,False,Johnson V,CCD,ATE,2.04,False
6693,SN 2011FE,000-BKD-525,2455850.29707,11.757,0.011,False,Johnson V,CCD,ATE,2.05,False
6694,SN 2011FE,000-BKD-525,2455850.29763,11.752,0.011,False,Johnson V,CCD,ATE,2.05,False
6695,SN 2011FE,000-BKD-525,2455850.3700,12.80,0.10,False,Tri-Color Blue,DSLR,WERB,,False
6696,SN 2011FE,000-BKD-525,2455850.3700,11.85,0.05,False,Tri-Color Green,DSLR,WERB,,False
6697,SN 2011FE,000-BKD-525,2455850.3700,11.20,0.20,False,Tri-Color Red,DSLR,WERB,,False
6698,SN 2011FE,000-BKD-525,2455850.458953,11.769,0.02,False,Johnson V,CCD,LDJ,1.850,False
6699,SN 2011FE,000-BKD-525,2455850.50347,11.88,0.05,False,Unfiltered with V Zeropoint,CCD,MFR,2.100,False
6700,SN 2011FE,000-BKD-525,2455850.5375,11.9,,False,Visual,Visual,CKB,,
6701,SN 2011FE,000-BKD-525,2455850.5472,11.8,,False,Visual,Visual,KRB,,
6702,SN 2011FE,000-BKD-525,2455850.61806,12.0,,False,Visual,Visual,RR,,
6703,SN 2011FE,000-BKD-525,2455850.994676,11.8238,0.0318,False,Johnson V,CCD,SSTA,2.031,False
6704,SN 2011FE,000-BKD-525,2455850.995509,11.8407,0.0305,False,Johnson V,CCD,SSTA,2.024,False
6705,SN 2011FE,000-BKD-525,2455850.996296,11.8302,0.0310,False,Johnson V,CCD,SSTA,2.018,False
6706,SN 2011FE,000-BKD-525,2455850.997095,11.8364,0.0348,False,Johnson V,CCD,SSTA,2.011,False
6707,SN 2011FE,000-BKD-525,2455850.997882,11.8296,0.0322,False,Johnson V,CCD,SSTA,2.005,False
6708,SN 2011FE,000-BKD-525,2455850.998669,11.8274,0.0354,False,Johnson V,CCD,SSTA,1.998,False
6709,SN 2011FE,000-BKD-525,2455850.99956,11.8230,0.0330,False,Johnson V,CCD,SSTA,1.991,False
6710,SN 2011FE,000-BKD-525,2455851.000347,11.8209,0.0320,False,Johnson V,CCD,SSTA,1.985,False
6711,SN 2011FE,000-BKD-525,2455851.001134,11.8268,0.0340,False,Johnson V,CCD,SSTA,1.978,False
6712,SN 2011FE,000-BKD-525,2455851.001921,11.8241,0.0300,False,Johnson V,CCD,SSTA,1.972,False
6713,SN 2011FE,000-BKD-525,2455851.002708,11.8300,0.0326,False,Johnson V,CCD,SSTA,1.966,False
6714,SN 2011FE,000-BKD-525,2455851.003611,11.8216,0.0323,False,Johnson V,CCD,SSTA,1.959,False
6715,SN 2011FE,000-BKD-525,2455851.004699,11.8266,0.0323,False,Johnson V,CCD,SSTA,1.950,False
6716,SN 2011FE,000-BKD-525,2455851.005532,11.8290,0.0331,False,Johnson V,CCD,SSTA,1.944,False
6717,SN 2011FE,000-BKD-525,2455851.006319,11.8420,0.0295,False,Johnson V,CCD,SSTA,1.937,False
6718,SN 2011FE,000-BKD-525,2455851.007222,11.8130,0.0321,False,Johnson V,CCD,SSTA,1.931,False
6719,SN 2011FE,000-BKD-525,2455851.008009,11.8292,0.0338,False,Johnson V,CCD,SSTA,1.924,False
6720,SN 2011FE,000-BKD-525,2455851.0089,11.8289,0.0317,False,Johnson V,CCD,SSTA,1.918,False
6721,SN 2011FE,000-BKD-525,2455851.009688,11.8324,0.0370,False,Johnson V,CCD,SSTA,1.912,False
6722,SN 2011FE,000-BKD-525,2455851.010567,11.8278,0.0327,False,Johnson V,CCD,SSTA,1.905,False
6723,SN 2011FE,000-BKD-525,2455851.011354,11.8238,0.0340,False,Johnson V,CCD,SSTA,1.899,False
6724,SN 2011FE,000-BKD-525,2455851.012245,11.8345,0.0355,False,Johnson V,CCD,SSTA,1.892,False
6725,SN 2011FE,000-BKD-525,2455851.013032,11.8296,0.0355,False,Johnson V,CCD,SSTA,1.886,False
6726,SN 2011FE,000-BKD-525,2455851.013935,11.8390,0.0347,False,Johnson V,CCD,SSTA,1.879,False
6727,SN 2011FE,000-BKD-525,2455851.014722,11.8305,0.0343,False,Johnson V,CCD,SSTA,1.873,False
6728,SN 2011FE,000-BKD-525,2455851.015625,11.8330,0.0354,False,Johnson V,CCD,SSTA,1.867,False
6729,SN 2011FE,000-BKD-525,2455851.016412,11.8149,0.0356,False,Johnson V,CCD,SSTA,1.861,False
6730,SN 2011FE,000-BKD-525,2455851.017303,11.8237,0.0376,False,Johnson V,CCD,SSTA,1.854,False
6731,SN 2011FE,000-BKD-525,2455851.01809,11.8451,0.0359,False,Johnson V,CCD,SSTA,1.849,False
6732,SN 2011FE,000-BKD-525,2455851.018958,11.8233,0.0367,False,Johnson V,CCD,SSTA,1.843,False
6733,SN 2011FE,000-BKD-525,2455851.019745,11.8353,0.0418,False,Johnson V,CCD,SSTA,1.837,False
6734,SN 2011FE,000-BKD-525,2455851.020637,11.8330,0.0424,False,Johnson V,CCD,SSTA,1.830,False
6735,SN 2011FE,000-BKD-525,2455851.021424,11.8375,0.0423,False,Johnson V,CCD,SSTA,1.824,False
6736,SN 2011FE,000-BKD-525,2455851.022315,11.8376,0.0451,False,Johnson V,CCD,SSTA,1.818,False
6737,SN 2011FE,000-BKD-525,2455851.023102,11.8390,0.0404,False,Johnson V,CCD,SSTA,1.813,False
6738,SN 2011FE,000-BKD-525,2455851.023993,11.8227,0.0524,False,Johnson V,CCD,SSTA,1.807,False
6739,SN 2011FE,000-BKD-525,2455851.02478,11.8356,0.0509,False,Johnson V,CCD,SSTA,1.801,False
6740,SN 2011FE,000-BKD-525,2455851.025671,11.8311,0.0645,False,Johnson V,CCD,SSTA,1.795,False
6741,SN 2011FE,000-BKD-525,2455851.026458,11.8189,0.0533,False,Johnson V,CCD,SSTA,1.789,False
6742,SN 2011FE,000-BKD-525,2455851.027303,11.8167,0.0623,False,Johnson V,CCD,SSTA,1.783,False
6743,SN 2011FE,000-BKD-525,2455851.028148,11.8229,0.0588,False,Johnson V,CCD,SSTA,1.778,False
6744,SN 2011FE,000-BKD-525,2455851.028993,11.8187,0.0696,False,Johnson V,CCD,SSTA,1.772,False
6745,SN 2011FE,000-BKD-525,2455851.029838,11.8208,0.0721,False,Johnson V,CCD,SSTA,1.766,False
6746,SN 2011FE,000-BKD-525,2455851.21181,11.8,,False,Visual,Visual,KOS,,
6747,SN 2011FE,000-BKD-525,2455851.23333,11.9,,False,Visual,Visual,SJZ,,
6748,SN 2011FE,000-BKD-525,2455851.24,12.4,,False,Visual,Visual,JAT,,
6749,SN 2011FE,000-BKD-525,2455851.25000,12.2,,False,Visual,Visual,SUQ,,
6750,SN 2011FE,000-BKD-525,2455851.2500,12.0,,False,Visual,Visual,MZS,,
6751,SN 2011FE,000-BKD-525,2455851.25347,12.0,,False,Visual,Visual,ILE,,
6752,SN 2011FE,000-BKD-525,2455851.2535,12.0,,False,Visual,Visual,ILE,,
6753,SN 2011FE,000-BKD-525,2455851.2604,11.9,,False,Visual,Visual,BHS,,
6754,SN 2011FE,000-BKD-525,2455851.26389,12.0,,False,Visual,Visual,WKL,,
6755,SN 2011FE,000-BKD-525,2455851.2674,12.0,,False,Visual,Visual,BVE,,
6756,SN 2011FE,000-BKD-525,2455851.26951,11.907,0.011,False,Johnson V,CCD,ATE,1.80,False
6757,SN 2011FE,000-BKD-525,2455851.27017,11.854,0.012,False,Johnson V,CCD,ATE,1.80,False
6758,SN 2011FE,000-BKD-525,2455851.27073,11.908,0.012,False,Johnson V,CCD,ATE,1.81,False
6759,SN 2011FE,000-BKD-525,2455851.271,11.9,,False,Visual,Visual,BMU,,
6760,SN 2011FE,000-BKD-525,2455851.27130,11.913,0.012,False,Johnson V,CCD,ATE,1.81,False
6761,SN 2011FE,000-BKD-525,2455851.27187,11.896,0.012,False,Johnson V,CCD,ATE,1.82,False
6762,SN 2011FE,000-BKD-525,2455851.27247,11.923,0.012,False,Johnson V,CCD,ATE,1.82,False
6763,SN 2011FE,000-BKD-525,2455851.273,12.1,,False,Visual,Visual,PYG,,
6764,SN 2011FE,000-BKD-525,2455851.27304,11.857,0.013,False,Johnson V,CCD,ATE,1.83,False
6765,SN 2011FE,000-BKD-525,2455851.27361,11.846,0.013,False,Johnson V,CCD,ATE,1.83,False
6766,SN 2011FE,000-BKD-525,2455851.27421,11.870,0.012,False,Johnson V,CCD,ATE,1.84,False
6767,SN 2011FE,000-BKD-525,2455851.27480,11.890,0.012,False,Johnson V,CCD,ATE,1.85,False
6768,SN 2011FE,000-BKD-525,2455851.27536,11.882,0.013,False,Johnson V,CCD,ATE,1.85,False
6769,SN 2011FE,000-BKD-525,2455851.27597,11.848,0.013,False,Johnson V,CCD,ATE,1.86,False
6770,SN 2011FE,000-BKD-525,2455851.27653,11.853,0.013,False,Johnson V,CCD,ATE,1.86,False
6771,SN 2011FE,000-BKD-525,2455851.27710,11.878,0.013,False,Johnson V,CCD,ATE,1.87,False
6772,SN 2011FE,000-BKD-525,2455851.27767,11.869,0.014,False,Johnson V,CCD,ATE,1.87,False
6773,SN 2011FE,000-BKD-525,2455851.27827,11.926,0.016,False,Johnson V,CCD,ATE,1.88,False
6774,SN 2011FE,000-BKD-525,2455851.27884,11.871,0.015,False,Johnson V,CCD,ATE,1.88,False
6775,SN 2011FE,000-BKD-525,2455851.27942,11.923,0.016,False,Johnson V,CCD,ATE,1.89,False
6776,SN 2011FE,000-BKD-525,2455851.27999,11.908,0.015,False,Johnson V,CCD,ATE,1.90,False
6777,SN 2011FE,000-BKD-525,2455851.28056,11.892,0.014,False,Johnson V,CCD,ATE,1.90,False
6778,SN 2011FE,000-BKD-525,2455851.28113,11.890,0.014,False,Johnson V,CCD,ATE,1.91,False
6779,SN 2011FE,000-BKD-525,2455851.28170,11.893,0.014,False,Johnson V,CCD,ATE,1.91,False
6780,PTF11KLY,000-BKD-525,2455851.28194,11.47,0.02,False,Unfiltered with R Zeropoint,CCD,NOT,,False
6781,SN 2011FE,000-BKD-525,2455851.28226,11.886,0.014,False,Johnson V,CCD,ATE,1.92,False
6782,SN 2011FE,000-BKD-525,2455851.28286,11.913,0.015,False,Johnson V,CCD,ATE,1.92,False
6783,SN 2011FE,000-BKD-525,2455851.28343,11.923,0.016,False,Johnson V,CCD,ATE,1.93,False
6784,SN 2011FE,000-BKD-525,2455851.28400,11.899,0.016,False,Johnson V,CCD,ATE,1.94,False
6785,SN 2011FE,000-BKD-525,2455851.28460,11.913,0.016,False,Johnson V,CCD,ATE,1.94,False
6786,SN 2011FE,000-BKD-525,2455851.28517,11.929,0.016,False,Johnson V,CCD,ATE,1.95,False
6787,SN 2011FE,000-BKD-525,2455851.28573,11.882,0.016,False,Johnson V,CCD,ATE,1.95,False
6788,SN 2011FE,000-BKD-525,2455851.28611,11.9,,False,Visual,Visual,KAM,,
6789,SN 2011FE,000-BKD-525,2455851.28633,11.900,0.016,False,Johnson V,CCD,ATE,1.96,False
6790,SN 2011FE,000-BKD-525,2455851.28693,11.900,0.016,False,Johnson V,CCD,ATE,1.97,False
6791,SN 2011FE,000-BKD-525,2455851.28749,11.845,0.017,False,Johnson V,CCD,ATE,1.97,False
6792,SN 2011FE,000-BKD-525,2455851.28806,11.842,0.016,False,Johnson V,CCD,ATE,1.98,False
6793,SN 2011FE,000-BKD-525,2455851.2882,12.2,,False,Visual,Visual,CSM,,
6794,PTF11KLY,000-BKD-525,2455851.2917,12.2,,False,Visual,Visual,VFK,,
6795,SN 2011FE,000-BKD-525,2455851.3,12.0,,False,Visual,Visual,WUB,,
6796,SN 2011FE,000-BKD-525,2455851.328,12.2,,False,Visual,Visual,LTE,,
6797,SN 2011FE,000-BKD-525,2455851.3368,11.9,,False,Visual,Visual,WWJ,,
6798,SN 2011FE,000-BKD-525,2455851.50041,11.81,0.02,False,Johnson V,CCD,SHA,1.81,True
6799,PTF11kly,000-BKD-525,2455851.50156,12.99,0.03,False,Johnson B,CCD,SHA,1.82,True
6800,SN 2011FE,000-BKD-525,2455851.50324,11.12,0.03,False,Cousins I,CCD,SHA,1.84,True
6801,2011FE,000-BKD-525,2455852.19236,11.5,,False,Visual,Visual,KSQ,,
6802,SN 2011FE,000-BKD-525,2455852.22,11.9,,False,Visual,Visual,BFO,,
6803,SN 2011FE,000-BKD-525,2455852.22153,11.9,,False,Visual,Visual,KOS,,
6804,SN 2011FE,000-BKD-525,2455852.2278,12.2,,False,Visual,Visual,DPV,,
6805,SN 2011FE,000-BKD-525,2455852.2500,12.0,,False,Visual,Visual,MZS,,
6806,SN 2011FE,000-BKD-525,2455852.26,12.86,0.02,False,Johnson B,CCD,QW,,True
6807,SN 2011FE,000-BKD-525,2455852.26185,11.946,0.009,False,Johnson V,CCD,ATE,1.75,False
6808,SN 2011FE,000-BKD-525,2455852.26270,11.877,0.010,False,Johnson V,CCD,ATE,1.76,False
6809,SN 2011FE,000-BKD-525,2455852.26336,11.947,0.010,False,Johnson V,CCD,ATE,1.77,False
6810,SN 2011FE,000-BKD-525,2455852.26399,11.943,0.010,False,Johnson V,CCD,ATE,1.77,False
6811,SN 2011FE,000-BKD-525,2455852.26465,11.908,0.009,False,Johnson V,CCD,ATE,1.78,False
6812,SN 2011FE,000-BKD-525,2455852.26530,11.887,0.009,False,Johnson V,CCD,ATE,1.78,False
6813,SN 2011FE,000-BKD-525,2455852.26592,11.948,0.009,False,Johnson V,CCD,ATE,1.79,False
6814,SN 2011FE,000-BKD-525,2455852.26655,11.930,0.010,False,Johnson V,CCD,ATE,1.80,False
6815,SN 2011FE,000-BKD-525,2455852.26721,11.898,0.010,False,Johnson V,CCD,ATE,1.80,False
6816,SN 2011FE,000-BKD-525,2455852.26783,11.884,0.010,False,Johnson V,CCD,ATE,1.81,False
6817,SN 2011FE,000-BKD-525,2455852.26849,11.934,0.010,False,Johnson V,CCD,ATE,1.81,False
6818,SN 2011FE,000-BKD-525,2455852.26912,11.907,0.010,False,Johnson V,CCD,ATE,1.82,False
6819,SN 2011FE,000-BKD-525,2455852.26974,11.932,0.010,False,Johnson V,CCD,ATE,1.82,False
6820,SN 2011FE,000-BKD-525,2455852.27,11.85,0.01,False,Johnson V,CCD,QW,,True
6821,SN 2011FE,000-BKD-525,2455852.27037,11.892,0.010,False,Johnson V,CCD,ATE,1.83,False
6822,SN 2011FE,000-BKD-525,2455852.27099,11.895,0.010,False,Johnson V,CCD,ATE,1.84,False
6823,SN 2011FE,000-BKD-525,2455852.27162,11.917,0.010,False,Johnson V,CCD,ATE,1.84,False
6824,SN 2011FE,000-BKD-525,2455852.27228,11.908,0.010,False,Johnson V,CCD,ATE,1.85,False
6825,SN 2011FE,000-BKD-525,2455852.27290,11.878,0.010,False,Johnson V,CCD,ATE,1.85,False
6826,SN 2011FE,000-BKD-525,2455852.27353,11.916,0.010,False,Johnson V,CCD,ATE,1.86,False
6827,SN 2011FE,000-BKD-525,2455852.27419,11.902,0.010,False,Johnson V,CCD,ATE,1.87,False
6828,SN 2011FE,000-BKD-525,2455852.27481,11.913,0.010,False,Johnson V,CCD,ATE,1.87,False
6829,SN 2011FE,000-BKD-525,2455852.27546,11.932,0.010,False,Johnson V,CCD,ATE,1.88,False
6830,SN 2011FE,000-BKD-525,2455852.27569,12.1,,False,Visual,Visual,SJZ,,
6831,SN 2011FE,000-BKD-525,2455852.27608,11.906,0.010,False,Johnson V,CCD,ATE,1.88,False
6832,SN 2011FE,000-BKD-525,2455852.27672,11.891,0.010,False,Johnson V,CCD,ATE,1.89,False
6833,SN 2011FE,000-BKD-525,2455852.27735,11.909,0.010,False,Johnson V,CCD,ATE,1.90,False
6834,SN 2011FE,000-BKD-525,2455852.27797,11.880,0.010,False,Johnson V,CCD,ATE,1.90,False
6835,SN 2011FE,000-BKD-525,2455852.27862,11.907,0.010,False,Johnson V,CCD,ATE,1.91,False
6836,SN 2011FE,000-BKD-525,2455852.27928,11.895,0.010,False,Johnson V,CCD,ATE,1.92,False
6837,SN 2011FE,000-BKD-525,2455852.27990,11.903,0.010,False,Johnson V,CCD,ATE,1.92,False
6838,SN 2011FE,000-BKD-525,2455852.28053,11.900,0.010,False,Johnson V,CCD,ATE,1.93,False
6839,SN 2011FE,000-BKD-525,2455852.28119,11.893,0.010,False,Johnson V,CCD,ATE,1.94,False
6840,SN 2011FE,000-BKD-525,2455852.2917,11.7,,False,Visual,Visual,FMAC,,
6841,SN 2011FE,000-BKD-525,2455852.2951,12.2,,False,Visual,Visual,ILE,,
6842,SN 2011FE,000-BKD-525,2455852.29514,12.2,,False,Visual,Visual,ILE,,
6843,SN 2011FE,000-BKD-525,2455852.33333,11.7,,True,Visual,Visual,OJMA,,
6844,SN 2011FE,000-BKD-525,2455852.4513,12.4,,False,Visual,Visual,SHS,,
6845,SN 2011FE,000-BKD-525,2455852.4896,12.2,,False,Visual,Visual,BRJ,,
6846,PTF11KLY,000-BKD-525,2455852.897,11.57,0.08,False,Cousins R,CCD,RHM,,False
6847,PTF11KLY,000-BKD-525,2455852.902,11.89,0.06,False,Johnson V,CCD,RHM,,False
6848,PTF11KLY,000-BKD-525,2455852.907,11.21,0.08,False,Cousins I,CCD,RHM,,False
6849,PTF11KLY,000-BKD-525,2455852.917,13.00,0.11,False,Johnson B,CCD,RHM,,False
6850,SN 2011FE,000-BKD-525,2455853.21,12.32,0.05,False,Unfiltered with V Zeropoint,CCD,HNDA,,False
6851,2011FE,000-BKD-525,2455853.22083,13.43,,False,Johnson B,CCD,MFB,,False
6852,SN 2011FE,000-BKD-525,2455853.2222,12.2,,False,Visual,Visual,DPV,,
6853,2011FE,000-BKD-525,2455853.22569,11.677,,False,Johnson V,CCD,MFB,,False
6854,2011FE,000-BKD-525,2455853.23403,11.404,,False,Cousins I,CCD,MFB,,False
6855,SN 2011FE,000-BKD-525,2455853.2500,12.0,,False,Visual,Visual,MZS,,
6856,SN 2011FE,000-BKD-525,2455853.253357,11.592,,False,Unfiltered with R Zeropoint,CCD,HND,1.527,False
6857,SN 2011FE,000-BKD-525,2455853.253796,11.543,,False,Unfiltered with R Zeropoint,CCD,HND,1.529,False
6858,SN 2011FE,000-BKD-525,2455853.254213,11.587,,False,Unfiltered with R Zeropoint,CCD,HND,1.531,False
6859,SN 2011FE,000-BKD-525,2455853.254664,11.589,,False,Unfiltered with R Zeropoint,CCD,HND,1.534,False
6860,SN 2011FE,000-BKD-525,2455853.255104,11.605,,False,Unfiltered with R Zeropoint,CCD,HND,1.536,False
6861,SN 2011FE,000-BKD-525,2455853.255532,11.573,,False,Unfiltered with R Zeropoint,CCD,HND,1.538,False
6862,SN 2011FE,000-BKD-525,2455853.255984,11.595,,False,Unfiltered with R Zeropoint,CCD,HND,1.541,False
6863,SN 2011FE,000-BKD-525,2455853.256435,11.571,,False,Unfiltered with R Zeropoint,CCD,HND,1.543,False
6864,SN 2011FE,000-BKD-525,2455853.256863,11.626,,False,Unfiltered with R Zeropoint,CCD,HND,1.545,False
6865,SN 2011FE,000-BKD-525,2455853.276,12.1,,False,Visual,Visual,PYG,,
6866,PTF11kly,000-BKD-525,2455853.29097,11.423,,False,Cousins R,CCD,MFB,,False
6867,SN 2011FE,000-BKD-525,2455853.29861,12.3,,False,Visual,Visual,BXT,,
6868,SN 2011FE,000-BKD-525,2455853.54623,11.98,0.05,False,Johnson V,CCD,HSW,,False
6869,SN 2011FE,000-BKD-525,2455853.555093,11.9038,0.0504,False,Johnson V,CCD,SSTA,1.549,False
6870,SN 2011FE,000-BKD-525,2455853.55588,11.8952,0.0519,False,Johnson V,CCD,SSTA,1.553,False
6871,SN 2011FE,000-BKD-525,2455853.556644,11.8687,0.0508,False,Johnson V,CCD,SSTA,1.558,False
6872,SN 2011FE,000-BKD-525,2455853.557396,11.8870,0.0506,False,Johnson V,CCD,SSTA,1.562,False
6873,SN 2011FE,000-BKD-525,2455853.55816,11.8858,0.0508,False,Johnson V,CCD,SSTA,1.566,False
6874,SN 2011FE,000-BKD-525,2455853.558924,11.8863,0.0528,False,Johnson V,CCD,SSTA,1.570,False
6875,SN 2011FE,000-BKD-525,2455853.559676,11.8756,0.0522,False,Johnson V,CCD,SSTA,1.574,False
6876,SN 2011FE,000-BKD-525,2455853.56044,11.8791,0.0497,False,Johnson V,CCD,SSTA,1.579,False
6877,SN 2011FE,000-BKD-525,2455853.561192,11.8883,0.0478,False,Johnson V,CCD,SSTA,1.583,False
6878,SN 2011FE,000-BKD-525,2455853.561956,11.9017,0.0483,False,Johnson V,CCD,SSTA,1.587,False
6879,SN 2011FE,000-BKD-525,2455853.56272,11.8819,0.0541,False,Johnson V,CCD,SSTA,1.591,False
6880,SN 2011FE,000-BKD-525,2455853.563646,11.8920,0.0509,False,Johnson V,CCD,SSTA,1.597,False
6881,SN 2011FE,000-BKD-525,2455853.564398,11.8689,0.0486,False,Johnson V,CCD,SSTA,1.601,False
6882,SN 2011FE,000-BKD-525,2455853.565162,11.9060,0.0486,False,Johnson V,CCD,SSTA,1.606,False
6883,SN 2011FE,000-BKD-525,2455853.565926,11.9000,0.0467,False,Johnson V,CCD,SSTA,1.610,False
6884,SN 2011FE,000-BKD-525,2455853.566678,11.8946,0.0511,False,Johnson V,CCD,SSTA,1.615,False
6885,PTF11KLY,000-BKD-525,2455853.56677,12.982,0.045,False,Johnson B,CCD,SRIC,1.71,False
6886,SN 2011FE,000-BKD-525,2455853.567442,11.8979,0.0501,False,Johnson V,CCD,SSTA,1.619,False
6887,SN 2011FE,000-BKD-525,2455853.568194,11.8901,0.0443,False,Johnson V,CCD,SSTA,1.623,False
6888,SN 2011FE,000-BKD-525,2455853.568958,11.8717,0.0486,False,Johnson V,CCD,SSTA,1.628,False
6889,SN 2011FE,000-BKD-525,2455853.569722,11.9050,0.0478,False,Johnson V,CCD,SSTA,1.633,False
6890,PTF11KLY,000-BKD-525,2455853.56985,11.923,0.023,False,Johnson V,CCD,SRIC,1.73,False
6891,SN 2011FE,000-BKD-525,2455853.570475,11.8903,0.0480,False,Johnson V,CCD,SSTA,1.637,False
6892,SN 2011FE,000-BKD-525,2455853.571435,11.8887,0.0510,False,Johnson V,CCD,SSTA,1.643,False
6893,SN 2011FE,000-BKD-525,2455853.572188,11.8913,0.0475,False,Johnson V,CCD,SSTA,1.648,False
6894,SN 2011FE,000-BKD-525,2455853.572951,11.8923,0.0452,False,Johnson V,CCD,SSTA,1.652,False
6895,SN 2011FE,000-BKD-525,2455853.573715,11.8813,0.0446,False,Johnson V,CCD,SSTA,1.657,False
6896,SN 2011FE,000-BKD-525,2455853.574468,11.8951,0.0494,False,Johnson V,CCD,SSTA,1.662,False
6897,SN 2011FE,000-BKD-525,2455853.575231,11.8819,0.0472,False,Johnson V,CCD,SSTA,1.666,False
6898,SN 2011FE,000-BKD-525,2455853.575995,11.8808,0.0481,False,Johnson V,CCD,SSTA,1.671,False
6899,SN 2011FE,000-BKD-525,2455853.576748,11.8896,0.0460,False,Johnson V,CCD,SSTA,1.676,False
6900,SN 2011FE,000-BKD-525,2455853.577512,11.8641,0.0515,False,Johnson V,CCD,SSTA,1.681,False
6901,SN 2011FE,000-BKD-525,2455853.578264,11.8848,0.0453,False,Johnson V,CCD,SSTA,1.685,False
6902,SN 2011FE,000-BKD-525,2455853.579201,11.8728,0.0480,False,Johnson V,CCD,SSTA,1.691,False
6903,SN 2011FE,000-BKD-525,2455853.579965,11.8934,0.0489,False,Johnson V,CCD,SSTA,1.696,False
6904,SN 2011FE,000-BKD-525,2455853.580729,11.8789,0.0459,False,Johnson V,CCD,SSTA,1.701,False
6905,SN 2011FE,000-BKD-525,2455853.581481,11.8865,0.0449,False,Johnson V,CCD,SSTA,1.706,False
6906,SN 2011FE,000-BKD-525,2455853.582245,11.8798,0.0498,False,Johnson V,CCD,SSTA,1.711,False
6907,SN 2011FE,000-BKD-525,2455853.582998,11.8913,0.0502,False,Johnson V,CCD,SSTA,1.716,False
6908,SN 2011FE,000-BKD-525,2455853.583762,11.8837,0.0525,False,Johnson V,CCD,SSTA,1.721,False
6909,SN 2011FE,000-BKD-525,2455853.584525,11.8885,0.0485,False,Johnson V,CCD,SSTA,1.726,False
6910,SN 2011FE,000-BKD-525,2455853.585278,11.8708,0.0515,False,Johnson V,CCD,SSTA,1.731,False
6911,SN 2011FE,000-BKD-525,2455853.586042,11.8688,0.0493,False,Johnson V,CCD,SSTA,1.736,False
6912,SN 2011FE,000-BKD-525,2455853.586968,11.8838,0.0600,False,Johnson V,CCD,SSTA,1.743,False
6913,SN 2011FE,000-BKD-525,2455853.587731,11.8810,0.0568,False,Johnson V,CCD,SSTA,1.748,False
6914,SN 2011FE,000-BKD-525,2455853.588484,11.8798,0.0567,False,Johnson V,CCD,SSTA,1.753,False
6915,SN 2011FE,000-BKD-525,2455853.589248,11.8903,0.0559,False,Johnson V,CCD,SSTA,1.758,False
6916,SN 2011FE,000-BKD-525,2455853.59,11.8853,0.0482,False,Johnson V,CCD,SSTA,1.763,False
6917,SN 2011FE,000-BKD-525,2455853.590764,11.8826,0.0463,False,Johnson V,CCD,SSTA,1.768,False
6918,SN 2011FE,000-BKD-525,2455853.591528,11.8815,0.0530,False,Johnson V,CCD,SSTA,1.774,False
6919,SN 2011FE,000-BKD-525,2455853.59228,11.8494,0.0526,False,Johnson V,CCD,SSTA,1.779,False
6920,SN 2011FE,000-BKD-525,2455853.593044,11.8862,0.0529,False,Johnson V,CCD,SSTA,1.784,False
6921,SN 2011FE,000-BKD-525,2455853.593808,11.8786,0.0555,False,Johnson V,CCD,SSTA,1.789,False
6922,SN 2011FE,000-BKD-525,2455853.594734,11.9075,0.0498,False,Johnson V,CCD,SSTA,1.796,False
6923,SN 2011FE,000-BKD-525,2455853.595498,11.8605,0.0531,False,Johnson V,CCD,SSTA,1.802,False
6924,SN 2011FE,000-BKD-525,2455853.59625,11.8808,0.0542,False,Johnson V,CCD,SSTA,1.807,False
6925,SN 2011FE,000-BKD-525,2455853.597014,11.8732,0.0634,False,Johnson V,CCD,SSTA,1.812,False
6926,SN 2011FE,000-BKD-525,2455853.597766,11.8857,0.0677,False,Johnson V,CCD,SSTA,1.818,False
6927,SN 2011FE,000-BKD-525,2455853.59853,11.8812,0.0532,False,Johnson V,CCD,SSTA,1.823,False
6928,SN 2011FE,000-BKD-525,2455853.599294,11.9159,0.0535,False,Johnson V,CCD,SSTA,1.829,False
6929,SN 2011FE,000-BKD-525,2455853.600046,11.8883,0.0637,False,Johnson V,CCD,SSTA,1.834,False
6930,SN 2011FE,000-BKD-525,2455853.60081,11.8867,0.0640,False,Johnson V,CCD,SSTA,1.840,False
6931,SN 2011FE,000-BKD-525,2455853.601574,11.9067,0.0683,False,Johnson V,CCD,SSTA,1.846,False
6932,SN 2011FE,000-BKD-525,2455853.602488,11.8825,0.0522,False,Johnson V,CCD,SSTA,1.853,False
6933,PTF11kly,000-BKD-525,2455853.6025,11.960,0.0315,False,Johnson V,CCD,TDW,1.650,False
6934,SN 2011FE,000-BKD-525,2455853.603241,11.8922,0.0542,False,Johnson V,CCD,SSTA,1.859,False
6935,SN 2011FE,000-BKD-525,2455853.604005,11.8913,0.0522,False,Johnson V,CCD,SSTA,1.864,False
6936,SN 2011FE,000-BKD-525,2455853.604757,11.8669,0.0654,False,Johnson V,CCD,SSTA,1.870,False
6937,SN 2011FE,000-BKD-525,2455853.605521,11.9049,0.0627,False,Johnson V,CCD,SSTA,1.876,False
6938,SN 2011FE,000-BKD-525,2455853.606285,11.8953,0.0721,False,Johnson V,CCD,SSTA,1.881,False
6939,PTF11kly,000-BKD-525,2455853.6068,11.590,0.0186,False,Cousins R,CCD,TDW,1.674,False
6940,SN 2011FE,000-BKD-525,2455853.607037,11.9170,0.0776,False,Johnson V,CCD,SSTA,1.887,False
6941,SN 2011FE,000-BKD-525,2455853.607801,11.8913,0.0685,False,Johnson V,CCD,SSTA,1.893,False
6942,SN 2011FE,000-BKD-525,2455853.608565,11.9154,0.0775,False,Johnson V,CCD,SSTA,1.899,False
6943,SN 2011FE,000-BKD-525,2455853.609317,11.9073,0.0797,False,Johnson V,CCD,SSTA,1.905,False
6944,SN 2011FE,000-BKD-525,2455853.610266,11.8912,0.0665,False,Johnson V,CCD,SSTA,1.912,False
6945,PTF11kly,000-BKD-525,2455853.61076,13.006,0.0703,False,Johnson B,CCD,TDW,1.698,False
6946,SN 2011FE,000-BKD-525,2455853.611019,11.8470,0.0740,False,Johnson V,CCD,SSTA,1.918,False
6947,SN 2011FE,000-BKD-525,2455853.611782,11.8920,0.0830,False,Johnson V,CCD,SSTA,1.924,False
6948,SN 2011FE,000-BKD-525,2455853.612546,11.8752,0.0765,False,Johnson V,CCD,SSTA,1.930,False
6949,SN 2011FE,000-BKD-525,2455853.613299,11.8803,0.0912,False,Johnson V,CCD,SSTA,1.936,False
6950,SN 2011FE,000-BKD-525,2455853.614063,11.9116,0.0730,False,Johnson V,CCD,SSTA,1.942,False
6951,PTF11kly,000-BKD-525,2455853.61468,11.207,0.0328,False,Cousins I,CCD,TDW,1.723,False
6952,SN 2011FE,000-BKD-525,2455853.614815,11.9007,0.0773,False,Johnson V,CCD,SSTA,1.948,False
6953,SN 2011FE,000-BKD-525,2455853.615579,11.8978,0.0545,False,Johnson V,CCD,SSTA,1.954,False
6954,SN 2011FE,000-BKD-525,2455853.616343,11.8927,0.0586,False,Johnson V,CCD,SSTA,1.960,False
6955,SN 2011FE,000-BKD-525,2455853.617095,11.8759,0.0573,False,Johnson V,CCD,SSTA,1.966,False
6956,SN 2011FE,000-BKD-525,2455853.618009,11.9028,0.0585,False,Johnson V,CCD,SSTA,1.974,False
6957,SN 2011FE,000-BKD-525,2455853.618773,11.8712,0.0786,False,Johnson V,CCD,SSTA,1.980,False
6958,SN 2011FE,000-BKD-525,2455853.619525,11.8793,0.0593,False,Johnson V,CCD,SSTA,1.986,False
6959,SN 2011FE,000-BKD-525,2455853.620289,11.8806,0.0574,False,Johnson V,CCD,SSTA,1.993,False
6960,SN 2011FE,000-BKD-525,2455853.621053,11.8980,0.0586,False,Johnson V,CCD,SSTA,1.999,False
6961,SN 2011FE,000-BKD-525,2455853.621806,11.8828,0.0647,False,Johnson V,CCD,SSTA,2.005,False
6962,SN 2011FE,000-BKD-525,2455853.622569,11.8963,0.0584,False,Johnson V,CCD,SSTA,2.011,False
6963,SN 2011FE,000-BKD-525,2455853.623333,11.8999,0.0572,False,Johnson V,CCD,SSTA,2.018,False
6964,SN 2011FE,000-BKD-525,2455853.624086,11.9023,0.0562,False,Johnson V,CCD,SSTA,2.024,False
6965,SN 2011FE,000-BKD-525,2455853.62485,11.8940,0.0647,False,Johnson V,CCD,SSTA,2.031,False
6966,SN 2011FE,000-BKD-525,2455853.625775,11.8856,0.0559,False,Johnson V,CCD,SSTA,2.039,False
6967,SN 2011FE,000-BKD-525,2455853.626539,11.8991,0.0610,False,Johnson V,CCD,SSTA,2.046,False
6968,SN 2011FE,000-BKD-525,2455853.627292,11.9162,0.0557,False,Johnson V,CCD,SSTA,2.052,False
6969,SN 2011FE,000-BKD-525,2455853.628056,11.9120,0.0579,False,Johnson V,CCD,SSTA,2.059,False
6970,SN 2011FE,000-BKD-525,2455853.628819,11.9260,0.0586,False,Johnson V,CCD,SSTA,2.065,False
6971,SN 2011FE,000-BKD-525,2455853.629572,11.9262,0.0577,False,Johnson V,CCD,SSTA,2.072,False
6972,SN 2011FE,000-BKD-525,2455853.630336,11.9028,0.0571,False,Johnson V,CCD,SSTA,2.078,False
6973,SN 2011FE,000-BKD-525,2455853.6311,11.9302,0.0566,False,Johnson V,CCD,SSTA,2.085,False
6974,SN 2011FE,000-BKD-525,2455853.631852,11.9140,0.0582,False,Johnson V,CCD,SSTA,2.091,False
6975,SN 2011FE,000-BKD-525,2455853.632616,11.9069,0.0634,False,Johnson V,CCD,SSTA,2.098,False
6976,SN 2011FE,000-BKD-525,2455853.633553,11.8931,0.0564,False,Johnson V,CCD,SSTA,2.106,False
6977,SN 2011FE,000-BKD-525,2455853.634306,11.9153,0.0514,False,Johnson V,CCD,SSTA,2.113,False
6978,SN 2011FE,000-BKD-525,2455853.635069,11.9065,0.0635,False,Johnson V,CCD,SSTA,2.120,False
6979,SN 2011FE,000-BKD-525,2455853.635833,11.9181,0.0738,False,Johnson V,CCD,SSTA,2.126,False
6980,SN 2011FE,000-BKD-525,2455853.636586,11.8954,0.0597,False,Johnson V,CCD,SSTA,2.133,False
6981,SN 2011FE,000-BKD-525,2455853.63735,11.9068,0.0698,False,Johnson V,CCD,SSTA,2.140,False
6982,SN 2011FE,000-BKD-525,2455853.638113,11.8790,0.0825,False,Johnson V,CCD,SSTA,2.147,False
6983,SN 2011FE,000-BKD-525,2455853.638866,11.8950,0.0665,False,Johnson V,CCD,SSTA,2.154,False
6984,SN 2011FE,000-BKD-525,2455853.63963,11.9081,0.0629,False,Johnson V,CCD,SSTA,2.161,False
6985,SN 2011FE,000-BKD-525,2455853.640382,11.9082,0.0604,False,Johnson V,CCD,SSTA,2.168,False
6986,SN 2011FE,000-BKD-525,2455853.641331,11.9182,0.0735,False,Johnson V,CCD,SSTA,2.178,False
6987,SN 2011FE,000-BKD-525,2455853.642095,11.9060,0.0788,False,Johnson V,CCD,SSTA,2.185,False
6988,SN 2011FE,000-BKD-525,2455853.646655,11.9145,0.0673,False,Johnson V,CCD,SSTA,2.206,False
6989,SN 2011FE,000-BKD-525,2455853.649178,11.8739,0.0705,False,Johnson V,CCD,SSTA,2.220,False
6990,SN 2011FE,000-BKD-525,2455853.649942,11.9120,0.0614,False,Johnson V,CCD,SSTA,2.227,False
6991,SN 2011FE,000-BKD-525,2455853.651458,11.8905,0.0632,False,Johnson V,CCD,SSTA,2.241,False
6992,SN 2011FE,000-BKD-525,2455853.652222,11.9092,0.0670,False,Johnson V,CCD,SSTA,2.250,False
6993,SN 2011FE,000-BKD-525,2455853.652975,11.8983,0.0588,False,Johnson V,CCD,SSTA,2.257,False
6994,SN 2011FE,000-BKD-525,2455853.653738,11.9333,0.0572,False,Johnson V,CCD,SSTA,2.265,False
6995,SN 2011FE,000-BKD-525,2455853.654502,11.9245,0.0610,False,Johnson V,CCD,SSTA,2.272,False
6996,SN 2011FE,000-BKD-525,2455853.655255,11.8848,0.0739,False,Johnson V,CCD,SSTA,2.279,False
6997,SN 2011FE,000-BKD-525,2455854.22,12.2,,False,Visual,Visual,MOZ,,
6998,SN 2011FE,000-BKD-525,2455854.26427,12.059,0.012,False,Johnson V,CCD,ATE,1.83,False
6999,SN 2011FE,000-BKD-525,2455854.26500,12.117,0.012,False,Johnson V,CCD,ATE,1.83,False
7000,SN 2011FE,000-BKD-525,2455854.26559,12.081,0.012,False,Johnson V,CCD,ATE,1.84,False
7001,SN 2011FE,000-BKD-525,2455854.26616,12.054,0.012,False,Johnson V,CCD,ATE,1.84,False
7002,SN 2011FE,000-BKD-525,2455854.26676,12.066,0.012,False,Johnson V,CCD,ATE,1.85,False
7003,SN 2011FE,000-BKD-525,2455854.26737,12.102,0.012,False,Johnson V,CCD,ATE,1.85,False
7004,SN 2011FE,000-BKD-525,2455854.26796,12.058,0.012,False,Johnson V,CCD,ATE,1.86,False
7005,SN 2011FE,000-BKD-525,2455854.26853,12.062,0.012,False,Johnson V,CCD,ATE,1.87,False
7006,SN 2011FE,000-BKD-525,2455854.26910,12.093,0.012,False,Johnson V,CCD,ATE,1.87,False
7007,SN 2011FE,000-BKD-525,2455854.26968,12.105,0.012,False,Johnson V,CCD,ATE,1.88,False
7008,SN 2011FE,000-BKD-525,2455854.27024,12.120,0.012,False,Johnson V,CCD,ATE,1.88,False
7009,SN 2011FE,000-BKD-525,2455854.2708,12.3,,False,Visual,Visual,ILE,,
7010,SN 2011FE,000-BKD-525,2455854.27083,12.3,,False,Visual,Visual,ILE,,
7011,SN 2011FE,000-BKD-525,2455854.27083,12.116,0.012,False,Johnson V,CCD,ATE,1.89,False
7012,SN 2011FE,000-BKD-525,2455854.27143,12.052,0.012,False,Johnson V,CCD,ATE,1.89,False
7013,SN 2011FE,000-BKD-525,2455854.27200,12.091,0.012,False,Johnson V,CCD,ATE,1.90,False
7014,SN 2011FE,000-BKD-525,2455854.27259,12.097,0.012,False,Johnson V,CCD,ATE,1.90,False
7015,SN 2011FE,000-BKD-525,2455854.27319,12.098,0.012,False,Johnson V,CCD,ATE,1.91,False
7016,SN 2011FE,000-BKD-525,2455854.27376,12.078,0.012,False,Johnson V,CCD,ATE,1.92,False
7017,SN 2011FE,000-BKD-525,2455854.27436,12.085,0.012,False,Johnson V,CCD,ATE,1.92,False
7018,SN 2011FE,000-BKD-525,2455854.27494,12.049,0.012,False,Johnson V,CCD,ATE,1.93,False
7019,SN 2011FE,000-BKD-525,2455854.27551,12.063,0.012,False,Johnson V,CCD,ATE,1.93,False
7020,SN 2011FE,000-BKD-525,2455854.27611,12.063,0.012,False,Johnson V,CCD,ATE,1.94,False
7021,SN 2011FE,000-BKD-525,2455854.27670,12.061,0.012,False,Johnson V,CCD,ATE,1.95,False
7022,SN 2011FE,000-BKD-525,2455854.27730,12.102,0.012,False,Johnson V,CCD,ATE,1.95,False
7023,SN 2011FE,000-BKD-525,2455854.27790,12.085,0.012,False,Johnson V,CCD,ATE,1.96,False
7024,SN 2011FE,000-BKD-525,2455854.27851,12.055,0.012,False,Johnson V,CCD,ATE,1.97,False
7025,SN 2011FE,000-BKD-525,2455854.27910,12.063,0.012,False,Johnson V,CCD,ATE,1.97,False
7026,SN 2011FE,000-BKD-525,2455854.27970,12.112,0.012,False,Johnson V,CCD,ATE,1.98,False
7027,SN 2011FE,000-BKD-525,2455854.28029,12.067,0.012,False,Johnson V,CCD,ATE,1.98,False
7028,SN 2011FE,000-BKD-525,2455854.28087,12.112,0.012,False,Johnson V,CCD,ATE,1.99,False
7029,SN 2011FE,000-BKD-525,2455854.28146,12.075,0.012,False,Johnson V,CCD,ATE,2.00,False
7030,PTF11KLY,000-BKD-525,2455854.28351,12.116,0.021,False,Unfiltered with V Zeropoint,CCD,DGSA,,False
7031,PTF11KLY,000-BKD-525,2455854.28412,12.129,0.022,False,Unfiltered with V Zeropoint,CCD,DGSA,,False
7032,PTF11KLY,000-BKD-525,2455854.28472,12.123,0.017,False,Unfiltered with V Zeropoint,CCD,DGSA,,False
7033,PTF11KLY,000-BKD-525,2455854.28532,12.123,0.018,False,Unfiltered with V Zeropoint,CCD,DGSA,,False
7034,PTF11KLY,000-BKD-525,2455854.28591,12.128,0.025,False,Unfiltered with V Zeropoint,CCD,DGSA,,False
7035,PTF11KLY,000-BKD-525,2455854.28650,12.124,0.024,False,Unfiltered with V Zeropoint,CCD,DGSA,,False
7036,PTF11KLY,000-BKD-525,2455854.2868,11.9,,False,Visual,Visual,VNL,,
7037,PTF11KLY,000-BKD-525,2455854.28711,12.110,0.014,False,Unfiltered with V Zeropoint,CCD,DGSA,,False
7038,PTF11KLY,000-BKD-525,2455854.28771,12.117,0.021,False,Unfiltered with V Zeropoint,CCD,DGSA,,False
7039,PTF11KLY,000-BKD-525,2455854.28831,12.133,0.018,False,Unfiltered with V Zeropoint,CCD,DGSA,,False
7040,PTF11KLY,000-BKD-525,2455854.28890,12.110,0.017,False,Unfiltered with V Zeropoint,CCD,DGSA,,False
7041,PTF11KLY,000-BKD-525,2455854.28950,12.123,0.027,False,Unfiltered with V Zeropoint,CCD,DGSA,,False
7042,PTF11KLY,000-BKD-525,2455854.29009,12.119,0.016,False,Unfiltered with V Zeropoint,CCD,DGSA,,False
7043,PTF11KLY,000-BKD-525,2455854.29069,12.122,0.022,False,Unfiltered with V Zeropoint,CCD,DGSA,,False
7044,PTF11KLY,000-BKD-525,2455854.29128,12.121,0.019,False,Unfiltered with V Zeropoint,CCD,DGSA,,False
7045,PTF11KLY,000-BKD-525,2455854.29188,12.129,0.023,False,Unfiltered with V Zeropoint,CCD,DGSA,,False
7046,PTF11KLY,000-BKD-525,2455854.29249,12.115,0.024,False,Unfiltered with V Zeropoint,CCD,DGSA,,False
7047,PTF11KLY,000-BKD-525,2455854.29309,12.115,0.027,False,Unfiltered with V Zeropoint,CCD,DGSA,,False
7048,PTF11KLY,000-BKD-525,2455854.29368,12.113,0.027,False,Unfiltered with V Zeropoint,CCD,DGSA,,False
7049,PTF11KLY,000-BKD-525,2455854.29428,12.120,0.022,False,Unfiltered with V Zeropoint,CCD,DGSA,,False
7050,PTF11KLY,000-BKD-525,2455854.29488,12.106,0.027,False,Unfiltered with V Zeropoint,CCD,DGSA,,False
7051,PTF11KLY,000-BKD-525,2455854.29549,12.119,0.025,False,Unfiltered with V Zeropoint,CCD,DGSA,,False
7052,PTF11KLY,000-BKD-525,2455854.29608,12.123,0.016,False,Unfiltered with V Zeropoint,CCD,DGSA,,False
7053,PTF11KLY,000-BKD-525,2455854.29668,12.117,0.021,False,Unfiltered with V Zeropoint,CCD,DGSA,,False
7054,PTF11KLY,000-BKD-525,2455854.29728,12.117,0.026,False,Unfiltered with V Zeropoint,CCD,DGSA,,False
7055,PTF11KLY,000-BKD-525,2455854.29788,12.109,0.019,False,Unfiltered with V Zeropoint,CCD,DGSA,,False
7056,SN 2011FE,000-BKD-525,2455854.2979,12.0,,False,Visual,Visual,WWJ,,
7057,PTF11KLY,000-BKD-525,2455854.29848,12.113,0.027,False,Unfiltered with V Zeropoint,CCD,DGSA,,False
7058,PTF11KLY,000-BKD-525,2455854.29909,12.123,0.018,False,Unfiltered with V Zeropoint,CCD,DGSA,,False
7059,PTF11KLY,000-BKD-525,2455854.29969,12.114,0.027,False,Unfiltered with V Zeropoint,CCD,DGSA,,False
7060,PTF11KLY,000-BKD-525,2455854.30030,12.119,0.017,False,Unfiltered with V Zeropoint,CCD,DGSA,,False
7061,PTF11KLY,000-BKD-525,2455854.30089,12.123,0.020,False,Unfiltered with V Zeropoint,CCD,DGSA,,False
7062,PTF11KLY,000-BKD-525,2455854.30150,12.109,0.021,False,Unfiltered with V Zeropoint,CCD,DGSA,,False
7063,PTF11KLY,000-BKD-525,2455854.30210,12.125,0.019,False,Unfiltered with V Zeropoint,CCD,DGSA,,False
7064,PTF11KLY,000-BKD-525,2455854.30270,12.124,0.017,False,Unfiltered with V Zeropoint,CCD,DGSA,,False
7065,PTF11KLY,000-BKD-525,2455854.30331,12.131,0.025,False,Unfiltered with V Zeropoint,CCD,DGSA,,False
7066,PTF11KLY,000-BKD-525,2455854.30392,12.127,0.022,False,Unfiltered with V Zeropoint,CCD,DGSA,,False
7067,PTF11KLY,000-BKD-525,2455854.30451,12.109,0.017,False,Unfiltered with V Zeropoint,CCD,DGSA,,False
7068,PTF11KLY,000-BKD-525,2455854.30512,12.112,0.025,False,Unfiltered with V Zeropoint,CCD,DGSA,,False
7069,PTF11KLY,000-BKD-525,2455854.30571,12.106,0.017,False,Unfiltered with V Zeropoint,CCD,DGSA,,False
7070,PTF11KLY,000-BKD-525,2455854.30632,12.106,0.009,False,Unfiltered with V Zeropoint,CCD,DGSA,,False
7071,PTF11KLY,000-BKD-525,2455854.30691,12.106,0.013,False,Unfiltered with V Zeropoint,CCD,DGSA,,False
7072,PTF11KLY,000-BKD-525,2455854.30751,12.119,0.014,False,Unfiltered with V Zeropoint,CCD,DGSA,,False
7073,PTF11KLY,000-BKD-525,2455854.30812,12.139,0.021,False,Unfiltered with V Zeropoint,CCD,DGSA,,False
7074,PTF11KLY,000-BKD-525,2455854.30873,12.122,0.026,False,Unfiltered with V Zeropoint,CCD,DGSA,,False
7075,PTF11KLY,000-BKD-525,2455854.30933,12.133,0.019,False,Unfiltered with V Zeropoint,CCD,DGSA,,False
7076,PTF11KLY,000-BKD-525,2455854.30993,12.121,0.021,False,Unfiltered with V Zeropoint,CCD,DGSA,,False
7077,PTF11KLY,000-BKD-525,2455854.31053,12.124,0.022,False,Unfiltered with V Zeropoint,CCD,DGSA,,False
7078,PTF11KLY,000-BKD-525,2455854.31113,12.120,0.014,False,Unfiltered with V Zeropoint,CCD,DGSA,,False
7079,PTF11KLY,000-BKD-525,2455854.31174,12.130,0.026,False,Unfiltered with V Zeropoint,CCD,DGSA,,False
7080,PTF11KLY,000-BKD-525,2455854.31234,12.128,0.020,False,Unfiltered with V Zeropoint,CCD,DGSA,,False
7081,PTF11KLY,000-BKD-525,2455854.31293,12.117,0.023,False,Unfiltered with V Zeropoint,CCD,DGSA,,False
7082,PTF11KLY,000-BKD-525,2455854.31353,12.126,0.012,False,Unfiltered with V Zeropoint,CCD,DGSA,,False
7083,PTF11KLY,000-BKD-525,2455854.31413,12.126,0.024,False,Unfiltered with V Zeropoint,CCD,DGSA,,False
7084,PTF11KLY,000-BKD-525,2455854.31472,12.122,0.024,False,Unfiltered with V Zeropoint,CCD,DGSA,,False
7085,PTF11KLY,000-BKD-525,2455854.31532,12.128,0.023,False,Unfiltered with V Zeropoint,CCD,DGSA,,False
7086,PTF11KLY,000-BKD-525,2455854.31592,12.114,0.019,False,Unfiltered with V Zeropoint,CCD,DGSA,,False
7087,PTF11KLY,000-BKD-525,2455854.31677,12.116,0.011,False,Unfiltered with V Zeropoint,CCD,DGSA,,False
7088,PTF11KLY,000-BKD-525,2455854.31738,12.110,0.015,False,Unfiltered with V Zeropoint,CCD,DGSA,,False
7089,PTF11KLY,000-BKD-525,2455854.31797,12.118,0.015,False,Unfiltered with V Zeropoint,CCD,DGSA,,False
7090,PTF11KLY,000-BKD-525,2455854.31861,12.120,0.010,False,Unfiltered with V Zeropoint,CCD,DGSA,,False
7091,PTF11KLY,000-BKD-525,2455854.31921,12.122,0.013,False,Unfiltered with V Zeropoint,CCD,DGSA,,False
7092,PTF11KLY,000-BKD-525,2455854.31981,12.138,0.023,False,Unfiltered with V Zeropoint,CCD,DGSA,,False
7093,PTF11KLY,000-BKD-525,2455854.32041,12.123,0.023,False,Unfiltered with V Zeropoint,CCD,DGSA,,False
7094,PTF11KLY,000-BKD-525,2455854.32100,12.119,0.021,False,Unfiltered with V Zeropoint,CCD,DGSA,,False
7095,PTF11KLY,000-BKD-525,2455854.32159,12.120,0.013,False,Unfiltered with V Zeropoint,CCD,DGSA,,False
7096,PTF11KLY,000-BKD-525,2455854.32219,12.112,0.021,False,Unfiltered with V Zeropoint,CCD,DGSA,,False
7097,PTF11KLY,000-BKD-525,2455854.32278,12.132,0.022,False,Unfiltered with V Zeropoint,CCD,DGSA,,False
7098,PTF11KLY,000-BKD-525,2455854.32338,12.126,0.023,False,Unfiltered with V Zeropoint,CCD,DGSA,,False
7099,PTF11KLY,000-BKD-525,2455854.32397,12.119,0.018,False,Unfiltered with V Zeropoint,CCD,DGSA,,False
7100,PTF11KLY,000-BKD-525,2455854.32457,12.105,0.013,False,Unfiltered with V Zeropoint,CCD,DGSA,,False
7101,PTF11KLY,000-BKD-525,2455854.32517,12.118,0.018,False,Unfiltered with V Zeropoint,CCD,DGSA,,False
7102,PTF11KLY,000-BKD-525,2455854.32576,12.138,0.025,False,Unfiltered with V Zeropoint,CCD,DGSA,,False
7103,PTF11KLY,000-BKD-525,2455854.32635,12.128,0.015,False,Unfiltered with V Zeropoint,CCD,DGSA,,False
7104,PTF11KLY,000-BKD-525,2455854.32694,12.127,0.020,False,Unfiltered with V Zeropoint,CCD,DGSA,,False
7105,PTF11KLY,000-BKD-525,2455854.32754,12.123,0.017,False,Unfiltered with V Zeropoint,CCD,DGSA,,False
7106,PTF11KLY,000-BKD-525,2455854.32814,12.130,0.014,False,Unfiltered with V Zeropoint,CCD,DGSA,,False
7107,SN 2011FE,000-BKD-525,2455854.6028,11.9,,False,Unknown,CCD,HUR,,
7108,SN 2011FE,000-BKD-525,2455855.249317,11.710,,False,Unfiltered with R Zeropoint,CCD,HND,1.534,False
7109,SN 2011FE,000-BKD-525,2455855.251505,11.697,,False,Unfiltered with R Zeropoint,CCD,HND,1.546,False
7110,SN 2011FE,000-BKD-525,2455855.253264,11.753,,False,Unfiltered with R Zeropoint,CCD,HND,1.556,False
7111,SN 2011FE,000-BKD-525,2455855.255012,11.754,,False,Unfiltered with R Zeropoint,CCD,HND,1.565,False
7112,SN 2011FE,000-BKD-525,2455855.26111,12.1,,False,Visual,Visual,SJZ,,
7113,SN 2011FE,000-BKD-525,2455855.28472,12.1,,False,Visual,Visual,OJR,,
7114,SN 2011FE,000-BKD-525,2455855.5743,12.1,,False,Visual,Visual,KRB,,
7115,SN 2011FE,000-BKD-525,2455856.22920,12.063,0.014,False,Johnson V,CCD,SJAR,1.596,False
7116,SN 2011FE,000-BKD-525,2455856.22993,11.710,0.012,False,Cousins R,CCD,SJAR,1.600,False
7117,SN 2011FE,000-BKD-525,2455856.23138,11.487,0.028,False,Cousins I,CCD,SJAR,1.606,False
7118,SN 2011FE,000-BKD-525,2455856.23245,13.050,0.035,False,Johnson B,CCD,SJAR,1.611,False
7119,SN 2011FE,000-BKD-525,2455856.23958,11.9,,False,Visual,Visual,OJMA,,
7120,SN 2011FE,000-BKD-525,2455856.24931,12.2,,False,Visual,Visual,SJZ,,
7121,PTF11KLY,000-BKD-525,2455856.2549,11.9,,False,Visual,Visual,VNL,,
7122,SN 2011FE,000-BKD-525,2455856.25979,12.160,0.011,False,Johnson V,CCD,ATE,1.84,False
7123,SN 2011FE,000-BKD-525,2455856.26067,12.144,0.011,False,Johnson V,CCD,ATE,1.84,False
7124,SN 2011FE,000-BKD-525,2455856.26130,12.154,0.011,False,Johnson V,CCD,ATE,1.85,False
7125,SN 2011FE,000-BKD-525,2455856.26196,12.148,0.011,False,Johnson V,CCD,ATE,1.86,False
7126,SN 2011FE,000-BKD-525,2455856.26258,12.087,0.011,False,Johnson V,CCD,ATE,1.86,False
7127,SN 2011FE,000-BKD-525,2455856.26321,12.115,0.011,False,Johnson V,CCD,ATE,1.87,False
7128,SN 2011FE,000-BKD-525,2455856.26383,12.148,0.011,False,Johnson V,CCD,ATE,1.87,False
7129,SN 2011FE,000-BKD-525,2455856.26446,12.162,0.011,False,Johnson V,CCD,ATE,1.88,False
7130,SN 2011FE,000-BKD-525,2455856.26508,12.097,0.011,False,Johnson V,CCD,ATE,1.89,False
7131,SN 2011FE,000-BKD-525,2455856.26574,12.137,0.011,False,Johnson V,CCD,ATE,1.89,False
7132,SN 2011FE,000-BKD-525,2455856.26637,12.128,0.011,False,Johnson V,CCD,ATE,1.90,False
7133,SN 2011FE,000-BKD-525,2455856.26699,12.089,0.011,False,Johnson V,CCD,ATE,1.90,False
7134,SN 2011FE,000-BKD-525,2455856.26762,12.097,0.011,False,Johnson V,CCD,ATE,1.91,False
7135,SN 2011FE,000-BKD-525,2455856.26824,12.153,0.011,False,Johnson V,CCD,ATE,1.92,False
7136,SN 2011FE,000-BKD-525,2455856.26886,12.111,0.011,False,Johnson V,CCD,ATE,1.92,False
7137,SN 2011FE,000-BKD-525,2455856.26949,12.103,0.011,False,Johnson V,CCD,ATE,1.93,False
7138,SN 2011FE,000-BKD-525,2455856.27015,12.102,0.011,False,Johnson V,CCD,ATE,1.94,False
7139,SN 2011FE,000-BKD-525,2455856.27079,12.113,0.011,False,Johnson V,CCD,ATE,1.94,False
7140,SN 2011FE,000-BKD-525,2455856.27141,12.094,0.011,False,Johnson V,CCD,ATE,1.95,False
7141,SN 2011FE,000-BKD-525,2455856.27204,12.129,0.011,False,Johnson V,CCD,ATE,1.96,False
7142,SN 2011FE,000-BKD-525,2455856.27266,12.092,0.011,False,Johnson V,CCD,ATE,1.96,False
7143,SN 2011FE,000-BKD-525,2455856.27332,12.132,0.011,False,Johnson V,CCD,ATE,1.97,False
7144,SN 2011FE,000-BKD-525,2455856.27395,12.105,0.011,False,Johnson V,CCD,ATE,1.98,False
7145,SN 2011FE,000-BKD-525,2455856.27457,12.113,0.011,False,Johnson V,CCD,ATE,1.98,False
7146,SN 2011FE,000-BKD-525,2455856.27520,12.097,0.011,False,Johnson V,CCD,ATE,1.99,False
7147,SN 2011FE,000-BKD-525,2455856.27582,12.096,0.011,False,Johnson V,CCD,ATE,2.00,False
7148,SN 2011FE,000-BKD-525,2455856.27645,12.103,0.011,False,Johnson V,CCD,ATE,2.00,False
7149,SN 2011FE,000-BKD-525,2455856.27711,12.101,0.011,False,Johnson V,CCD,ATE,2.01,False
7150,SN 2011FE,000-BKD-525,2455856.27773,12.127,0.011,False,Johnson V,CCD,ATE,2.02,False
7151,SN 2011FE,000-BKD-525,2455856.27836,12.129,0.011,False,Johnson V,CCD,ATE,2.03,False
7152,SN 2011FE,000-BKD-525,2455856.27898,12.101,0.011,False,Johnson V,CCD,ATE,2.03,False
7153,SN 2011FE,000-BKD-525,2455856.27962,12.120,0.011,False,Johnson V,CCD,ATE,2.04,False
7154,SN 2011FE,000-BKD-525,2455856.28024,12.095,0.011,False,Johnson V,CCD,ATE,2.05,False
7155,SN 2011FE,000-BKD-525,2455856.28087,12.104,0.011,False,Johnson V,CCD,ATE,2.05,False
7156,SN 2011FE,000-BKD-525,2455856.28149,12.090,0.011,False,Johnson V,CCD,ATE,2.06,False
7157,SN 2011FE,000-BKD-525,2455856.453686,12.031,0.01,False,Johnson V,CCD,LDJ,1.954,False
7158,SN 2011FE,000-BKD-525,2455856.454983,12.028,0.01,False,Johnson V,CCD,LDJ,1.967,False
7159,SN 2011FE,000-BKD-525,2455856.53819,12.0,,False,Visual,Visual,CKB,,
7160,2011FE,000-BKD-525,2455857.21875,11.8,,False,Visual,Visual,KSQ,,
7161,SN 2011FE,000-BKD-525,2455857.2375,12.3,,False,Visual,Visual,KWO,,
7162,SN 2011FE,000-BKD-525,2455857.23889,12.2,,False,Visual,Visual,SJZ,,
7163,SN 2011FE,000-BKD-525,2455857.25,13.03,0.02,False,Johnson B,CCD,QW,,True
7164,SN 2011FE,000-BKD-525,2455857.25,12.05,0.01,False,Johnson V,CCD,QW,,True
7165,SN 2011FE,000-BKD-525,2455857.408,12.2,,False,Visual,Visual,BMU,,
7166,SN 2011FE,000-BKD-525,2455857.414,11.9,,False,Visual,Visual,VDE,,
7167,SN 2011FE,000-BKD-525,2455857.881806,12.086,0.01,False,Johnson V,CCD,LDJ,2.187,False
7168,PTF11kly,000-BKD-525,2455857.90391,12.07,0.04,False,Johnson V,CCD,SHA,2.88,True
7169,PTF11kly,000-BKD-525,2455857.90632,11.38,0.04,False,Cousins I,CCD,SHA,2.84,True
7170,SN 2011FE,000-BKD-525,2455857.90880,13.13,0.05,False,Johnson B,CCD,SHA,2.79,True
7171,SN 2011FE,000-BKD-525,2455858.2312,12.4,,False,Visual,Visual,BHS,,
7172,SN 2011FE,000-BKD-525,2455858.24,13.03,0.02,False,Johnson B,CCD,QW,,True
7173,SN 2011FE,000-BKD-525,2455858.24,12.07,0.01,False,Johnson V,CCD,QW,,True
7174,PTF11KLY,000-BKD-525,2455858.24306,11.82,0.02,False,Unfiltered with R Zeropoint,CCD,NOT,,False
7175,SN 2011FE,000-BKD-525,2455858.244224,11.797,,False,Unfiltered with R Zeropoint,CCD,HND,1.551,False
7176,SN 2011FE,000-BKD-525,2455858.244676,11.790,,False,Unfiltered with R Zeropoint,CCD,HND,1.553,False
7177,SN 2011FE,000-BKD-525,2455858.245104,11.800,,False,Unfiltered with R Zeropoint,CCD,HND,1.556,False
7178,SN 2011FE,000-BKD-525,2455858.245544,11.796,,False,Unfiltered with R Zeropoint,CCD,HND,1.558,False
7179,SN 2011FE,000-BKD-525,2455858.245984,11.836,,False,Unfiltered with R Zeropoint,CCD,HND,1.561,False
7180,SN 2011FE,000-BKD-525,2455858.246412,11.823,,False,Unfiltered with R Zeropoint,CCD,HND,1.563,False
7181,SN 2011FE,000-BKD-525,2455858.246863,11.786,,False,Unfiltered with R Zeropoint,CCD,HND,1.566,False
7182,SN 2011FE,000-BKD-525,2455858.247292,11.802,,False,Unfiltered with R Zeropoint,CCD,HND,1.568,False
7183,SN 2011FE,000-BKD-525,2455858.247743,11.782,,False,Unfiltered with R Zeropoint,CCD,HND,1.570,False
7184,SN 2011FE,000-BKD-525,2455858.248183,11.824,,False,Unfiltered with R Zeropoint,CCD,HND,1.573,False
7185,SN 2011FE,000-BKD-525,2455858.248623,11.819,,False,Unfiltered with R Zeropoint,CCD,HND,1.575,False
7186,SN 2011FE,000-BKD-525,2455858.2583,12.4,,False,Visual,Visual,BVE,,
7187,SN 2011FE,000-BKD-525,2455858.26736,12.3,,False,Visual,Visual,WKL,,
7188,SN 2011FE,000-BKD-525,2455858.2701,12.3,,False,Visual,Visual,GGU,,
7189,PTF11KLY,000-BKD-525,2455858.27511,12.153,0.018,False,Unfiltered with V Zeropoint,CCD,DGSA,,False
7190,PTF11KLY,000-BKD-525,2455858.27566,12.122,0.035,False,Unfiltered with V Zeropoint,CCD,DGSA,,False
7191,PTF11KLY,000-BKD-525,2455858.27609,12.188,0.010,False,Unfiltered with V Zeropoint,CCD,DGSA,,False
7192,PTF11KLY,000-BKD-525,2455858.27653,12.166,0.006,False,Unfiltered with V Zeropoint,CCD,DGSA,,False
7193,PTF11KLY,000-BKD-525,2455858.27695,12.168,0.034,False,Unfiltered with V Zeropoint,CCD,DGSA,,False
7194,PTF11KLY,000-BKD-525,2455858.27739,12.145,0.022,False,Unfiltered with V Zeropoint,CCD,DGSA,,False
7195,SN 2011FE,000-BKD-525,2455858.27778,12.3,,False,Visual,Visual,SJZ,,
7196,PTF11KLY,000-BKD-525,2455858.27782,12.166,0.007,False,Unfiltered with V Zeropoint,CCD,DGSA,,False
7197,SN 2011FE,000-BKD-525,2455858.278,12.2,,False,Visual,Visual,BMU,,
7198,PTF11KLY,000-BKD-525,2455858.27826,12.126,0.048,False,Unfiltered with V Zeropoint,CCD,DGSA,,False
7199,PTF11KLY,000-BKD-525,2455858.27869,12.144,0.042,False,Unfiltered with V Zeropoint,CCD,DGSA,,False
7200,PTF11KLY,000-BKD-525,2455858.27912,12.166,0.005,False,Unfiltered with V Zeropoint,CCD,DGSA,,False
7201,PTF11KLY,000-BKD-525,2455858.27956,12.159,0.024,False,Unfiltered with V Zeropoint,CCD,DGSA,,False
7202,PTF11KLY,000-BKD-525,2455858.28000,12.191,0.006,False,Unfiltered with V Zeropoint,CCD,DGSA,,False
7203,PTF11KLY,000-BKD-525,2455858.28044,12.122,0.033,False,Unfiltered with V Zeropoint,CCD,DGSA,,False
7204,PTF11KLY,000-BKD-525,2455858.28088,12.115,0.030,False,Unfiltered with V Zeropoint,CCD,DGSA,,False
7205,SN 2011FE,000-BKD-525,2455858.281,12.1,,False,Visual,Visual,VDE,,
7206,PTF11KLY,000-BKD-525,2455858.28132,12.148,0.023,False,Unfiltered with V Zeropoint,CCD,DGSA,,False
7207,PTF11KLY,000-BKD-525,2455858.28175,12.162,0.013,False,Unfiltered with V Zeropoint,CCD,DGSA,,False
7208,PTF11KLY,000-BKD-525,2455858.28218,12.135,0.029,False,Unfiltered with V Zeropoint,CCD,DGSA,,False
7209,PTF11KLY,000-BKD-525,2455858.28262,12.177,0.011,False,Unfiltered with V Zeropoint,CCD,DGSA,,False
7210,PTF11KLY,000-BKD-525,2455858.28306,12.153,0.016,False,Unfiltered with V Zeropoint,CCD,DGSA,,False
7211,PTF11KLY,000-BKD-525,2455858.28349,12.140,0.017,False,Unfiltered with V Zeropoint,CCD,DGSA,,False
7212,PTF11KLY,000-BKD-525,2455858.28392,12.168,0.006,False,Unfiltered with V Zeropoint,CCD,DGSA,,False
7213,PTF11KLY,000-BKD-525,2455858.28435,12.157,0.005,False,Unfiltered with V Zeropoint,CCD,DGSA,,False
7214,PTF11KLY,000-BKD-525,2455858.28478,12.109,0.042,False,Unfiltered with V Zeropoint,CCD,DGSA,,False
7215,PTF11KLY,000-BKD-525,2455858.28521,12.133,0.008,False,Unfiltered with V Zeropoint,CCD,DGSA,,False
7216,PTF11KLY,000-BKD-525,2455858.28565,12.169,0.016,False,Unfiltered with V Zeropoint,CCD,DGSA,,False
7217,PTF11KLY,000-BKD-525,2455858.28608,12.169,0.016,False,Unfiltered with V Zeropoint,CCD,DGSA,,False
7218,PTF11KLY,000-BKD-525,2455858.28651,12.145,0.019,False,Unfiltered with V Zeropoint,CCD,DGSA,,False
7219,PTF11KLY,000-BKD-525,2455858.2868,12.1,,False,Visual,Visual,VNL,,
7220,PTF11KLY,000-BKD-525,2455858.28694,12.187,0.009,False,Unfiltered with V Zeropoint,CCD,DGSA,,False
7221,PTF11KLY,000-BKD-525,2455858.28737,12.168,0.017,False,Unfiltered with V Zeropoint,CCD,DGSA,,False
7222,PTF11KLY,000-BKD-525,2455858.28782,12.155,0.031,False,Unfiltered with V Zeropoint,CCD,DGSA,,False
7223,PTF11KLY,000-BKD-525,2455858.28826,12.134,0.022,False,Unfiltered with V Zeropoint,CCD,DGSA,,False
7224,PTF11KLY,000-BKD-525,2455858.28870,12.177,0.024,False,Unfiltered with V Zeropoint,CCD,DGSA,,False
7225,PTF11KLY,000-BKD-525,2455858.28915,12.115,0.005,False,Unfiltered with V Zeropoint,CCD,DGSA,,False
7226,PTF11KLY,000-BKD-525,2455858.28958,12.153,0.009,False,Unfiltered with V Zeropoint,CCD,DGSA,,False
7227,PTF11KLY,000-BKD-525,2455858.29001,12.162,0.013,False,Unfiltered with V Zeropoint,CCD,DGSA,,False
7228,PTF11KLY,000-BKD-525,2455858.29045,12.072,0.031,False,Unfiltered with V Zeropoint,CCD,DGSA,,False
7229,PTF11KLY,000-BKD-525,2455858.29089,12.104,0.064,False,Unfiltered with V Zeropoint,CCD,DGSA,,False
7230,PTF11KLY,000-BKD-525,2455858.29133,12.198,0.008,False,Unfiltered with V Zeropoint,CCD,DGSA,,False
7231,PTF11KLY,000-BKD-525,2455858.29176,12.150,0.030,False,Unfiltered with V Zeropoint,CCD,DGSA,,False
7232,PTF11KLY,000-BKD-525,2455858.29218,12.272,0.050,False,Unfiltered with V Zeropoint,CCD,DGSA,,False
7233,PTF11KLY,000-BKD-525,2455858.29263,12.145,0.010,False,Unfiltered with V Zeropoint,CCD,DGSA,,False
7234,PTF11KLY,000-BKD-525,2455858.29306,12.064,0.082,False,Unfiltered with V Zeropoint,CCD,DGSA,,False
7235,PTF11KLY,000-BKD-525,2455858.29349,12.162,0.032,False,Unfiltered with V Zeropoint,CCD,DGSA,,False
7236,PTF11KLY,000-BKD-525,2455858.29392,12.194,0.028,False,Unfiltered with V Zeropoint,CCD,DGSA,,False
7237,PTF11KLY,000-BKD-525,2455858.29435,12.188,0.026,False,Unfiltered with V Zeropoint,CCD,DGSA,,False
7238,PTF11kly,000-BKD-525,2455858.465,13.24,0.16,False,Johnson B,CCD,RHM,,False
7239,SN 2011FE,000-BKD-525,2455858.469010,12.091,0.01,False,Johnson V,CCD,LDJ,2.179,False
7240,PTF11kly,000-BKD-525,2455858.477,12.12,0.07,False,Johnson V,CCD,RHM,,False
7241,PTF11KLY,000-BKD-525,2455858.498,11.80,0.06,False,Cousins R,CCD,RHM,,False
7242,SN 2011FE,000-BKD-525,2455858.50347,12.22,0.05,False,Unfiltered with V Zeropoint,CCD,MFR,2.200,False
7243,PTF11KLY,000-BKD-525,2455858.511,11.50,0.07,False,Cousins I,CCD,RHM,,False
7244,SN 2011FE,000-BKD-525,2455858.63333,12.3,,False,Unknown,Other,RR,,
7245,SN 2011FE,000-BKD-525,2455859.24306,12.4,,False,Visual,Visual,BXT,,
7246,SN 2011FE,000-BKD-525,2455859.26559,12.389,0.012,False,Johnson V,CCD,ATE,1.98,False
7247,SN 2011FE,000-BKD-525,2455859.26638,12.386,0.012,False,Johnson V,CCD,ATE,1.99,False
7248,SN 2011FE,000-BKD-525,2455859.26703,12.346,0.012,False,Johnson V,CCD,ATE,1.99,False
7249,SN 2011FE,000-BKD-525,2455859.26766,12.361,0.012,False,Johnson V,CCD,ATE,2.00,False
7250,SN 2011FE,000-BKD-525,2455859.26831,12.356,0.012,False,Johnson V,CCD,ATE,2.01,False
7251,SN 2011FE,000-BKD-525,2455859.26894,12.400,0.013,False,Johnson V,CCD,ATE,2.01,False
7252,SN 2011FE,000-BKD-525,2455859.26956,12.339,0.013,False,Johnson V,CCD,ATE,2.02,False
7253,SN 2011FE,000-BKD-525,2455859.27020,12.397,0.013,False,Johnson V,CCD,ATE,2.03,False
7254,SN 2011FE,000-BKD-525,2455859.27082,12.347,0.013,False,Johnson V,CCD,ATE,2.03,False
7255,SN 2011FE,000-BKD-525,2455859.27145,12.348,0.013,False,Johnson V,CCD,ATE,2.04,False
7256,SN 2011FE,000-BKD-525,2455859.27207,12.362,0.013,False,Johnson V,CCD,ATE,2.05,False
7257,SN 2011FE,000-BKD-525,2455859.27272,12.349,0.013,False,Johnson V,CCD,ATE,2.06,False
7258,SN 2011FE,000-BKD-525,2455859.27335,12.358,0.013,False,Johnson V,CCD,ATE,2.06,False
7259,SN 2011FE,000-BKD-525,2455859.27397,12.342,0.014,False,Johnson V,CCD,ATE,2.07,False
7260,SN 2011FE,000-BKD-525,2455859.27461,12.384,0.013,False,Johnson V,CCD,ATE,2.08,False
7261,SN 2011FE,000-BKD-525,2455859.27523,12.375,0.015,False,Johnson V,CCD,ATE,2.09,False
7262,SN 2011FE,000-BKD-525,2455859.27586,12.333,0.014,False,Johnson V,CCD,ATE,2.09,False
7263,SN 2011FE,000-BKD-525,2455859.27648,12.400,0.015,False,Johnson V,CCD,ATE,2.10,False
7264,SN 2011FE,000-BKD-525,2455859.27711,12.379,0.014,False,Johnson V,CCD,ATE,2.11,False
7265,SN 2011FE,000-BKD-525,2455859.27773,12.374,0.013,False,Johnson V,CCD,ATE,2.12,False
7266,SN 2011FE,000-BKD-525,2455859.27836,12.401,0.013,False,Johnson V,CCD,ATE,2.12,False
7267,SN 2011FE,000-BKD-525,2455859.27898,12.380,0.013,False,Johnson V,CCD,ATE,2.13,False
7268,SN 2011FE,000-BKD-525,2455859.27961,12.388,0.013,False,Johnson V,CCD,ATE,2.14,False
7269,SN 2011FE,000-BKD-525,2455859.28023,12.401,0.013,False,Johnson V,CCD,ATE,2.15,False
7270,SN 2011FE,000-BKD-525,2455859.28096,12.394,0.013,False,Johnson V,CCD,ATE,2.16,False
7271,SN 2011FE,000-BKD-525,2455859.28159,12.389,0.013,False,Johnson V,CCD,ATE,2.16,False
7272,SN 2011FE,000-BKD-525,2455859.28225,12.383,0.013,False,Johnson V,CCD,ATE,2.17,False
7273,SN 2011FE,000-BKD-525,2455859.28287,12.399,0.013,False,Johnson V,CCD,ATE,2.18,False
7274,SN 2011FE,000-BKD-525,2455859.28350,12.400,0.013,False,Johnson V,CCD,ATE,2.19,False
7275,SN 2011FE,000-BKD-525,2455859.28420,12.377,0.013,False,Johnson V,CCD,ATE,2.20,False
7276,PTF11KLY,000-BKD-525,2455859.479,13.18,0.11,False,Johnson B,CCD,RHM,,False
7277,PTF11KLY,000-BKD-525,2455859.486,12.13,0.07,False,Johnson V,CCD,RHM,,False
7278,PTF11KLY,000-BKD-525,2455859.492,11.82,0.06,False,Cousins R,CCD,RHM,,False
7279,PTF11KLY,000-BKD-525,2455859.499,11.58,0.08,False,Cousins I,CCD,RHM,,False
7280,SN 2011FE,000-BKD-525,2455859.9042,12.5,,False,Visual,Visual,MOW,,
7281,SN 2011FE,000-BKD-525,2455860.2340,12.5,,False,Visual,Visual,DPV,,
7282,SN 2011FE,000-BKD-525,2455860.29167,12.4,,False,Visual,Visual,BXT,,
7283,SN 2011FE,000-BKD-525,2455861.21,12.4,,False,Visual,Visual,MOZ,,
7284,SN 2011FE,000-BKD-525,2455861.2139,12.5,,False,Visual,Visual,DPV,,
7285,SN 2011FE,000-BKD-525,2455861.2479,12.0,,False,Visual,Visual,BVE,,
7286,SN 2011FE,000-BKD-525,2455861.25000,12.5,,False,Visual,Visual,WKL,,
7287,PTF11KLY,000-BKD-525,2455861.2542,12.3,,False,Visual,Visual,VNL,,
7288,SN 2011FE,000-BKD-525,2455861.27083,12.5,,False,Visual,Visual,SUQ,,
7289,PTF11KLY,000-BKD-525,2455862.55679,13.131,0.045,False,Johnson B,CCD,SRIC,1.81,False
7290,PTF11KLY,000-BKD-525,2455862.55977,12.220,0.014,False,Johnson V,CCD,SRIC,1.84,False
7291,SN 2011FE,000-BKD-525,2455862.5611,12.4,,False,Visual,Visual,KRB,,
7292,SN 2011FE,000-BKD-525,2455863.2292,12.5,,False,Visual,Visual,DPV,,
7293,SN 2011FE,000-BKD-525,2455863.250,12.4,,False,Visual,Visual,PYG,,
7294,SN 2011FE,000-BKD-525,2455863.25323,12.464,0.013,False,Johnson V,CCD,ATE,1.96,False
7295,SN 2011FE,000-BKD-525,2455863.25409,12.481,0.013,False,Johnson V,CCD,ATE,1.97,False
7296,SN 2011FE,000-BKD-525,2455863.25471,12.467,0.013,False,Johnson V,CCD,ATE,1.98,False
7297,SN 2011FE,000-BKD-525,2455863.25534,12.480,0.013,False,Johnson V,CCD,ATE,1.99,False
7298,SN 2011FE,000-BKD-525,2455863.25596,12.445,0.013,False,Johnson V,CCD,ATE,1.99,False
7299,SN 2011FE,000-BKD-525,2455863.25659,12.482,0.013,False,Johnson V,CCD,ATE,2.00,False
7300,SN 2011FE,000-BKD-525,2455863.25721,12.443,0.013,False,Johnson V,CCD,ATE,2.01,False
7301,SN 2011FE,000-BKD-525,2455863.25785,12.476,0.013,False,Johnson V,CCD,ATE,2.01,False
7302,SN 2011FE,000-BKD-525,2455863.25848,12.484,0.013,False,Johnson V,CCD,ATE,2.02,False
7303,SN 2011FE,000-BKD-525,2455863.25910,12.457,0.013,False,Johnson V,CCD,ATE,2.03,False
7304,SN 2011FE,000-BKD-525,2455863.25975,12.489,0.013,False,Johnson V,CCD,ATE,2.04,False
7305,SN 2011FE,000-BKD-525,2455863.26037,12.501,0.013,False,Johnson V,CCD,ATE,2.04,False
7306,SN 2011FE,000-BKD-525,2455863.26100,12.477,0.013,False,Johnson V,CCD,ATE,2.05,False
7307,SN 2011FE,000-BKD-525,2455863.26166,12.442,0.013,False,Johnson V,CCD,ATE,2.06,False
7308,SN 2011FE,000-BKD-525,2455863.26228,12.467,0.013,False,Johnson V,CCD,ATE,2.06,False
7309,SN 2011FE,000-BKD-525,2455863.26291,12.441,0.013,False,Johnson V,CCD,ATE,2.07,False
7310,SN 2011FE,000-BKD-525,2455863.7625,12.23,0.130,False,Johnson V,CCD,KTHA,,False
7311,PTF11KLY,000-BKD-525,2455864.55486,13.227,0.129,False,Johnson B,CCD,SRIC,1.84,False
7312,PTF11KLY,000-BKD-525,2455864.55778,12.324,0.035,False,Johnson V,CCD,SRIC,1.87,False
7313,SN 2011FE,000-BKD-525,2455864.56736,12.5,,False,Visual,Visual,WLY,,
7314,PTF11KLY,000-BKD-525,2455864.883,13.31,0.12,False,Johnson B,CCD,RHM,,False
7315,PTF11KLY,000-BKD-525,2455864.895,12.30,0.06,False,Johnson V,CCD,RHM,,False
7316,PTF11KLY,000-BKD-525,2455864.907,12.03,0.06,False,Cousins R,CCD,RHM,,False
7317,PTF11KLY,000-BKD-525,2455864.924,11.83,0.07,False,Cousins I,CCD,RHM,,False
7318,SN 2011FE,000-BKD-525,2455865.2500,12.4,,False,Visual,Visual,MZS,,
7319,SN 2011FE,000-BKD-525,2455865.30,12.2,,False,Visual,Visual,HCS,,
7320,SN 2011FE,000-BKD-525,2455865.6146,12.5,,False,Visual,Visual,DPV,,
7321,SN 2011FE,000-BKD-525,2455866.19,13.0,,True,Visual,Visual,PPS,,
7322,SN 2011FE,000-BKD-525,2455866.21439,12.308,0.014,False,Johnson V,CCD,SJAR,1.653,False
7323,SN 2011FE,000-BKD-525,2455866.21512,12.035,0.012,False,Cousins R,CCD,SJAR,1.656,False
7324,SN 2011FE,000-BKD-525,2455866.21585,13.250,0.031,False,Johnson B,CCD,SJAR,1.659,False
7325,SN 2011FE,000-BKD-525,2455866.21658,11.847,0.029,False,Cousins I,CCD,SJAR,1.663,False
7326,PTF11KLY,000-BKD-525,2455866.25069,12.09,0.02,False,Unfiltered with R Zeropoint,CCD,NOT,,False
7327,SN 2011FE,000-BKD-525,2455866.25440,12.310,0.014,False,Johnson V,CCD,VWS,1.832,False
7328,SN 2011FE,000-BKD-525,2455866.27431,12.4,,False,Visual,Visual,SUQ,,
7329,SN 2011FE,000-BKD-525,2455866.53140,12.32,0.01,False,Johnson V,CCD,HSW,,False
7330,SN 2011FE,000-BKD-525,2455866.96806,12.3,,True,Visual,Visual,ASA,,
7331,SN 2011FE,000-BKD-525,2455867.267,12.4,,False,Visual,Visual,PYG,,
7332,SN 2011FE,000-BKD-525,2455867.29,12.48,0.01,False,Unfiltered with V Zeropoint,CCD,HNDA,,False
7333,SN 2011FE,000-BKD-525,2455867.47986,12.35,0.03,False,Johnson V,CCD,SHA,2.04,True
7334,SN 2011FE,000-BKD-525,2455867.48133,13.22,0.04,False,Johnson B,CCD,SHA,2.066,True
7335,SN 2011FE,000-BKD-525,2455867.48316,11.92,0.03,False,Cousins I,CCD,SHA,2.085,True
7336,SN 2011FE,000-BKD-525,2455867.5854,12.6,,False,Visual,Visual,DPV,,
7337,PTF11KLY,000-BKD-525,2455868.01319,13.267,0.031,False,Johnson B,CCD,SRIC,1.86,False
7338,PTF11KLY,000-BKD-525,2455868.01608,12.402,0.010,False,Johnson V,CCD,SRIC,1.83,False
7339,SN 2011FE,000-BKD-525,2455868.23,13.2,0.1,False,Johnson B,CCD,QW,,True
7340,SN 2011FE,000-BKD-525,2455868.23,12.38,0.02,False,Johnson V,CCD,QW,,True
7341,SN 2011FE,000-BKD-525,2455868.438657,12.341,0.01,False,Johnson V,CCD,LDJ,2.144,False
7342,PTF11KLY,000-BKD-525,2455868.479,13.31,0.11,False,Johnson B,CCD,RHM,,False
7343,PTF11KLY,000-BKD-525,2455868.489,12.38,0.10,False,Johnson V,CCD,RHM,,False
7344,PTF11KLY,000-BKD-525,2455868.499,12.13,0.07,False,Cousins R,CCD,RHM,,False
7345,PTF11KLY,000-BKD-525,2455868.510,12.01,0.08,False,Cousins I,CCD,RHM,,False
7346,PTF11KLY,000-BKD-525,2455868.54787,13.265,0.085,False,Johnson B,CCD,SRIC,1.88,False
7347,PTF11KLY,000-BKD-525,2455868.55083,12.374,0.021,False,Johnson V,CCD,SRIC,1.91,False
7348,SN 2011FE,000-BKD-525,2455869.54167,12.8,,False,Visual,Visual,ZXIA,,
7349,PTF11KLY,000-BKD-525,2455869.55027,13.252,0.215,False,Johnson B,CCD,SRIC,1.92,False
7350,PTF11KLY,000-BKD-525,2455869.55325,12.465,0.152,False,Johnson V,CCD,SRIC,1.95,False
7351,SN 2011FE,000-BKD-525,2455869.8833,12.7,,False,Visual,Visual,MOW,,
7352,SN 2011FE,000-BKD-525,2455870.02946,12.463,0.015,False,Johnson V,CCD,HQA,1.000,True
7353,SN 2011FE,000-BKD-525,2455870.02946,13.419,0.017,False,Johnson B,CCD,HQA,1.000,True
7354,SN 2011FE,000-BKD-525,2455870.02946,12.290,0.016,False,Cousins R,CCD,HQA,1.000,True
7355,SN 2011FE,000-BKD-525,2455870.02946,12.172,0.018,False,Cousins I,CCD,HQA,1.000,True
7356,PTF11KLY,000-BKD-525,2455870.883,12.08,0.08,False,Cousins I,CCD,RHM,,False
7357,PTF11KLY,000-BKD-525,2455870.891,12.19,0.06,False,Cousins R,CCD,RHM,,False
7358,PTF11KLY,000-BKD-525,2455870.904,12.44,0.07,False,Johnson V,CCD,RHM,,False
7359,PTF11KLY,000-BKD-525,2455870.915,13.29,0.11,False,Johnson B,CCD,RHM,,False
7360,PTF11KLY,000-BKD-525,2455871.27778,12.27,0.02,False,Unfiltered with R Zeropoint,CCD,NOT,,False
7361,SN 2011FE,000-BKD-525,2455871.474334,12.422,0.01,False,Johnson V,CCD,LDJ,2.765,False
7362,SN 2011FE,000-BKD-525,2455871.6333,12.6,,False,Visual,Visual,DPV,,
7363,SN 2011FE,000-BKD-525,2455871.68750,12.5,,False,Visual,Visual,WKL,,
7364,SN 2011FE,000-BKD-525,2455872.251,12.6,,False,Visual,Visual,PYG,,
7365,SN 2011FE,000-BKD-525,2455872.6153,12.7,,False,Visual,Visual,DPV,,
7366,PTF11KLY,000-BKD-525,2455872.870,12.12,0.08,False,Cousins I,CCD,RHM,,False
7367,PTF11KLY,000-BKD-525,2455872.876,12.28,0.06,False,Cousins R,CCD,RHM,,False
7368,PTF11KLY,000-BKD-525,2455872.884,12.48,0.07,False,Johnson V,CCD,RHM,,False
7369,PTF11KLY,000-BKD-525,2455872.900,13.36,0.10,False,Johnson B,CCD,RHM,,False
7370,SN 2011FE,000-BKD-525,2455873.433113,12.488,0.01,False,Johnson V,CCD,LDJ,2.240,False
7371,SN 2011FE,000-BKD-525,2455873.434416,12.494,0.01,False,Johnson V,CCD,LDJ,2.257,False
7372,PTF11KLY,000-BKD-525,2455874.54599,13.266,0.168,False,Johnson B,CCD,SRIC,2.02,False
7373,PTF11KLY,000-BKD-525,2455874.548935,12.621,0.008,False,Johnson V,CCD,SRIC,2.053,False
7374,SN 2011FE,000-BKD-525,2455875.446146,12.532,0.01,False,Johnson V,CCD,LDJ,2.490,False
7375,SN 2011FE,000-BKD-525,2455875.447488,12.533,0.01,False,Johnson V,CCD,LDJ,2.511,False
7376,PTF11KLY,000-BKD-525,2455875.54500,13.393,0.072,False,Johnson B,CCD,SRIC,2.03,False
7377,PTF11KLY,000-BKD-525,2455875.54801,12.544,0.117,False,Johnson V,CCD,SRIC,2.07,False
7378,SN 2011FE,000-BKD-525,2455875.947928,12.737,0.015,False,Unfiltered with V Zeropoint,CCD,UJHA,,False
7379,SN 2011FE,000-BKD-525,2455875.949537,12.703,0.014,False,Unfiltered with V Zeropoint,CCD,UJHA,,False
7380,SN 2011FE,000-BKD-525,2455875.951134,12.715,0.014,False,Unfiltered with V Zeropoint,CCD,UJHA,,False
7381,SN 2011FE,000-BKD-525,2455875.952731,12.672,0.016,False,Unfiltered with V Zeropoint,CCD,UJHA,,False
7382,SN 2011FE,000-BKD-525,2455875.954329,12.719,0.013,False,Unfiltered with V Zeropoint,CCD,UJHA,,False
7383,SN 2011FE,000-BKD-525,2455875.955938,12.710,0.013,False,Unfiltered with V Zeropoint,CCD,UJHA,,False
7384,SN 2011FE,000-BKD-525,2455875.957535,12.702,0.013,False,Unfiltered with V Zeropoint,CCD,UJHA,,False
7385,SN 2011FE,000-BKD-525,2455875.959144,12.725,0.013,False,Unfiltered with V Zeropoint,CCD,UJHA,,False
7386,SN 2011FE,000-BKD-525,2455875.960741,12.715,0.012,False,Unfiltered with V Zeropoint,CCD,UJHA,,False
7387,SN 2011FE,000-BKD-525,2455875.962338,12.709,0.012,False,Unfiltered with V Zeropoint,CCD,UJHA,,False
7388,SN 2011FE,000-BKD-525,2455875.963935,12.711,0.013,False,Unfiltered with V Zeropoint,CCD,UJHA,,False
7389,SN 2011FE,000-BKD-525,2455875.965532,12.689,0.012,False,Unfiltered with V Zeropoint,CCD,UJHA,,False
7390,SN 2011FE,000-BKD-525,2455875.967141,12.644,0.013,False,Unfiltered with V Zeropoint,CCD,UJHA,,False
7391,SN 2011FE,000-BKD-525,2455875.968738,12.718,0.014,False,Unfiltered with V Zeropoint,CCD,UJHA,,False
7392,SN 2011FE,000-BKD-525,2455875.970347,12.744,0.013,False,Unfiltered with V Zeropoint,CCD,UJHA,,False
7393,SN 2011FE,000-BKD-525,2455875.971944,12.700,0.012,False,Unfiltered with V Zeropoint,CCD,UJHA,,False
7394,SN 2011FE,000-BKD-525,2455875.973542,12.706,0.011,False,Unfiltered with V Zeropoint,CCD,UJHA,,False
7395,SN 2011FE,000-BKD-525,2455875.975139,12.722,0.012,False,Unfiltered with V Zeropoint,CCD,UJHA,,False
7396,SN 2011FE,000-BKD-525,2455875.976736,12.718,0.012,False,Unfiltered with V Zeropoint,CCD,UJHA,,False
7397,SN 2011FE,000-BKD-525,2455875.978345,12.722,0.011,False,Unfiltered with V Zeropoint,CCD,UJHA,,False
7398,SN 2011FE,000-BKD-525,2455876.01643,12.614,0.004,False,Johnson V,CCD,HQA,1.000,True
7399,SN 2011FE,000-BKD-525,2455876.01643,13.501,0.009,False,Johnson B,CCD,HQA,1.000,True
7400,SN 2011FE,000-BKD-525,2455876.01643,12.465,0.006,False,Cousins R,CCD,HQA,1.000,True
7401,SN 2011FE,000-BKD-525,2455876.01643,12.424,0.007,False,Cousins I,CCD,HQA,1.000,True
7402,PTF11KLY,000-BKD-525,2455876.54425,13.331,0.124,False,Johnson B,CCD,SRIC,2.08,False
7403,PTF11KLY,000-BKD-525,2455876.54715,12.540,0.133,False,Johnson V,CCD,SRIC,2.10,False
7404,SN 2011FE,000-BKD-525,2455877.93956,12.748,0.013,False,Unfiltered with V Zeropoint,CCD,UJHA,,False
7405,SN 2011FE,000-BKD-525,2455877.941215,12.746,0.013,False,Unfiltered with V Zeropoint,CCD,UJHA,,False
7406,SN 2011FE,000-BKD-525,2455877.942917,12.782,0.012,False,Unfiltered with V Zeropoint,CCD,UJHA,,False
7407,SN 2011FE,000-BKD-525,2455877.944618,12.780,0.012,False,Unfiltered with V Zeropoint,CCD,UJHA,,False
7408,SN 2011FE,000-BKD-525,2455877.946273,12.768,0.012,False,Unfiltered with V Zeropoint,CCD,UJHA,,False
7409,SN 2011FE,000-BKD-525,2455877.947917,12.789,0.012,False,Unfiltered with V Zeropoint,CCD,UJHA,,False
7410,SN 2011FE,000-BKD-525,2455877.94956,12.753,0.012,False,Unfiltered with V Zeropoint,CCD,UJHA,,False
7411,SN 2011FE,000-BKD-525,2455877.95125,12.759,0.012,False,Unfiltered with V Zeropoint,CCD,UJHA,,False
7412,SN 2011FE,000-BKD-525,2455877.952894,12.747,0.012,False,Unfiltered with V Zeropoint,CCD,UJHA,,False
7413,SN 2011FE,000-BKD-525,2455877.954537,12.760,0.012,False,Unfiltered with V Zeropoint,CCD,UJHA,,False
7414,SN 2011FE,000-BKD-525,2455877.956215,12.742,0.012,False,Unfiltered with V Zeropoint,CCD,UJHA,,False
7415,SN 2011FE,000-BKD-525,2455877.957859,12.767,0.012,False,Unfiltered with V Zeropoint,CCD,UJHA,,False
7416,SN 2011FE,000-BKD-525,2455877.959572,12.745,0.011,False,Unfiltered with V Zeropoint,CCD,UJHA,,False
7417,SN 2011FE,000-BKD-525,2455877.961215,12.770,0.012,False,Unfiltered with V Zeropoint,CCD,UJHA,,False
7418,SN 2011FE,000-BKD-525,2455877.962882,12.734,0.012,False,Unfiltered with V Zeropoint,CCD,UJHA,,False
7419,SN 2011FE,000-BKD-525,2455877.964525,12.765,0.012,False,Unfiltered with V Zeropoint,CCD,UJHA,,False
7420,SN 2011FE,000-BKD-525,2455877.966192,12.775,0.011,False,Unfiltered with V Zeropoint,CCD,UJHA,,False
7421,SN 2011FE,000-BKD-525,2455877.967847,12.774,0.011,False,Unfiltered with V Zeropoint,CCD,UJHA,,False
7422,SN 2011FE,000-BKD-525,2455877.969491,12.764,0.011,False,Unfiltered with V Zeropoint,CCD,UJHA,,False
7423,SN 2011FE,000-BKD-525,2455877.971134,12.757,0.011,False,Unfiltered with V Zeropoint,CCD,UJHA,,False
7424,SN 2011FE,000-BKD-525,2455877.972778,12.755,0.011,False,Unfiltered with V Zeropoint,CCD,UJHA,,False
7425,SN 2011FE,000-BKD-525,2455877.974433,12.744,0.011,False,Unfiltered with V Zeropoint,CCD,UJHA,,False
7426,SN 2011FE,000-BKD-525,2455877.976065,12.775,0.011,False,Unfiltered with V Zeropoint,CCD,UJHA,,False
7427,SN 2011FE,000-BKD-525,2455877.97772,12.761,0.011,False,Unfiltered with V Zeropoint,CCD,UJHA,,False
7428,SN 2011FE,000-BKD-525,2455877.979398,12.768,0.011,False,Unfiltered with V Zeropoint,CCD,UJHA,,False
7429,SN 2011FE,000-BKD-525,2455878.432135,12.615,0.01,False,Johnson V,CCD,LDJ,2.407,False
7430,SN 2011FE,000-BKD-525,2455878.433443,12.626,0.01,False,Johnson V,CCD,LDJ,2.426,False
7431,SN 2011FE,000-BKD-525,2455878.696,12.58,,False,Cousins I,CCD,NJL,,False
7432,SN 2011FE,000-BKD-525,2455878.705,12.57,,False,Cousins R,CCD,NJL,,False
7433,SN 2011FE,000-BKD-525,2455878.712,13.6,,False,Johnson B,CCD,NJL,,False
7434,SN 2011FE,000-BKD-525,2455878.721,12.6,,False,Visual,Visual,NJL,,
7435,SN 2011FE,000-BKD-525,2455881.18384,12.700,0.010,False,Johnson V,CCD,SJAR,1.701,False
7436,SN 2011FE,000-BKD-525,2455881.18527,12.507,0.009,False,Cousins R,CCD,SJAR,1.708,False
7437,SN 2011FE,000-BKD-525,2455881.18669,13.457,0.023,False,Johnson B,CCD,SJAR,1.715,False
7438,SN 2011FE,000-BKD-525,2455881.18811,12.411,0.022,False,Cousins I,CCD,SJAR,1.722,False
7439,PTF11KLY,000-BKD-525,2455881.26319,12.60,0.02,False,Unfiltered with R Zeropoint,CCD,NOT,,False
7440,SN 2011FE,000-BKD-525,2455882.02657,12.742,0.007,False,Johnson V,CCD,HQA,1.000,True
7441,SN 2011FE,000-BKD-525,2455882.02657,13.578,0.010,False,Johnson B,CCD,HQA,1.000,True
7442,SN 2011FE,000-BKD-525,2455882.02657,12.649,0.009,False,Cousins R,CCD,HQA,1.000,True
7443,SN 2011FE,000-BKD-525,2455882.02657,12.671,0.011,False,Cousins I,CCD,HQA,1.000,True
7444,SN 2011FE,000-BKD-525,2455883.6993,12.8,0.160,False,Johnson V,CCD,KTHA,,False
7445,PTF11KLY,000-BKD-525,2455883.906,13.45,0.13,False,Johnson B,CCD,RHM,,False
7446,PTF11KLY,000-BKD-525,2455883.915,12.78,0.07,False,Johnson V,CCD,RHM,,False
7447,PTF11KLY,000-BKD-525,2455883.927,12.61,0.07,False,Cousins I,CCD,RHM,,False
7448,PTF11KLY,000-BKD-525,2455883.938,12.62,0.07,False,Cousins R,CCD,RHM,,False
7449,SN 2011FE,000-BKD-525,2455883.99189,12.812,0.011,False,Johnson V,CCD,HQA,1.000,True
7450,SN 2011FE,000-BKD-525,2455883.99189,13.605,0.014,False,Johnson B,CCD,HQA,1.000,True
7451,SN 2011FE,000-BKD-525,2455883.99189,12.718,0.013,False,Cousins R,CCD,HQA,1.000,True
7452,SN 2011FE,000-BKD-525,2455883.99189,12.750,0.015,False,Cousins I,CCD,HQA,1.000,True
7453,SN 2011FE,000-BKD-525,2455884.675,12.8,,False,Visual,Visual,LJX,,
7454,SN 2011FE,000-BKD-525,2455884.71875,12.8,,False,Visual,Visual,WKL,,
7455,PTF11KLY,000-BKD-525,2455886.22014,12.76,0.02,False,Unfiltered with R Zeropoint,CCD,NOT,,False
7456,SN 2011FE,000-BKD-525,2455886.518,12.9,,False,Visual,Visual,KRB,,
7457,SN 2011FE,000-BKD-525,2455887.46913,12.84,0.03,False,Johnson V,CCD,SHA,2.665,False
7458,SN 2011FE,000-BKD-525,2455887.5,12.9,,False,Unknown,CCD,HUR,,
7459,SN 2011FE,000-BKD-525,2455887.70833,12.9,,False,Visual,Visual,WKL,,
7460,PTF11kly,000-BKD-525,2455887.902,12.74,0.06,False,Cousins R,CCD,RHM,,False
7461,PTF11kly,000-BKD-525,2455887.910,12.78,0.08,False,Cousins I,CCD,RHM,,False
7462,PTF11KLY,000-BKD-525,2455887.917,12.89,0.07,False,Johnson V,CCD,RHM,,False
7463,PTF11KLY,000-BKD-525,2455887.930,13.50,0.11,False,Johnson B,CCD,RHM,,False
7464,SN 2011FE,000-BKD-525,2455888.05480,12.923,0.038,False,Johnson V,CCD,HGUA,1.497,False
7465,SN 2011FE,000-BKD-525,2455888.696,12.8,,False,Visual,Visual,LJX,,
7466,SN 2011FE,000-BKD-525,2455888.7,12.9,,False,Cousins I,CCD,LJX,,False
7467,SN 2011FE,000-BKD-525,2455888.703,12.9,,False,Visual,Visual,LJX,,
7468,SN 2011FE,000-BKD-525,2455888.706,13.2,,False,Johnson V,CCD,LJX,,False
7469,SN 2011FE,000-BKD-525,2455889.00136,12.925,0.010,False,Johnson V,CCD,HQA,1.000,True
7470,SN 2011FE,000-BKD-525,2455889.00136,13.679,0.013,False,Johnson B,CCD,HQA,1.000,True
7471,SN 2011FE,000-BKD-525,2455889.00136,12.869,0.012,False,Cousins R,CCD,HQA,1.000,True
7472,SN 2011FE,000-BKD-525,2455889.00136,12.948,0.015,False,Cousins I,CCD,HQA,1.000,True
7473,SN 2011FE,000-BKD-525,2455889.46463,12.90,0.03,False,Johnson V,CCD,SHA,2.686,True
7474,PTF11kly,000-BKD-525,2455889.46752,13.56,0.03,False,Johnson B,CCD,SHA,2.739,True
7475,SN 2011FE,000-BKD-525,2455889.47037,12.85,0.03,False,Cousins I,CCD,SHA,2.791,True
7476,PTF11KLY,000-BKD-525,2455889.906,12.84,0.07,False,Cousins R,CCD,RHM,,False
7477,PTF11KLY,000-BKD-525,2455889.915,12.85,0.08,False,Cousins I,CCD,RHM,,False
7478,PTF11KLY,000-BKD-525,2455889.923,12.94,0.07,False,Johnson V,CCD,RHM,,False
7479,PTF11KLY,000-BKD-525,2455889.938,13.61,0.12,False,Johnson B,CCD,RHM,,False
7480,SN 2011FE,000-BKD-525,2455889.97951,12.960,0.007,False,Johnson V,CCD,HQA,1.000,True
7481,SN 2011FE,000-BKD-525,2455889.97951,13.675,0.011,False,Johnson B,CCD,HQA,1.000,True
7482,SN 2011FE,000-BKD-525,2455889.97951,12.894,0.009,False,Cousins R,CCD,HQA,1.000,True
7483,SN 2011FE,000-BKD-525,2455889.97951,12.984,0.011,False,Cousins I,CCD,HQA,1.000,True
7484,PTF11KLY,000-BKD-525,2455890.6979,12.9,,False,Visual,Visual,VNL,,
7485,PTF11KLY,000-BKD-525,2455890.909,12.83,0.06,False,Cousins R,CCD,RHM,,False
7486,PTF11KLY,000-BKD-525,2455890.920,12.89,0.07,False,Cousins I,CCD,RHM,,False
7487,PTF11KLY,000-BKD-525,2455890.931,12.95,0.07,False,Johnson V,CCD,RHM,,False
7488,PTF11KLY,000-BKD-525,2455890.943,13.54,0.11,False,Johnson B,CCD,RHM,,False
7489,SN 2011FE,000-BKD-525,2455891.69792,13.0,,False,Visual,Visual,WKL,,
7490,PTF11KLY,000-BKD-525,2455891.7285,13.0,,False,Visual,Visual,VNL,,
7491,SN 2011FE,000-BKD-525,2455892.15401,12.974,0.011,False,Johnson V,CCD,SJAR,1.702,False
7492,SN 2011FE,000-BKD-525,2455892.15543,12.846,0.010,False,Cousins R,CCD,SJAR,1.709,False
7493,SN 2011FE,000-BKD-525,2455892.15685,13.581,0.025,False,Johnson B,CCD,SJAR,1.716,False
7494,SN 2011FE,000-BKD-525,2455892.15827,12.893,0.024,False,Cousins I,CCD,SJAR,1.723,False
7495,SN 2011FE,000-BKD-525,2455892.5,13.0,,False,Unknown,CCD,HUR,,
7496,SN 2011FE,000-BKD-525,2455892.687,12.95,,False,Visual,Visual,LJX,,
7497,SN 2011FE,000-BKD-525,2455892.689,13.1,,False,Cousins I,CCD,LJX,,False
7498,SN 2011FE,000-BKD-525,2455892.691,13.0,,False,Visual,Visual,LJX,,
7499,SN 2011FE,000-BKD-525,2455892.693,13.1,,False,Johnson V,CCD,LJX,,False
7500,SN 2011FE,000-BKD-525,2455892.696,13.8,,False,Johnson B,CCD,LJX,,False
7501,SN 2011FE,000-BKD-525,2455892.718,13.0,,False,Visual,Visual,NJL,,
7502,SN 2011FE,000-BKD-525,2455892.729,13.06,,False,Johnson V,CCD,NJL,,False
7503,SN 2011FE,000-BKD-525,2455892.98417,13.035,0.013,False,Johnson V,CCD,HQA,1.000,True
7504,SN 2011FE,000-BKD-525,2455892.98417,13.718,0.015,False,Johnson B,CCD,HQA,1.000,True
7505,SN 2011FE,000-BKD-525,2455892.98417,12.990,0.015,False,Cousins R,CCD,HQA,1.000,True
7506,SN 2011FE,000-BKD-525,2455892.98417,13.134,0.017,False,Cousins I,CCD,HQA,1.000,True
7507,SN 2011FE,000-BKD-525,2455893.69444,13.1,,False,Visual,Visual,WKL,,
7508,PTF11KLY,000-BKD-525,2455893.6951,13.0,,False,Visual,Visual,VNL,,
7509,SN 2011FE,000-BKD-525,2455893.96652,13.042,0.011,False,Johnson V,CCD,HQA,1.000,True
7510,SN 2011FE,000-BKD-525,2455893.96652,13.741,0.015,False,Johnson B,CCD,HQA,1.000,True
7511,SN 2011FE,000-BKD-525,2455893.96652,13.007,0.013,False,Cousins R,CCD,HQA,1.000,True
7512,SN 2011FE,000-BKD-525,2455893.96652,13.144,0.015,False,Cousins I,CCD,HQA,1.000,True
7513,SN 2011FE,000-BKD-525,2455894.2326,13.0,,False,Visual,Visual,ILE,,
7514,SN 2011FE,000-BKD-525,2455894.23264,13.0,,False,Visual,Visual,ILE,,
7515,SN 2011FE,000-BKD-525,2455894.6389,13.4,,False,Visual,Visual,MZS,,
7516,SN 2011FE,000-BKD-525,2455894.65764,13.0,,False,Visual,Visual,STI,,
7517,SN 2011FE,000-BKD-525,2455894.96198,13.085,0.008,False,Johnson V,CCD,HQA,1.000,True
7518,SN 2011FE,000-BKD-525,2455894.96198,13.735,0.011,False,Johnson B,CCD,HQA,1.000,True
7519,SN 2011FE,000-BKD-525,2455894.96198,13.042,0.011,False,Cousins R,CCD,HQA,1.000,True
7520,SN 2011FE,000-BKD-525,2455894.96198,13.171,0.014,False,Cousins I,CCD,HQA,1.000,True
7521,SN 2011FE,000-BKD-525,2455895.7569,13.05,0.100,False,Johnson V,CCD,KTHA,,False
7522,SN 2011FE,000-BKD-525,2455895.95763,13.124,0.005,False,Johnson V,CCD,HQA,1.000,True
7523,SN 2011FE,000-BKD-525,2455895.95763,13.746,0.009,False,Johnson B,CCD,HQA,1.000,True
7524,SN 2011FE,000-BKD-525,2455895.95763,13.083,0.009,False,Cousins R,CCD,HQA,1.000,True
7525,SN 2011FE,000-BKD-525,2455895.95763,13.218,0.011,False,Cousins I,CCD,HQA,1.000,True
7526,PTF11KLY,000-BKD-525,2455896.19653,13.02,0.02,False,Unfiltered with R Zeropoint,CCD,NOT,,False
7527,SN 2011FE,000-BKD-525,2455896.67361,13.2,,False,Visual,Visual,WKL,,
7528,SN 2011FE,000-BKD-525,2455896.96518,13.144,0.009,False,Johnson V,CCD,HQA,1.000,True
7529,SN 2011FE,000-BKD-525,2455896.96518,13.759,0.015,False,Johnson B,CCD,HQA,1.000,True
7530,SN 2011FE,000-BKD-525,2455896.96518,13.116,0.011,False,Cousins R,CCD,HQA,1.000,True
7531,SN 2011FE,000-BKD-525,2455896.96518,13.258,0.015,False,Cousins I,CCD,HQA,1.000,True
7532,PTF11KLY,000-BKD-525,2455897.53526,13.613,0.068,False,Johnson B,CCD,SRIC,2.68,False
7533,PTF11KLY,000-BKD-525,2455897.53825,13.099,0.032,False,Johnson V,CCD,SRIC,2.73,False
7534,SN 2011FE,000-BKD-525,2455897.714,13.0,,False,Visual,Visual,LJX,,
7535,SN 2011FE,000-BKD-525,2455898.46888,13.12,0.06,False,Johnson V,CCD,SHA,3.278,True
7536,SN 2011FE,000-BKD-525,2455898.47086,13.62,0.10,False,Johnson B,CCD,SHA,3.326,True
7537,PTF11kly,000-BKD-525,2455898.47266,13.18,0.08,False,Cousins I,CCD,SHA,3.370,True
7538,PTF11KLY,000-BKD-525,2455898.889,13.10,0.07,False,Cousins R,CCD,RHM,,False
7539,PTF11kly,000-BKD-525,2455898.897,13.19,0.07,False,Cousins I,CCD,RHM,,False
7540,PTF11KLY,000-BKD-525,2455898.908,13.18,0.06,False,Johnson V,CCD,RHM,,False
7541,PTF11KLY,000-BKD-525,2455898.923,13.68,0.11,False,Johnson B,CCD,RHM,,False
7542,SN 2011FE,000-BKD-525,2455900.71528,13.3,,False,Visual,Visual,WKL,,
7543,PTF11KLY,000-BKD-525,2455902.19167,13.19,0.02,False,Unfiltered with R Zeropoint,CCD,NOT,,False
7544,SN 2011FE,000-BKD-525,2455904.694,13.3,,False,Visual,Visual,LJX,,
7545,SN 2011FE,000-BKD-525,2455904.697,13.5,,False,Cousins I,CCD,LJX,,False
7546,SN 2011FE,000-BKD-525,2455904.699,13.4,,False,Visual,Visual,LJX,,
7547,SN 2011FE,000-BKD-525,2455904.702,13.4,,False,Johnson V,CCD,LJX,,False
7548,SN 2011FE,000-BKD-525,2455905.88088,13.487,0.010,False,Unfiltered with V Zeropoint,CCD,UJHA,,False
7549,SN 2011FE,000-BKD-525,2455905.883576,13.472,0.009,False,Unfiltered with V Zeropoint,CCD,UJHA,,False
7550,SN 2011FE,000-BKD-525,2455905.885984,13.485,0.009,False,Unfiltered with V Zeropoint,CCD,UJHA,,False
7551,SN 2011FE,000-BKD-525,2455905.888044,13.474,0.010,False,Unfiltered with V Zeropoint,CCD,UJHA,,False
7552,SN 2011FE,000-BKD-525,2455905.890579,13.449,0.009,False,Unfiltered with V Zeropoint,CCD,UJHA,,False
7553,SN 2011FE,000-BKD-525,2455905.893125,13.457,0.010,False,Unfiltered with V Zeropoint,CCD,UJHA,,False
7554,SN 2011FE,000-BKD-525,2455905.896343,13.460,0.009,False,Unfiltered with V Zeropoint,CCD,UJHA,,False
7555,SN 2011FE,000-BKD-525,2455905.900509,13.453,0.009,False,Unfiltered with V Zeropoint,CCD,UJHA,,False
7556,SN 2011FE,000-BKD-525,2455905.902685,13.449,0.009,False,Unfiltered with V Zeropoint,CCD,UJHA,,False
7557,SN 2011FE,000-BKD-525,2455905.904653,13.475,0.009,False,Unfiltered with V Zeropoint,CCD,UJHA,,False
7558,SN 2011FE,000-BKD-525,2455905.906713,13.446,0.009,False,Unfiltered with V Zeropoint,CCD,UJHA,,False
7559,SN 2011FE,000-BKD-525,2455905.90831,13.461,0.009,False,Unfiltered with V Zeropoint,CCD,UJHA,,False
7560,SN 2011FE,000-BKD-525,2455905.909931,13.468,0.009,False,Unfiltered with V Zeropoint,CCD,UJHA,,False
7561,SN 2011FE,000-BKD-525,2455905.911528,13.468,0.009,False,Unfiltered with V Zeropoint,CCD,UJHA,,False
7562,SN 2011FE,000-BKD-525,2455905.913137,13.467,0.009,False,Unfiltered with V Zeropoint,CCD,UJHA,,False
7563,SN 2011FE,000-BKD-525,2455905.914745,13.468,0.009,False,Unfiltered with V Zeropoint,CCD,UJHA,,False
7564,SN 2011FE,000-BKD-525,2455905.916354,13.473,0.009,False,Unfiltered with V Zeropoint,CCD,UJHA,,False
7565,SN 2011FE,000-BKD-525,2455905.917963,13.474,0.008,False,Unfiltered with V Zeropoint,CCD,UJHA,,False
7566,PTF11KLY,000-BKD-525,2455905.919,13.30,0.08,False,Cousins R,CCD,RHM,,False
7567,SN 2011FE,000-BKD-525,2455905.91956,13.459,0.009,False,Unfiltered with V Zeropoint,CCD,UJHA,,False
7568,SN 2011FE,000-BKD-525,2455905.921169,13.476,0.009,False,Unfiltered with V Zeropoint,CCD,UJHA,,False
7569,SN 2011FE,000-BKD-525,2455905.922778,13.464,0.009,False,Unfiltered with V Zeropoint,CCD,UJHA,,False
7570,SN 2011FE,000-BKD-525,2455905.924375,13.445,0.009,False,Unfiltered with V Zeropoint,CCD,UJHA,,False
7571,SN 2011FE,000-BKD-525,2455905.925984,13.477,0.009,False,Unfiltered with V Zeropoint,CCD,UJHA,,False
7572,SN 2011FE,000-BKD-525,2455905.927581,13.476,0.010,False,Unfiltered with V Zeropoint,CCD,UJHA,,False
7573,SN 2011FE,000-BKD-525,2455905.929201,13.465,0.014,False,Unfiltered with V Zeropoint,CCD,UJHA,,False
7574,PTF11KLY,000-BKD-525,2455905.930,13.41,0.07,False,Cousins I,CCD,RHM,,False
7575,SN 2011FE,000-BKD-525,2455905.930822,13.472,0.009,False,Unfiltered with V Zeropoint,CCD,UJHA,,False
7576,SN 2011FE,000-BKD-525,2455905.932431,13.465,0.008,False,Unfiltered with V Zeropoint,CCD,UJHA,,False
7577,SN 2011FE,000-BKD-525,2455905.934039,13.472,0.008,False,Unfiltered with V Zeropoint,CCD,UJHA,,False
7578,SN 2011FE,000-BKD-525,2455905.935637,13.477,0.008,False,Unfiltered with V Zeropoint,CCD,UJHA,,False
7579,SN 2011FE,000-BKD-525,2455905.937245,13.486,0.008,False,Unfiltered with V Zeropoint,CCD,UJHA,,False
7580,PTF11KLY,000-BKD-525,2455905.941,13.38,0.07,False,Johnson V,CCD,RHM,,False
7581,SN 2011FE,000-BKD-525,2455905.941806,13.471,0.005,False,Unfiltered with V Zeropoint,CCD,UJHA,,False
7582,SN 2011FE,000-BKD-525,2455905.945625,13.464,0.005,False,Unfiltered with V Zeropoint,CCD,UJHA,,False
7583,SN 2011FE,000-BKD-525,2455905.949433,13.476,0.006,False,Unfiltered with V Zeropoint,CCD,UJHA,,False
7584,PTF11KLY,000-BKD-525,2455905.951,13.75,0.11,False,Johnson B,CCD,RHM,,False
7585,SN 2011FE,000-BKD-525,2455905.953252,13.465,0.005,False,Unfiltered with V Zeropoint,CCD,UJHA,,False
7586,SN 2011FE,000-BKD-525,2455905.95706,13.464,0.005,False,Unfiltered with V Zeropoint,CCD,UJHA,,False
7587,PTF11KLY,000-BKD-525,2455906.19583,13.30,0.03,False,Unfiltered with R Zeropoint,CCD,NOT,,False
7588,SN 2011FE,000-BKD-525,2455906.70833,13.4,,False,Visual,Visual,WKL,,
7589,SN 2011FE,000-BKD-525,2455906.879086,13.477,0.011,False,Unfiltered with V Zeropoint,CCD,UJHA,,False
7590,SN 2011FE,000-BKD-525,2455906.880764,13.506,0.012,False,Unfiltered with V Zeropoint,CCD,UJHA,,False
7591,SN 2011FE,000-BKD-525,2455906.882465,13.479,0.012,False,Unfiltered with V Zeropoint,CCD,UJHA,,False
7592,SN 2011FE,000-BKD-525,2455906.884144,13.498,0.012,False,Unfiltered with V Zeropoint,CCD,UJHA,,False
7593,SN 2011FE,000-BKD-525,2455906.885822,13.478,0.011,False,Unfiltered with V Zeropoint,CCD,UJHA,,False
7594,SN 2011FE,000-BKD-525,2455906.887593,13.472,0.011,False,Unfiltered with V Zeropoint,CCD,UJHA,,False
7595,SN 2011FE,000-BKD-525,2455906.889248,13.488,0.011,False,Unfiltered with V Zeropoint,CCD,UJHA,,False
7596,SN 2011FE,000-BKD-525,2455906.890938,13.476,0.011,False,Unfiltered with V Zeropoint,CCD,UJHA,,False
7597,SN 2011FE,000-BKD-525,2455906.892685,13.480,0.011,False,Unfiltered with V Zeropoint,CCD,UJHA,,False
7598,SN 2011FE,000-BKD-525,2455906.894329,13.486,0.011,False,Unfiltered with V Zeropoint,CCD,UJHA,,False
7599,SN 2011FE,000-BKD-525,2455906.895984,13.509,0.012,False,Unfiltered with V Zeropoint,CCD,UJHA,,False
7600,SN 2011FE,000-BKD-525,2455906.897627,13.494,0.010,False,Unfiltered with V Zeropoint,CCD,UJHA,,False
7601,SN 2011FE,000-BKD-525,2455906.899317,13.509,0.011,False,Unfiltered with V Zeropoint,CCD,UJHA,,False
7602,SN 2011FE,000-BKD-525,2455906.901134,13.501,0.010,False,Unfiltered with V Zeropoint,CCD,UJHA,,False
7603,SN 2011FE,000-BKD-525,2455906.90294,13.508,0.011,False,Unfiltered with V Zeropoint,CCD,UJHA,,False
7604,SN 2011FE,000-BKD-525,2455906.904757,13.485,0.012,False,Unfiltered with V Zeropoint,CCD,UJHA,,False
7605,SN 2011FE,000-BKD-525,2455906.906435,13.486,0.011,False,Unfiltered with V Zeropoint,CCD,UJHA,,False
7606,SN 2011FE,000-BKD-525,2455906.908148,13.488,0.010,False,Unfiltered with V Zeropoint,CCD,UJHA,,False
7607,SN 2011FE,000-BKD-525,2455906.909838,13.498,0.010,False,Unfiltered with V Zeropoint,CCD,UJHA,,False
7608,SN 2011FE,000-BKD-525,2455906.911481,13.504,0.011,False,Unfiltered with V Zeropoint,CCD,UJHA,,False
7609,SN 2011FE,000-BKD-525,2455906.913148,13.488,0.010,False,Unfiltered with V Zeropoint,CCD,UJHA,,False
7610,SN 2011FE,000-BKD-525,2455906.914838,13.473,0.012,False,Unfiltered with V Zeropoint,CCD,UJHA,,False
7611,SN 2011FE,000-BKD-525,2455906.916539,13.484,0.010,False,Unfiltered with V Zeropoint,CCD,UJHA,,False
7612,SN 2011FE,000-BKD-525,2455906.918229,13.495,0.010,False,Unfiltered with V Zeropoint,CCD,UJHA,,False
7613,SN 2011FE,000-BKD-525,2455906.919896,13.500,0.009,False,Unfiltered with V Zeropoint,CCD,UJHA,,False
7614,SN 2011FE,000-BKD-525,2455906.921574,13.501,0.009,False,Unfiltered with V Zeropoint,CCD,UJHA,,False
7615,SN 2011FE,000-BKD-525,2455906.923275,13.514,0.010,False,Unfiltered with V Zeropoint,CCD,UJHA,,False
7616,SN 2011FE,000-BKD-525,2455906.924965,13.476,0.010,False,Unfiltered with V Zeropoint,CCD,UJHA,,False
7617,SN 2011FE,000-BKD-525,2455906.926678,13.511,0.009,False,Unfiltered with V Zeropoint,CCD,UJHA,,False
7618,PTF11KLY,000-BKD-525,2455907.895,13.39,0.07,False,Cousins R,CCD,RHM,,False
7619,PTF11KLY,000-BKD-525,2455907.905,13.51,0.07,False,Cousins I,CCD,RHM,,False
7620,PTF11KLY,000-BKD-525,2455907.922,13.42,0.07,False,Johnson V,CCD,RHM,,False
7621,PTF11KLY,000-BKD-525,2455907.934,13.80,0.11,False,Johnson B,CCD,RHM,,False
7622,SN 2011FE,000-BKD-525,2455909.68750,13.5,,False,Visual,Visual,WKL,,
7623,SN 2011FE,000-BKD-525,2455912.33717,13.470,0.041,False,Johnson V,CCD,SDI,3.125,False
7624,PTF11KLY,000-BKD-525,2455913.883,13.57,0.07,False,Cousins R,CCD,RHM,,False
7625,PTF11KLY,000-BKD-525,2455913.884,13.67,0.07,False,Cousins I,CCD,RHM,,False
7626,PTF11KLY,000-BKD-525,2455913.886,13.54,0.06,False,Johnson V,CCD,RHM,,False
7627,PTF11KLY,000-BKD-525,2455913.893,13.83,0.11,False,Johnson B,CCD,RHM,,False
7628,PTF11KLY,000-BKD-525,2455914.06848,13.656,0.042,False,Johnson B,CCD,SRIC,1.07,False
7629,PTF11KLY,000-BKD-525,2455914.07220,13.451,0.129,False,Johnson V,CCD,SRIC,1.07,False
7630,SN 2011FE,000-BKD-525,2455914.94773,13.501,0.011,False,Johnson V,CCD,SAH,,False
7631,SN 2011FE,000-BKD-525,2455916.06985,13.615,0.031,False,Johnson V,CCD,HGUA,1.143,False
7632,SN 2011FE,000-BKD-525,2455916.07078,14.000,0.034,False,Johnson B,CCD,HOA,1.141,False
7633,SN 2011FE,000-BKD-525,2455916.07170,13.607,0.032,False,Johnson V,CCD,HOA,1.139,False
7634,SN 2011FE,000-BKD-525,2455916.0785,13.0,,False,Visual,Visual,HUR,,
7635,SN 2011FE,000-BKD-525,2455916.66,13.6,,False,Visual,Visual,BFO,,
7636,SN 2011FE,000-BKD-525,2455916.899959,13.659,0.01,False,Johnson V,CCD,LDJ,1.133,False
7637,SN 2011FE,000-BKD-525,2455916.901285,13.662,0.01,False,Johnson V,CCD,LDJ,1.130,False
7638,SN 2011FE,000-BKD-525,2455918.032,13.6,,False,Visual,Visual,KRB,,
7639,SN 2011FE,000-BKD-525,2455918.672,13.6,,False,Visual,Visual,LJX,,
7640,SN 2011FE,000-BKD-525,2455918.675,13.75,,False,Visual,Visual,LJX,,
7641,SN 2011FE,000-BKD-525,2455918.678,13.70,,False,Johnson V,CCD,LJX,,False
7642,SN 2011FE,000-BKD-525,2455919.67083,13.9,,False,Visual,Visual,STI,,
7643,SN 2011FE,000-BKD-525,2455921.4097,13.8,,False,Visual,Visual,MZS,,
7644,SN 2011FE,000-BKD-525,2455921.6799,13.62,0.074,False,Johnson V,CCD,KTHA,,False
7645,SN 2011FE,000-BKD-525,2455921.95347,13.770,0.0325,False,Johnson V,CCD,SNE,,False
7646,SN 2011FE,000-BKD-525,2455922.94583,13.1,,False,Visual,Visual,CKB,,
7647,SN 2011FE,000-BKD-525,2455923.07957,13.828,0.043,False,Johnson V,CCD,HGUA,1.089,False
7648,SN 2011FE,000-BKD-525,2455923.13569,13.662,0.047,False,Johnson V,CCD,SJAR,2.031,False
7649,SN 2011FE,000-BKD-525,2455924.65972,13.8,,False,Visual,Visual,WKL,,
7650,PTF11KLY,000-BKD-525,2455924.919,13.79,0.06,False,Johnson V,CCD,RHM,,False
7651,PTF11KLY,000-BKD-525,2455924.926,13.99,0.12,False,Johnson B,CCD,RHM,,False
7652,PTF11KLY,000-BKD-525,2455924.929,13.89,0.07,False,Cousins R,CCD,RHM,,False
7653,PTF11KLY,000-BKD-525,2455924.936,14.02,0.09,False,Cousins I,CCD,RHM,,False
7654,SN 2011FE,000-BKD-525,2455925.50354,13.708,0.003,False,Johnson V,CCD,ATE,2.82,False
7655,SN 2011FE,000-BKD-525,2455925.50512,13.689,0.042,False,Johnson V,CCD,ATE,2.79,False
7656,SN 2011FE,000-BKD-525,2455925.50662,13.707,0.078,False,Johnson V,CCD,ATE,2.76,False
7657,SN 2011FE,000-BKD-525,2455925.50811,13.721,0.002,False,Johnson V,CCD,ATE,2.73,False
7658,SN 2011FE,000-BKD-525,2455925.50959,13.702,0.019,False,Johnson V,CCD,ATE,2.70,False
7659,SN 2011FE,000-BKD-525,2455927.05735,14.165,0.032,False,Johnson B,CCD,HOA,1.108,False
7660,SN 2011FE,000-BKD-525,2455927.05828,13.878,0.015,False,Johnson V,CCD,HOA,1.106,False
