#,target,auid,jd,mag,uncertainty,fainterthan,band,type,observer,airmass,transformed
1,PSN J09554214+6940260,000-BLG-310,2456679.91844,12.925,0.01,False,Johnson B,CCD,WTHB,1.268,True
2,PSN J09554214+6940260,000-BLG-310,2456679.92167,10.862,0.002,False,Cousins R,CCD,WTHB,1.271,True
3,PSN J09554214+6940260,000-BLG-310,2456679.92025,11.633,0.003,False,Johnson V,CCD,WTHB,1.27,True
4,PSN J09554214+6940260,000-BLG-310,2456679.83278,11.687,0.037,False,Johnson V,CCD,WXR,1.259,False
5,PSN J09554214+6940260,000-BLG-310,2456679.83404,12.992,0.032,False,Johnson B,CCD,WXR,1.258,False
6,PSN J09554214+6940260,000-BLG-310,2456679.83515,10.925,0.041,False,Cousins R,CCD,WXR,1.257,False
7,PSN J09554214+6940260,000-BLG-310,2456680.30277,10.217,0.007,False,Cousins I,CCD,OAR,1.135,False
8,PSN J09554214+6940260,000-BLG-310,2456680.31576,10.226,0.007,False,Cousins I,CCD,OAR,1.119,False
9,PSN J09554214+6940260,000-BLG-310,2456680.33166,10.190,0.007,False,Cousins I,CCD,OAR,1.101,False
10,PSN J09554214+6940260,000-BLG-310,2456680.30034,10.761,0.008,False,Cousins R,CCD,OAR,1.138,False
11,PSN J09554214+6940260,000-BLG-310,2456680.31352,10.756,0.007,False,Cousins R,CCD,OAR,1.122,False
12,PSN J09554214+6940260,000-BLG-310,2456680.32968,10.754,0.007,False,Cousins R,CCD,OAR,1.103,False
13,PSN J09554214+6940260,000-BLG-310,2456680.29769,11.524,0.008,False,Johnson V,CCD,OAR,1.141,False
14,PSN J09554214+6940260,000-BLG-310,2456680.31094,11.532,0.008,False,Johnson V,CCD,OAR,1.125,False
15,PSN J09554214+6940260,000-BLG-310,2456680.32689,11.519,0.008,False,Johnson V,CCD,OAR,1.106,False
16,PSN J09554214+6940260,000-BLG-310,2456680.29434,12.756,0.011,False,Johnson B,CCD,OAR,1.146,False
17,PSN J09554214+6940260,000-BLG-310,2456680.30728,12.755,0.012,False,Johnson B,CCD,OAR,1.129,False
18,PSN J09554214+6940260,000-BLG-310,2456680.32331,12.756,0.014,False,Johnson B,CCD,OAR,1.110,False
19,PSN J09554214+6940260,000-BLG-310,2456680.470278,11.473,0.012,False,Johnson V,CCD,BKL,1.790,False
20,PSN J09554214+6940260,000-BLG-310,2456680.472569,11.461,0.011,False,Johnson V,CCD,BKL,1.779,False
21,PSN J09554214+6940260,000-BLG-310,2456680.473519,11.444,0.011,False,Johnson V,CCD,BKL,1.775,False
22,PSN J09554214+6940260,000-BLG-310,2456680.45537,12.784,0.023,False,Johnson B,CCD,BDG,1.124,True
23,PSN J09554214+6940260,000-BLG-310,2456680.45625,12.775,0.021,False,Johnson B,CCD,BDG,1.123,True
24,PSN J09554214+6940260,000-BLG-310,2456680.45713,12.766,0.020,False,Johnson B,CCD,BDG,1.122,True
25,PSN J09554214+6940260,000-BLG-310,2456680.45802,12.803,0.020,False,Johnson B,CCD,BDG,1.121,True
26,PSN J09554214+6940260,000-BLG-310,2456680.45890,12.785,0.021,False,Johnson B,CCD,BDG,1.120,True
27,PSN J09554214+6940260,000-BLG-310,2456680.45978,12.782,0.022,False,Johnson B,CCD,BDG,1.119,True
28,PSN J09554214+6940260,000-BLG-310,2456680.46067,12.786,0.023,False,Johnson B,CCD,BDG,1.118,True
29,PSN J09554214+6940260,000-BLG-310,2456680.46155,12.768,0.022,False,Johnson B,CCD,BDG,1.117,True
30,PSN J09554214+6940260,000-BLG-310,2456680.46244,12.808,0.021,False,Johnson B,CCD,BDG,1.116,True
31,PSN J09554214+6940260,000-BLG-310,2456680.46332,12.783,0.021,False,Johnson B,CCD,BDG,1.115,True
32,PSN J09554214+6940260,000-BLG-310,2456680.45559,11.479,0.015,False,Johnson V,CCD,BDG,1.124,True
33,PSN J09554214+6940260,000-BLG-310,2456680.45647,11.489,0.014,False,Johnson V,CCD,BDG,1.123,True
34,PSN J09554214+6940260,000-BLG-310,2456680.45735,11.502,0.016,False,Johnson V,CCD,BDG,1.122,True
35,PSN J09554214+6940260,000-BLG-310,2456680.45824,11.480,0.010,False,Johnson V,CCD,BDG,1.121,True
36,PSN J09554214+6940260,000-BLG-310,2456680.45912,11.481,0.011,False,Johnson V,CCD,BDG,1.120,True
37,PSN J09554214+6940260,000-BLG-310,2456680.46001,11.485,0.017,False,Johnson V,CCD,BDG,1.119,True
38,PSN J09554214+6940260,000-BLG-310,2456680.46089,11.481,0.010,False,Johnson V,CCD,BDG,1.118,True
39,PSN J09554214+6940260,000-BLG-310,2456680.46177,11.479,0.018,False,Johnson V,CCD,BDG,1.117,True
40,PSN J09554214+6940260,000-BLG-310,2456680.46266,11.477,0.013,False,Johnson V,CCD,BDG,1.116,True
41,PSN J09554214+6940260,000-BLG-310,2456680.46354,11.475,0.015,False,Johnson V,CCD,BDG,1.115,True
42,PSN J09554214+6940260,000-BLG-310,2456680.45575,10.697,0.017,False,Cousins R,CCD,BDG,1.124,True
43,PSN J09554214+6940260,000-BLG-310,2456680.45663,10.702,0.023,False,Cousins R,CCD,BDG,1.123,True
44,PSN J09554214+6940260,000-BLG-310,2456680.45752,10.705,0.016,False,Cousins R,CCD,BDG,1.122,True
45,PSN J09554214+6940260,000-BLG-310,2456680.45840,10.710,0.018,False,Cousins R,CCD,BDG,1.121,True
46,PSN J09554214+6940260,000-BLG-310,2456680.45929,10.701,0.015,False,Cousins R,CCD,BDG,1.120,True
47,PSN J09554214+6940260,000-BLG-310,2456680.46017,10.698,0.013,False,Cousins R,CCD,BDG,1.119,True
48,PSN J09554214+6940260,000-BLG-310,2456680.46105,10.709,0.012,False,Cousins R,CCD,BDG,1.118,True
49,PSN J09554214+6940260,000-BLG-310,2456680.46194,10.715,0.023,False,Cousins R,CCD,BDG,1.117,True
50,PSN J09554214+6940260,000-BLG-310,2456680.46282,10.701,0.017,False,Cousins R,CCD,BDG,1.116,True
51,PSN J09554214+6940260,000-BLG-310,2456680.46370,10.696,0.015,False,Cousins R,CCD,BDG,1.115,True
52,PSN J09554214+6940260,000-BLG-310,2456680.45597,10.303,0.029,False,Cousins I,CCD,BDG,2.427,True
53,PSN J09554214+6940260,000-BLG-310,2456680.45685,10.293,0.024,False,Cousins I,CCD,BDG,2.435,True
54,PSN J09554214+6940260,000-BLG-310,2456680.45774,10.297,0.020,False,Cousins I,CCD,BDG,2.444,True
55,PSN J09554214+6940260,000-BLG-310,2456680.45862,10.309,0.027,False,Cousins I,CCD,BDG,2.452,True
56,PSN J09554214+6940260,000-BLG-310,2456680.45951,10.300,0.025,False,Cousins I,CCD,BDG,2.461,True
57,PSN J09554214+6940260,000-BLG-310,2456680.46039,10.295,0.018,False,Cousins I,CCD,BDG,2.469,True
58,PSN J09554214+6940260,000-BLG-310,2456680.46127,10.306,0.023,False,Cousins I,CCD,BDG,2.478,True
59,PSN J09554214+6940260,000-BLG-310,2456680.46216,10.314,0.029,False,Cousins I,CCD,BDG,2.486,True
60,PSN J09554214+6940260,000-BLG-310,2456680.46304,10.315,0.019,False,Cousins I,CCD,BDG,2.495,True
61,PSN J09554214+6940260,000-BLG-310,2456680.46393,10.289,0.021,False,Cousins I,CCD,BDG,2.503,True
62,PSN J09554214+6940260,000-BLG-310,2456681.0150,11.336,0.030,False,Johnson V,CCD,KTHA,,False
63,PSN J09554214+6940260,000-BLG-310,2456681.04363,11.326,0.029,False,Johnson V,CCD,HGUA,1.560,False
64,PSN J09554214+6940260,000-BLG-310,2456680.97196,12.643,0.008,False,Johnson B,CCD,WTHB,1.350,True
65,PSN J09554214+6940260,000-BLG-310,2456680.97339,10.620,0.007,False,Cousins R,CCD,WTHB,1.353,True
66,PSN J09554214+6940260,000-BLG-310,2456680.97287,11.377,0.015,False,Johnson V,CCD,WTHB,1.352,True
67,PSN J09554214+6940260,000-BLG-310,2456680.635613,10.582,0.013,False,Cousins R,CCD,HBB,1.636,False
68,PSN J09554214+6940260,000-BLG-310,2456680.661227,11.357,0.013,False,Johnson V,CCD,HBB,1.536,False
69,PSN J09554214+6940260,000-BLG-310,2456680.634329,11.388,0.013,False,Johnson V,CCD,HBB,1.641,False
70,PSN J09554214+6940260,000-BLG-310,2456680.665544,11.360,0.013,False,Johnson V,CCD,HBB,1.522,False
71,PSN J09554214+6940260,000-BLG-310,2456680.668715,11.361,0.013,False,Johnson V,CCD,HBB,1.512,False
72,PSN J09554214+6940260,000-BLG-310,2456680.671632,11.361,0.013,False,Johnson V,CCD,HBB,1.502,False
73,PSN J09554214+6940260,000-BLG-310,2456680.67456,11.349,0.013,False,Johnson V,CCD,HBB,1.493,False
74,PSN J09554214+6940260,000-BLG-310,2456680.677535,11.338,0.013,False,Johnson V,CCD,HBB,1.485,False
75,PSN J09554214+6940260,000-BLG-310,2456680.636389,12.645,0.017,False,Johnson B,CCD,HBB,1.632,False
76,PSN J09554214+6940260,000-BLG-310,2456680.5,11.3827,0.4874,False,Johnson V,CCD,MDAD,,False
77,PSN J09554214+6940260,000-BLG-310,2456680.616,12.555,0.018,False,Johnson B,CCD,MDAD,,False
78,PSN J09554214+6940260,000-BLG-310,2456680.687235,11.360,0.013,False,Johnson V,CCD,HBB,1.458,False
79,PSN J09554214+6940260,000-BLG-310,2456680.690149,11.358,0.013,False,Johnson V,CCD,HBB,1.450,False
80,PSN J09554214+6940260,000-BLG-310,2456680.693068,11.345,0.012,False,Johnson V,CCD,HBB,1.443,False
81,PSN J09554214+6940260,000-BLG-310,2456680.695985,11.348,0.013,False,Johnson V,CCD,HBB,1.436,False
82,PSN J09554214+6940260,000-BLG-310,2456680.698914,11.339,0.013,False,Johnson V,CCD,HBB,1.429,False
83,PSN J09554214+6940260,000-BLG-310,2456680.701834,11.330,0.013,False,Johnson V,CCD,HBB,1.422,False
84,PSN J09554214+6940260,000-BLG-310,2456680.704755,11.346,0.013,False,Johnson V,CCD,HBB,1.416,False
85,PSN J09554214+6940260,000-BLG-310,2456680.707676,11.312,0.013,False,Johnson V,CCD,HBB,1.410,False
86,PSN J09554214+6940260,000-BLG-310,2456680.7106,11.370,0.013,False,Johnson V,CCD,HBB,1.403,False
87,PSN J09554214+6940260,000-BLG-310,2456680.713519,11.339,0.013,False,Johnson V,CCD,HBB,1.398,False
88,PSN J09554214+6940260,000-BLG-310,2456680.86486,12.598,0.017,False,Johnson B,CCD,HBB,1.362,False
89,PSN J09554214+6940260,000-BLG-310,2456680.869305,12.586,0.017,False,Johnson B,CCD,HBB,1.369,False
90,PSN J09554214+6940260,000-BLG-310,2456680.873758,12.565,0.016,False,Johnson B,CCD,HBB,1.376,False
91,PSN J09554214+6940260,000-BLG-310,2456680.878193,12.581,0.018,False,Johnson B,CCD,HBB,1.383,False
92,PSN J09554214+6940260,000-BLG-310,2456680.882617,12.565,0.017,False,Johnson B,CCD,HBB,1.392,False
93,PSN J09554214+6940260,000-BLG-310,2456680.862643,11.308,0.013,False,Johnson V,CCD,HBB,1.359,False
94,PSN J09554214+6940260,000-BLG-310,2456680.867076,11.310,0.013,False,Johnson V,CCD,HBB,1.365,False
95,PSN J09554214+6940260,000-BLG-310,2456680.871536,11.293,0.013,False,Johnson V,CCD,HBB,1.372,False
96,PSN J09554214+6940260,000-BLG-310,2456680.875983,11.315,0.013,False,Johnson V,CCD,HBB,1.379,False
97,SN 2014J,000-BLG-310,2456680.39931,11.53,0.20,False,Johnson V,CCD,RCCA,,False
98,PSN J09554214+6940260,000-BLG-310,2456680.926406,11.357,,False,Johnson V,CCD,NAO,,False
99,SN 2014J,000-BLG-310,2456681.28843,12.517,0.015,False,Johnson B,CCD,NRNA,1.729,False
100,SN 2014J,000-BLG-310,2456681.28152,9.979,0.007,False,Cousins I,CCD,NRNA,1.762,False
101,SN 2014J,000-BLG-310,2456681.27381,10.511,0.007,False,Cousins R,CCD,NRNA,1.801,False
102,PSN J09554214+6940260,000-BLG-310,2456681.18557,12.523,0.038,False,Johnson B,CCD,OAR,1.303,False
103,PSN J09554214+6940260,000-BLG-310,2456681.19123,11.327,0.046,False,Johnson V,CCD,OAR,1.294,False
104,PSN J09554214+6940260,000-BLG-310,2456681.19505,10.602,0.064,False,Cousins R,CCD,OAR,1.288,False
105,PSN J09554214+6940260,000-BLG-310,2456681.19876,10.047,0.063,False,Cousins I,CCD,OAR,1.283,False
106,PSN J09554214+6940260,000-BLG-310,2456680.929103,10.146,,False,Cousins I,CCD,NAO,,False
107,PSN J09554214+6940260,000-BLG-310,2456680.927755,10.614,,False,Cousins R,CCD,NAO,,False
108,PSN J09554214+6940260,000-BLG-310,2456680.924769,12.631,,False,Johnson B,CCD,NAO,,False
109,PSN J09554214+6940260,000-BLG-310,2456680.843623,11.362,0.009,False,Johnson V,CCD,UMAA,1.251,False
110,PSN J09554214+6940260,000-BLG-310,2456680.844329,11.345,0.010,False,Johnson V,CCD,UMAA,1.251,False
111,PSN J09554214+6940260,000-BLG-310,2456680.845012,11.345,0.010,False,Johnson V,CCD,UMAA,1.250,False
112,PSN J09554214+6940260,000-BLG-310,2456680.845694,11.357,0.010,False,Johnson V,CCD,UMAA,1.250,False
113,PSN J09554214+6940260,000-BLG-310,2456680.33752,11.600,0.006,False,Johnson V,CCD,SDI,1.317,False
114,SN 2014J,000-BLG-310,2456681.30368,12.599,0.024,False,Johnson B,CCD,BDG,1.419,True
115,SN 2014J,000-BLG-310,2456681.30457,12.602,0.025,False,Johnson B,CCD,BDG,1.417,True
116,SN 2014J,000-BLG-310,2456681.30545,12.605,0.026,False,Johnson B,CCD,BDG,1.414,True
117,SN 2014J,000-BLG-310,2456681.30633,12.589,0.025,False,Johnson B,CCD,BDG,1.412,True
118,SN 2014J,000-BLG-310,2456681.30722,12.617,0.023,False,Johnson B,CCD,BDG,1.409,True
119,SN 2014J,000-BLG-310,2456681.30816,12.603,0.024,False,Johnson B,CCD,BDG,1.407,True
120,SN 2014J,000-BLG-310,2456681.30939,12.577,0.023,False,Johnson B,CCD,BDG,1.404,True
121,SN 2014J,000-BLG-310,2456681.31062,12.594,0.023,False,Johnson B,CCD,BDG,1.400,True
122,SN 2014J,000-BLG-310,2456681.31185,12.578,0.022,False,Johnson B,CCD,BDG,1.397,True
123,SN 2014J,000-BLG-310,2456681.31308,12.581,0.024,False,Johnson B,CCD,BDG,1.394,True
124,SN 2014J,000-BLG-310,2456681.30390,11.312,0.011,False,Johnson V,CCD,BDG,1.418,True
125,SN 2014J,000-BLG-310,2456681.30479,11.318,0.017,False,Johnson V,CCD,BDG,1.416,True
126,SN 2014J,000-BLG-310,2456681.30567,11.286,0.011,False,Johnson V,CCD,BDG,1.414,True
127,SN 2014J,000-BLG-310,2456681.30656,11.300,0.018,False,Johnson V,CCD,BDG,1.411,True
128,SN 2014J,000-BLG-310,2456681.30744,11.301,0.015,False,Johnson V,CCD,BDG,1.409,True
129,SN 2014J,000-BLG-310,2456681.30847,11.303,0.011,False,Johnson V,CCD,BDG,1.406,True
130,SN 2014J,000-BLG-310,2456681.30970,11.288,0.016,False,Johnson V,CCD,BDG,1.403,True
131,SN 2014J,000-BLG-310,2456681.31093,11.293,0.016,False,Johnson V,CCD,BDG,1.400,True
132,SN 2014J,000-BLG-310,2456681.31216,11.298,0.015,False,Johnson V,CCD,BDG,1.396,True
133,SN 2014J,000-BLG-310,2456681.31339,11.292,0.016,False,Johnson V,CCD,BDG,1.393,True
134,SN 2014J,000-BLG-310,2456681.30407,10.529,0.021,False,Cousins R,CCD,BDG,1.418,True
135,SN 2014J,000-BLG-310,2456681.30495,10.523,0.013,False,Cousins R,CCD,BDG,1.416,True
136,SN 2014J,000-BLG-310,2456681.30584,10.510,0.022,False,Cousins R,CCD,BDG,1.413,True
137,SN 2014J,000-BLG-310,2456681.30672,10.506,0.018,False,Cousins R,CCD,BDG,1.411,True
138,SN 2014J,000-BLG-310,2456681.30760,10.520,0.019,False,Cousins R,CCD,BDG,1.408,True
139,SN 2014J,000-BLG-310,2456681.30869,10.526,0.023,False,Cousins R,CCD,BDG,1.406,True
140,SN 2014J,000-BLG-310,2456681.30992,10.520,0.025,False,Cousins R,CCD,BDG,1.402,True
141,SN 2014J,000-BLG-310,2456681.31115,10.525,0.014,False,Cousins R,CCD,BDG,1.399,True
142,SN 2014J,000-BLG-310,2456681.31238,10.514,0.014,False,Cousins R,CCD,BDG,1.396,True
143,SN 2014J,000-BLG-310,2456681.31361,10.522,0.019,False,Cousins R,CCD,BDG,1.393,True
144,SN 2014J,000-BLG-310,2456681.30429,10.137,0.020,False,Cousins I,CCD,BDG,1.417,True
145,SN 2014J,000-BLG-310,2456681.30517,10.145,0.030,False,Cousins I,CCD,BDG,1.415,True
146,SN 2014J,000-BLG-310,2456681.30606,10.126,0.026,False,Cousins I,CCD,BDG,1.413,True
147,SN 2014J,000-BLG-310,2456681.30694,10.114,0.019,False,Cousins I,CCD,BDG,1.410,True
148,SN 2014J,000-BLG-310,2456681.30782,10.162,0.031,False,Cousins I,CCD,BDG,1.408,True
149,SN 2014J,000-BLG-310,2456681.30900,10.120,0.034,False,Cousins I,CCD,BDG,1.405,True
150,SN 2014J,000-BLG-310,2456681.31023,10.108,0.020,False,Cousins I,CCD,BDG,1.401,True
151,SN 2014J,000-BLG-310,2456681.31146,10.130,0.027,False,Cousins I,CCD,BDG,1.398,True
152,SN 2014J,000-BLG-310,2456681.31269,10.107,0.023,False,Cousins I,CCD,BDG,1.395,True
153,SN 2014J,000-BLG-310,2456681.31392,10.115,0.026,False,Cousins I,CCD,BDG,1.392,True
154,SN 2014J,000-BLG-310,2456680.83801,11.38,0.01,False,Johnson V,CCD,HSW,1.254,False
155,J09554214+6940260,000-BLG-310,2456681.49691,11.255,0.009,False,Johnson V,CCD,BKL,1.654,False
156,J09554214+6940260,000-BLG-310,2456681.497986,11.253,0.009,False,Johnson V,CCD,BKL,1.650,False
157,J09554214+6940260,000-BLG-310,2456681.499063,11.262,0.009,False,Johnson V,CCD,BKL,1.645,False
158,J09554214+6940260,000-BLG-310,2456681.500127,11.259,0.008,False,Johnson V,CCD,BKL,1.641,False
159,J09554214+6940260,000-BLG-310,2456681.501192,11.268,0.008,False,Johnson V,CCD,BKL,1.636,False
160,J09554214+6940260,000-BLG-310,2456681.502269,11.257,0.008,False,Johnson V,CCD,BKL,1.631,False
161,J09554214+6940260,000-BLG-310,2456681.503345,11.253,0.008,False,Johnson V,CCD,BKL,1.627,False
162,J09554214+6940260,000-BLG-310,2456681.50441,11.250,0.008,False,Johnson V,CCD,BKL,1.622,False
163,J09554214+6940260,000-BLG-310,2456681.505475,11.249,0.008,False,Johnson V,CCD,BKL,1.618,False
164,J09554214+6940260,000-BLG-310,2456681.506551,11.256,0.008,False,Johnson V,CCD,BKL,1.613,False
165,J09554214+6940260,000-BLG-310,2456681.507627,11.248,0.008,False,Johnson V,CCD,BKL,1.609,False
166,J09554214+6940260,000-BLG-310,2456681.508704,11.252,0.008,False,Johnson V,CCD,BKL,1.605,False
167,J09554214+6940260,000-BLG-310,2456681.509757,11.265,0.008,False,Johnson V,CCD,BKL,1.600,False
168,J09554214+6940260,000-BLG-310,2456681.510833,11.252,0.008,False,Johnson V,CCD,BKL,1.596,False
169,J09554214+6940260,000-BLG-310,2456681.511898,11.257,0.008,False,Johnson V,CCD,BKL,1.591,False
170,J09554214+6940260,000-BLG-310,2456681.512975,11.242,0.008,False,Johnson V,CCD,BKL,1.587,False
171,J09554214+6940260,000-BLG-310,2456681.514039,11.252,0.008,False,Johnson V,CCD,BKL,1.583,False
172,J09554214+6940260,000-BLG-310,2456681.515104,11.255,0.008,False,Johnson V,CCD,BKL,1.579,False
173,J09554214+6940260,000-BLG-310,2456681.516169,11.262,0.008,False,Johnson V,CCD,BKL,1.574,False
174,J09554214+6940260,000-BLG-310,2456681.517245,11.259,0.008,False,Johnson V,CCD,BKL,1.570,False
175,J09554214+6940260,000-BLG-310,2456681.51831,11.251,0.008,False,Johnson V,CCD,BKL,1.566,False
176,J09554214+6940260,000-BLG-310,2456681.519375,11.249,0.008,False,Johnson V,CCD,BKL,1.562,False
177,J09554214+6940260,000-BLG-310,2456681.520451,11.261,0.008,False,Johnson V,CCD,BKL,1.557,False
178,J09554214+6940260,000-BLG-310,2456681.521539,11.250,0.008,False,Johnson V,CCD,BKL,1.553,False
179,J09554214+6940260,000-BLG-310,2456681.522616,11.261,0.008,False,Johnson V,CCD,BKL,1.549,False
180,J09554214+6940260,000-BLG-310,2456681.523692,11.251,0.008,False,Johnson V,CCD,BKL,1.545,False
181,J09554214+6940260,000-BLG-310,2456681.524757,11.263,0.008,False,Johnson V,CCD,BKL,1.541,False
182,J09554214+6940260,000-BLG-310,2456681.525833,11.247,0.007,False,Johnson V,CCD,BKL,1.537,False
183,J09554214+6940260,000-BLG-310,2456681.526898,11.245,0.008,False,Johnson V,CCD,BKL,1.533,False
184,J09554214+6940260,000-BLG-310,2456681.527975,11.261,0.008,False,Johnson V,CCD,BKL,1.529,False
185,J09554214+6940260,000-BLG-310,2456681.529039,11.245,0.007,False,Johnson V,CCD,BKL,1.525,False
186,J09554214+6940260,000-BLG-310,2456681.530104,11.244,0.008,False,Johnson V,CCD,BKL,1.521,False
187,J09554214+6940260,000-BLG-310,2456681.531181,11.251,0.008,False,Johnson V,CCD,BKL,1.517,False
188,J09554214+6940260,000-BLG-310,2456681.532257,11.250,0.007,False,Johnson V,CCD,BKL,1.513,False
189,J09554214+6940260,000-BLG-310,2456681.533322,11.241,0.007,False,Johnson V,CCD,BKL,1.509,False
190,J09554214+6940260,000-BLG-310,2456681.53441,11.253,0.007,False,Johnson V,CCD,BKL,1.505,False
191,J09554214+6940260,000-BLG-310,2456681.535486,11.247,0.007,False,Johnson V,CCD,BKL,1.501,False
192,J09554214+6940260,000-BLG-310,2456681.536563,11.255,0.007,False,Johnson V,CCD,BKL,1.497,False
193,J09554214+6940260,000-BLG-310,2456681.537639,11.253,0.007,False,Johnson V,CCD,BKL,1.493,False
194,J09554214+6940260,000-BLG-310,2456681.538727,11.249,0.007,False,Johnson V,CCD,BKL,1.489,False
195,J09554214+6940260,000-BLG-310,2456681.539803,11.247,0.007,False,Johnson V,CCD,BKL,1.486,False
196,J09554214+6940260,000-BLG-310,2456681.540891,11.247,0.007,False,Johnson V,CCD,BKL,1.482,False
197,J09554214+6940260,000-BLG-310,2456681.541956,11.175,0.104,False,Johnson V,CCD,BKL,1.478,False
198,J09554214+6940260,000-BLG-310,2456681.543032,11.246,0.008,False,Johnson V,CCD,BKL,1.474,False
199,J09554214+6940260,000-BLG-310,2456681.544109,11.261,0.008,False,Johnson V,CCD,BKL,1.471,False
200,J09554214+6940260,000-BLG-310,2456681.545174,11.244,0.008,False,Johnson V,CCD,BKL,1.467,False
201,J09554214+6940260,000-BLG-310,2456681.546262,11.240,0.007,False,Johnson V,CCD,BKL,1.463,False
202,J09554214+6940260,000-BLG-310,2456681.547326,11.261,0.007,False,Johnson V,CCD,BKL,1.460,False
203,J09554214+6940260,000-BLG-310,2456681.548414,11.271,0.015,False,Johnson V,CCD,BKL,1.456,False
204,J09554214+6940260,000-BLG-310,2456681.549479,11.244,0.007,False,Johnson V,CCD,BKL,1.452,False
205,J09554214+6940260,000-BLG-310,2456681.550556,11.239,0.007,False,Johnson V,CCD,BKL,1.449,False
206,J09554214+6940260,000-BLG-310,2456681.551644,11.253,0.007,False,Johnson V,CCD,BKL,1.445,False
207,J09554214+6940260,000-BLG-310,2456681.552708,11.243,0.013,False,Johnson V,CCD,BKL,1.442,False
208,J09554214+6940260,000-BLG-310,2456681.553785,11.240,0.007,False,Johnson V,CCD,BKL,1.438,False
209,J09554214+6940260,000-BLG-310,2456681.554861,11.243,0.007,False,Johnson V,CCD,BKL,1.435,False
210,J09554214+6940260,000-BLG-310,2456681.555938,11.234,0.007,False,Johnson V,CCD,BKL,1.431,False
211,J09554214+6940260,000-BLG-310,2456681.557025,11.247,0.007,False,Johnson V,CCD,BKL,1.428,False
212,J09554214+6940260,000-BLG-310,2456681.558102,11.231,0.007,False,Johnson V,CCD,BKL,1.425,False
213,SN 2014J,000-BLG-310,2456681.50434,11.261,0.01,False,Johnson V,CCD,SHA,1.807,False
214,SN 2014J,000-BLG-310,2456681.32573,11.263,0.008,False,Johnson V,CCD,NRNA,1.564,False
215,SN 2014J,000-BLG-310,2456681.516709,11.258,0.020,False,Johnson V,CCD,RZD,1.173,False
216,SN 2014J,000-BLG-310,2456679.895532,12.79,0.02,False,Johnson B,CCD,ELE,1.253,False
217,SN 2014J,000-BLG-310,2456679.910127,11.57,0.01,False,Johnson V,CCD,ELE,1.262,False
218,SN 2014J,000-BLG-310,2456679.906053,10.80,0.01,False,Cousins R,CCD,ELE,1.259,False
219,SN 2014J,000-BLG-310,2456679.906644,10.40,0.01,False,Cousins R,CCD,ELE,1.259,False
220,SN 2014J,000-BLG-310,2456681.519589,10.029,0.021,False,Cousins I,CCD,RZD,1.170,False
221,SN 2014J,000-BLG-310,2456681.518239,10.417,0.049,False,Cousins R,CCD,RZD,1.171,False
222,PSN J09554214+6940260,000-BLG-310,2456681.20093,11.323,0.006,False,Johnson V,CCD,OAR,1.279,False
223,PSN J09554214+6940260,000-BLG-310,2456681.20228,11.305,0.006,False,Johnson V,CCD,OAR,1.277,False
224,PSN J09554214+6940260,000-BLG-310,2456681.20328,11.310,0.006,False,Johnson V,CCD,OAR,1.275,False
225,PSN J09554214+6940260,000-BLG-310,2456681.20433,11.311,0.006,False,Johnson V,CCD,OAR,1.273,False
226,PSN J09554214+6940260,000-BLG-310,2456681.20572,11.308,0.006,False,Johnson V,CCD,OAR,1.271,False
227,PSN J09554214+6940260,000-BLG-310,2456681.20683,11.298,0.006,False,Johnson V,CCD,OAR,1.270,False
228,PSN J09554214+6940260,000-BLG-310,2456681.20795,11.303,0.006,False,Johnson V,CCD,OAR,1.268,False
229,PSN J09554214+6940260,000-BLG-310,2456681.20916,11.308,0.006,False,Johnson V,CCD,OAR,1.266,False
230,PSN J09554214+6940260,000-BLG-310,2456681.21034,11.309,0.006,False,Johnson V,CCD,OAR,1.264,False
231,PSN J09554214+6940260,000-BLG-310,2456681.21138,11.307,0.006,False,Johnson V,CCD,OAR,1.262,False
232,PSN J09554214+6940260,000-BLG-310,2456681.21266,11.310,0.006,False,Johnson V,CCD,OAR,1.260,False
233,PSN J09554214+6940260,000-BLG-310,2456681.21370,11.301,0.006,False,Johnson V,CCD,OAR,1.259,False
234,PSN J09554214+6940260,000-BLG-310,2456681.21485,11.312,0.006,False,Johnson V,CCD,OAR,1.256,False
235,PSN J09554214+6940260,000-BLG-310,2456681.21624,11.305,0.006,False,Johnson V,CCD,OAR,1.255,False
236,PSN J09554214+6940260,000-BLG-310,2456681.21730,11.300,0.006,False,Johnson V,CCD,OAR,1.253,False
237,PSN J09554214+6940260,000-BLG-310,2456681.21836,11.304,0.006,False,Johnson V,CCD,OAR,1.251,False
238,PSN J09554214+6940260,000-BLG-310,2456681.21970,11.298,0.006,False,Johnson V,CCD,OAR,1.249,False
239,PSN J09554214+6940260,000-BLG-310,2456681.22068,11.309,0.006,False,Johnson V,CCD,OAR,1.248,False
240,PSN J09554214+6940260,000-BLG-310,2456681.22175,11.301,0.006,False,Johnson V,CCD,OAR,1.246,False
241,PSN J09554214+6940260,000-BLG-310,2456681.22308,11.308,0.006,False,Johnson V,CCD,OAR,1.244,False
242,PSN J09554214+6940260,000-BLG-310,2456681.22407,11.309,0.006,False,Johnson V,CCD,OAR,1.243,False
243,PSN J09554214+6940260,000-BLG-310,2456681.22507,11.301,0.006,False,Johnson V,CCD,OAR,1.241,False
244,PSN J09554214+6940260,000-BLG-310,2456681.22637,11.299,0.006,False,Johnson V,CCD,OAR,1.239,False
245,PSN J09554214+6940260,000-BLG-310,2456681.22743,11.317,0.006,False,Johnson V,CCD,OAR,1.238,False
246,PSN J09554214+6940260,000-BLG-310,2456681.22847,11.301,0.006,False,Johnson V,CCD,OAR,1.236,False
247,PSN J09554214+6940260,000-BLG-310,2456681.22973,11.304,0.006,False,Johnson V,CCD,OAR,1.234,False
248,PSN J09554214+6940260,000-BLG-310,2456681.23083,11.302,0.006,False,Johnson V,CCD,OAR,1.232,False
249,PSN J09554214+6940260,000-BLG-310,2456681.23185,11.300,0.006,False,Johnson V,CCD,OAR,1.231,False
250,PSN J09554214+6940260,000-BLG-310,2456681.23285,11.295,0.006,False,Johnson V,CCD,OAR,1.229,False
251,PSN J09554214+6940260,000-BLG-310,2456681.23404,11.302,0.006,False,Johnson V,CCD,OAR,1.227,False
252,PSN J09554214+6940260,000-BLG-310,2456681.23515,11.308,0.006,False,Johnson V,CCD,OAR,1.225,False
253,PSN J09554214+6940260,000-BLG-310,2456681.23625,11.308,0.006,False,Johnson V,CCD,OAR,1.224,False
254,PSN J09554214+6940260,000-BLG-310,2456681.23748,11.298,0.006,False,Johnson V,CCD,OAR,1.222,False
255,PSN J09554214+6940260,000-BLG-310,2456681.23850,11.301,0.006,False,Johnson V,CCD,OAR,1.221,False
256,PSN J09554214+6940260,000-BLG-310,2456681.23949,11.304,0.006,False,Johnson V,CCD,OAR,1.218,False
257,PSN J09554214+6940260,000-BLG-310,2456681.24084,11.303,0.006,False,Johnson V,CCD,OAR,1.217,False
258,PSN J09554214+6940260,000-BLG-310,2456681.24190,11.297,0.006,False,Johnson V,CCD,OAR,1.215,False
259,PSN J09554214+6940260,000-BLG-310,2456681.24292,11.300,0.006,False,Johnson V,CCD,OAR,1.213,False
260,PSN J09554214+6940260,000-BLG-310,2456681.24422,11.305,0.006,False,Johnson V,CCD,OAR,1.212,False
261,PSN J09554214+6940260,000-BLG-310,2456681.24530,11.294,0.006,False,Johnson V,CCD,OAR,1.210,False
262,PSN J09554214+6940260,000-BLG-310,2456681.24632,11.296,0.006,False,Johnson V,CCD,OAR,1.208,False
263,PSN J09554214+6940260,000-BLG-310,2456681.24758,11.301,0.006,False,Johnson V,CCD,OAR,1.207,False
264,PSN J09554214+6940260,000-BLG-310,2456681.24859,11.296,0.006,False,Johnson V,CCD,OAR,1.205,False
265,PSN J09554214+6940260,000-BLG-310,2456681.24961,11.298,0.006,False,Johnson V,CCD,OAR,1.204,False
266,PSN J09554214+6940260,000-BLG-310,2456681.25090,11.298,0.006,False,Johnson V,CCD,OAR,1.202,False
267,PSN J09554214+6940260,000-BLG-310,2456681.25207,11.295,0.006,False,Johnson V,CCD,OAR,1.200,False
268,PSN J09554214+6940260,000-BLG-310,2456681.25306,11.298,0.006,False,Johnson V,CCD,OAR,1.199,False
269,PSN J09554214+6940260,000-BLG-310,2456681.25410,11.305,0.006,False,Johnson V,CCD,OAR,1.197,False
270,PSN J09554214+6940260,000-BLG-310,2456681.25544,11.299,0.006,False,Johnson V,CCD,OAR,1.195,False
271,PSN J09554214+6940260,000-BLG-310,2456681.25644,11.295,0.006,False,Johnson V,CCD,OAR,1.194,False
272,PSN J09554214+6940260,000-BLG-310,2456681.25756,11.302,0.006,False,Johnson V,CCD,OAR,1.192,False
273,PSN J09554214+6940260,000-BLG-310,2456681.25883,11.297,0.006,False,Johnson V,CCD,OAR,1.190,False
274,PSN J09554214+6940260,000-BLG-310,2456681.25986,11.296,0.006,False,Johnson V,CCD,OAR,1.189,False
275,PSN J09554214+6940260,000-BLG-310,2456681.26088,11.308,0.006,False,Johnson V,CCD,OAR,1.187,False
276,PSN J09554214+6940260,000-BLG-310,2456681.26211,11.300,0.006,False,Johnson V,CCD,OAR,1.186,False
277,PSN J09554214+6940260,000-BLG-310,2456681.26318,11.291,0.006,False,Johnson V,CCD,OAR,1.184,False
278,PSN J09554214+6940260,000-BLG-310,2456681.26420,11.289,0.006,False,Johnson V,CCD,OAR,1.182,False
279,PSN J09554214+6940260,000-BLG-310,2456681.26542,11.291,0.006,False,Johnson V,CCD,OAR,1.181,False
280,PSN J09554214+6940260,000-BLG-310,2456681.26650,11.288,0.006,False,Johnson V,CCD,OAR,1.179,False
281,PSN J09554214+6940260,000-BLG-310,2456681.26758,11.300,0.006,False,Johnson V,CCD,OAR,1.178,False
282,PSN J09554214+6940260,000-BLG-310,2456681.26888,11.298,0.006,False,Johnson V,CCD,OAR,1.176,False
283,PSN J09554214+6940260,000-BLG-310,2456681.26990,11.294,0.007,False,Johnson V,CCD,OAR,1.175,False
284,PSN J09554214+6940260,000-BLG-310,2456681.27096,11.292,0.006,False,Johnson V,CCD,OAR,1.173,False
285,PSN J09554214+6940260,000-BLG-310,2456681.27240,11.296,0.006,False,Johnson V,CCD,OAR,1.171,False
286,PSN J09554214+6940260,000-BLG-310,2456681.27340,11.303,0.007,False,Johnson V,CCD,OAR,1.170,False
287,PSN J09554214+6940260,000-BLG-310,2456681.27448,11.289,0.006,False,Johnson V,CCD,OAR,1.168,False
288,PSN J09554214+6940260,000-BLG-310,2456681.27551,11.304,0.007,False,Johnson V,CCD,OAR,1.167,False
289,PSN J09554214+6940260,000-BLG-310,2456681.27682,11.298,0.007,False,Johnson V,CCD,OAR,1.165,False
290,PSN J09554214+6940260,000-BLG-310,2456681.27788,11.293,0.006,False,Johnson V,CCD,OAR,1.164,False
291,PSN J09554214+6940260,000-BLG-310,2456681.27906,11.290,0.006,False,Johnson V,CCD,OAR,1.162,False
292,PSN J09554214+6940260,000-BLG-310,2456681.28034,11.295,0.007,False,Johnson V,CCD,OAR,1.160,False
293,PSN J09554214+6940260,000-BLG-310,2456681.28137,11.291,0.007,False,Johnson V,CCD,OAR,1.159,False
294,PSN J09554214+6940260,000-BLG-310,2456681.28234,11.295,0.006,False,Johnson V,CCD,OAR,1.157,False
295,PSN J09554214+6940260,000-BLG-310,2456681.28365,11.290,0.006,False,Johnson V,CCD,OAR,1.156,False
296,PSN J09554214+6940260,000-BLG-310,2456681.28477,11.290,0.006,False,Johnson V,CCD,OAR,1.155,False
297,PSN J09554214+6940260,000-BLG-310,2456681.28578,11.294,0.006,False,Johnson V,CCD,OAR,1.153,False
298,PSN J09554214+6940260,000-BLG-310,2456681.28713,11.293,0.006,False,Johnson V,CCD,OAR,1.151,False
299,PSN J09554214+6940260,000-BLG-310,2456681.28817,11.289,0.007,False,Johnson V,CCD,OAR,1.150,False
300,PSN J09554214+6940260,000-BLG-310,2456681.28924,11.290,0.006,False,Johnson V,CCD,OAR,1.148,False
301,PSN J09554214+6940260,000-BLG-310,2456681.29090,11.289,0.007,False,Johnson V,CCD,OAR,1.146,False
302,PSN J09554214+6940260,000-BLG-310,2456681.29215,11.285,0.006,False,Johnson V,CCD,OAR,1.145,False
303,PSN J09554214+6940260,000-BLG-310,2456681.29328,11.296,0.007,False,Johnson V,CCD,OAR,1.143,False
304,PSN J09554214+6940260,000-BLG-310,2456681.29462,11.292,0.007,False,Johnson V,CCD,OAR,1.142,False
305,PSN J09554214+6940260,000-BLG-310,2456681.29571,11.286,0.006,False,Johnson V,CCD,OAR,1.140,False
306,PSN J09554214+6940260,000-BLG-310,2456681.29697,11.291,0.007,False,Johnson V,CCD,OAR,1.138,False
307,PSN J09554214+6940260,000-BLG-310,2456681.29836,11.290,0.006,False,Johnson V,CCD,OAR,1.137,False
308,PSN J09554214+6940260,000-BLG-310,2456681.29956,11.285,0.006,False,Johnson V,CCD,OAR,1.135,False
309,PSN J09554214+6940260,000-BLG-310,2456681.30105,11.285,0.006,False,Johnson V,CCD,OAR,1.134,False
310,PSN J09554214+6940260,000-BLG-310,2456681.30219,11.285,0.006,False,Johnson V,CCD,OAR,1.132,False
311,PSN J09554214+6940260,000-BLG-310,2456681.30337,11.289,0.006,False,Johnson V,CCD,OAR,1.130,False
312,PSN J09554214+6940260,000-BLG-310,2456681.30468,11.294,0.006,False,Johnson V,CCD,OAR,1.129,False
313,PSN J09554214+6940260,000-BLG-310,2456681.30582,11.289,0.006,False,Johnson V,CCD,OAR,1.128,False
314,PSN J09554214+6940260,000-BLG-310,2456681.30709,11.289,0.006,False,Johnson V,CCD,OAR,1.126,False
315,PSN J09554214+6940260,000-BLG-310,2456681.30845,11.286,0.006,False,Johnson V,CCD,OAR,1.124,False
316,PSN J09554214+6940260,000-BLG-310,2456681.30973,11.301,0.006,False,Johnson V,CCD,OAR,1.123,False
317,PSN J09554214+6940260,000-BLG-310,2456681.31083,11.294,0.006,False,Johnson V,CCD,OAR,1.121,False
318,PSN J09554214+6940260,000-BLG-310,2456681.31220,11.287,0.006,False,Johnson V,CCD,OAR,1.120,False
319,PSN J09554214+6940260,000-BLG-310,2456681.31329,11.284,0.006,False,Johnson V,CCD,OAR,1.119,False
320,PSN J09554214+6940260,000-BLG-310,2456681.31440,11.292,0.006,False,Johnson V,CCD,OAR,1.117,False
321,PSN J09554214+6940260,000-BLG-310,2456681.31573,11.285,0.006,False,Johnson V,CCD,OAR,1.116,False
322,PSN J09554214+6940260,000-BLG-310,2456681.31689,11.293,0.006,False,Johnson V,CCD,OAR,1.115,False
323,PSN J09554214+6940260,000-BLG-310,2456681.31799,11.289,0.006,False,Johnson V,CCD,OAR,1.113,False
324,PSN J09554214+6940260,000-BLG-310,2456681.31935,11.283,0.006,False,Johnson V,CCD,OAR,1.112,False
325,PSN J09554214+6940260,000-BLG-310,2456681.32045,11.287,0.006,False,Johnson V,CCD,OAR,1.110,False
326,PSN J09554214+6940260,000-BLG-310,2456681.32163,11.283,0.006,False,Johnson V,CCD,OAR,1.109,False
327,PSN J09554214+6940260,000-BLG-310,2456681.32301,11.281,0.006,False,Johnson V,CCD,OAR,1.108,False
328,PSN J09554214+6940260,000-BLG-310,2456681.32425,11.289,0.006,False,Johnson V,CCD,OAR,1.106,False
329,PSN J09554214+6940260,000-BLG-310,2456681.32545,11.286,0.006,False,Johnson V,CCD,OAR,1.104,False
330,PSN J09554214+6940260,000-BLG-310,2456681.32693,11.293,0.006,False,Johnson V,CCD,OAR,1.103,False
331,PSN J09554214+6940260,000-BLG-310,2456681.32811,11.290,0.006,False,Johnson V,CCD,OAR,1.101,False
332,PSN J09554214+6940260,000-BLG-310,2456681.32964,11.282,0.006,False,Johnson V,CCD,OAR,1.100,False
333,PSN J09554214+6940260,000-BLG-310,2456681.33079,11.278,0.006,False,Johnson V,CCD,OAR,1.099,False
334,PSN J09554214+6940260,000-BLG-310,2456681.33197,11.284,0.006,False,Johnson V,CCD,OAR,1.097,False
335,PSN J09554214+6940260,000-BLG-310,2456681.33337,11.281,0.006,False,Johnson V,CCD,OAR,1.096,False
336,PSN J09554214+6940260,000-BLG-310,2456681.33455,11.289,0.006,False,Johnson V,CCD,OAR,1.095,False
337,PSN J09554214+6940260,000-BLG-310,2456681.33572,11.283,0.006,False,Johnson V,CCD,OAR,1.094,False
338,PSN J09554214+6940260,000-BLG-310,2456681.33713,11.288,0.006,False,Johnson V,CCD,OAR,1.092,False
339,PSN J09554214+6940260,000-BLG-310,2456681.33832,11.278,0.006,False,Johnson V,CCD,OAR,1.091,False
340,PSN J09554214+6940260,000-BLG-310,2456681.33954,11.275,0.006,False,Johnson V,CCD,OAR,1.090,False
341,PSN J09554214+6940260,000-BLG-310,2456681.34089,11.276,0.006,False,Johnson V,CCD,OAR,1.088,False
342,PSN J09554214+6940260,000-BLG-310,2456681.34228,11.280,0.006,False,Johnson V,CCD,OAR,1.087,False
343,PSN J09554214+6940260,000-BLG-310,2456681.34344,11.283,0.006,False,Johnson V,CCD,OAR,1.086,False
344,PSN J09554214+6940260,000-BLG-310,2456681.34487,11.279,0.006,False,Johnson V,CCD,OAR,1.084,False
345,PSN J09554214+6940260,000-BLG-310,2456681.34602,11.281,0.006,False,Johnson V,CCD,OAR,1.083,False
346,PSN J09554214+6940260,000-BLG-310,2456681.34719,11.290,0.006,False,Johnson V,CCD,OAR,1.082,False
347,PSN J09554214+6940260,000-BLG-310,2456681.34861,11.279,0.006,False,Johnson V,CCD,OAR,1.081,False
348,PSN J09554214+6940260,000-BLG-310,2456681.34980,11.284,0.006,False,Johnson V,CCD,OAR,1.080,False
349,PSN J09554214+6940260,000-BLG-310,2456681.35096,11.288,0.006,False,Johnson V,CCD,OAR,1.078,False
350,PSN J09554214+6940260,000-BLG-310,2456681.35238,11.287,0.006,False,Johnson V,CCD,OAR,1.077,False
351,PSN J09554214+6940260,000-BLG-310,2456681.35354,11.286,0.006,False,Johnson V,CCD,OAR,1.076,False
352,PSN J09554214+6940260,000-BLG-310,2456681.35468,11.278,0.006,False,Johnson V,CCD,OAR,1.075,False
353,PSN J09554214+6940260,000-BLG-310,2456681.35612,11.268,0.006,False,Johnson V,CCD,OAR,1.074,False
354,PSN J09554214+6940260,000-BLG-310,2456681.35737,11.278,0.007,False,Johnson V,CCD,OAR,1.072,False
355,PSN J09554214+6940260,000-BLG-310,2456681.35875,11.282,0.007,False,Johnson V,CCD,OAR,1.071,False
356,PSN J09554214+6940260,000-BLG-310,2456681.35992,11.273,0.006,False,Johnson V,CCD,OAR,1.070,False
357,PSN J09554214+6940260,000-BLG-310,2456681.36100,11.283,0.006,False,Johnson V,CCD,OAR,1.069,False
358,PSN J09554214+6940260,000-BLG-310,2456681.36236,11.274,0.006,False,Johnson V,CCD,OAR,1.068,False
359,PSN J09554214+6940260,000-BLG-310,2456681.36360,11.283,0.006,False,Johnson V,CCD,OAR,1.067,False
360,PSN J09554214+6940260,000-BLG-310,2456681.36486,11.276,0.006,False,Johnson V,CCD,OAR,1.066,False
361,PSN J09554214+6940260,000-BLG-310,2456681.36628,11.277,0.006,False,Johnson V,CCD,OAR,1.065,False
362,PSN J09554214+6940260,000-BLG-310,2456681.36742,11.275,0.006,False,Johnson V,CCD,OAR,1.064,False
363,PSN J09554214+6940260,000-BLG-310,2456681.36865,11.280,0.007,False,Johnson V,CCD,OAR,1.063,False
364,PSN J09554214+6940260,000-BLG-310,2456681.37005,11.278,0.006,False,Johnson V,CCD,OAR,1.062,False
365,PSN J09554214+6940260,000-BLG-310,2456681.37126,11.277,0.006,False,Johnson V,CCD,OAR,1.061,False
366,PSN J09554214+6940260,000-BLG-310,2456681.37282,11.273,0.006,False,Johnson V,CCD,OAR,1.059,False
367,PSN J09554214+6940260,000-BLG-310,2456681.37410,11.271,0.006,False,Johnson V,CCD,OAR,1.058,False
368,PSN J09554214+6940260,000-BLG-310,2456681.37525,11.283,0.007,False,Johnson V,CCD,OAR,1.057,False
369,PSN J09554214+6940260,000-BLG-310,2456681.37656,11.279,0.007,False,Johnson V,CCD,OAR,1.056,False
370,PSN J09554214+6940260,000-BLG-310,2456681.37772,11.280,0.007,False,Johnson V,CCD,OAR,1.055,False
371,PSN J09554214+6940260,000-BLG-310,2456681.37882,11.279,0.006,False,Johnson V,CCD,OAR,1.054,False
372,PSN J09554214+6940260,000-BLG-310,2456681.38005,11.280,0.007,False,Johnson V,CCD,OAR,1.054,False
373,PSN J09554214+6940260,000-BLG-310,2456681.38119,11.286,0.007,False,Johnson V,CCD,OAR,1.053,False
374,PSN J09554214+6940260,000-BLG-310,2456681.38220,11.276,0.006,False,Johnson V,CCD,OAR,1.052,False
375,PSN J09554214+6940260,000-BLG-310,2456681.38356,11.278,0.007,False,Johnson V,CCD,OAR,1.051,False
376,PSN J09554214+6940260,000-BLG-310,2456681.38475,11.273,0.006,False,Johnson V,CCD,OAR,1.050,False
377,PSN J09554214+6940260,000-BLG-310,2456681.38594,11.272,0.006,False,Johnson V,CCD,OAR,1.049,False
378,PSN J09554214+6940260,000-BLG-310,2456681.38743,11.272,0.006,False,Johnson V,CCD,OAR,1.048,False
379,PSN J09554214+6940260,000-BLG-310,2456681.38860,11.276,0.007,False,Johnson V,CCD,OAR,1.047,False
380,PSN J09554214+6940260,000-BLG-310,2456681.38971,11.268,0.007,False,Johnson V,CCD,OAR,1.046,False
381,PSN J09554214+6940260,000-BLG-310,2456681.39102,11.274,0.006,False,Johnson V,CCD,OAR,1.045,False
382,PSN J09554214+6940260,000-BLG-310,2456681.39214,11.277,0.006,False,Johnson V,CCD,OAR,1.045,False
383,PSN J09554214+6940260,000-BLG-310,2456681.39316,11.273,0.006,False,Johnson V,CCD,OAR,1.044,False
384,PSN J09554214+6940260,000-BLG-310,2456681.39448,11.272,0.006,False,Johnson V,CCD,OAR,1.043,False
385,PSN J09554214+6940260,000-BLG-310,2456681.39564,11.271,0.006,False,Johnson V,CCD,OAR,1.042,False
386,PSN J09554214+6940260,000-BLG-310,2456681.39669,11.269,0.007,False,Johnson V,CCD,OAR,1.041,False
387,PSN J09554214+6940260,000-BLG-310,2456681.39804,11.277,0.007,False,Johnson V,CCD,OAR,1.041,False
388,PSN J09554214+6940260,000-BLG-310,2456681.39907,11.270,0.008,False,Johnson V,CCD,OAR,1.040,False
389,PSN J09554214+6940260,000-BLG-310,2456681.40009,11.271,0.007,False,Johnson V,CCD,OAR,1.039,False
390,PSN J09554214+6940260,000-BLG-310,2456681.40152,11.277,0.007,False,Johnson V,CCD,OAR,1.038,False
391,PSN J09554214+6940260,000-BLG-310,2456681.40260,11.270,0.006,False,Johnson V,CCD,OAR,1.038,False
392,PSN J09554214+6940260,000-BLG-310,2456681.40369,11.273,0.006,False,Johnson V,CCD,OAR,1.037,False
393,PSN J09554214+6940260,000-BLG-310,2456681.40493,11.275,0.006,False,Johnson V,CCD,OAR,1.036,False
394,PSN J09554214+6940260,000-BLG-310,2456681.40593,11.276,0.006,False,Johnson V,CCD,OAR,1.036,False
395,PSN J09554214+6940260,000-BLG-310,2456681.40698,11.278,0.006,False,Johnson V,CCD,OAR,1.035,False
396,PSN J09554214+6940260,000-BLG-310,2456681.40829,11.281,0.006,False,Johnson V,CCD,OAR,1.034,False
397,PSN J09554214+6940260,000-BLG-310,2456681.40933,11.277,0.006,False,Johnson V,CCD,OAR,1.034,False
398,PSN J09554214+6940260,000-BLG-310,2456681.41038,11.274,0.006,False,Johnson V,CCD,OAR,1.033,False
399,PSN J09554214+6940260,000-BLG-310,2456681.41168,11.269,0.006,False,Johnson V,CCD,OAR,1.032,False
400,PSN J09554214+6940260,000-BLG-310,2456681.41272,11.269,0.006,False,Johnson V,CCD,OAR,1.032,False
401,PSN J09554214+6940260,000-BLG-310,2456681.41378,11.273,0.006,False,Johnson V,CCD,OAR,1.031,False
402,PSN J09554214+6940260,000-BLG-310,2456681.41626,11.268,0.006,False,Johnson V,CCD,OAR,1.030,False
403,PSN J09554214+6940260,000-BLG-310,2456681.41730,11.270,0.006,False,Johnson V,CCD,OAR,1.029,False
404,PSN J09554214+6940260,000-BLG-310,2456681.41858,11.269,0.007,False,Johnson V,CCD,OAR,1.029,False
405,PSN J09554214+6940260,000-BLG-310,2456681.41968,11.276,0.007,False,Johnson V,CCD,OAR,1.028,False
406,PSN J09554214+6940260,000-BLG-310,2456681.42081,11.268,0.007,False,Johnson V,CCD,OAR,1.027,False
407,PSN J09554214+6940260,000-BLG-310,2456681.42214,11.280,0.007,False,Johnson V,CCD,OAR,1.027,False
408,PSN J09554214+6940260,000-BLG-310,2456681.42319,11.277,0.007,False,Johnson V,CCD,OAR,1.026,False
409,PSN J09554214+6940260,000-BLG-310,2456681.42432,11.270,0.007,False,Johnson V,CCD,OAR,1.026,False
410,PSN J09554214+6940260,000-BLG-310,2456681.42535,11.273,0.007,False,Johnson V,CCD,OAR,1.025,False
411,PSN J09554214+6940260,000-BLG-310,2456681.42664,11.272,0.006,False,Johnson V,CCD,OAR,1.025,False
412,PSN J09554214+6940260,000-BLG-310,2456681.42779,11.278,0.007,False,Johnson V,CCD,OAR,1.024,False
413,PSN J09554214+6940260,000-BLG-310,2456681.43023,11.264,0.007,False,Johnson V,CCD,OAR,1.023,False
414,PSN J09554214+6940260,000-BLG-310,2456681.43127,11.263,0.006,False,Johnson V,CCD,OAR,1.023,False
415,PSN J09554214+6940260,000-BLG-310,2456681.43234,11.264,0.007,False,Johnson V,CCD,OAR,1.022,False
416,PSN J09554214+6940260,000-BLG-310,2456681.43359,11.263,0.006,False,Johnson V,CCD,OAR,1.022,False
417,PSN J09554214+6940260,000-BLG-310,2456681.43463,11.278,0.007,False,Johnson V,CCD,OAR,1.021,False
418,PSN J09554214+6940260,000-BLG-310,2456681.43581,11.266,0.006,False,Johnson V,CCD,OAR,1.020,False
419,PSN J09554214+6940260,000-BLG-310,2456681.43712,11.271,0.007,False,Johnson V,CCD,OAR,1.020,False
420,PSN J09554214+6940260,000-BLG-310,2456681.43822,11.266,0.007,False,Johnson V,CCD,OAR,1.020,False
421,PSN J09554214+6940260,000-BLG-310,2456681.43932,11.259,0.006,False,Johnson V,CCD,OAR,1.019,False
422,PSN J09554214+6940260,000-BLG-310,2456681.44059,11.261,0.007,False,Johnson V,CCD,OAR,1.019,False
423,PSN J09554214+6940260,000-BLG-310,2456681.44287,11.267,0.007,False,Johnson V,CCD,OAR,1.018,False
424,PSN J09554214+6940260,000-BLG-310,2456681.44421,11.261,0.007,False,Johnson V,CCD,OAR,1.017,False
425,PSN J09554214+6940260,000-BLG-310,2456681.44525,11.261,0.007,False,Johnson V,CCD,OAR,1.017,False
426,PSN J09554214+6940260,000-BLG-310,2456681.44635,11.265,0.007,False,Johnson V,CCD,OAR,1.017,False
427,PSN J09554214+6940260,000-BLG-310,2456681.44765,11.264,0.007,False,Johnson V,CCD,OAR,1.016,False
428,PSN J09554214+6940260,000-BLG-310,2456681.44867,11.267,0.007,False,Johnson V,CCD,OAR,1.016,False
429,PSN J09554214+6940260,000-BLG-310,2456681.44973,11.273,0.007,False,Johnson V,CCD,OAR,1.015,False
430,PSN J09554214+6940260,000-BLG-310,2456681.45100,11.265,0.007,False,Johnson V,CCD,OAR,1.015,False
431,PSN J09554214+6940260,000-BLG-310,2456681.45201,11.264,0.007,False,Johnson V,CCD,OAR,1.015,False
432,PSN J09554214+6940260,000-BLG-310,2456681.45301,11.262,0.007,False,Johnson V,CCD,OAR,1.014,False
433,PSN J09554214+6940260,000-BLG-310,2456681.45649,11.265,0.007,False,Johnson V,CCD,OAR,1.013,False
434,PSN J09554214+6940260,000-BLG-310,2456681.45779,11.257,0.007,False,Johnson V,CCD,OAR,1.013,False
435,PSN J09554214+6940260,000-BLG-310,2456681.45885,11.274,0.007,False,Johnson V,CCD,OAR,1.013,False
436,PSN J09554214+6940260,000-BLG-310,2456681.45995,11.266,0.008,False,Johnson V,CCD,OAR,1.013,False
437,PSN J09554214+6940260,000-BLG-310,2456681.46123,11.264,0.007,False,Johnson V,CCD,OAR,1.012,False
438,PSN J09554214+6940260,000-BLG-310,2456681.46229,11.272,0.007,False,Johnson V,CCD,OAR,1.012,False
439,PSN J09554214+6940260,000-BLG-310,2456681.46332,11.262,0.007,False,Johnson V,CCD,OAR,1.012,False
440,PSN J09554214+6940260,000-BLG-310,2456681.46456,11.259,0.007,False,Johnson V,CCD,OAR,1.012,False
441,PSN J09554214+6940260,000-BLG-310,2456681.46558,11.263,0.007,False,Johnson V,CCD,OAR,1.011,False
442,PSN J09554214+6940260,000-BLG-310,2456681.46661,11.265,0.007,False,Johnson V,CCD,OAR,1.011,False
443,PSN J09554214+6940260,000-BLG-310,2456681.46912,11.261,0.007,False,Johnson V,CCD,OAR,1.011,False
444,PSN J09554214+6940260,000-BLG-310,2456681.47016,11.258,0.006,False,Johnson V,CCD,OAR,1.010,False
445,PSN J09554214+6940260,000-BLG-310,2456681.47127,11.261,0.007,False,Johnson V,CCD,OAR,1.010,False
446,PSN J09554214+6940260,000-BLG-310,2456681.47250,11.270,0.007,False,Johnson V,CCD,OAR,1.010,False
447,PSN J09554214+6940260,000-BLG-310,2456681.47352,11.266,0.007,False,Johnson V,CCD,OAR,1.010,False
448,PSN J09554214+6940260,000-BLG-310,2456681.47469,11.264,0.007,False,Johnson V,CCD,OAR,1.010,False
449,PSN J09554214+6940260,000-BLG-310,2456681.47591,11.257,0.007,False,Johnson V,CCD,OAR,1.009,False
450,PSN J09554214+6940260,000-BLG-310,2456681.47698,11.262,0.007,False,Johnson V,CCD,OAR,1.009,False
451,PSN J09554214+6940260,000-BLG-310,2456681.47814,11.258,0.007,False,Johnson V,CCD,OAR,1.009,False
452,PSN J09554214+6940260,000-BLG-310,2456681.48293,11.245,0.006,False,Johnson V,CCD,OAR,1.009,False
453,PSN J09554214+6940260,000-BLG-310,2456681.48391,11.250,0.006,False,Johnson V,CCD,OAR,1.008,False
454,PSN J09554214+6940260,000-BLG-310,2456681.48497,11.259,0.006,False,Johnson V,CCD,OAR,1.008,False
455,PSN J09554214+6940260,000-BLG-310,2456681.48622,11.268,0.006,False,Johnson V,CCD,OAR,1.008,False
456,PSN J09554214+6940260,000-BLG-310,2456681.48729,11.259,0.006,False,Johnson V,CCD,OAR,1.008,False
457,PSN J09554214+6940260,000-BLG-310,2456681.48834,11.264,0.006,False,Johnson V,CCD,OAR,1.008,False
458,PSN J09554214+6940260,000-BLG-310,2456681.48956,11.261,0.006,False,Johnson V,CCD,OAR,1.008,False
459,PSN J09554214+6940260,000-BLG-310,2456681.49061,11.255,0.006,False,Johnson V,CCD,OAR,1.008,False
460,PSN J09554214+6940260,000-BLG-310,2456681.49164,11.259,0.006,False,Johnson V,CCD,OAR,1.008,False
461,PSN J09554214+6940260,000-BLG-310,2456681.49292,11.260,0.006,False,Johnson V,CCD,OAR,1.008,False
462,PSN J09554214+6940260,000-BLG-310,2456681.50240,11.258,0.006,False,Johnson V,CCD,OAR,1.008,False
463,PSN J09554214+6940260,000-BLG-310,2456681.50375,11.267,0.006,False,Johnson V,CCD,OAR,1.008,False
464,PSN J09554214+6940260,000-BLG-310,2456681.50483,11.267,0.006,False,Johnson V,CCD,OAR,1.008,False
465,PSN J09554214+6940260,000-BLG-310,2456681.50583,11.256,0.006,False,Johnson V,CCD,OAR,1.008,False
466,PSN J09554214+6940260,000-BLG-310,2456681.50712,11.255,0.006,False,Johnson V,CCD,OAR,1.008,False
467,PSN J09554214+6940260,000-BLG-310,2456681.50817,11.263,0.006,False,Johnson V,CCD,OAR,1.008,False
468,PSN J09554214+6940260,000-BLG-310,2456681.51171,11.252,0.006,False,Johnson V,CCD,OAR,1.008,False
469,PSN J09554214+6940260,000-BLG-310,2456681.51272,11.258,0.006,False,Johnson V,CCD,OAR,1.008,False
470,PSN J09554214+6940260,000-BLG-310,2456681.51373,11.259,0.006,False,Johnson V,CCD,OAR,1.008,False
471,PSN J09554214+6940260,000-BLG-310,2456681.51499,11.250,0.006,False,Johnson V,CCD,OAR,1.009,False
472,PSN J09554214+6940260,000-BLG-310,2456681.51598,11.253,0.006,False,Johnson V,CCD,OAR,1.009,False
473,PSN J09554214+6940260,000-BLG-310,2456681.51697,11.251,0.006,False,Johnson V,CCD,OAR,1.009,False
474,PSN J09554214+6940260,000-BLG-310,2456681.52046,11.255,0.006,False,Johnson V,CCD,OAR,1.009,False
475,PSN J09554214+6940260,000-BLG-310,2456681.52184,11.252,0.006,False,Johnson V,CCD,OAR,1.009,False
476,PSN J09554214+6940260,000-BLG-310,2456681.52287,11.257,0.006,False,Johnson V,CCD,OAR,1.010,False
477,PSN J09554214+6940260,000-BLG-310,2456681.52395,11.251,0.006,False,Johnson V,CCD,OAR,1.010,False
478,PSN J09554214+6940260,000-BLG-310,2456681.52519,11.251,0.006,False,Johnson V,CCD,OAR,1.010,False
479,PSN J09554214+6940260,000-BLG-310,2456681.52625,11.257,0.006,False,Johnson V,CCD,OAR,1.010,False
480,PSN J09554214+6940260,000-BLG-310,2456681.52888,11.244,0.006,False,Johnson V,CCD,OAR,1.011,False
481,PSN J09554214+6940260,000-BLG-310,2456681.52987,11.258,0.006,False,Johnson V,CCD,OAR,1.011,False
482,PSN J09554214+6940260,000-BLG-310,2456681.53094,11.255,0.006,False,Johnson V,CCD,OAR,1.011,False
483,PSN J09554214+6940260,000-BLG-310,2456681.53214,11.254,0.006,False,Johnson V,CCD,OAR,1.011,False
484,PSN J09554214+6940260,000-BLG-310,2456681.53324,11.250,0.006,False,Johnson V,CCD,OAR,1.012,False
485,PSN J09554214+6940260,000-BLG-310,2456681.53431,11.251,0.006,False,Johnson V,CCD,OAR,1.012,False
486,PSN J09554214+6940260,000-BLG-310,2456681.53674,11.254,0.006,False,Johnson V,CCD,OAR,1.012,False
487,PSN J09554214+6940260,000-BLG-310,2456681.53782,11.259,0.006,False,Johnson V,CCD,OAR,1.013,False
488,PSN J09554214+6940260,000-BLG-310,2456681.53910,11.260,0.006,False,Johnson V,CCD,OAR,1.013,False
489,PSN J09554214+6940260,000-BLG-310,2456681.54009,11.255,0.006,False,Johnson V,CCD,OAR,1.013,False
490,PSN J09554214+6940260,000-BLG-310,2456681.54113,11.250,0.006,False,Johnson V,CCD,OAR,1.014,False
491,PSN J09554214+6940260,000-BLG-310,2456681.54214,11.255,0.006,False,Johnson V,CCD,OAR,1.014,False
492,PSN J09554214+6940260,000-BLG-310,2456681.54345,11.243,0.006,False,Johnson V,CCD,OAR,1.014,False
493,PSN J09554214+6940260,000-BLG-310,2456681.54571,11.252,0.006,False,Johnson V,CCD,OAR,1.015,False
494,PSN J09554214+6940260,000-BLG-310,2456681.54704,11.252,0.006,False,Johnson V,CCD,OAR,1.015,False
495,PSN J09554214+6940260,000-BLG-310,2456681.54804,11.255,0.006,False,Johnson V,CCD,OAR,1.016,False
496,PSN J09554214+6940260,000-BLG-310,2456681.54912,11.252,0.006,False,Johnson V,CCD,OAR,1.016,False
497,PSN J09554214+6940260,000-BLG-310,2456681.55035,11.245,0.006,False,Johnson V,CCD,OAR,1.016,False
498,PSN J09554214+6940260,000-BLG-310,2456681.55140,11.256,0.006,False,Johnson V,CCD,OAR,1.017,False
499,PSN J09554214+6940260,000-BLG-310,2456681.55381,11.249,0.006,False,Johnson V,CCD,OAR,1.018,False
500,PSN J09554214+6940260,000-BLG-310,2456681.55486,11.254,0.006,False,Johnson V,CCD,OAR,1.018,False
501,PSN J09554214+6940260,000-BLG-310,2456681.55586,11.254,0.006,False,Johnson V,CCD,OAR,1.019,False
502,PSN J09554214+6940260,000-BLG-310,2456681.55718,11.247,0.006,False,Johnson V,CCD,OAR,1.019,False
503,PSN J09554214+6940260,000-BLG-310,2456681.55817,11.252,0.006,False,Johnson V,CCD,OAR,1.019,False
504,PSN J09554214+6940260,000-BLG-310,2456681.55922,11.246,0.006,False,Johnson V,CCD,OAR,1.020,False
505,PSN J09554214+6940260,000-BLG-310,2456681.56171,11.249,0.005,False,Johnson V,CCD,OAR,1.021,False
506,PSN J09554214+6940260,000-BLG-310,2456681.56278,11.251,0.006,False,Johnson V,CCD,OAR,1.021,False
507,PSN J09554214+6940260,000-BLG-310,2456681.56400,11.242,0.006,False,Johnson V,CCD,OAR,1.022,False
508,PSN J09554214+6940260,000-BLG-310,2456681.56508,11.246,0.006,False,Johnson V,CCD,OAR,1.022,False
509,PSN J09554214+6940260,000-BLG-310,2456681.56613,11.243,0.006,False,Johnson V,CCD,OAR,1.023,False
510,PSN J09554214+6940260,000-BLG-310,2456681.56755,11.246,0.006,False,Johnson V,CCD,OAR,1.023,False
511,PSN J09554214+6940260,000-BLG-310,2456681.56872,11.243,0.006,False,Johnson V,CCD,OAR,1.024,False
512,PSN J09554214+6940260,000-BLG-310,2456681.57122,11.250,0.006,False,Johnson V,CCD,OAR,1.025,False
513,PSN J09554214+6940260,000-BLG-310,2456681.57228,11.239,0.006,False,Johnson V,CCD,OAR,1.026,False
514,PSN J09554214+6940260,000-BLG-310,2456681.57334,11.245,0.006,False,Johnson V,CCD,OAR,1.026,False
515,PSN J09554214+6940260,000-BLG-310,2456681.57469,11.244,0.006,False,Johnson V,CCD,OAR,1.027,False
516,PSN J09554214+6940260,000-BLG-310,2456681.57572,11.236,0.006,False,Johnson V,CCD,OAR,1.027,False
517,PSN J09554214+6940260,000-BLG-310,2456681.57679,11.245,0.006,False,Johnson V,CCD,OAR,1.028,False
518,PSN J09554214+6940260,000-BLG-310,2456681.57808,11.235,0.006,False,Johnson V,CCD,OAR,1.028,False
519,PSN J09554214+6940260,000-BLG-310,2456681.57929,11.246,0.006,False,Johnson V,CCD,OAR,1.029,False
520,PSN J09554214+6940260,000-BLG-310,2456681.58036,11.247,0.006,False,Johnson V,CCD,OAR,1.030,False
521,PSN J09554214+6940260,000-BLG-310,2456681.58166,11.250,0.006,False,Johnson V,CCD,OAR,1.030,False
522,PSN J09554214+6940260,000-BLG-310,2456681.58275,11.240,0.006,False,Johnson V,CCD,OAR,1.031,False
523,PSN J09554214+6940260,000-BLG-310,2456681.58380,11.242,0.006,False,Johnson V,CCD,OAR,1.032,False
524,PSN J09554214+6940260,000-BLG-310,2456681.58503,11.239,0.006,False,Johnson V,CCD,OAR,1.032,False
525,PSN J09554214+6940260,000-BLG-310,2456681.58626,11.248,0.006,False,Johnson V,CCD,OAR,1.033,False
526,PSN J09554214+6940260,000-BLG-310,2456681.58727,11.238,0.006,False,Johnson V,CCD,OAR,1.034,False
527,PSN J09554214+6940260,000-BLG-310,2456681.58860,11.236,0.006,False,Johnson V,CCD,OAR,1.034,False
528,PSN J09554214+6940260,000-BLG-310,2456681.58970,11.235,0.006,False,Johnson V,CCD,OAR,1.035,False
529,PSN J09554214+6940260,000-BLG-310,2456681.59079,11.244,0.006,False,Johnson V,CCD,OAR,1.036,False
530,PSN J09554214+6940260,000-BLG-310,2456681.59214,11.238,0.006,False,Johnson V,CCD,OAR,1.036,False
531,PSN J09554214+6940260,000-BLG-310,2456681.59336,11.242,0.006,False,Johnson V,CCD,OAR,1.037,False
532,PSN J09554214+6940260,000-BLG-310,2456681.59447,11.236,0.006,False,Johnson V,CCD,OAR,1.038,False
533,PSN J09554214+6940260,000-BLG-310,2456681.59573,11.246,0.006,False,Johnson V,CCD,OAR,1.039,False
534,PSN J09554214+6940260,000-BLG-310,2456681.59682,11.237,0.006,False,Johnson V,CCD,OAR,1.039,False
535,PSN J09554214+6940260,000-BLG-310,2456681.59784,11.243,0.006,False,Johnson V,CCD,OAR,1.040,False
536,PSN J09554214+6940260,000-BLG-310,2456681.59909,11.242,0.006,False,Johnson V,CCD,OAR,1.041,False
537,PSN J09554214+6940260,000-BLG-310,2456681.60023,11.224,0.006,False,Johnson V,CCD,OAR,1.042,False
538,PSN J09554214+6940260,000-BLG-310,2456681.60139,11.243,0.006,False,Johnson V,CCD,OAR,1.043,False
539,PSN J09554214+6940260,000-BLG-310,2456681.60278,11.238,0.006,False,Johnson V,CCD,OAR,1.043,False
540,PSN J09554214+6940260,000-BLG-310,2456681.60388,11.240,0.006,False,Johnson V,CCD,OAR,1.044,False
541,PSN J09554214+6940260,000-BLG-310,2456681.60503,11.242,0.006,False,Johnson V,CCD,OAR,1.045,False
542,PSN J09554214+6940260,000-BLG-310,2456681.60630,11.232,0.006,False,Johnson V,CCD,OAR,1.046,False
543,PSN J09554214+6940260,000-BLG-310,2456681.60743,11.235,0.006,False,Johnson V,CCD,OAR,1.047,False
544,PSN J09554214+6940260,000-BLG-310,2456681.60858,11.242,0.006,False,Johnson V,CCD,OAR,1.048,False
545,PSN J09554214+6940260,000-BLG-310,2456681.61013,11.236,0.006,False,Johnson V,CCD,OAR,1.048,False
546,PSN J09554214+6940260,000-BLG-310,2456681.61119,11.235,0.006,False,Johnson V,CCD,OAR,1.049,False
547,PSN J09554214+6940260,000-BLG-310,2456681.61235,11.239,0.006,False,Johnson V,CCD,OAR,1.050,False
548,PSN J09554214+6940260,000-BLG-310,2456681.61367,11.237,0.006,False,Johnson V,CCD,OAR,1.051,False
549,PSN J09554214+6940260,000-BLG-310,2456681.61473,11.235,0.006,False,Johnson V,CCD,OAR,1.052,False
550,PSN J09554214+6940260,000-BLG-310,2456681.61581,11.236,0.006,False,Johnson V,CCD,OAR,1.053,False
551,PSN J09554214+6940260,000-BLG-310,2456681.61727,11.241,0.006,False,Johnson V,CCD,OAR,1.054,False
552,PSN J09554214+6940260,000-BLG-310,2456681.61843,11.240,0.006,False,Johnson V,CCD,OAR,1.055,False
553,PSN J09554214+6940260,000-BLG-310,2456681.61965,11.233,0.006,False,Johnson V,CCD,OAR,1.056,False
554,PSN J09554214+6940260,000-BLG-310,2456681.62100,11.235,0.006,False,Johnson V,CCD,OAR,1.057,False
555,PSN J09554214+6940260,000-BLG-310,2456681.62205,11.234,0.006,False,Johnson V,CCD,OAR,1.058,False
556,PSN J09554214+6940260,000-BLG-310,2456681.62328,11.240,0.006,False,Johnson V,CCD,OAR,1.059,False
557,PSN J09554214+6940260,000-BLG-310,2456681.62451,11.231,0.006,False,Johnson V,CCD,OAR,1.060,False
558,PSN J09554214+6940260,000-BLG-310,2456681.62564,11.238,0.006,False,Johnson V,CCD,OAR,1.061,False
559,PSN J09554214+6940260,000-BLG-310,2456681.62676,11.230,0.006,False,Johnson V,CCD,OAR,1.062,False
560,PSN J09554214+6940260,000-BLG-310,2456681.62817,11.233,0.006,False,Johnson V,CCD,OAR,1.063,False
561,PSN J09554214+6940260,000-BLG-310,2456681.62922,11.240,0.006,False,Johnson V,CCD,OAR,1.064,False
562,PSN J09554214+6940260,000-BLG-310,2456681.63069,11.234,0.006,False,Johnson V,CCD,OAR,1.065,False
563,PSN J09554214+6940260,000-BLG-310,2456681.63176,11.231,0.006,False,Johnson V,CCD,OAR,1.066,False
564,PSN J09554214+6940260,000-BLG-310,2456681.63294,11.241,0.006,False,Johnson V,CCD,OAR,1.067,False
565,PSN J09554214+6940260,000-BLG-310,2456681.63405,11.234,0.006,False,Johnson V,CCD,OAR,1.068,False
566,PSN J09554214+6940260,000-BLG-310,2456681.63538,11.234,0.006,False,Johnson V,CCD,OAR,1.069,False
567,PSN J09554214+6940260,000-BLG-310,2456681.63642,11.234,0.006,False,Johnson V,CCD,OAR,1.070,False
568,PSN J09554214+6940260,000-BLG-310,2456681.63759,11.236,0.006,False,Johnson V,CCD,OAR,1.071,False
569,PSN J09554214+6940260,000-BLG-310,2456681.63888,11.228,0.006,False,Johnson V,CCD,OAR,1.072,False
570,PSN J09554214+6940260,000-BLG-310,2456681.63993,11.237,0.006,False,Johnson V,CCD,OAR,1.073,False
571,PSN J09554214+6940260,000-BLG-310,2456681.64096,11.235,0.006,False,Johnson V,CCD,OAR,1.074,False
572,PSN J09554214+6940260,000-BLG-310,2456681.64229,11.228,0.006,False,Johnson V,CCD,OAR,1.075,False
573,PSN J09554214+6940260,000-BLG-310,2456681.64343,11.228,0.006,False,Johnson V,CCD,OAR,1.076,False
574,PSN J09554214+6940260,000-BLG-310,2456681.64454,11.229,0.006,False,Johnson V,CCD,OAR,1.077,False
575,PSN J09554214+6940260,000-BLG-310,2456681.64587,11.229,0.006,False,Johnson V,CCD,OAR,1.078,False
576,PSN J09554214+6940260,000-BLG-310,2456681.64689,11.238,0.006,False,Johnson V,CCD,OAR,1.080,False
577,PSN J09554214+6940260,000-BLG-310,2456681.64801,11.229,0.006,False,Johnson V,CCD,OAR,1.081,False
578,PSN J09554214+6940260,000-BLG-310,2456681.64931,11.233,0.006,False,Johnson V,CCD,OAR,1.082,False
579,PSN J09554214+6940260,000-BLG-310,2456681.65058,11.225,0.006,False,Johnson V,CCD,OAR,1.083,False
580,PSN J09554214+6940260,000-BLG-310,2456681.65172,11.231,0.006,False,Johnson V,CCD,OAR,1.085,False
581,PSN J09554214+6940260,000-BLG-310,2456681.65311,11.229,0.006,False,Johnson V,CCD,OAR,1.086,False
582,PSN J09554214+6940260,000-BLG-310,2456681.65414,11.238,0.006,False,Johnson V,CCD,OAR,1.087,False
583,PSN J09554214+6940260,000-BLG-310,2456681.65527,11.225,0.006,False,Johnson V,CCD,OAR,1.088,False
584,PSN J09554214+6940260,000-BLG-310,2456681.65656,11.230,0.006,False,Johnson V,CCD,OAR,1.089,False
585,PSN J09554214+6940260,000-BLG-310,2456681.65766,11.223,0.006,False,Johnson V,CCD,OAR,1.090,False
586,PSN J09554214+6940260,000-BLG-310,2456681.65876,11.222,0.006,False,Johnson V,CCD,OAR,1.092,False
587,PSN J09554214+6940260,000-BLG-310,2456681.66025,11.228,0.006,False,Johnson V,CCD,OAR,1.093,False
588,PSN J09554214+6940260,000-BLG-310,2456681.66138,11.228,0.006,False,Johnson V,CCD,OAR,1.094,False
589,PSN J09554214+6940260,000-BLG-310,2456681.66244,11.231,0.006,False,Johnson V,CCD,OAR,1.096,False
590,PSN J09554214+6940260,000-BLG-310,2456681.66384,11.227,0.006,False,Johnson V,CCD,OAR,1.097,False
591,PSN J09554214+6940260,000-BLG-310,2456681.66492,11.229,0.006,False,Johnson V,CCD,OAR,1.098,False
592,PSN J09554214+6940260,000-BLG-310,2456681.66593,11.225,0.006,False,Johnson V,CCD,OAR,1.099,False
593,PSN J09554214+6940260,000-BLG-310,2456681.66729,11.228,0.006,False,Johnson V,CCD,OAR,1.100,False
594,PSN J09554214+6940260,000-BLG-310,2456681.66850,11.228,0.006,False,Johnson V,CCD,OAR,1.102,False
595,PSN J09554214+6940260,000-BLG-310,2456681.66955,11.222,0.006,False,Johnson V,CCD,OAR,1.103,False
596,PSN J09554214+6940260,000-BLG-310,2456681.67084,11.229,0.006,False,Johnson V,CCD,OAR,1.104,False
597,PSN J09554214+6940260,000-BLG-310,2456681.67189,11.230,0.006,False,Johnson V,CCD,OAR,1.105,False
598,PSN J09554214+6940260,000-BLG-310,2456681.67302,11.231,0.006,False,Johnson V,CCD,OAR,1.107,False
599,PSN J09554214+6940260,000-BLG-310,2456681.67435,11.231,0.006,False,Johnson V,CCD,OAR,1.108,False
600,PSN J09554214+6940260,000-BLG-310,2456681.67549,11.219,0.006,False,Johnson V,CCD,OAR,1.109,False
601,PSN J09554214+6940260,000-BLG-310,2456681.67677,11.226,0.005,False,Johnson V,CCD,OAR,1.111,False
602,PSN J09554214+6940260,000-BLG-310,2456681.67807,11.230,0.006,False,Johnson V,CCD,OAR,1.112,False
603,PSN J09554214+6940260,000-BLG-310,2456681.67914,11.227,0.006,False,Johnson V,CCD,OAR,1.114,False
604,PSN J09554214+6940260,000-BLG-310,2456681.68020,11.222,0.006,False,Johnson V,CCD,OAR,1.115,False
605,PSN J09554214+6940260,000-BLG-310,2456681.68146,11.221,0.006,False,Johnson V,CCD,OAR,1.116,False
606,PSN J09554214+6940260,000-BLG-310,2456681.68264,11.222,0.006,False,Johnson V,CCD,OAR,1.118,False
607,PSN J09554214+6940260,000-BLG-310,2456681.68368,11.228,0.006,False,Johnson V,CCD,OAR,1.119,False
608,PSN J09554214+6940260,000-BLG-310,2456681.68514,11.225,0.006,False,Johnson V,CCD,OAR,1.120,False
609,PSN J09554214+6940260,000-BLG-310,2456681.68615,11.213,0.006,False,Johnson V,CCD,OAR,1.122,False
610,PSN J09554214+6940260,000-BLG-310,2456681.68720,11.221,0.006,False,Johnson V,CCD,OAR,1.123,False
611,PSN J09554214+6940260,000-BLG-310,2456681.68853,11.218,0.006,False,Johnson V,CCD,OAR,1.125,False
612,PSN J09554214+6940260,000-BLG-310,2456681.68959,11.209,0.006,False,Johnson V,CCD,OAR,1.126,False
613,PSN J09554214+6940260,000-BLG-310,2456681.69066,11.225,0.006,False,Johnson V,CCD,OAR,1.128,False
614,PSN J09554214+6940260,000-BLG-310,2456681.69198,11.224,0.006,False,Johnson V,CCD,OAR,1.129,False
615,PSN J09554214+6940260,000-BLG-310,2456681.69322,11.212,0.006,False,Johnson V,CCD,OAR,1.130,False
616,PSN J09554214+6940260,000-BLG-310,2456681.69432,11.224,0.006,False,Johnson V,CCD,OAR,1.132,False
617,PSN J09554214+6940260,000-BLG-310,2456681.69564,11.221,0.006,False,Johnson V,CCD,OAR,1.133,False
618,PSN J09554214+6940260,000-BLG-310,2456681.69679,11.214,0.006,False,Johnson V,CCD,OAR,1.135,False
619,PSN J09554214+6940260,000-BLG-310,2456681.69779,11.210,0.006,False,Johnson V,CCD,OAR,1.136,False
620,PSN J09554214+6940260,000-BLG-310,2456681.69899,11.213,0.006,False,Johnson V,CCD,OAR,1.137,False
621,PSN J09554214+6940260,000-BLG-310,2456681.70002,11.213,0.006,False,Johnson V,CCD,OAR,1.139,False
622,PSN J09554214+6940260,000-BLG-310,2456681.70101,11.228,0.006,False,Johnson V,CCD,OAR,1.140,False
623,PSN J09554214+6940260,000-BLG-310,2456681.70231,11.222,0.006,False,Johnson V,CCD,OAR,1.142,False
624,PSN J09554214+6940260,000-BLG-310,2456681.70333,11.221,0.006,False,Johnson V,CCD,OAR,1.143,False
625,PSN J09554214+6940260,000-BLG-310,2456681.70435,11.220,0.006,False,Johnson V,CCD,OAR,1.144,False
626,PSN J09554214+6940260,000-BLG-310,2456681.70535,11.218,0.006,False,Johnson V,CCD,OAR,1.146,False
627,PSN J09554214+6940260,000-BLG-310,2456681.70671,11.220,0.006,False,Johnson V,CCD,OAR,1.147,False
628,PSN J09554214+6940260,000-BLG-310,2456681.70771,11.208,0.006,False,Johnson V,CCD,OAR,1.149,False
629,PSN J09554214+6940260,000-BLG-310,2456681.70875,11.214,0.006,False,Johnson V,CCD,OAR,1.150,False
630,PSN J09554214+6940260,000-BLG-310,2456681.71003,11.224,0.006,False,Johnson V,CCD,OAR,1.152,False
631,PSN J09554214+6940260,000-BLG-310,2456681.71118,11.220,0.006,False,Johnson V,CCD,OAR,1.153,False
632,PSN J09554214+6940260,000-BLG-310,2456681.71220,11.209,0.006,False,Johnson V,CCD,OAR,1.155,False
633,PSN J09554214+6940260,000-BLG-310,2456681.71348,11.229,0.006,False,Johnson V,CCD,OAR,1.156,False
634,PSN J09554214+6940260,000-BLG-310,2456681.71447,11.221,0.006,False,Johnson V,CCD,OAR,1.158,False
635,PSN J09554214+6940260,000-BLG-310,2456681.71551,11.212,0.006,False,Johnson V,CCD,OAR,1.159,False
636,PSN J09554214+6940260,000-BLG-310,2456681.71685,11.208,0.006,False,Johnson V,CCD,OAR,1.161,False
637,PSN J09554214+6940260,000-BLG-310,2456681.71789,11.197,0.006,False,Johnson V,CCD,OAR,1.162,False
638,PSN J09554214+6940260,000-BLG-310,2456681.71904,11.218,0.006,False,Johnson V,CCD,OAR,1.164,False
639,PSN J09554214+6940260,000-BLG-310,2456681.72051,11.213,0.006,False,Johnson V,CCD,OAR,1.166,False
640,PSN J09554214+6940260,000-BLG-310,2456681.72154,11.216,0.006,False,Johnson V,CCD,OAR,1.167,False
641,PSN J09554214+6940260,000-BLG-310,2456681.72266,11.211,0.006,False,Johnson V,CCD,OAR,1.169,False
642,PSN J09554214+6940260,000-BLG-310,2456681.72392,11.217,0.007,False,Johnson V,CCD,OAR,1.171,False
643,PSN J09554214+6940260,000-BLG-310,2456681.72502,11.213,0.006,False,Johnson V,CCD,OAR,1.172,False
644,PSN J09554214+6940260,000-BLG-310,2456681.72610,11.210,0.006,False,Johnson V,CCD,OAR,1.174,False
645,PSN J09554214+6940260,000-BLG-310,2456681.72743,11.203,0.006,False,Johnson V,CCD,OAR,1.176,False
646,PSN J09554214+6940260,000-BLG-310,2456681.72855,11.210,0.006,False,Johnson V,CCD,OAR,1.177,False
647,PSN J09554214+6940260,000-BLG-310,2456681.72959,11.211,0.006,False,Johnson V,CCD,OAR,1.179,False
648,SN 2014J,000-BLG-310,2456681.44792,11.266,0.05,False,Johnson V,DSLR,BTAD,1.076,False
649,SN 2014J,000-BLG-310,2456681.45,12.553,0.05,False,Johnson B,DSLR,BTAD,1.076,False
650,PSN J09554214+6940260,000-BLG-310,2456680.80677,11.394,0.008,False,Johnson V,CCD,MJB,1.22,False
651,PSN J09554214+6940260,000-BLG-310,2456680.80757,11.400,0.006,False,Johnson V,CCD,MJB,1.22,False
652,PSN J09554214+6940260,000-BLG-310,2456680.80837,11.376,0.007,False,Johnson V,CCD,MJB,1.22,False
653,PSN J09554214+6940260,000-BLG-310,2456680.80917,11.409,0.008,False,Johnson V,CCD,MJB,1.22,False
654,PSN J09554214+6940260,000-BLG-310,2456680.80997,11.389,0.008,False,Johnson V,CCD,MJB,1.22,False
655,PSN J09554214+6940260,000-BLG-310,2456680.81076,11.394,0.009,False,Johnson V,CCD,MJB,1.22,False
656,PSN J09554214+6940260,000-BLG-310,2456680.81156,11.363,0.010,False,Johnson V,CCD,MJB,1.22,False
657,PSN J09554214+6940260,000-BLG-310,2456680.81237,11.401,0.012,False,Johnson V,CCD,MJB,1.22,False
658,PSN J09554214+6940260,000-BLG-310,2456680.81316,11.376,0.012,False,Johnson V,CCD,MJB,1.22,False
659,PSN J09554214+6940260,000-BLG-310,2456680.81397,11.377,0.012,False,Johnson V,CCD,MJB,1.22,False
660,PSN J09554214+6940260,000-BLG-310,2456680.81476,11.383,0.018,False,Johnson V,CCD,MJB,1.22,False
661,PSN J09554214+6940260,000-BLG-310,2456680.81557,11.383,0.024,False,Johnson V,CCD,MJB,1.22,False
662,PSN J09554214+6940260,000-BLG-310,2456680.81635,11.386,0.015,False,Johnson V,CCD,MJB,1.22,False
663,PSN J09554214+6940260,000-BLG-310,2456680.81716,11.330,0.035,False,Johnson V,CCD,MJB,1.22,False
664,PSN J09554214+6940260,000-BLG-310,2456680.81796,11.393,0.046,False,Johnson V,CCD,MJB,1.22,False
665,PSN J09554214+6940260,000-BLG-310,2456680.81876,11.389,0.020,False,Johnson V,CCD,MJB,1.22,False
666,PSN J09554214+6940260,000-BLG-310,2456680.81956,11.385,0.012,False,Johnson V,CCD,MJB,1.22,False
667,PSN J09554214+6940260,000-BLG-310,2456680.82037,11.380,0.015,False,Johnson V,CCD,MJB,1.22,False
668,PSN J09554214+6940260,000-BLG-310,2456681.80780,11.210,0.005,False,Johnson V,CCD,MJB,1.22,False
669,PSN J09554214+6940260,000-BLG-310,2456681.80861,11.208,0.004,False,Johnson V,CCD,MJB,1.22,False
670,PSN J09554214+6940260,000-BLG-310,2456681.80941,11.206,0.004,False,Johnson V,CCD,MJB,1.22,False
671,PSN J09554214+6940260,000-BLG-310,2456681.81021,11.208,0.004,False,Johnson V,CCD,MJB,1.22,False
672,PSN J09554214+6940260,000-BLG-310,2456681.81101,11.204,0.004,False,Johnson V,CCD,MJB,1.22,False
673,PSN J09554214+6940260,000-BLG-310,2456681.81181,11.204,0.004,False,Johnson V,CCD,MJB,1.22,False
674,PSN J09554214+6940260,000-BLG-310,2456681.81260,11.207,0.004,False,Johnson V,CCD,MJB,1.22,False
675,PSN J09554214+6940260,000-BLG-310,2456681.81340,11.195,0.004,False,Johnson V,CCD,MJB,1.22,False
676,PSN J09554214+6940260,000-BLG-310,2456681.81420,11.199,0.004,False,Johnson V,CCD,MJB,1.22,False
677,PSN J09554214+6940260,000-BLG-310,2456681.81500,11.204,0.004,False,Johnson V,CCD,MJB,1.22,False
678,PSN J09554214+6940260,000-BLG-310,2456681.81581,11.203,0.004,False,Johnson V,CCD,MJB,1.22,False
679,PSN J09554214+6940260,000-BLG-310,2456681.81660,11.206,0.004,False,Johnson V,CCD,MJB,1.22,False
680,PSN J09554214+6940260,000-BLG-310,2456681.81740,11.206,0.004,False,Johnson V,CCD,MJB,1.22,False
681,PSN J09554214+6940260,000-BLG-310,2456681.81821,11.208,0.004,False,Johnson V,CCD,MJB,1.22,False
682,PSN J09554214+6940260,000-BLG-310,2456681.81900,11.200,0.006,False,Johnson V,CCD,MJB,1.22,False
683,PSN J09554214+6940260,000-BLG-310,2456681.81980,11.206,0.004,False,Johnson V,CCD,MJB,1.22,False
684,PSN J09554214+6940260,000-BLG-310,2456681.82060,11.208,0.004,False,Johnson V,CCD,MJB,1.22,False
685,PSN J09554214+6940260,000-BLG-310,2456681.82140,11.204,0.004,False,Johnson V,CCD,MJB,1.22,False
686,PSN J09554214+6940260,000-BLG-310,2456681.82220,11.202,0.004,False,Johnson V,CCD,MJB,1.22,False
687,PSN J09554214+6940260,000-BLG-310,2456681.82301,11.202,0.004,False,Johnson V,CCD,MJB,1.22,False
688,PSN J09554214+6940260,000-BLG-310,2456681.82381,11.185,0.004,False,Johnson V,CCD,MJB,1.22,False
689,PSN J09554214+6940260,000-BLG-310,2456681.82462,11.194,0.005,False,Johnson V,CCD,MJB,1.22,False
690,PSN J09554214+6940260,000-BLG-310,2456681.82542,11.199,0.005,False,Johnson V,CCD,MJB,1.22,False
691,PSN J09554214+6940260,000-BLG-310,2456681.82622,11.201,0.004,False,Johnson V,CCD,MJB,1.22,False
692,PSN J09554214+6940260,000-BLG-310,2456681.82701,11.198,0.006,False,Johnson V,CCD,MJB,1.21,False
693,PSN J09554214+6940260,000-BLG-310,2456681.82781,11.209,0.006,False,Johnson V,CCD,MJB,1.21,False
694,PSN J09554214+6940260,000-BLG-310,2456681.82861,11.200,0.006,False,Johnson V,CCD,MJB,1.21,False
695,PSN J09554214+6940260,000-BLG-310,2456681.82942,11.200,0.006,False,Johnson V,CCD,MJB,1.21,False
696,PSN J09554214+6940260,000-BLG-310,2456681.83022,11.202,0.004,False,Johnson V,CCD,MJB,1.22,False
697,PSN J09554214+6940260,000-BLG-310,2456681.83102,11.193,0.005,False,Johnson V,CCD,MJB,1.22,False
698,PSN J09554214+6940260,000-BLG-310,2456681.83183,11.195,0.004,False,Johnson V,CCD,MJB,1.22,False
699,PSN J09554214+6940260,000-BLG-310,2456681.83263,11.196,0.006,False,Johnson V,CCD,MJB,1.22,False
700,PSN J09554214+6940260,000-BLG-310,2456681.83344,11.195,0.006,False,Johnson V,CCD,MJB,1.22,False
701,PSN J09554214+6940260,000-BLG-310,2456681.83424,11.195,0.005,False,Johnson V,CCD,MJB,1.22,False
702,PSN J09554214+6940260,000-BLG-310,2456681.83579,11.192,0.004,False,Johnson V,CCD,MJB,1.21,False
703,PSN J09554214+6940260,000-BLG-310,2456681.83659,11.188,0.005,False,Johnson V,CCD,MJB,1.22,False
704,PSN J09554214+6940260,000-BLG-310,2456681.83738,11.198,0.004,False,Johnson V,CCD,MJB,1.22,False
705,PSN J09554214+6940260,000-BLG-310,2456681.83819,11.195,0.004,False,Johnson V,CCD,MJB,1.22,False
706,PSN J09554214+6940260,000-BLG-310,2456681.83899,11.195,0.004,False,Johnson V,CCD,MJB,1.22,False
707,PSN J09554214+6940260,000-BLG-310,2456681.83979,11.200,0.004,False,Johnson V,CCD,MJB,1.22,False
708,PSN J09554214+6940260,000-BLG-310,2456681.84059,11.196,0.004,False,Johnson V,CCD,MJB,1.22,False
709,PSN J09554214+6940260,000-BLG-310,2456681.84140,11.202,0.004,False,Johnson V,CCD,MJB,1.22,False
710,PSN J09554214+6940260,000-BLG-310,2456681.84220,11.197,0.004,False,Johnson V,CCD,MJB,1.22,False
711,PSN J09554214+6940260,000-BLG-310,2456681.84300,11.202,0.004,False,Johnson V,CCD,MJB,1.22,False
712,PSN J09554214+6940260,000-BLG-310,2456681.84380,11.201,0.004,False,Johnson V,CCD,MJB,1.22,False
713,PSN J09554214+6940260,000-BLG-310,2456681.84459,11.198,0.004,False,Johnson V,CCD,MJB,1.22,False
714,PSN J09554214+6940260,000-BLG-310,2456681.84539,11.200,0.004,False,Johnson V,CCD,MJB,1.22,False
715,PSN J09554214+6940260,000-BLG-310,2456681.84619,11.202,0.004,False,Johnson V,CCD,MJB,1.22,False
716,PSN J09554214+6940260,000-BLG-310,2456681.84700,11.205,0.004,False,Johnson V,CCD,MJB,1.22,False
717,PSN J09554214+6940260,000-BLG-310,2456681.84780,11.206,0.004,False,Johnson V,CCD,MJB,1.22,False
718,PSN J09554214+6940260,000-BLG-310,2456681.84860,11.199,0.004,False,Johnson V,CCD,MJB,1.22,False
719,PSN J09554214+6940260,000-BLG-310,2456681.84940,11.205,0.004,False,Johnson V,CCD,MJB,1.22,False
720,PSN J09554214+6940260,000-BLG-310,2456681.85020,11.201,0.004,False,Johnson V,CCD,MJB,1.22,False
721,PSN J09554214+6940260,000-BLG-310,2456681.85100,11.195,0.004,False,Johnson V,CCD,MJB,1.22,False
722,PSN J09554214+6940260,000-BLG-310,2456681.85179,11.205,0.004,False,Johnson V,CCD,MJB,1.22,False
723,PSN J09554214+6940260,000-BLG-310,2456681.85259,11.203,0.004,False,Johnson V,CCD,MJB,1.22,False
724,PSN J09554214+6940260,000-BLG-310,2456681.85339,11.197,0.004,False,Johnson V,CCD,MJB,1.22,False
725,PSN J09554214+6940260,000-BLG-310,2456681.85419,11.198,0.004,False,Johnson V,CCD,MJB,1.22,False
726,PSN J09554214+6940260,000-BLG-310,2456681.85499,11.198,0.004,False,Johnson V,CCD,MJB,1.22,False
727,PSN J09554214+6940260,000-BLG-310,2456681.85579,11.190,0.004,False,Johnson V,CCD,MJB,1.22,False
728,PSN J09554214+6940260,000-BLG-310,2456681.86022,11.193,0.004,False,Johnson V,CCD,MJB,1.22,False
729,PSN J09554214+6940260,000-BLG-310,2456681.86103,11.197,0.004,False,Johnson V,CCD,MJB,1.22,False
730,PSN J09554214+6940260,000-BLG-310,2456681.86183,11.202,0.004,False,Johnson V,CCD,MJB,1.22,False
731,PSN J09554214+6940260,000-BLG-310,2456681.86263,11.207,0.004,False,Johnson V,CCD,MJB,1.23,False
732,PSN J09554214+6940260,000-BLG-310,2456681.86343,11.192,0.004,False,Johnson V,CCD,MJB,1.23,False
733,PSN J09554214+6940260,000-BLG-310,2456681.86422,11.200,0.004,False,Johnson V,CCD,MJB,1.23,False
734,PSN J09554214+6940260,000-BLG-310,2456681.86502,11.197,0.004,False,Johnson V,CCD,MJB,1.23,False
735,PSN J09554214+6940260,000-BLG-310,2456681.86582,11.186,0.004,False,Johnson V,CCD,MJB,1.23,False
736,PSN J09554214+6940260,000-BLG-310,2456681.86662,11.201,0.004,False,Johnson V,CCD,MJB,1.23,False
737,PSN J09554214+6940260,000-BLG-310,2456681.86742,11.203,0.004,False,Johnson V,CCD,MJB,1.23,False
738,PSN J09554214+6940260,000-BLG-310,2456681.86823,11.194,0.004,False,Johnson V,CCD,MJB,1.23,False
739,PSN J09554214+6940260,000-BLG-310,2456681.86903,11.188,0.004,False,Johnson V,CCD,MJB,1.23,False
740,PSN J09554214+6940260,000-BLG-310,2456681.86981,11.195,0.004,False,Johnson V,CCD,MJB,1.23,False
741,PSN J09554214+6940260,000-BLG-310,2456681.87061,11.197,0.004,False,Johnson V,CCD,MJB,1.23,False
742,PSN J09554214+6940260,000-BLG-310,2456681.87141,11.201,0.004,False,Johnson V,CCD,MJB,1.23,False
743,PSN J09554214+6940260,000-BLG-310,2456681.87222,11.198,0.004,False,Johnson V,CCD,MJB,1.23,False
744,PSN J09554214+6940260,000-BLG-310,2456681.87302,11.210,0.004,False,Johnson V,CCD,MJB,1.23,False
745,PSN J09554214+6940260,000-BLG-310,2456681.87382,11.190,0.004,False,Johnson V,CCD,MJB,1.23,False
746,PSN J09554214+6940260,000-BLG-310,2456681.87462,11.195,0.004,False,Johnson V,CCD,MJB,1.23,False
747,PSN J09554214+6940260,000-BLG-310,2456681.87543,11.199,0.004,False,Johnson V,CCD,MJB,1.23,False
748,PSN J09554214+6940260,000-BLG-310,2456681.87623,11.190,0.004,False,Johnson V,CCD,MJB,1.23,False
749,PSN J09554214+6940260,000-BLG-310,2456681.87703,11.191,0.004,False,Johnson V,CCD,MJB,1.24,False
750,PSN J09554214+6940260,000-BLG-310,2456681.87784,11.197,0.004,False,Johnson V,CCD,MJB,1.24,False
751,PSN J09554214+6940260,000-BLG-310,2456681.87863,11.193,0.004,False,Johnson V,CCD,MJB,1.24,False
752,PSN J09554214+6940260,000-BLG-310,2456681.87943,11.197,0.004,False,Johnson V,CCD,MJB,1.24,False
753,PSN J09554214+6940260,000-BLG-310,2456681.88023,11.179,0.004,False,Johnson V,CCD,MJB,1.24,False
754,PSN J09554214+6940260,000-BLG-310,2456681.88103,11.192,0.004,False,Johnson V,CCD,MJB,1.24,False
755,PSN J09554214+6940260,000-BLG-310,2456681.88183,11.196,0.004,False,Johnson V,CCD,MJB,1.24,False
756,PSN J09554214+6940260,000-BLG-310,2456681.88264,11.195,0.004,False,Johnson V,CCD,MJB,1.24,False
757,PSN J09554214+6940260,000-BLG-310,2456681.88345,11.212,0.004,False,Johnson V,CCD,MJB,1.24,False
758,PSN J09554214+6940260,000-BLG-310,2456681.88425,11.195,0.005,False,Johnson V,CCD,MJB,1.24,False
759,PSN J09554214+6940260,000-BLG-310,2456681.88506,11.194,0.005,False,Johnson V,CCD,MJB,1.24,False
760,PSN J09554214+6940260,000-BLG-310,2456681.88586,11.200,0.005,False,Johnson V,CCD,MJB,1.24,False
761,PSN J09554214+6940260,000-BLG-310,2456681.88666,11.194,0.004,False,Johnson V,CCD,MJB,1.24,False
762,PSN J09554214+6940260,000-BLG-310,2456681.88744,11.189,0.004,False,Johnson V,CCD,MJB,1.24,False
763,PSN J09554214+6940260,000-BLG-310,2456681.88824,11.205,0.005,False,Johnson V,CCD,MJB,1.25,False
764,PSN J09554214+6940260,000-BLG-310,2456681.88904,11.201,0.004,False,Johnson V,CCD,MJB,1.25,False
765,PSN J09554214+6940260,000-BLG-310,2456681.88984,11.190,0.005,False,Johnson V,CCD,MJB,1.25,False
766,PSN J09554214+6940260,000-BLG-310,2456681.89064,11.211,0.005,False,Johnson V,CCD,MJB,1.25,False
767,PSN J09554214+6940260,000-BLG-310,2456681.89144,11.196,0.005,False,Johnson V,CCD,MJB,1.25,False
768,PSN J09554214+6940260,000-BLG-310,2456681.89225,11.199,0.005,False,Johnson V,CCD,MJB,1.25,False
769,PSN J09554214+6940260,000-BLG-310,2456681.89304,11.198,0.005,False,Johnson V,CCD,MJB,1.25,False
770,PSN J09554214+6940260,000-BLG-310,2456681.89384,11.202,0.006,False,Johnson V,CCD,MJB,1.25,False
771,PSN J09554214+6940260,000-BLG-310,2456681.89464,11.186,0.005,False,Johnson V,CCD,MJB,1.25,False
772,PSN J09554214+6940260,000-BLG-310,2456681.89545,11.193,0.005,False,Johnson V,CCD,MJB,1.25,False
773,PSN J09554214+6940260,000-BLG-310,2456681.89624,11.223,0.005,False,Johnson V,CCD,MJB,1.25,False
774,PSN J09554214+6940260,000-BLG-310,2456681.89704,11.202,0.005,False,Johnson V,CCD,MJB,1.26,False
775,PSN J09554214+6940260,000-BLG-310,2456681.89784,11.219,0.005,False,Johnson V,CCD,MJB,1.26,False
776,PSN J09554214+6940260,000-BLG-310,2456681.89863,11.195,0.005,False,Johnson V,CCD,MJB,1.26,False
777,PSN J09554214+6940260,000-BLG-310,2456681.89943,11.198,0.005,False,Johnson V,CCD,MJB,1.26,False
778,PSN J09554214+6940260,000-BLG-310,2456681.90024,11.190,0.005,False,Johnson V,CCD,MJB,1.26,False
779,PSN J09554214+6940260,000-BLG-310,2456681.90104,11.189,0.005,False,Johnson V,CCD,MJB,1.26,False
780,PSN J09554214+6940260,000-BLG-310,2456681.90184,11.191,0.005,False,Johnson V,CCD,MJB,1.26,False
781,PSN J09554214+6940260,000-BLG-310,2456681.90263,11.198,0.005,False,Johnson V,CCD,MJB,1.26,False
782,PSN J09554214+6940260,000-BLG-310,2456681.90343,11.201,0.005,False,Johnson V,CCD,MJB,1.26,False
783,PSN J09554214+6940260,000-BLG-310,2456681.90424,11.220,0.005,False,Johnson V,CCD,MJB,1.26,False
784,PSN J09554214+6940260,000-BLG-310,2456681.90503,11.199,0.005,False,Johnson V,CCD,MJB,1.27,False
785,PSN J09554214+6940260,000-BLG-310,2456681.90584,11.190,0.005,False,Johnson V,CCD,MJB,1.27,False
786,PSN J09554214+6940260,000-BLG-310,2456681.90666,11.202,0.005,False,Johnson V,CCD,MJB,1.27,False
787,PSN J09554214+6940260,000-BLG-310,2456681.90747,11.190,0.005,False,Johnson V,CCD,MJB,1.27,False
788,PSN J09554214+6940260,000-BLG-310,2456681.91017,11.224,0.004,False,Johnson V,CCD,MJB,1.27,False
789,PSN J09554214+6940260,000-BLG-310,2456681.91098,11.199,0.004,False,Johnson V,CCD,MJB,1.27,False
790,PSN J09554214+6940260,000-BLG-310,2456681.91178,11.188,0.004,False,Johnson V,CCD,MJB,1.28,False
791,PSN J09554214+6940260,000-BLG-310,2456681.91258,11.187,0.004,False,Johnson V,CCD,MJB,1.28,False
792,PSN J09554214+6940260,000-BLG-310,2456681.91338,11.191,0.004,False,Johnson V,CCD,MJB,1.28,False
793,PSN J09554214+6940260,000-BLG-310,2456681.91418,11.193,0.004,False,Johnson V,CCD,MJB,1.28,False
794,PSN J09554214+6940260,000-BLG-310,2456681.91498,11.203,0.004,False,Johnson V,CCD,MJB,1.28,False
795,PSN J09554214+6940260,000-BLG-310,2456681.91578,11.196,0.004,False,Johnson V,CCD,MJB,1.28,False
796,PSN J09554214+6940260,000-BLG-310,2456681.91656,11.184,0.004,False,Johnson V,CCD,MJB,1.28,False
797,PSN J09554214+6940260,000-BLG-310,2456681.91736,11.186,0.004,False,Johnson V,CCD,MJB,1.28,False
798,PSN J09554214+6940260,000-BLG-310,2456681.91816,11.191,0.004,False,Johnson V,CCD,MJB,1.28,False
799,PSN J09554214+6940260,000-BLG-310,2456681.91896,11.192,0.004,False,Johnson V,CCD,MJB,1.29,False
800,PSN J09554214+6940260,000-BLG-310,2456681.91976,11.197,0.004,False,Johnson V,CCD,MJB,1.29,False
801,PSN J09554214+6940260,000-BLG-310,2456681.92056,11.189,0.004,False,Johnson V,CCD,MJB,1.29,False
802,PSN J09554214+6940260,000-BLG-310,2456681.92135,11.187,0.004,False,Johnson V,CCD,MJB,1.29,False
803,PSN J09554214+6940260,000-BLG-310,2456681.92215,11.184,0.004,False,Johnson V,CCD,MJB,1.29,False
804,PSN J09554214+6940260,000-BLG-310,2456681.92295,11.194,0.004,False,Johnson V,CCD,MJB,1.29,False
805,PSN J09554214+6940260,000-BLG-310,2456681.92376,11.186,0.004,False,Johnson V,CCD,MJB,1.29,False
806,PSN J09554214+6940260,000-BLG-310,2456681.92456,11.184,0.005,False,Johnson V,CCD,MJB,1.30,False
807,PSN J09554214+6940260,000-BLG-310,2456681.92536,11.186,0.004,False,Johnson V,CCD,MJB,1.30,False
808,PSN J09554214+6940260,000-BLG-310,2456681.92616,11.188,0.004,False,Johnson V,CCD,MJB,1.30,False
809,PSN J09554214+6940260,000-BLG-310,2456681.92697,11.178,0.004,False,Johnson V,CCD,MJB,1.30,False
810,PSN J09554214+6940260,000-BLG-310,2456681.92777,11.188,0.004,False,Johnson V,CCD,MJB,1.30,False
811,PSN J09554214+6940260,000-BLG-310,2456681.92856,11.172,0.004,False,Johnson V,CCD,MJB,1.30,False
812,PSN J09554214+6940260,000-BLG-310,2456681.92936,11.191,0.004,False,Johnson V,CCD,MJB,1.30,False
813,PSN J09554214+6940260,000-BLG-310,2456681.93016,11.193,0.004,False,Johnson V,CCD,MJB,1.31,False
814,PSN J09554214+6940260,000-BLG-310,2456681.93097,11.180,0.004,False,Johnson V,CCD,MJB,1.31,False
815,PSN J09554214+6940260,000-BLG-310,2456681.93177,11.178,0.004,False,Johnson V,CCD,MJB,1.31,False
816,PSN J09554214+6940260,000-BLG-310,2456681.93257,11.181,0.004,False,Johnson V,CCD,MJB,1.31,False
817,PSN J09554214+6940260,000-BLG-310,2456681.93338,11.180,0.004,False,Johnson V,CCD,MJB,1.31,False
818,PSN J09554214+6940260,000-BLG-310,2456681.93418,11.181,0.005,False,Johnson V,CCD,MJB,1.31,False
819,PSN J09554214+6940260,000-BLG-310,2456681.93498,11.189,0.004,False,Johnson V,CCD,MJB,1.31,False
820,PSN J09554214+6940260,000-BLG-310,2456681.93578,11.182,0.004,False,Johnson V,CCD,MJB,1.32,False
821,PSN J09554214+6940260,000-BLG-310,2456681.93657,11.176,0.004,False,Johnson V,CCD,MJB,1.32,False
822,PSN J09554214+6940260,000-BLG-310,2456681.93738,11.186,0.004,False,Johnson V,CCD,MJB,1.32,False
823,PSN J09554214+6940260,000-BLG-310,2456681.93817,11.184,0.005,False,Johnson V,CCD,MJB,1.32,False
824,PSN J09554214+6940260,000-BLG-310,2456681.93898,11.175,0.004,False,Johnson V,CCD,MJB,1.32,False
825,PSN J09554214+6940260,000-BLG-310,2456681.93979,11.178,0.004,False,Johnson V,CCD,MJB,1.32,False
826,PSN J09554214+6940260,000-BLG-310,2456681.94058,11.177,0.004,False,Johnson V,CCD,MJB,1.33,False
827,PSN J09554214+6940260,000-BLG-310,2456681.94139,11.176,0.005,False,Johnson V,CCD,MJB,1.33,False
828,PSN J09554214+6940260,000-BLG-310,2456681.94220,11.177,0.004,False,Johnson V,CCD,MJB,1.33,False
829,PSN J09554214+6940260,000-BLG-310,2456681.94300,11.182,0.005,False,Johnson V,CCD,MJB,1.33,False
830,PSN J09554214+6940260,000-BLG-310,2456681.94380,11.180,0.004,False,Johnson V,CCD,MJB,1.33,False
831,PSN J09554214+6940260,000-BLG-310,2456681.94459,11.180,0.004,False,Johnson V,CCD,MJB,1.33,False
832,PSN J09554214+6940260,000-BLG-310,2456681.94541,11.189,0.004,False,Johnson V,CCD,MJB,1.34,False
833,PSN J09554214+6940260,000-BLG-310,2456681.94620,11.184,0.004,False,Johnson V,CCD,MJB,1.34,False
834,PSN J09554214+6940260,000-BLG-310,2456681.94700,11.394,0.005,False,Johnson V,CCD,MJB,1.34,False
835,PSN J09554214+6940260,000-BLG-310,2456681.94780,11.241,0.004,False,Johnson V,CCD,MJB,1.34,False
836,PSN J09554214+6940260,000-BLG-310,2456681.94860,11.227,0.004,False,Johnson V,CCD,MJB,1.34,False
837,PSN J09554214+6940260,000-BLG-310,2456681.94940,11.187,0.004,False,Johnson V,CCD,MJB,1.34,False
838,PSN J09554214+6940260,000-BLG-310,2456681.95020,11.193,0.004,False,Johnson V,CCD,MJB,1.35,False
839,PSN J09554214+6940260,000-BLG-310,2456681.95101,11.217,0.004,False,Johnson V,CCD,MJB,1.35,False
840,PSN J09554214+6940260,000-BLG-310,2456681.95181,11.181,0.004,False,Johnson V,CCD,MJB,1.35,False
841,PSN J09554214+6940260,000-BLG-310,2456681.95259,11.183,0.004,False,Johnson V,CCD,MJB,1.35,False
842,PSN J09554214+6940260,000-BLG-310,2456681.95340,11.185,0.004,False,Johnson V,CCD,MJB,1.35,False
843,PSN J09554214+6940260,000-BLG-310,2456681.95419,11.188,0.004,False,Johnson V,CCD,MJB,1.36,False
844,PSN J09554214+6940260,000-BLG-310,2456681.95499,11.181,0.004,False,Johnson V,CCD,MJB,1.36,False
845,PSN J09554214+6940260,000-BLG-310,2456681.95579,11.172,0.005,False,Johnson V,CCD,MJB,1.36,False
846,PSN J09554214+6940260,000-BLG-310,2456681.95659,11.184,0.004,False,Johnson V,CCD,MJB,1.36,False
847,PSN J09554214+6940260,000-BLG-310,2456681.95738,11.179,0.004,False,Johnson V,CCD,MJB,1.36,False
848,PSN J09554214+6940260,000-BLG-310,2456681.96509,11.186,0.004,False,Johnson V,CCD,MJB,1.38,False
849,PSN J09554214+6940260,000-BLG-310,2456681.96589,11.180,0.004,False,Johnson V,CCD,MJB,1.38,False
850,PSN J09554214+6940260,000-BLG-310,2456681.96670,11.194,0.005,False,Johnson V,CCD,MJB,1.39,False
851,PSN J09554214+6940260,000-BLG-310,2456681.96750,11.172,0.004,False,Johnson V,CCD,MJB,1.39,False
852,PSN J09554214+6940260,000-BLG-310,2456681.96830,11.180,0.004,False,Johnson V,CCD,MJB,1.39,False
853,PSN J09554214+6940260,000-BLG-310,2456681.96910,11.178,0.004,False,Johnson V,CCD,MJB,1.39,False
854,PSN J09554214+6940260,000-BLG-310,2456681.96990,11.176,0.004,False,Johnson V,CCD,MJB,1.40,False
855,PSN J09554214+6940260,000-BLG-310,2456681.97071,11.185,0.004,False,Johnson V,CCD,MJB,1.40,False
856,PSN J09554214+6940260,000-BLG-310,2456681.97150,11.170,0.004,False,Johnson V,CCD,MJB,1.40,False
857,PSN J09554214+6940260,000-BLG-310,2456681.97229,11.186,0.004,False,Johnson V,CCD,MJB,1.40,False
858,PSN J09554214+6940260,000-BLG-310,2456681.97309,11.174,0.004,False,Johnson V,CCD,MJB,1.40,False
859,PSN J09554214+6940260,000-BLG-310,2456681.97390,11.184,0.004,False,Johnson V,CCD,MJB,1.41,False
860,PSN J09554214+6940260,000-BLG-310,2456681.97470,11.178,0.004,False,Johnson V,CCD,MJB,1.41,False
861,PSN J09554214+6940260,000-BLG-310,2456681.97550,11.200,0.004,False,Johnson V,CCD,MJB,1.41,False
862,PSN J09554214+6940260,000-BLG-310,2456681.97630,11.174,0.004,False,Johnson V,CCD,MJB,1.41,False
863,PSN J09554214+6940260,000-BLG-310,2456681.97709,11.183,0.004,False,Johnson V,CCD,MJB,1.42,False
864,PSN J09554214+6940260,000-BLG-310,2456681.97791,11.182,0.004,False,Johnson V,CCD,MJB,1.42,False
865,PSN J09554214+6940260,000-BLG-310,2456681.97870,11.206,0.004,False,Johnson V,CCD,MJB,1.42,False
866,PSN J09554214+6940260,000-BLG-310,2456681.97950,11.194,0.004,False,Johnson V,CCD,MJB,1.42,False
867,PSN J09554214+6940260,000-BLG-310,2456681.98030,11.184,0.005,False,Johnson V,CCD,MJB,1.43,False
868,PSN J09554214+6940260,000-BLG-310,2456681.98110,11.178,0.004,False,Johnson V,CCD,MJB,1.43,False
869,PSN J09554214+6940260,000-BLG-310,2456681.98190,11.178,0.004,False,Johnson V,CCD,MJB,1.43,False
870,PSN J09554214+6940260,000-BLG-310,2456681.98270,11.178,0.004,False,Johnson V,CCD,MJB,1.43,False
871,PSN J09554214+6940260,000-BLG-310,2456681.98351,11.180,0.005,False,Johnson V,CCD,MJB,1.43,False
872,PSN J09554214+6940260,000-BLG-310,2456681.98431,11.170,0.004,False,Johnson V,CCD,MJB,1.44,False
873,PSN J09554214+6940260,000-BLG-310,2456681.98510,11.181,0.004,False,Johnson V,CCD,MJB,1.44,False
874,PSN J09554214+6940260,000-BLG-310,2456681.98590,11.167,0.005,False,Johnson V,CCD,MJB,1.44,False
875,PSN J09554214+6940260,000-BLG-310,2456681.98670,11.179,0.004,False,Johnson V,CCD,MJB,1.44,False
876,PSN J09554214+6940260,000-BLG-310,2456681.98750,11.179,0.005,False,Johnson V,CCD,MJB,1.45,False
877,PSN J09554214+6940260,000-BLG-310,2456681.98830,11.184,0.004,False,Johnson V,CCD,MJB,1.45,False
878,PSN J09554214+6940260,000-BLG-310,2456681.98911,11.176,0.004,False,Johnson V,CCD,MJB,1.45,False
879,PSN J09554214+6940260,000-BLG-310,2456681.98990,11.178,0.004,False,Johnson V,CCD,MJB,1.45,False
880,PSN J09554214+6940260,000-BLG-310,2456681.99071,11.180,0.004,False,Johnson V,CCD,MJB,1.46,False
881,PSN J09554214+6940260,000-BLG-310,2456681.99150,11.181,0.004,False,Johnson V,CCD,MJB,1.46,False
882,PSN J09554214+6940260,000-BLG-310,2456681.99230,11.170,0.005,False,Johnson V,CCD,MJB,1.46,False
883,PSN J09554214+6940260,000-BLG-310,2456681.99310,11.169,0.004,False,Johnson V,CCD,MJB,1.47,False
884,PSN J09554214+6940260,000-BLG-310,2456681.99391,11.175,0.004,False,Johnson V,CCD,MJB,1.47,False
885,PSN J09554214+6940260,000-BLG-310,2456681.99470,11.175,0.004,False,Johnson V,CCD,MJB,1.47,False
886,PSN J09554214+6940260,000-BLG-310,2456681.99551,11.187,0.004,False,Johnson V,CCD,MJB,1.47,False
887,PSN J09554214+6940260,000-BLG-310,2456681.99631,11.171,0.004,False,Johnson V,CCD,MJB,1.48,False
888,SN 2014J,000-BLG-310,2456681.51319,11.258,0.014,False,Johnson V,CCD,JNDA,,False
889,SN 2014J,000-BLG-310,2456681.51736,10.50,0.05,False,Cousins R,CCD,JNDA,,False
890,SN 2014J,000-BLG-310,2456681.52083,10.00,0.03,False,Cousins I,CCD,JNDA,,False
891,SN 2014J,000-BLG-310,2456680.94221,11.241,0.002,False,Johnson V,CCD,ZALA,1.296,False
892,SN 2014J,000-BLG-310,2456680.94221,10.399,0.003,False,Cousins R,CCD,ZALA,1.296,False
893,SN 2014J,000-BLG-310,2456682.34978,12.354,0.013,False,Johnson B,CCD,NRNA,1.465,False
894,SN 2014J,000-BLG-310,2456682.34600,9.859,0.007,False,Cousins I,CCD,NRNA,1.478,False
895,SN 2014J,000-BLG-310,2456682.34173,10.365,0.007,False,Cousins R,CCD,NRNA,1.493,False
896,SN 2014J,000-BLG-310,2456682.34381,11.070,0.008,False,Johnson V,CCD,NRNA,1.486,False
897,SN 2014J,000-BLG-310,2456680.93461,12.697,0.005,False,Johnson B,CCD,ZALA,1.286,False
898,SN 2014J,000-BLG-310,2456682.42911,10.5334,0.0051,False,Cousins R,CCD,ELTA,1.268,False
899,SN 2014J,000-BLG-310,2456682.43543,11.2267,0.0055,False,Johnson V,CCD,ELTA,1.255,False
900,J09554214+6940260,000-BLG-310,2456679.50000,11.25,0.02,False,Cousins R,CCD,BPAB,,False
901,SN 2014J,000-BLG-310,2456682.953993,12.20,0.01,False,Johnson B,CCD,ELE,1.325,False
902,SN 2014J,000-BLG-310,2456682.959387,11.04,0.01,False,Johnson V,CCD,ELE,1.335,False
903,SN 2014J,000-BLG-310,2456682.960637,10.25,0.01,False,Cousins R,CCD,ELE,1.337,False
904,SN 2014J,000-BLG-310,2456682.961875,9.70,0.02,False,Cousins I,CCD,ELE,1.340,False
905,PSN J09554214+6940260,000-BLG-310,2456682.79,10.338,0.04,False,Cousins R,CCD,NMT,,False
906,SN 2014J,000-BLG-310,2456682.76205,10.395,0.090,False,Cousins R,CCD,SWIA,1.325,False
907,SN 2014J,000-BLG-310,2456682.76316,12.328,0.036,False,Johnson B,CCD,SWIA,1.323,False
908,SN 2014J,000-BLG-310,2456681.43671,11.0345,0.0148,False,Johnson V,CCD,JSJA,,False
909,SN 2014J,000-BLG-310,2456682.76240,11.124,0.035,False,Johnson V,CCD,SWIA,1.324,False
910,SN 2014J,000-BLG-310,2456682.4498,12.321,0.032,False,Johnson B,CCD,MMN,,False
911,SN 2014J,000-BLG-310,2456682.4506,11.078,0.029,False,Johnson V,CCD,MMN,,False
912,SN 2014J,000-BLG-310,2456682.4515,9.881,0.025,False,Cousins I,CCD,MMN,,False
913,PSN J09554214+6940260,000-BLG-310,2456680.846782,10.71,0.01,False,Cousins R,CCD,UMAA,1.250,False
914,PSN J09554214+6940260,000-BLG-310,2456680.847593,10.71,0.01,False,Cousins R,CCD,UMAA,1.249,False
915,PSN J09554214+6940260,000-BLG-310,2456680.84831,10.70,0.01,False,Cousins R,CCD,UMAA,1.249,False
916,PSN J09554214+6940260,000-BLG-310,2456680.848993,10.70,0.01,False,Cousins R,CCD,UMAA,1.249,False
917,SN 2014J,000-BLG-310,2456683.27477,9.747,0.008,False,Cousins I,CCD,NRNA,1.769,False
918,SN 2014J,000-BLG-310,2456683.27025,10.236,0.007,False,Cousins R,CCD,NRNA,1.791,False
919,SN 2014J,000-BLG-310,2456683.27243,10.941,0.008,False,Johnson V,CCD,NRNA,1.780,False
920,SN 2014J,000-BLG-310,2456683.28404,12.208,0.016,False,Johnson B,CCD,NRNA,1.723,False
921,SN 2014J,000-BLG-310,2456681.812269,11.300,0.008,False,Johnson V,CCD,KPK,,False
922,SN 2014J,000-BLG-310,2456681.813206,11.280,0.009,False,Johnson V,CCD,KPK,,False
923,SN 2014J,000-BLG-310,2456682.592708,11.125,0.002,False,Johnson V,CCD,KPK,,False
924,SN 2014J,000-BLG-310,2456682.595567,11.129,0.002,False,Johnson V,CCD,KPK,,False
925,SN 2014J,000-BLG-310,2456682.598414,11.131,0.002,False,Johnson V,CCD,KPK,,False
926,SN 2014J,000-BLG-310,2456682.601424,11.125,0.002,False,Johnson V,CCD,KPK,,False
927,SN 2014J,000-BLG-310,2456682.604259,11.127,0.002,False,Johnson V,CCD,KPK,,False
928,SN 2014J,000-BLG-310,2456682.607037,11.126,0.002,False,Johnson V,CCD,KPK,,False
929,SN 2014J,000-BLG-310,2456682.610822,11.130,0.002,False,Johnson V,CCD,KPK,,False
930,SN 2014J,000-BLG-310,2456682.613565,11.129,0.002,False,Johnson V,CCD,KPK,,False
931,SN 2014J,000-BLG-310,2456682.616215,11.130,0.002,False,Johnson V,CCD,KPK,,False
932,SN 2014J,000-BLG-310,2456682.618947,11.128,0.002,False,Johnson V,CCD,KPK,,False
933,SN 2014J,000-BLG-310,2456682.621782,11.130,0.002,False,Johnson V,CCD,KPK,,False
934,SN 2014J,000-BLG-310,2456682.624641,11.129,0.002,False,Johnson V,CCD,KPK,,False
935,SN 2014J,000-BLG-310,2456682.627292,11.126,0.002,False,Johnson V,CCD,KPK,,False
936,SN 2014J,000-BLG-310,2456682.629942,11.130,0.002,False,Johnson V,CCD,KPK,,False
937,SN 2014J,000-BLG-310,2456682.633391,11.124,0.002,False,Johnson V,CCD,KPK,,False
938,SN 2014J,000-BLG-310,2456682.636042,11.122,0.002,False,Johnson V,CCD,KPK,,False
939,SN 2014J,000-BLG-310,2456682.638681,11.125,0.002,False,Johnson V,CCD,KPK,,False
940,SN 2014J,000-BLG-310,2456682.641331,11.125,0.002,False,Johnson V,CCD,KPK,,False
941,SN 2014J,000-BLG-310,2456682.643981,11.124,0.002,False,Johnson V,CCD,KPK,,False
942,SN 2014J,000-BLG-310,2456682.646632,11.126,0.002,False,Johnson V,CCD,KPK,,False
943,SN 2014J,000-BLG-310,2456682.649282,11.121,0.002,False,Johnson V,CCD,KPK,,False
944,SN 2014J,000-BLG-310,2456682.651933,11.123,0.002,False,Johnson V,CCD,KPK,,False
945,SN 2014J,000-BLG-310,2456682.655405,11.125,0.003,False,Johnson V,CCD,KPK,,False
946,SN 2014J,000-BLG-310,2456682.658218,11.127,0.003,False,Johnson V,CCD,KPK,,False
947,SN 2014J,000-BLG-310,2456682.661007,11.128,0.004,False,Johnson V,CCD,KPK,,False
948,SN 2014J,000-BLG-310,2456682.663843,11.123,0.002,False,Johnson V,CCD,KPK,,False
949,SN 2014J,000-BLG-310,2456682.666481,11.124,0.002,False,Johnson V,CCD,KPK,,False
950,SN 2014J,000-BLG-310,2456682.669144,11.124,0.002,False,Johnson V,CCD,KPK,,False
951,SN 2014J,000-BLG-310,2456682.671991,11.121,0.002,False,Johnson V,CCD,KPK,,False
952,SN 2014J,000-BLG-310,2456682.674815,11.120,0.002,False,Johnson V,CCD,KPK,,False
953,SN 2014J,000-BLG-310,2456682.679317,11.121,0.003,False,Johnson V,CCD,KPK,,False
954,SN 2014J,000-BLG-310,2456682.681968,11.117,0.003,False,Johnson V,CCD,KPK,,False
955,SN 2014J,000-BLG-310,2456682.684618,11.124,0.003,False,Johnson V,CCD,KPK,,False
956,SN 2014J,000-BLG-310,2456682.687269,11.112,0.003,False,Johnson V,CCD,KPK,,False
957,SN 2014J,000-BLG-310,2456682.689919,11.124,0.004,False,Johnson V,CCD,KPK,,False
958,SN 2014J,000-BLG-310,2456682.692569,11.115,0.004,False,Johnson V,CCD,KPK,,False
959,PSN J09554214+6940260,000-BLG-310,2456682.44,11.231,0.002,False,Johnson V,CCD,TRF,1.151,False
960,SN 2014J,000-BLG-310,2456682.56309,12.656,0.009,False,Johnson B,CCD,KPK,,False
961,SN 2014J,000-BLG-310,2456682.565891,12.648,0.010,False,Johnson B,CCD,KPK,,False
962,SN 2014J,000-BLG-310,2456682.56875,12.651,0.008,False,Johnson B,CCD,KPK,,False
963,SN 2014J,000-BLG-310,2456682.571655,12.633,0.010,False,Johnson B,CCD,KPK,,False
964,SN 2014J,000-BLG-310,2456682.57463,12.622,0.011,False,Johnson B,CCD,KPK,,False
965,SN 2014J,000-BLG-310,2456682.52083,12.338,0.05,False,Johnson B,DSLR,BTAD,1.051,False
966,SN 2014J,000-BLG-310,2456682.51389,11.142,0.05,False,Johnson V,DSLR,BTAD,1.051,False
967,SN 2014J,000-BLG-310,2456682.577303,10.367,0.002,False,Cousins R,CCD,KPK,,False
968,SN 2014J,000-BLG-310,2456682.580116,10.361,0.002,False,Cousins R,CCD,KPK,,False
969,SN 2014J,000-BLG-310,2456682.582951,10.364,0.002,False,Cousins R,CCD,KPK,,False
970,SN 2014J,000-BLG-310,2456682.587049,10.361,0.002,False,Cousins R,CCD,KPK,,False
971,SN 2014J,000-BLG-310,2456682.589826,10.360,0.003,False,Cousins R,CCD,KPK,,False
972,SN 2014J,000-BLG-310,2456683.38518,10.3414,0.0144,False,Cousins R,CCD,ELTA,1.366,False
973,SN 2014J,000-BLG-310,2456683.39273,10.8027,0.0052,False,Johnson V,CCD,ELTA,1.346,False
974,SN 2014J,000-BLG-310,2456683.448715,10.901,0.003,False,Johnson V,CCD,FRIC,1.144,False
975,SN 2014J,000-BLG-310,2456683.450208,10.897,0.003,False,Johnson V,CCD,FRIC,1.143,False
976,SN 2014J,000-BLG-310,2456683.451713,10.907,0.003,False,Johnson V,CCD,FRIC,1.141,False
977,SN 2014J,000-BLG-310,2456683.453206,10.910,0.003,False,Johnson V,CCD,FRIC,1.140,False
978,SN 2014J,000-BLG-310,2456683.454711,10.903,0.003,False,Johnson V,CCD,FRIC,1.138,False
979,SN 2014J,000-BLG-310,2456683.456204,10.901,0.003,False,Johnson V,CCD,FRIC,1.137,False
980,SN 2014J,000-BLG-310,2456683.457697,10.903,0.003,False,Johnson V,CCD,FRIC,1.135,False
981,SN 2014J,000-BLG-310,2456683.45919,10.900,0.003,False,Johnson V,CCD,FRIC,1.134,False
982,SN 2014J,000-BLG-310,2456683.460694,10.905,0.003,False,Johnson V,CCD,FRIC,1.133,False
983,SN 2014J,000-BLG-310,2456683.462188,10.906,0.003,False,Johnson V,CCD,FRIC,1.131,False
984,SN 2014J,000-BLG-310,2456683.463692,10.909,0.003,False,Johnson V,CCD,FRIC,1.130,False
985,SN 2014J,000-BLG-310,2456683.465185,10.907,0.003,False,Johnson V,CCD,FRIC,1.128,False
986,SN 2014J,000-BLG-310,2456683.466678,10.910,0.003,False,Johnson V,CCD,FRIC,1.127,False
987,SN 2014J,000-BLG-310,2456683.468171,10.902,0.003,False,Johnson V,CCD,FRIC,1.126,False
988,SN 2014J,000-BLG-310,2456683.469676,10.908,0.003,False,Johnson V,CCD,FRIC,1.125,False
989,SN 2014J,000-BLG-310,2456683.471169,10.902,0.003,False,Johnson V,CCD,FRIC,1.124,False
990,SN 2014J,000-BLG-310,2456683.472662,10.903,0.003,False,Johnson V,CCD,FRIC,1.122,False
991,SN 2014J,000-BLG-310,2456683.474167,10.899,0.003,False,Johnson V,CCD,FRIC,1.121,False
992,SN 2014J,000-BLG-310,2456683.47566,10.904,0.003,False,Johnson V,CCD,FRIC,1.120,False
993,SN 2014J,000-BLG-310,2456683.477164,10.902,0.003,False,Johnson V,CCD,FRIC,1.119,False
994,SN 2014J,000-BLG-310,2456683.478669,10.907,0.003,False,Johnson V,CCD,FRIC,1.118,False
995,SN 2014J,000-BLG-310,2456683.480162,10.911,0.003,False,Johnson V,CCD,FRIC,1.117,False
996,SN 2014J,000-BLG-310,2456683.481655,10.915,0.003,False,Johnson V,CCD,FRIC,1.116,False
997,SN 2014J,000-BLG-310,2456683.48316,10.896,0.003,False,Johnson V,CCD,FRIC,1.115,False
998,SN 2014J,000-BLG-310,2456683.484653,10.902,0.003,False,Johnson V,CCD,FRIC,1.114,False
999,SN 2014J,000-BLG-310,2456683.486146,10.907,0.003,False,Johnson V,CCD,FRIC,1.113,False
1000,SN 2014J,000-BLG-310,2456683.487639,10.909,0.003,False,Johnson V,CCD,FRIC,1.112,False
1001,SN 2014J,000-BLG-310,2456683.489144,10.906,0.003,False,Johnson V,CCD,FRIC,1.111,False
1002,SN 2014J,000-BLG-310,2456683.490637,10.901,0.003,False,Johnson V,CCD,FRIC,1.110,False
1003,SN 2014J,000-BLG-310,2456683.492141,10.904,0.003,False,Johnson V,CCD,FRIC,1.110,False
1004,SN 2014J,000-BLG-310,2456683.493634,10.898,0.003,False,Johnson V,CCD,FRIC,1.109,False
1005,SN 2014J,000-BLG-310,2456683.495127,10.907,0.003,False,Johnson V,CCD,FRIC,1.108,False
1006,SN 2014J,000-BLG-310,2456683.49662,10.898,0.003,False,Johnson V,CCD,FRIC,1.107,False
1007,SN 2014J,000-BLG-310,2456683.498125,10.911,0.003,False,Johnson V,CCD,FRIC,1.107,False
1008,SN 2014J,000-BLG-310,2456683.499618,10.906,0.003,False,Johnson V,CCD,FRIC,1.106,False
1009,SN 2014J,000-BLG-310,2456683.501123,10.903,0.003,False,Johnson V,CCD,FRIC,1.105,False
1010,SN 2014J,000-BLG-310,2456683.502616,10.898,0.003,False,Johnson V,CCD,FRIC,1.105,False
1011,SN 2014J,000-BLG-310,2456683.504109,10.897,0.003,False,Johnson V,CCD,FRIC,1.104,False
1012,SN 2014J,000-BLG-310,2456683.505613,10.902,0.003,False,Johnson V,CCD,FRIC,1.103,False
1013,SN 2014J,000-BLG-310,2456683.507106,10.899,0.003,False,Johnson V,CCD,FRIC,1.103,False
1014,SN 2014J,000-BLG-310,2456683.5086,10.896,0.003,False,Johnson V,CCD,FRIC,1.102,False
1015,SN 2014J,000-BLG-310,2456683.510104,10.893,0.003,False,Johnson V,CCD,FRIC,1.102,False
1016,SN 2014J,000-BLG-310,2456683.511597,10.896,0.003,False,Johnson V,CCD,FRIC,1.101,False
1017,SN 2014J,000-BLG-310,2456683.51309,10.898,0.003,False,Johnson V,CCD,FRIC,1.101,False
1018,SN 2014J,000-BLG-310,2456683.514595,10.899,0.003,False,Johnson V,CCD,FRIC,1.100,False
1019,SN 2014J,000-BLG-310,2456683.516088,10.899,0.003,False,Johnson V,CCD,FRIC,1.100,False
1020,SN 2014J,000-BLG-310,2456683.517581,10.899,0.003,False,Johnson V,CCD,FRIC,1.100,False
1021,SN 2014J,000-BLG-310,2456683.519086,10.896,0.003,False,Johnson V,CCD,FRIC,1.099,False
1022,SN 2014J,000-BLG-310,2456683.520579,10.904,0.003,False,Johnson V,CCD,FRIC,1.099,False
1023,SN 2014J,000-BLG-310,2456683.522072,10.897,0.003,False,Johnson V,CCD,FRIC,1.099,False
1024,SN 2014J,000-BLG-310,2456683.523565,10.900,0.003,False,Johnson V,CCD,FRIC,1.098,False
1025,SN 2014J,000-BLG-310,2456683.525069,10.895,0.005,False,Johnson V,CCD,FRIC,1.098,False
1026,SN 2014J,000-BLG-310,2456683.526563,10.899,0.003,False,Johnson V,CCD,FRIC,1.098,False
1027,SN 2014J,000-BLG-310,2456683.528067,10.897,0.003,False,Johnson V,CCD,FRIC,1.098,False
1028,SN 2014J,000-BLG-310,2456683.52956,10.901,0.003,False,Johnson V,CCD,FRIC,1.098,False
1029,SN 2014J,000-BLG-310,2456683.531053,10.897,0.003,False,Johnson V,CCD,FRIC,1.098,False
1030,SN 2014J,000-BLG-310,2456683.532546,10.898,0.003,False,Johnson V,CCD,FRIC,1.097,False
1031,SN 2014J,000-BLG-310,2456683.534051,10.891,0.003,False,Johnson V,CCD,FRIC,1.097,False
1032,SN 2014J,000-BLG-310,2456683.535544,10.893,0.003,False,Johnson V,CCD,FRIC,1.097,False
1033,SN 2014J,000-BLG-310,2456683.537049,10.898,0.003,False,Johnson V,CCD,FRIC,1.097,False
1034,SN 2014J,000-BLG-310,2456683.538542,10.890,0.003,False,Johnson V,CCD,FRIC,1.097,False
1035,SN 2014J,000-BLG-310,2456683.540035,10.891,0.003,False,Johnson V,CCD,FRIC,1.097,False
1036,SN 2014J,000-BLG-310,2456683.593877,12.161,0.009,False,Johnson B,CCD,HBB,1.810,False
1037,SN 2014J,000-BLG-310,2456683.610926,12.170,0.008,False,Johnson B,CCD,HBB,1.716,False
1038,SN 2014J,000-BLG-310,2456683.627951,12.177,0.008,False,Johnson B,CCD,HBB,1.636,False
1039,SN 2014J,000-BLG-310,2456683.645,12.157,0.009,False,Johnson B,CCD,HBB,1.567,False
1040,SN 2014J,000-BLG-310,2456683.662037,12.170,0.008,False,Johnson B,CCD,HBB,1.508,False
1041,SN 2014J,000-BLG-310,2456683.679086,12.173,0.008,False,Johnson B,CCD,HBB,1.458,False
1042,SN 2014J,000-BLG-310,2456683.696123,12.170,0.009,False,Johnson B,CCD,HBB,1.417,False
1043,SN 2014J,000-BLG-310,2456683.71316,12.159,0.010,False,Johnson B,CCD,HBB,1.384,False
1044,SN 2014J,000-BLG-310,2456683.730208,12.154,0.010,False,Johnson B,CCD,HBB,1.358,False
1045,SN 2014J,000-BLG-310,2456683.747245,12.147,0.008,False,Johnson B,CCD,HBB,1.338,False
1046,SN 2014J,000-BLG-310,2456683.598137,10.743,0.009,False,Johnson V,CCD,HBB,1.786,False
1047,SN 2014J,000-BLG-310,2456683.615174,10.736,0.007,False,Johnson V,CCD,HBB,1.695,False
1048,SN 2014J,000-BLG-310,2456683.632222,10.736,0.007,False,Johnson V,CCD,HBB,1.617,False
1049,SN 2014J,000-BLG-310,2456683.649259,10.752,0.008,False,Johnson V,CCD,HBB,1.551,False
1050,SN 2014J,000-BLG-310,2456683.666296,10.738,0.007,False,Johnson V,CCD,HBB,1.494,False
1051,SN 2014J,000-BLG-310,2456683.683345,10.742,0.007,False,Johnson V,CCD,HBB,1.447,False
1052,SN 2014J,000-BLG-310,2456683.700382,10.741,0.007,False,Johnson V,CCD,HBB,1.408,False
1053,SN 2014J,000-BLG-310,2456683.717419,10.750,0.008,False,Johnson V,CCD,HBB,1.377,False
1054,SN 2014J,000-BLG-310,2456683.734468,10.742,0.007,False,Johnson V,CCD,HBB,1.352,False
1055,SN 2014J,000-BLG-310,2456683.751516,10.750,0.007,False,Johnson V,CCD,HBB,1.334,False
1056,PSN J09554214+6940260,000-BLG-310,2456683.507153,10.82,0.01,False,Johnson V,CCD,UMAA,1.205,False
1057,PSN J09554214+6940260,000-BLG-310,2456683.508449,10.81,0.01,False,Johnson V,CCD,UMAA,1.204,False
1058,SN 2014J,000-BLG-310,2456683.48056,10.97,0.012,False,Johnson V,CCD,JNDA,,False
1059,SN 2014J,000-BLG-310,2456683.48403,10.27,0.028,False,Cousins R,CCD,JNDA,,False
1060,SN 2014J,000-BLG-310,2456683.48819,9.75,0.021,False,Cousins I,CCD,JNDA,,False
1061,PSN J09554214+6940260,000-BLG-310,2456683.509769,10.06,0.01,False,Cousins R,CCD,UMAA,1.203,False
1062,PSN J09554214+6940260,000-BLG-310,2456683.511065,10.06,0.01,False,Cousins R,CCD,UMAA,1.201,False
1063,SN 2014J,000-BLG-310,2456681.43616,11.027,0.019,False,Johnson V,CCD,JSJA,,False
1064,SN 2014J,000-BLG-310,2456681.43665,10.988,0.015,False,Johnson V,CCD,JSJA,,False
1065,SN 2014J,000-BLG-310,2456681.43678,11.059,0.015,False,Johnson V,CCD,JSJA,,False
1066,SN 2014J,000-BLG-310,2456681.43694,11.078,0.015,False,Johnson V,CCD,JSJA,,False
1067,SN 2014J,000-BLG-310,2456681.43707,11.035,0.015,False,Johnson V,CCD,JSJA,,False
1068,SN 2014J,000-BLG-310,2456680.665521,11.460,0.013,False,Johnson V,CCD,CABB,,False
1069,SN 2014J,000-BLG-310,2456682.683275,11.087,0.010,False,Johnson V,CCD,CABB,,False
1070,SN 2014J,000-BLG-310,2456683.954931,10.913,0.053,False,Johnson V,CCD,CABB,,False
1071,SN 2014J,000-BLG-310,2456683.427811,9.638,0.004,False,Cousins I,CCD,CFRA,1.251,False
1072,SN 2014J,000-BLG-310,2456683.420421,12.123,0.012,False,Johnson B,CCD,CFRA,1.266,False
1073,SN 2014J,000-BLG-310,2456683.412740,10.170,0.008,False,Cousins R,CCD,CFRA,1.282,False
1074,SN 2014J,000-BLG-310,2456683.407580,10.888,0.005,False,Johnson V,CCD,CFRA,1.292,False
1075,SN 2014J,000-BLG-310,2456682.373244,12.245,0.006,False,Johnson B,CCD,CFRA,1.388,False
1076,SN 2014J,000-BLG-310,2456682.369184,11.041,0.003,False,Johnson V,CCD,CFRA,1.398,False
1077,SN 2014J,000-BLG-310,2456682.358064,9.758,0.010,False,Cousins I,CCD,CFRA,1.433,False
1078,SN 2014J,000-BLG-310,2456682.362084,10.285,0.008,False,Cousins R,CCD,CFRA,1.422,False
1079,SN 2014J,000-BLG-310,2456683.969201,12.11,0.01,False,Johnson B,CCD,ELE,1.363,False
1080,SN 2014J,000-BLG-310,2456683.975336,10.86,0.01,False,Johnson V,CCD,ELE,1.375,False
1081,SN 2014J,000-BLG-310,2456683.97809,10.19,0.01,False,Cousins R,CCD,ELE,1.382,False
1082,SN 2014J,000-BLG-310,2456683.980868,9.67,0.01,False,Cousins I,CCD,ELE,1.388,False
1083,SN 2014J,000-BLG-310,2456683.37097,11.035,0.004,False,Johnson V,CCD,CMAB,1.312,False
1084,SN 2014J,000-BLG-310,2456683.813866,10.913,,False,Johnson V,CCD,NAO,,False
1085,SN 2014J,000-BLG-310,2456680.63006,11.316,0.030,False,Johnson V,CCD,CNY,,False
1086,SN 2014J,000-BLG-310,2456683.814965,12.162,,False,Johnson B,CCD,NAO,,False
1087,SN 2014J,000-BLG-310,2456683.812905,10.193,,False,Cousins R,CCD,NAO,,False
1088,SN 2014J,000-BLG-310,2456683.81228,9.753,,False,Cousins I,CCD,NAO,,False
1089,SN 2014J,000-BLG-310,2456682.89821,11.042,0.051,False,Johnson V,CCD,DDJ,1.163,False
1090,SN 2014J,000-BLG-310,2456683.46377,10.959,0.010,False,Johnson V,CCD,JSJA,,False
1091,SN 2014J,000-BLG-310,2456683.46390,10.977,0.010,False,Johnson V,CCD,JSJA,,False
1092,SN 2014J,000-BLG-310,2456683.46402,10.980,0.010,False,Johnson V,CCD,JSJA,,False
1093,SN 2014J,000-BLG-310,2456683.46414,10.983,0.009,False,Johnson V,CCD,JSJA,,False
1094,SN 2014J,000-BLG-310,2456683.46439,10.946,0.009,False,Johnson V,CCD,JSJA,,False
1095,J09554214+6940260,000-BLG-310,2456682.90203,11.098,0.085,False,Johnson V,CCD,KJSA,1.163,False
1096,SN 2014J,000-BLG-310,2456684.28183,10.823,0.011,False,Johnson V,CCD,NRNA,1.721,False
1097,SN 2014J,000-BLG-310,2456684.27552,10.172,0.010,False,Cousins R,CCD,NRNA,1.751,False
1098,SN 2014J,000-BLG-310,2456684.31891,9.672,0.008,False,Cousins I,CCD,NRNA,1.559,False
1099,PSN J09554214+6940260,000-BLG-310,2456683.767234,10.854,0.003,False,Johnson V,CCD,GFRB,1.326,False
1100,PSN J09554214+6940260,000-BLG-310,2456683.768993,12.198,0.005,False,Johnson B,CCD,GFRB,1.323,False
1101,PSN J09554214+6940260,000-BLG-310,2456683.765579,10.177,0.004,False,Cousins R,CCD,GFRB,1.329,False
1102,SN 2014J,000-BLG-310,2456684.32303,12.101,0.013,False,Johnson B,CCD,NRNA,1.542,False
1103,SN 2014J,000-BLG-310,2456683.31260,10.834,0.056,False,Johnson V,CCD,SDI,1.355,False
1104,PSN J09554214+6940260,000-BLG-310,2456684.303837,10.221,0.006,False,Cousins R,CCD,AFSA,2.038,False
1105,PSN J09554214+6940260,000-BLG-310,2456684.304197,10.196,0.006,False,Cousins R,CCD,AFSA,2.044,False
1106,PSN J09554214+6940260,000-BLG-310,2456684.304557,10.218,0.006,False,Cousins R,CCD,AFSA,2.050,False
1107,PSN J09554214+6940260,000-BLG-310,2456684.304917,10.195,0.006,False,Cousins R,CCD,AFSA,2.056,False
1108,PSN J09554214+6940260,000-BLG-310,2456684.305287,10.181,0.006,False,Cousins R,CCD,AFSA,2.062,False
1109,PSN J09554214+6940260,000-BLG-310,2456684.305647,10.199,0.006,False,Cousins R,CCD,AFSA,2.068,False
1110,PSN J09554214+6940260,000-BLG-310,2456684.306007,10.189,0.006,False,Cousins R,CCD,AFSA,2.075,False
1111,PSN J09554214+6940260,000-BLG-310,2456684.306367,10.207,0.006,False,Cousins R,CCD,AFSA,2.081,False
1112,PSN J09554214+6940260,000-BLG-310,2456684.306737,10.206,0.006,False,Cousins R,CCD,AFSA,2.087,False
1113,PSN J09554214+6940260,000-BLG-310,2456684.307087,10.223,0.006,False,Cousins R,CCD,AFSA,2.093,False
1114,PSN J09554214+6940260,000-BLG-310,2456684.308107,10.649,0.007,False,Johnson V,CCD,AFSA,2.111,False
1115,PSN J09554214+6940260,000-BLG-310,2456684.308477,10.677,0.007,False,Johnson V,CCD,AFSA,2.118,False
1116,PSN J09554214+6940260,000-BLG-310,2456684.308837,10.637,0.007,False,Johnson V,CCD,AFSA,2.124,False
1117,PSN J09554214+6940260,000-BLG-310,2456684.309197,10.635,0.007,False,Johnson V,CCD,AFSA,2.131,False
1118,PSN J09554214+6940260,000-BLG-310,2456684.309557,10.643,0.007,False,Johnson V,CCD,AFSA,2.138,False
1119,PSN J09554214+6940260,000-BLG-310,2456684.309927,10.617,0.007,False,Johnson V,CCD,AFSA,2.144,False
1120,PSN J09554214+6940260,000-BLG-310,2456684.310287,10.609,0.007,False,Johnson V,CCD,AFSA,2.151,False
1121,PSN J09554214+6940260,000-BLG-310,2456684.310647,10.580,0.007,False,Johnson V,CCD,AFSA,2.158,False
1122,PSN J09554214+6940260,000-BLG-310,2456684.311017,10.619,0.007,False,Johnson V,CCD,AFSA,2.165,False
1123,PSN J09554214+6940260,000-BLG-310,2456684.311377,10.599,0.007,False,Johnson V,CCD,AFSA,2.172,False
1124,SN 2014J,000-BLG-310,2456682.66423,11.05,0.03,False,Johnson V,CCD,HSW,,False
1125,SN 2014J,000-BLG-310,2456683.60632,10.92,0.04,False,Johnson V,CCD,HSW,,False
1126,SN 2014J,000-BLG-310,2456682.734731,12.363,0.004,False,Johnson B,CCD,WBY,1.416,False
1127,SN 2014J,000-BLG-310,2456682.745900,12.355,0.005,False,Johnson B,CCD,WBY,1.392,False
1128,SN 2014J,000-BLG-310,2456682.734661,11.131,0.003,False,Johnson V,CCD,WBY,1.417,False
1129,SN 2014J,000-BLG-310,2456682.745825,11.124,0.003,False,Johnson V,CCD,WBY,1.392,False
1130,SN 2014J,000-BLG-310,2456682.734609,9.874,0.002,False,Cousins I,CCD,WBY,1.416,False
1131,SN 2014J,000-BLG-310,2456682.745767,9.868,0.001,False,Cousins I,CCD,WBY,1.392,False
1132,SN 2014J,000-BLG-310,2456683.42292,10.8,,False,Johnson V,DSLR,MBAC,,False
1133,SN 2014J,000-BLG-310,2456684.39583,10.851,0.025,False,Johnson V,CCD,JNDA,,False
1134,SN 2014J,000-BLG-310,2456684.40000,10.138,0.049,False,Cousins R,CCD,JNDA,,False
1135,SN 2014J,000-BLG-310,2456684.40347,9.655,0.028,False,Cousins I,CCD,JNDA,,False
1136,PSN J09554214+6940260,000-BLG-310,2456683.73681,10.864,.058,False,Johnson V,CCD,HJA,1.403,True
1137,PSN J09554214+6940260,000-BLG-310,2456683.73958,10.170,0.073,False,Cousins R,CCD,HJA,1.393,True
1138,SN 2014J,000-BLG-310,2456684.59830,10.79,0.09,False,Johnson V,CCD,HSW,,False
1139,SN 2014J,000-BLG-310,2456683.942778,12.193,0.017,False,Johnson B,CCD,FJQ,1.249,False
1140,SN 2014J,000-BLG-310,2456683.946447,12.191,0.019,False,Johnson B,CCD,FJQ,1.252,False
1141,SN 2014J,000-BLG-310,2456683.950197,10.911,0.021,False,Johnson V,CCD,FJQ,1.256,False
1142,SN 2014J,000-BLG-310,2456683.952465,10.913,0.020,False,Johnson V,CCD,FJQ,1.258,False
1143,SN 2014J,000-BLG-310,2456683.954722,10.908,0.020,False,Johnson V,CCD,FJQ,1.260,False
1144,SN 2014J,000-BLG-310,2456684.832315,12.005,0.011,False,Johnson B,CCD,ELE,1.251,False
1145,SN 2014J,000-BLG-310,2456684.835336,10.754,0.009,False,Johnson V,CCD,ELE,1.250,False
1146,SN 2014J,000-BLG-310,2456684.837176,10.047,0.011,False,Cousins R,CCD,ELE,1.249,False
1147,SN 2014J,000-BLG-310,2456684.838704,9.578,0.016,False,Cousins I,CCD,ELE,1.249,False
1148,SN 2014J,000-BLG-310,2456684.32554,12.132,0.023,False,Johnson B,CCD,BDG,1.341,True
1149,SN 2014J,000-BLG-310,2456684.32642,12.125,0.021,False,Johnson B,CCD,BDG,1.339,True
1150,SN 2014J,000-BLG-310,2456684.32730,12.129,0.021,False,Johnson B,CCD,BDG,1.337,True
1151,SN 2014J,000-BLG-310,2456684.32819,12.125,0.030,False,Johnson B,CCD,BDG,1.335,True
1152,SN 2014J,000-BLG-310,2456684.32907,12.119,0.024,False,Johnson B,CCD,BDG,1.333,True
1153,SN 2014J,000-BLG-310,2456684.32996,12.131,0.022,False,Johnson B,CCD,BDG,1.331,True
1154,SN 2014J,000-BLG-310,2456684.33084,12.151,0.022,False,Johnson B,CCD,BDG,1.329,True
1155,SN 2014J,000-BLG-310,2456684.33173,12.146,0.025,False,Johnson B,CCD,BDG,1.327,True
1156,SN 2014J,000-BLG-310,2456684.33261,12.127,0.023,False,Johnson B,CCD,BDG,1.324,True
1157,SN 2014J,000-BLG-310,2456684.33349,12.151,0.024,False,Johnson B,CCD,BDG,1.322,True
1158,SN 2014J,000-BLG-310,2456684.32576,10.874,0.016,False,Johnson V,CCD,BDG,1.341,True
1159,SN 2014J,000-BLG-310,2456684.32664,10.878,0.011,False,Johnson V,CCD,BDG,1.339,True
1160,SN 2014J,000-BLG-310,2456684.32753,10.876,0.017,False,Johnson V,CCD,BDG,1.337,True
1161,SN 2014J,000-BLG-310,2456684.32841,10.869,0.012,False,Johnson V,CCD,BDG,1.334,True
1162,SN 2014J,000-BLG-310,2456684.32929,10.868,0.010,False,Johnson V,CCD,BDG,1.332,True
1163,SN 2014J,000-BLG-310,2456684.33018,10.881,0.017,False,Johnson V,CCD,BDG,1.330,True
1164,SN 2014J,000-BLG-310,2456684.33106,10.875,0.013,False,Johnson V,CCD,BDG,1.328,True
1165,SN 2014J,000-BLG-310,2456684.33195,10.873,0.017,False,Johnson V,CCD,BDG,1.326,True
1166,SN 2014J,000-BLG-310,2456684.33283,10.882,0.016,False,Johnson V,CCD,BDG,1.324,True
1167,SN 2014J,000-BLG-310,2456684.33371,10.870,0.010,False,Johnson V,CCD,BDG,1.322,True
1168,SN 2014J,000-BLG-310,2456684.32592,10.117,0.020,False,Cousins R,CCD,BDG,1.341,True
1169,SN 2014J,000-BLG-310,2456684.32681,10.124,0.015,False,Cousins R,CCD,BDG,1.338,True
1170,SN 2014J,000-BLG-310,2456684.32769,10.132,0.030,False,Cousins R,CCD,BDG,1.336,True
1171,SN 2014J,000-BLG-310,2456684.32857,10.133,0.016,False,Cousins R,CCD,BDG,1.334,True
1172,SN 2014J,000-BLG-310,2456684.32946,10.137,0.021,False,Cousins R,CCD,BDG,1.332,True
1173,SN 2014J,000-BLG-310,2456684.33034,10.159,0.022,False,Cousins R,CCD,BDG,1.330,True
1174,SN 2014J,000-BLG-310,2456684.33123,10.127,0.016,False,Cousins R,CCD,BDG,1.328,True
1175,SN 2014J,000-BLG-310,2456684.33211,10.132,0.016,False,Cousins R,CCD,BDG,1.326,True
1176,SN 2014J,000-BLG-310,2456684.33299,10.125,0.012,False,Cousins R,CCD,BDG,1.324,True
1177,SN 2014J,000-BLG-310,2456684.33388,10.137,0.016,False,Cousins R,CCD,BDG,1.321,True
1178,SN 2014J,000-BLG-310,2456684.32614,9.740,0.022,False,Cousins I,CCD,BDG,1.340,True
1179,SN 2014J,000-BLG-310,2456684.32703,9.749,0.024,False,Cousins I,CCD,BDG,1.338,True
1180,SN 2014J,000-BLG-310,2456684.32791,9.737,0.029,False,Cousins I,CCD,BDG,1.336,True
1181,SN 2014J,000-BLG-310,2456684.32879,9.750,0.022,False,Cousins I,CCD,BDG,1.334,True
1182,SN 2014J,000-BLG-310,2456684.32968,9.765,0.025,False,Cousins I,CCD,BDG,1.331,True
1183,SN 2014J,000-BLG-310,2456684.33056,9.761,0.026,False,Cousins I,CCD,BDG,1.329,True
1184,SN 2014J,000-BLG-310,2456684.33145,9.771,0.038,False,Cousins I,CCD,BDG,1.327,True
1185,SN 2014J,000-BLG-310,2456684.33233,9.738,0.022,False,Cousins I,CCD,BDG,1.325,True
1186,SN 2014J,000-BLG-310,2456684.33321,9.745,0.022,False,Cousins I,CCD,BDG,1.323,True
1187,SN 2014J,000-BLG-310,2456684.33410,9.740,0.015,False,Cousins I,CCD,BDG,1.321,True
1188,SN 2014J,000-BLG-310,2456684.40440,10.0294,0.0023,False,Cousins R,CCD,ELTA,1.311,False
1189,SN 2014J,000-BLG-310,2456683.45191,10.547,0.02,False,Cousins R,CCD,BPAB,,False
1190,SN 2014J,000-BLG-310,2456685.39431,9.619,0.006,False,Cousins I,CCD,NRNA,1.313,False
1191,SN 2014J,000-BLG-310,2456685.39174,10.737,0.006,False,Johnson V,CCD,NRNA,1.319,False
1192,SN 2014J,000-BLG-310,2456685.38961,10.084,0.005,False,Cousins R,CCD,NRNA,1.324,False
1193,SN 2014J,000-BLG-310,2456685.41332,12.018,0.013,False,Johnson B,CCD,NRNA,1.271,False
1194,SN 2014J,000-BLG-310,2456685.34236,10.752,0.023,False,Johnson V,CCD,JNDA,,False
1195,SN 2014J,000-BLG-310,2456685.34514,10.029,0.066,False,Cousins R,CCD,JNDA,,False
1196,SN 2014J,000-BLG-310,2456685.34861,9.607,0.03,False,Cousins I,CCD,JNDA,,False
1197,SN 2014J,000-BLG-310,2456685.38145,10.0434,0.0062,False,Cousins R,CCD,ELTA,1.362,False
1198,SN 2014J,000-BLG-310,2456685.38919,10.7004,0.0025,False,Johnson V,CCD,ELTA,1.343,False
1199,SN 2014J,000-BLG-310,2456683.16771,10.4,,False,Cousins R,CCD,TYGA,,False
1200,SN 2014J,000-BLG-310,2456683.16551,12.1,,False,Johnson B,CCD,TYGA,,False
1201,SN 2014J,000-BLG-310,2456683.15708,10.9,,False,Johnson V,CCD,TYGA,,False
1202,SN 2014J,000-BLG-310,2456685.932604,12.170,0.029,False,Johnson B,CCD,KPK,,False
1203,SN 2014J,000-BLG-310,2456685.935289,12.186,0.016,False,Johnson B,CCD,KPK,,False
1204,SN 2014J,000-BLG-310,2456685.938032,12.149,0.018,False,Johnson B,CCD,KPK,,False
1205,SN 2014J,000-BLG-310,2456685.940741,12.183,0.026,False,Johnson B,CCD,KPK,,False
1206,SN 2014J,000-BLG-310,2456685.943391,12.196,0.022,False,Johnson B,CCD,KPK,,False
1207,SN 2014J,000-BLG-310,2456685.671019,10.114,0.005,False,Cousins R,CCD,KPK,,False
1208,SN 2014J,000-BLG-310,2456685.673796,10.098,0.003,False,Cousins R,CCD,KPK,,False
1209,SN 2014J,000-BLG-310,2456685.676435,10.100,0.002,False,Cousins R,CCD,KPK,,False
1210,SN 2014J,000-BLG-310,2456685.679907,10.100,0.003,False,Cousins R,CCD,KPK,,False
1211,SN 2014J,000-BLG-310,2456685.682546,10.103,0.003,False,Cousins R,CCD,KPK,,False
1212,SN 2014J,000-BLG-310,2456685.946088,10.093,0.002,False,Cousins R,CCD,KPK,,False
1213,SN 2014J,000-BLG-310,2456685.948785,10.092,0.002,False,Cousins R,CCD,KPK,,False
1214,SN 2014J,000-BLG-310,2456685.951458,10.090,0.002,False,Cousins R,CCD,KPK,,False
1215,SN 2014J,000-BLG-310,2456685.955012,10.101,0.002,False,Cousins R,CCD,KPK,,False
1216,SN 2014J,000-BLG-310,2456685.957685,10.096,0.002,False,Cousins R,CCD,KPK,,False
1217,SN 2014J,000-BLG-310,2456686.02073,10.635,0.024,False,Johnson V,CCD,HGUA,1.525,False
1218,SN 2014J,000-BLG-310,2456685.68522,10.776,0.005,False,Johnson V,CCD,KPK,,False
1219,SN 2014J,000-BLG-310,2456685.687859,10.765,0.003,False,Johnson V,CCD,KPK,,False
1220,SN 2014J,000-BLG-310,2456685.690509,10.773,0.005,False,Johnson V,CCD,KPK,,False
1221,SN 2014J,000-BLG-310,2456685.69316,10.768,0.004,False,Johnson V,CCD,KPK,,False
1222,SN 2014J,000-BLG-310,2456685.695799,10.772,0.003,False,Johnson V,CCD,KPK,,False
1223,SN 2014J,000-BLG-310,2456685.698449,10.772,0.004,False,Johnson V,CCD,KPK,,False
1224,SN 2014J,000-BLG-310,2456685.702303,10.770,0.005,False,Johnson V,CCD,KPK,,False
1225,SN 2014J,000-BLG-310,2456685.704954,10.766,0.003,False,Johnson V,CCD,KPK,,False
1226,SN 2014J,000-BLG-310,2456685.707593,10.768,0.003,False,Johnson V,CCD,KPK,,False
1227,SN 2014J,000-BLG-310,2456685.710243,10.765,0.003,False,Johnson V,CCD,KPK,,False
1228,SN 2014J,000-BLG-310,2456685.712882,10.767,0.003,False,Johnson V,CCD,KPK,,False
1229,SN 2014J,000-BLG-310,2456685.715532,10.765,0.004,False,Johnson V,CCD,KPK,,False
1230,SN 2014J,000-BLG-310,2456685.718183,10.767,0.003,False,Johnson V,CCD,KPK,,False
1231,SN 2014J,000-BLG-310,2456685.720822,10.768,0.004,False,Johnson V,CCD,KPK,,False
1232,SN 2014J,000-BLG-310,2456685.725347,10.766,0.006,False,Johnson V,CCD,KPK,,False
1233,SN 2014J,000-BLG-310,2456685.727998,10.767,0.013,False,Johnson V,CCD,KPK,,False
1234,SN 2014J,000-BLG-310,2456685.730637,10.767,0.012,False,Johnson V,CCD,KPK,,False
1235,SN 2014J,000-BLG-310,2456685.733275,10.771,0.011,False,Johnson V,CCD,KPK,,False
1236,SN 2014J,000-BLG-310,2456685.735926,10.766,0.014,False,Johnson V,CCD,KPK,,False
1237,SN 2014J,000-BLG-310,2456685.738576,10.768,0.008,False,Johnson V,CCD,KPK,,False
1238,SN 2014J,000-BLG-310,2456685.796019,10.754,0.002,False,Johnson V,CCD,KPK,,False
1239,SN 2014J,000-BLG-310,2456685.798657,10.752,0.002,False,Johnson V,CCD,KPK,,False
1240,SN 2014J,000-BLG-310,2456685.801308,10.753,0.003,False,Johnson V,CCD,KPK,,False
1241,SN 2014J,000-BLG-310,2456685.803958,10.751,0.003,False,Johnson V,CCD,KPK,,False
1242,SN 2014J,000-BLG-310,2456685.806597,10.752,0.003,False,Johnson V,CCD,KPK,,False
1243,SN 2014J,000-BLG-310,2456685.809248,10.754,0.003,False,Johnson V,CCD,KPK,,False
1244,SN 2014J,000-BLG-310,2456685.811887,10.754,0.003,False,Johnson V,CCD,KPK,,False
1245,SN 2014J,000-BLG-310,2456685.814525,10.756,0.003,False,Johnson V,CCD,KPK,,False
1246,SN 2014J,000-BLG-310,2456685.817951,10.751,0.002,False,Johnson V,CCD,KPK,,False
1247,SN 2014J,000-BLG-310,2456685.82059,10.751,0.002,False,Johnson V,CCD,KPK,,False
1248,SN 2014J,000-BLG-310,2456685.823241,10.751,0.002,False,Johnson V,CCD,KPK,,False
1249,SN 2014J,000-BLG-310,2456685.82588,10.750,0.003,False,Johnson V,CCD,KPK,,False
1250,SN 2014J,000-BLG-310,2456685.82853,10.750,0.002,False,Johnson V,CCD,KPK,,False
1251,SN 2014J,000-BLG-310,2456685.831181,10.753,0.003,False,Johnson V,CCD,KPK,,False
1252,SN 2014J,000-BLG-310,2456685.833819,10.749,0.003,False,Johnson V,CCD,KPK,,False
1253,SN 2014J,000-BLG-310,2456685.83647,10.750,0.002,False,Johnson V,CCD,KPK,,False
1254,SN 2014J,000-BLG-310,2456685.839873,10.747,0.001,False,Johnson V,CCD,KPK,,False
1255,SN 2014J,000-BLG-310,2456685.842512,10.749,0.002,False,Johnson V,CCD,KPK,,False
1256,SN 2014J,000-BLG-310,2456685.845162,10.750,0.002,False,Johnson V,CCD,KPK,,False
1257,SN 2014J,000-BLG-310,2456685.847801,10.749,0.003,False,Johnson V,CCD,KPK,,False
1258,SN 2014J,000-BLG-310,2456685.850451,10.750,0.002,False,Johnson V,CCD,KPK,,False
1259,SN 2014J,000-BLG-310,2456685.85309,10.750,0.003,False,Johnson V,CCD,KPK,,False
1260,SN 2014J,000-BLG-310,2456685.855741,10.748,0.003,False,Johnson V,CCD,KPK,,False
1261,SN 2014J,000-BLG-310,2456685.858391,10.745,0.002,False,Johnson V,CCD,KPK,,False
1262,SN 2014J,000-BLG-310,2456685.862049,10.746,0.002,False,Johnson V,CCD,KPK,,False
1263,SN 2014J,000-BLG-310,2456685.864688,10.747,0.001,False,Johnson V,CCD,KPK,,False
1264,SN 2014J,000-BLG-310,2456685.867326,10.746,0.003,False,Johnson V,CCD,KPK,,False
1265,SN 2014J,000-BLG-310,2456685.869977,10.748,0.002,False,Johnson V,CCD,KPK,,False
1266,SN 2014J,000-BLG-310,2456685.872616,10.744,0.002,False,Johnson V,CCD,KPK,,False
1267,SN 2014J,000-BLG-310,2456685.875266,10.745,0.002,False,Johnson V,CCD,KPK,,False
1268,SN 2014J,000-BLG-310,2456685.877905,10.743,0.002,False,Johnson V,CCD,KPK,,False
1269,SN 2014J,000-BLG-310,2456685.880556,10.746,0.002,False,Johnson V,CCD,KPK,,False
1270,SN 2014J,000-BLG-310,2456685.88397,10.745,0.001,False,Johnson V,CCD,KPK,,False
1271,SN 2014J,000-BLG-310,2456685.886609,10.746,0.001,False,Johnson V,CCD,KPK,,False
1272,SN 2014J,000-BLG-310,2456685.889259,10.745,0.002,False,Johnson V,CCD,KPK,,False
1273,SN 2014J,000-BLG-310,2456685.891898,10.744,0.002,False,Johnson V,CCD,KPK,,False
1274,SN 2014J,000-BLG-310,2456685.894549,10.742,0.002,False,Johnson V,CCD,KPK,,False
1275,SN 2014J,000-BLG-310,2456685.897188,10.745,0.002,False,Johnson V,CCD,KPK,,False
1276,SN 2014J,000-BLG-310,2456685.899826,10.745,0.002,False,Johnson V,CCD,KPK,,False
1277,SN 2014J,000-BLG-310,2456685.902477,10.744,0.002,False,Johnson V,CCD,KPK,,False
1278,SN 2014J,000-BLG-310,2456685.90588,10.745,0.001,False,Johnson V,CCD,KPK,,False
1279,SN 2014J,000-BLG-310,2456685.90853,10.740,0.003,False,Johnson V,CCD,KPK,,False
1280,SN 2014J,000-BLG-310,2456685.911169,10.741,0.003,False,Johnson V,CCD,KPK,,False
1281,SN 2014J,000-BLG-310,2456685.913819,10.743,0.003,False,Johnson V,CCD,KPK,,False
1282,SN 2014J,000-BLG-310,2456685.91647,10.743,0.003,False,Johnson V,CCD,KPK,,False
1283,SN 2014J,000-BLG-310,2456685.919109,10.746,0.002,False,Johnson V,CCD,KPK,,False
1284,PSN J09554214+6940260,000-BLG-310,2456683.663,11.04,0.004,False,Johnson V,CCD,MDAD,,False
1285,PSN J09554214+6940260,000-BLG-310,2456683.663,12.1173,0..008,False,Johnson B,CCD,MDAD,,False
1286,SN 2014J,000-BLG-310,2456686.16686,10.726,0.015,False,Johnson V,CCD,OAR,1.312,False
1287,SN 2014J,000-BLG-310,2456686.17022,10.028,0.028,False,Cousins R,CCD,OAR,1.307,False
1288,SN 2014J,000-BLG-310,2456686.16170,11.912,0.015,False,Johnson B,CCD,OAR,1.319,False
1289,SN 2014J,000-BLG-310,2456686.17365,9.567,0.033,False,Cousins I,CCD,OAR,1.301,False
1290,SN 2014J,000-BLG-310,2456686.40432,10.0415,0.0067,False,Cousins R,CCD,ELTA,1.299,False
1291,SN 2014J,000-BLG-310,2456686.41386,10.6634,0.0036,False,Johnson V,CCD,ELTA,1.278,False
1292,SN 2014J,000-BLG-310,2456685.34772,10.181,0.006,False,Cousins R,CCD,AAUA,1.345,False
1293,SN 2014J,000-BLG-310,2456685.348576,10.181,0.007,False,Cousins R,CCD,AAUA,1.343,False
1294,SN 2014J,000-BLG-310,2456685.349433,10.177,0.006,False,Cousins R,CCD,AAUA,1.341,False
1295,SN 2014J,000-BLG-310,2456685.350301,10.180,0.006,False,Cousins R,CCD,AAUA,1.338,False
1296,SN 2014J,000-BLG-310,2456685.351157,10.186,0.006,False,Cousins R,CCD,AAUA,1.336,False
1297,SN 2014J,000-BLG-310,2456685.352002,10.181,0.006,False,Cousins R,CCD,AAUA,1.334,False
1298,SN 2014J,000-BLG-310,2456685.352859,10.181,0.006,False,Cousins R,CCD,AAUA,1.332,False
1299,SN 2014J,000-BLG-310,2456685.353715,10.183,0.006,False,Cousins R,CCD,AAUA,1.330,False
1300,SN 2014J,000-BLG-310,2456685.354572,10.183,0.005,False,Cousins R,CCD,AAUA,1.328,False
1301,SN 2014J,000-BLG-310,2456685.355417,10.182,0.006,False,Cousins R,CCD,AAUA,1.326,False
1302,SN 2014J,000-BLG-310,2456685.332662,10.801,0.010,False,Johnson V,CCD,AAUA,1.386,False
1303,SN 2014J,000-BLG-310,2456685.333519,10.804,0.009,False,Johnson V,CCD,AAUA,1.383,False
1304,SN 2014J,000-BLG-310,2456685.334375,10.788,0.009,False,Johnson V,CCD,AAUA,1.381,False
1305,SN 2014J,000-BLG-310,2456685.335231,10.789,0.009,False,Johnson V,CCD,AAUA,1.379,False
1306,SN 2014J,000-BLG-310,2456685.336088,10.790,0.009,False,Johnson V,CCD,AAUA,1.376,False
1307,SN 2014J,000-BLG-310,2456685.336944,10.787,0.008,False,Johnson V,CCD,AAUA,1.374,False
1308,SN 2014J,000-BLG-310,2456685.337801,10.797,0.009,False,Johnson V,CCD,AAUA,1.372,False
1309,SN 2014J,000-BLG-310,2456685.338657,10.780,0.010,False,Johnson V,CCD,AAUA,1.369,False
1310,SN 2014J,000-BLG-310,2456685.339525,10.793,0.010,False,Johnson V,CCD,AAUA,1.367,False
1311,SN 2014J,000-BLG-310,2456685.340382,10.803,0.013,False,Johnson V,CCD,AAUA,1.365,False
1312,SN 2014J,000-BLG-310,2456683.55294,10.816,0.01,False,Johnson V,CCD,PNQ,,False
1313,SN 2014J,000-BLG-310,2456682.47706,10.954,0.01,False,Johnson V,CCD,PNQ,,False
1314,SN 2014J,000-BLG-310,2456681.49598,11.109,0.01,False,Johnson V,CCD,PNQ,,False
1315,SN 2014J,000-BLG-310,2456686.491713,10.671,0.016,False,Johnson V,CCD,VLYA,,False
1316,SN 2014J,000-BLG-310,2456686.494907,10.674,0.016,False,Johnson V,CCD,VLYA,,False
1317,SN 2014J,000-BLG-310,2456686.496481,10.671,0.015,False,Johnson V,CCD,VLYA,,False
1318,SN 2014J,000-BLG-310,2456686.498044,10.672,0.015,False,Johnson V,CCD,VLYA,,False
1319,SN 2014J,000-BLG-310,2456686.498831,10.670,0.015,False,Johnson V,CCD,VLYA,,False
1320,SN 2014J,000-BLG-310,2456686.479792,11.928,0.025,False,Johnson B,CCD,VLYA,,False
1321,SN 2014J,000-BLG-310,2456686.482199,11.929,0.026,False,Johnson B,CCD,VLYA,,False
1322,SN 2014J,000-BLG-310,2456686.483773,11.922,0.024,False,Johnson B,CCD,VLYA,,False
1323,SN 2014J,000-BLG-310,2456686.484549,11.921,0.025,False,Johnson B,CCD,VLYA,,False
1324,SN 2014J,000-BLG-310,2456686.486146,11.925,0.024,False,Johnson B,CCD,VLYA,,False
1325,SN 2014J,000-BLG-310,2456686.502419,9.991,0.008,False,Cousins R,CCD,VLYA,,False
1326,SN 2014J,000-BLG-310,2456686.506389,9.991,0.009,False,Cousins R,CCD,VLYA,,False
1327,SN 2014J,000-BLG-310,2456686.50875,9.995,0.009,False,Cousins R,CCD,VLYA,,False
1328,SN 2014J,000-BLG-310,2456686.5111,9.991,0.009,False,Cousins R,CCD,VLYA,,False
1329,SN 2014J,000-BLG-310,2456686.17578,10.703,0.004,False,Johnson V,CCD,OAR,1.297,False
1330,SN 2014J,000-BLG-310,2456686.17672,10.699,0.004,False,Johnson V,CCD,OAR,1.296,False
1331,SN 2014J,000-BLG-310,2456686.17758,10.699,0.004,False,Johnson V,CCD,OAR,1.295,False
1332,SN 2014J,000-BLG-310,2456686.17840,10.711,0.004,False,Johnson V,CCD,OAR,1.294,False
1333,SN 2014J,000-BLG-310,2456686.17922,10.705,0.004,False,Johnson V,CCD,OAR,1.292,False
1334,SN 2014J,000-BLG-310,2456686.18029,10.698,0.004,False,Johnson V,CCD,OAR,1.291,False
1335,SN 2014J,000-BLG-310,2456686.18112,10.704,0.004,False,Johnson V,CCD,OAR,1.289,False
1336,SN 2014J,000-BLG-310,2456686.18193,10.707,0.004,False,Johnson V,CCD,OAR,1.288,False
1337,SN 2014J,000-BLG-310,2456686.18282,10.701,0.004,False,Johnson V,CCD,OAR,1.286,False
1338,SN 2014J,000-BLG-310,2456686.18391,10.700,0.004,False,Johnson V,CCD,OAR,1.285,False
1339,SN 2014J,000-BLG-310,2456686.18483,10.698,0.004,False,Johnson V,CCD,OAR,1.283,False
1340,SN 2014J,000-BLG-310,2456686.18586,10.704,0.004,False,Johnson V,CCD,OAR,1.281,False
1341,SN 2014J,000-BLG-310,2456686.18701,10.708,0.004,False,Johnson V,CCD,OAR,1.279,False
1342,SN 2014J,000-BLG-310,2456686.18792,10.701,0.004,False,Johnson V,CCD,OAR,1.278,False
1343,SN 2014J,000-BLG-310,2456686.18878,10.702,0.004,False,Johnson V,CCD,OAR,1.277,False
1344,SN 2014J,000-BLG-310,2456686.18962,10.709,0.004,False,Johnson V,CCD,OAR,1.275,False
1345,SN 2014J,000-BLG-310,2456686.19083,10.709,0.004,False,Johnson V,CCD,OAR,1.273,False
1346,SN 2014J,000-BLG-310,2456686.19175,10.705,0.004,False,Johnson V,CCD,OAR,1.272,False
1347,SN 2014J,000-BLG-310,2456686.19256,10.706,0.004,False,Johnson V,CCD,OAR,1.271,False
1348,SN 2014J,000-BLG-310,2456686.19350,10.704,0.004,False,Johnson V,CCD,OAR,1.269,False
1349,SN 2014J,000-BLG-310,2456686.19461,10.704,0.004,False,Johnson V,CCD,OAR,1.268,False
1350,SN 2014J,000-BLG-310,2456686.19544,10.707,0.004,False,Johnson V,CCD,OAR,1.266,False
1351,SN 2014J,000-BLG-310,2456686.19633,10.707,0.004,False,Johnson V,CCD,OAR,1.265,False
1352,SN 2014J,000-BLG-310,2456686.19716,10.701,0.004,False,Johnson V,CCD,OAR,1.263,False
1353,SN 2014J,000-BLG-310,2456686.19828,10.696,0.004,False,Johnson V,CCD,OAR,1.262,False
1354,SN 2014J,000-BLG-310,2456686.19911,10.697,0.004,False,Johnson V,CCD,OAR,1.261,False
1355,SN 2014J,000-BLG-310,2456686.20000,10.702,0.004,False,Johnson V,CCD,OAR,1.259,False
1356,SN 2014J,000-BLG-310,2456686.20109,10.704,0.004,False,Johnson V,CCD,OAR,1.258,False
1357,SN 2014J,000-BLG-310,2456686.20196,10.707,0.004,False,Johnson V,CCD,OAR,1.256,False
1358,SN 2014J,000-BLG-310,2456686.20282,10.704,0.004,False,Johnson V,CCD,OAR,1.255,False
1359,SN 2014J,000-BLG-310,2456686.20367,10.705,0.004,False,Johnson V,CCD,OAR,1.253,False
1360,SN 2014J,000-BLG-310,2456686.20455,10.699,0.004,False,Johnson V,CCD,OAR,1.252,False
1361,SN 2014J,000-BLG-310,2456686.20580,10.692,0.004,False,Johnson V,CCD,OAR,1.250,False
1362,SN 2014J,000-BLG-310,2456686.20668,10.698,0.004,False,Johnson V,CCD,OAR,1.249,False
1363,SN 2014J,000-BLG-310,2456686.20751,10.696,0.004,False,Johnson V,CCD,OAR,1.247,False
1364,SN 2014J,000-BLG-310,2456686.20839,10.695,0.004,False,Johnson V,CCD,OAR,1.246,False
1365,SN 2014J,000-BLG-310,2456686.20947,10.702,0.004,False,Johnson V,CCD,OAR,1.244,False
1366,SN 2014J,000-BLG-310,2456686.21035,10.708,0.004,False,Johnson V,CCD,OAR,1.243,False
1367,SN 2014J,000-BLG-310,2456686.21130,10.695,0.003,False,Johnson V,CCD,OAR,1.241,False
1368,SN 2014J,000-BLG-310,2456686.21216,10.699,0.004,False,Johnson V,CCD,OAR,1.240,False
1369,SN 2014J,000-BLG-310,2456686.21329,10.706,0.004,False,Johnson V,CCD,OAR,1.238,False
1370,SN 2014J,000-BLG-310,2456686.21412,10.702,0.004,False,Johnson V,CCD,OAR,1.237,False
1371,SN 2014J,000-BLG-310,2456686.21494,10.698,0.004,False,Johnson V,CCD,OAR,1.236,False
1372,SN 2014J,000-BLG-310,2456686.21583,10.687,0.004,False,Johnson V,CCD,OAR,1.234,False
1373,SN 2014J,000-BLG-310,2456686.21693,10.702,0.004,False,Johnson V,CCD,OAR,1.233,False
1374,SN 2014J,000-BLG-310,2456686.21779,10.691,0.004,False,Johnson V,CCD,OAR,1.232,False
1375,SN 2014J,000-BLG-310,2456686.21863,10.697,0.004,False,Johnson V,CCD,OAR,1.230,False
1376,SN 2014J,000-BLG-310,2456686.21976,10.696,0.004,False,Johnson V,CCD,OAR,1.229,False
1377,SN 2014J,000-BLG-310,2456686.22060,10.703,0.004,False,Johnson V,CCD,OAR,1.227,False
1378,SN 2014J,000-BLG-310,2456686.22145,10.701,0.004,False,Johnson V,CCD,OAR,1.226,False
1379,SN 2014J,000-BLG-310,2456686.22225,10.685,0.004,False,Johnson V,CCD,OAR,1.225,False
1380,SN 2014J,000-BLG-310,2456686.22315,10.701,0.004,False,Johnson V,CCD,OAR,1.223,False
1381,SN 2014J,000-BLG-310,2456686.22424,10.699,0.004,False,Johnson V,CCD,OAR,1.222,False
1382,SN 2014J,000-BLG-310,2456686.22506,10.694,0.004,False,Johnson V,CCD,OAR,1.221,False
1383,SN 2014J,000-BLG-310,2456686.22601,10.690,0.004,False,Johnson V,CCD,OAR,1.219,False
1384,SN 2014J,000-BLG-310,2456686.22690,10.699,0.004,False,Johnson V,CCD,OAR,1.217,False
1385,SN 2014J,000-BLG-310,2456686.22796,10.702,0.004,False,Johnson V,CCD,OAR,1.216,False
1386,SN 2014J,000-BLG-310,2456686.22976,10.700,0.004,False,Johnson V,CCD,OAR,1.214,False
1387,SN 2014J,000-BLG-310,2456686.23090,10.699,0.004,False,Johnson V,CCD,OAR,1.211,False
1388,SN 2014J,000-BLG-310,2456686.23175,10.695,0.004,False,Johnson V,CCD,OAR,1.210,False
1389,SN 2014J,000-BLG-310,2456686.23257,10.699,0.003,False,Johnson V,CCD,OAR,1.209,False
1390,SN 2014J,000-BLG-310,2456686.23343,10.695,0.004,False,Johnson V,CCD,OAR,1.208,False
1391,SN 2014J,000-BLG-310,2456686.23429,10.697,0.003,False,Johnson V,CCD,OAR,1.206,False
1392,SN 2014J,000-BLG-310,2456686.23544,10.698,0.004,False,Johnson V,CCD,OAR,1.205,False
1393,SN 2014J,000-BLG-310,2456686.23635,10.703,0.004,False,Johnson V,CCD,OAR,1.203,False
1394,SN 2014J,000-BLG-310,2456686.23722,10.705,0.004,False,Johnson V,CCD,OAR,1.202,False
1395,SN 2014J,000-BLG-310,2456686.24030,10.702,0.004,False,Johnson V,CCD,OAR,1.198,False
1396,SN 2014J,000-BLG-310,2456686.24110,10.703,0.004,False,Johnson V,CCD,OAR,1.196,False
1397,SN 2014J,000-BLG-310,2456686.24218,10.693,0.004,False,Johnson V,CCD,OAR,1.195,False
1398,SN 2014J,000-BLG-310,2456686.24297,10.703,0.004,False,Johnson V,CCD,OAR,1.194,False
1399,SN 2014J,000-BLG-310,2456686.24381,10.689,0.004,False,Johnson V,CCD,OAR,1.193,False
1400,SN 2014J,000-BLG-310,2456686.24465,10.695,0.004,False,Johnson V,CCD,OAR,1.191,False
1401,SN 2014J,000-BLG-310,2456686.24575,10.698,0.004,False,Johnson V,CCD,OAR,1.190,False
1402,SN 2014J,000-BLG-310,2456686.24662,10.702,0.004,False,Johnson V,CCD,OAR,1.188,False
1403,SN 2014J,000-BLG-310,2456686.24748,10.703,0.004,False,Johnson V,CCD,OAR,1.187,False
1404,SN 2014J,000-BLG-310,2456686.24840,10.701,0.004,False,Johnson V,CCD,OAR,1.186,False
1405,SN 2014J,000-BLG-310,2456686.24953,10.696,0.004,False,Johnson V,CCD,OAR,1.184,False
1406,SN 2014J,000-BLG-310,2456686.25032,10.707,0.004,False,Johnson V,CCD,OAR,1.183,False
1407,SN 2014J,000-BLG-310,2456686.25117,10.695,0.004,False,Johnson V,CCD,OAR,1.182,False
1408,SN 2014J,000-BLG-310,2456686.25204,10.708,0.004,False,Johnson V,CCD,OAR,1.181,False
1409,SN 2014J,000-BLG-310,2456686.25309,10.702,0.004,False,Johnson V,CCD,OAR,1.179,False
1410,SN 2014J,000-BLG-310,2456686.25391,10.696,0.004,False,Johnson V,CCD,OAR,1.178,False
1411,SN 2014J,000-BLG-310,2456686.25475,10.695,0.004,False,Johnson V,CCD,OAR,1.177,False
1412,SN 2014J,000-BLG-310,2456686.25554,10.699,0.003,False,Johnson V,CCD,OAR,1.176,False
1413,SN 2014J,000-BLG-310,2456686.25670,10.701,0.004,False,Johnson V,CCD,OAR,1.174,False
1414,SN 2014J,000-BLG-310,2456686.25764,10.692,0.004,False,Johnson V,CCD,OAR,1.173,False
1415,SN 2014J,000-BLG-310,2456686.25848,10.690,0.004,False,Johnson V,CCD,OAR,1.172,False
1416,SN 2014J,000-BLG-310,2456686.25966,10.700,0.004,False,Johnson V,CCD,OAR,1.170,False
1417,SN 2014J,000-BLG-310,2456686.26049,10.695,0.004,False,Johnson V,CCD,OAR,1.169,False
1418,SN 2014J,000-BLG-310,2456686.26133,10.695,0.004,False,Johnson V,CCD,OAR,1.168,False
1419,SN 2014J,000-BLG-310,2456686.26222,10.691,0.004,False,Johnson V,CCD,OAR,1.166,False
1420,SN 2014J,000-BLG-310,2456686.26347,10.698,0.004,False,Johnson V,CCD,OAR,1.165,False
1421,SN 2014J,000-BLG-310,2456686.26436,10.697,0.004,False,Johnson V,CCD,OAR,1.164,False
1422,SN 2014J,000-BLG-310,2456686.26523,10.701,0.004,False,Johnson V,CCD,OAR,1.163,False
1423,SN 2014J,000-BLG-310,2456686.26609,10.698,0.004,False,Johnson V,CCD,OAR,1.161,False
1424,SN 2014J,000-BLG-310,2456686.26718,10.699,0.004,False,Johnson V,CCD,OAR,1.160,False
1425,SN 2014J,000-BLG-310,2456686.26800,10.704,0.004,False,Johnson V,CCD,OAR,1.159,False
1426,SN 2014J,000-BLG-310,2456686.26883,10.698,0.004,False,Johnson V,CCD,OAR,1.158,False
1427,SN 2014J,000-BLG-310,2456686.26966,10.690,0.004,False,Johnson V,CCD,OAR,1.156,False
1428,SN 2014J,000-BLG-310,2456686.27078,10.690,0.004,False,Johnson V,CCD,OAR,1.155,False
1429,SN 2014J,000-BLG-310,2456686.27167,10.697,0.004,False,Johnson V,CCD,OAR,1.154,False
1430,SN 2014J,000-BLG-310,2456686.27253,10.696,0.004,False,Johnson V,CCD,OAR,1.153,False
1431,SN 2014J,000-BLG-310,2456686.27337,10.696,0.004,False,Johnson V,CCD,OAR,1.151,False
1432,SN 2014J,000-BLG-310,2456686.27444,10.704,0.004,False,Johnson V,CCD,OAR,1.150,False
1433,SN 2014J,000-BLG-310,2456686.27532,10.690,0.004,False,Johnson V,CCD,OAR,1.149,False
1434,SN 2014J,000-BLG-310,2456686.27616,10.703,0.004,False,Johnson V,CCD,OAR,1.148,False
1435,SN 2014J,000-BLG-310,2456686.27698,10.699,0.004,False,Johnson V,CCD,OAR,1.147,False
1436,SN 2014J,000-BLG-310,2456686.27824,10.692,0.004,False,Johnson V,CCD,OAR,1.145,False
1437,SN 2014J,000-BLG-310,2456686.27924,10.695,0.004,False,Johnson V,CCD,OAR,1.144,False
1438,SN 2014J,000-BLG-310,2456686.28009,10.697,0.004,False,Johnson V,CCD,OAR,1.143,False
1439,SN 2014J,000-BLG-310,2456686.28115,10.706,0.004,False,Johnson V,CCD,OAR,1.142,False
1440,SN 2014J,000-BLG-310,2456686.28194,10.695,0.004,False,Johnson V,CCD,OAR,1.140,False
1441,SN 2014J,000-BLG-310,2456686.28289,10.693,0.004,False,Johnson V,CCD,OAR,1.139,False
1442,SN 2014J,000-BLG-310,2456686.28374,10.700,0.004,False,Johnson V,CCD,OAR,1.138,False
1443,SN 2014J,000-BLG-310,2456686.28483,10.696,0.004,False,Johnson V,CCD,OAR,1.137,False
1444,SN 2014J,000-BLG-310,2456686.28565,10.692,0.004,False,Johnson V,CCD,OAR,1.136,False
1445,SN 2014J,000-BLG-310,2456686.28659,10.701,0.004,False,Johnson V,CCD,OAR,1.135,False
1446,SN 2014J,000-BLG-310,2456686.28753,10.690,0.004,False,Johnson V,CCD,OAR,1.133,False
1447,SN 2014J,000-BLG-310,2456686.28855,10.692,0.004,False,Johnson V,CCD,OAR,1.132,False
1448,SN 2014J,000-BLG-310,2456686.28942,10.695,0.004,False,Johnson V,CCD,OAR,1.131,False
1449,SN 2014J,000-BLG-310,2456686.29023,10.701,0.004,False,Johnson V,CCD,OAR,1.130,False
1450,SN 2014J,000-BLG-310,2456686.29104,10.695,0.004,False,Johnson V,CCD,OAR,1.129,False
1451,SN 2014J,000-BLG-310,2456686.29215,10.698,0.003,False,Johnson V,CCD,OAR,1.128,False
1452,SN 2014J,000-BLG-310,2456686.29301,10.696,0.004,False,Johnson V,CCD,OAR,1.127,False
1453,SN 2014J,000-BLG-310,2456686.29395,10.692,0.004,False,Johnson V,CCD,OAR,1.126,False
1454,SN 2014J,000-BLG-310,2456686.29478,10.694,0.004,False,Johnson V,CCD,OAR,1.124,False
1455,SN 2014J,000-BLG-310,2456686.29583,10.702,0.004,False,Johnson V,CCD,OAR,1.123,False
1456,SN 2014J,000-BLG-310,2456686.29688,10.687,0.004,False,Johnson V,CCD,OAR,1.122,False
1457,SN 2014J,000-BLG-310,2456686.29780,10.693,0.004,False,Johnson V,CCD,OAR,1.121,False
1458,SN 2014J,000-BLG-310,2456686.29863,10.694,0.004,False,Johnson V,CCD,OAR,1.120,False
1459,SN 2014J,000-BLG-310,2456686.29993,10.696,0.004,False,Johnson V,CCD,OAR,1.119,False
1460,SN 2014J,000-BLG-310,2456686.30075,10.698,0.004,False,Johnson V,CCD,OAR,1.118,False
1461,SN 2014J,000-BLG-310,2456686.30162,10.696,0.004,False,Johnson V,CCD,OAR,1.116,False
1462,SN 2014J,000-BLG-310,2456686.30270,10.690,0.004,False,Johnson V,CCD,OAR,1.115,False
1463,SN 2014J,000-BLG-310,2456686.30354,10.695,0.004,False,Johnson V,CCD,OAR,1.114,False
1464,SN 2014J,000-BLG-310,2456686.30438,10.694,0.004,False,Johnson V,CCD,OAR,1.113,False
1465,SN 2014J,000-BLG-310,2456686.30522,10.697,0.004,False,Johnson V,CCD,OAR,1.112,False
1466,SN 2014J,000-BLG-310,2456686.30625,10.685,0.004,False,Johnson V,CCD,OAR,1.111,False
1467,SN 2014J,000-BLG-310,2456686.30708,10.701,0.004,False,Johnson V,CCD,OAR,1.110,False
1468,SN 2014J,000-BLG-310,2456686.30793,10.697,0.004,False,Johnson V,CCD,OAR,1.109,False
1469,SN 2014J,000-BLG-310,2456686.30882,10.694,0.004,False,Johnson V,CCD,OAR,1.108,False
1470,SN 2014J,000-BLG-310,2456686.30991,10.690,0.004,False,Johnson V,CCD,OAR,1.107,False
1471,SN 2014J,000-BLG-310,2456686.31079,10.692,0.004,False,Johnson V,CCD,OAR,1.106,False
1472,SN 2014J,000-BLG-310,2456686.31168,10.695,0.004,False,Johnson V,CCD,OAR,1.105,False
1473,SN 2014J,000-BLG-310,2456686.31249,10.689,0.004,False,Johnson V,CCD,OAR,1.104,False
1474,SN 2014J,000-BLG-310,2456686.31370,10.698,0.004,False,Johnson V,CCD,OAR,1.103,False
1475,SN 2014J,000-BLG-310,2456686.31466,10.692,0.004,False,Johnson V,CCD,OAR,1.102,False
1476,SN 2014J,000-BLG-310,2456686.31558,10.699,0.004,False,Johnson V,CCD,OAR,1.101,False
1477,SN 2014J,000-BLG-310,2456686.31641,10.696,0.004,False,Johnson V,CCD,OAR,1.100,False
1478,SN 2014J,000-BLG-310,2456686.31749,10.696,0.003,False,Johnson V,CCD,OAR,1.099,False
1479,SN 2014J,000-BLG-310,2456686.31833,10.688,0.004,False,Johnson V,CCD,OAR,1.098,False
1480,SN 2014J,000-BLG-310,2456686.31916,10.689,0.004,False,Johnson V,CCD,OAR,1.097,False
1481,SN 2014J,000-BLG-310,2456686.32003,10.700,0.004,False,Johnson V,CCD,OAR,1.096,False
1482,SN 2014J,000-BLG-310,2456686.32106,10.702,0.004,False,Johnson V,CCD,OAR,1.095,False
1483,SN 2014J,000-BLG-310,2456686.32188,10.690,0.004,False,Johnson V,CCD,OAR,1.094,False
1484,SN 2014J,000-BLG-310,2456686.32272,10.693,0.004,False,Johnson V,CCD,OAR,1.093,False
1485,SN 2014J,000-BLG-310,2456686.32359,10.688,0.004,False,Johnson V,CCD,OAR,1.092,False
1486,SN 2014J,000-BLG-310,2456686.32479,10.688,0.004,False,Johnson V,CCD,OAR,1.091,False
1487,SN 2014J,000-BLG-310,2456686.32568,10.688,0.004,False,Johnson V,CCD,OAR,1.090,False
1488,SN 2014J,000-BLG-310,2456686.32656,10.694,0.004,False,Johnson V,CCD,OAR,1.089,False
1489,SN 2014J,000-BLG-310,2456686.32766,10.687,0.004,False,Johnson V,CCD,OAR,1.088,False
1490,SN 2014J,000-BLG-310,2456686.32850,10.683,0.004,False,Johnson V,CCD,OAR,1.087,False
1491,SN 2014J,000-BLG-310,2456686.32957,10.696,0.004,False,Johnson V,CCD,OAR,1.086,False
1492,SN 2014J,000-BLG-310,2456686.33042,10.701,0.004,False,Johnson V,CCD,OAR,1.085,False
1493,SN 2014J,000-BLG-310,2456686.33154,10.696,0.004,False,Johnson V,CCD,OAR,1.084,False
1494,SN 2014J,000-BLG-310,2456686.33243,10.697,0.004,False,Johnson V,CCD,OAR,1.083,False
1495,SN 2014J,000-BLG-310,2456686.33328,10.681,0.003,False,Johnson V,CCD,OAR,1.083,False
1496,SN 2014J,000-BLG-310,2456686.33412,10.696,0.003,False,Johnson V,CCD,OAR,1.082,False
1497,SN 2014J,000-BLG-310,2456686.33523,10.696,0.004,False,Johnson V,CCD,OAR,1.081,False
1498,SN 2014J,000-BLG-310,2456686.33606,10.688,0.004,False,Johnson V,CCD,OAR,1.080,False
1499,SN 2014J,000-BLG-310,2456686.33697,10.696,0.004,False,Johnson V,CCD,OAR,1.079,False
1500,SN 2014J,000-BLG-310,2456686.33781,10.694,0.004,False,Johnson V,CCD,OAR,1.078,False
1501,SN 2014J,000-BLG-310,2456686.33897,10.698,0.004,False,Johnson V,CCD,OAR,1.077,False
1502,SN 2014J,000-BLG-310,2456686.33988,10.686,0.004,False,Johnson V,CCD,OAR,1.076,False
1503,SN 2014J,000-BLG-310,2456686.34071,10.695,0.004,False,Johnson V,CCD,OAR,1.076,False
1504,SN 2014J,000-BLG-310,2456686.34155,10.686,0.004,False,Johnson V,CCD,OAR,1.075,False
1505,SN 2014J,000-BLG-310,2456686.34271,10.696,0.004,False,Johnson V,CCD,OAR,1.074,False
1506,SN 2014J,000-BLG-310,2456686.34369,10.694,0.004,False,Johnson V,CCD,OAR,1.073,False
1507,SN 2014J,000-BLG-310,2456686.34455,10.694,0.004,False,Johnson V,CCD,OAR,1.072,False
1508,SN 2014J,000-BLG-310,2456686.34546,10.697,0.004,False,Johnson V,CCD,OAR,1.071,False
1509,SN 2014J,000-BLG-310,2456686.34653,10.690,0.004,False,Johnson V,CCD,OAR,1.070,False
1510,SN 2014J,000-BLG-310,2456686.34744,10.688,0.004,False,Johnson V,CCD,OAR,1.069,False
1511,SN 2014J,000-BLG-310,2456686.34834,10.690,0.004,False,Johnson V,CCD,OAR,1.069,False
1512,SN 2014J,000-BLG-310,2456686.34918,10.689,0.003,False,Johnson V,CCD,OAR,1.068,False
1513,SN 2014J,000-BLG-310,2456686.35028,10.695,0.004,False,Johnson V,CCD,OAR,1.067,False
1514,SN 2014J,000-BLG-310,2456686.35119,10.693,0.004,False,Johnson V,CCD,OAR,1.066,False
1515,SN 2014J,000-BLG-310,2456686.35211,10.691,0.004,False,Johnson V,CCD,OAR,1.065,False
1516,SN 2014J,000-BLG-310,2456686.35293,10.696,0.003,False,Johnson V,CCD,OAR,1.064,False
1517,SN 2014J,000-BLG-310,2456686.35412,10.680,0.004,False,Johnson V,CCD,OAR,1.064,False
1518,SN 2014J,000-BLG-310,2456686.35500,10.688,0.004,False,Johnson V,CCD,OAR,1.063,False
1519,SN 2014J,000-BLG-310,2456686.35589,10.689,0.004,False,Johnson V,CCD,OAR,1.062,False
1520,SN 2014J,000-BLG-310,2456686.35683,10.691,0.004,False,Johnson V,CCD,OAR,1.061,False
1521,SN 2014J,000-BLG-310,2456686.35816,10.694,0.004,False,Johnson V,CCD,OAR,1.060,False
1522,SN 2014J,000-BLG-310,2456686.35898,10.696,0.004,False,Johnson V,CCD,OAR,1.060,False
1523,SN 2014J,000-BLG-310,2456686.35984,10.692,0.003,False,Johnson V,CCD,OAR,1.059,False
1524,SN 2014J,000-BLG-310,2456686.36094,10.693,0.004,False,Johnson V,CCD,OAR,1.058,False
1525,SN 2014J,000-BLG-310,2456686.36189,10.694,0.003,False,Johnson V,CCD,OAR,1.057,False
1526,SN 2014J,000-BLG-310,2456686.36284,10.694,0.004,False,Johnson V,CCD,OAR,1.056,False
1527,SN 2014J,000-BLG-310,2456686.36374,10.687,0.004,False,Johnson V,CCD,OAR,1.055,False
1528,SN 2014J,000-BLG-310,2456686.36494,10.689,0.004,False,Johnson V,CCD,OAR,1.055,False
1529,SN 2014J,000-BLG-310,2456686.36589,10.691,0.004,False,Johnson V,CCD,OAR,1.054,False
1530,SN 2014J,000-BLG-310,2456686.36678,10.691,0.004,False,Johnson V,CCD,OAR,1.053,False
1531,SN 2014J,000-BLG-310,2456686.36772,10.699,0.004,False,Johnson V,CCD,OAR,1.052,False
1532,SN 2014J,000-BLG-310,2456686.36899,10.691,0.004,False,Johnson V,CCD,OAR,1.052,False
1533,SN 2014J,000-BLG-310,2456686.36995,10.691,0.004,False,Johnson V,CCD,OAR,1.051,False
1534,SN 2014J,000-BLG-310,2456686.37079,10.680,0.004,False,Johnson V,CCD,OAR,1.050,False
1535,SN 2014J,000-BLG-310,2456686.37200,10.696,0.004,False,Johnson V,CCD,OAR,1.049,False
1536,SN 2014J,000-BLG-310,2456686.37284,10.689,0.004,False,Johnson V,CCD,OAR,1.049,False
1537,SN 2014J,000-BLG-310,2456686.37369,10.689,0.004,False,Johnson V,CCD,OAR,1.048,False
1538,SN 2014J,000-BLG-310,2456686.37457,10.699,0.003,False,Johnson V,CCD,OAR,1.047,False
1539,SN 2014J,000-BLG-310,2456686.37574,10.690,0.004,False,Johnson V,CCD,OAR,1.047,False
1540,SN 2014J,000-BLG-310,2456686.37662,10.694,0.004,False,Johnson V,CCD,OAR,1.046,False
1541,SN 2014J,000-BLG-310,2456686.37752,10.683,0.004,False,Johnson V,CCD,OAR,1.045,False
1542,SN 2014J,000-BLG-310,2456686.37838,10.689,0.004,False,Johnson V,CCD,OAR,1.045,False
1543,SN 2014J,000-BLG-310,2456686.37942,10.689,0.004,False,Johnson V,CCD,OAR,1.044,False
1544,SN 2014J,000-BLG-310,2456686.38031,10.690,0.004,False,Johnson V,CCD,OAR,1.044,False
1545,SN 2014J,000-BLG-310,2456686.38127,10.691,0.004,False,Johnson V,CCD,OAR,1.043,False
1546,SN 2014J,000-BLG-310,2456686.38248,10.681,0.004,False,Johnson V,CCD,OAR,1.042,False
1547,SN 2014J,000-BLG-310,2456686.38346,10.687,0.004,False,Johnson V,CCD,OAR,1.041,False
1548,SN 2014J,000-BLG-310,2456686.38432,10.692,0.004,False,Johnson V,CCD,OAR,1.041,False
1549,SN 2014J,000-BLG-310,2456686.38538,10.687,0.004,False,Johnson V,CCD,OAR,1.040,False
1550,SN 2014J,000-BLG-310,2456686.38653,10.683,0.004,False,Johnson V,CCD,OAR,1.039,False
1551,SN 2014J,000-BLG-310,2456686.38734,10.684,0.004,False,Johnson V,CCD,OAR,1.039,False
1552,SN 2014J,000-BLG-310,2456686.38817,10.690,0.004,False,Johnson V,CCD,OAR,1.038,False
1553,SN 2014J,000-BLG-310,2456686.38902,10.691,0.003,False,Johnson V,CCD,OAR,1.038,False
1554,SN 2014J,000-BLG-310,2456686.39016,10.693,0.003,False,Johnson V,CCD,OAR,1.037,False
1555,SN 2014J,000-BLG-310,2456686.39108,10.687,0.004,False,Johnson V,CCD,OAR,1.037,False
1556,SN 2014J,000-BLG-310,2456686.39192,10.691,0.004,False,Johnson V,CCD,OAR,1.036,False
1557,SN 2014J,000-BLG-310,2456686.39306,10.688,0.004,False,Johnson V,CCD,OAR,1.035,False
1558,SN 2014J,000-BLG-310,2456686.39391,10.687,0.004,False,Johnson V,CCD,OAR,1.035,False
1559,SN 2014J,000-BLG-310,2456686.39477,10.690,0.004,False,Johnson V,CCD,OAR,1.034,False
1560,SN 2014J,000-BLG-310,2456686.39565,10.692,0.003,False,Johnson V,CCD,OAR,1.034,False
1561,SN 2014J,000-BLG-310,2456686.39670,10.689,0.004,False,Johnson V,CCD,OAR,1.033,False
1562,SN 2014J,000-BLG-310,2456686.39759,10.689,0.004,False,Johnson V,CCD,OAR,1.033,False
1563,SN 2014J,000-BLG-310,2456686.39845,10.684,0.004,False,Johnson V,CCD,OAR,1.032,False
1564,SN 2014J,000-BLG-310,2456686.39951,10.690,0.004,False,Johnson V,CCD,OAR,1.031,False
1565,SN 2014J,000-BLG-310,2456686.40060,10.690,0.004,False,Johnson V,CCD,OAR,1.031,False
1566,SN 2014J,000-BLG-310,2456686.40144,10.692,0.004,False,Johnson V,CCD,OAR,1.031,False
1567,SN 2014J,000-BLG-310,2456686.40235,10.693,0.004,False,Johnson V,CCD,OAR,1.030,False
1568,SN 2014J,000-BLG-310,2456686.40319,10.695,0.003,False,Johnson V,CCD,OAR,1.029,False
1569,SN 2014J,000-BLG-310,2456686.40433,10.694,0.004,False,Johnson V,CCD,OAR,1.029,False
1570,SN 2014J,000-BLG-310,2456686.40524,10.690,0.004,False,Johnson V,CCD,OAR,1.029,False
1571,SN 2014J,000-BLG-310,2456686.40611,10.699,0.004,False,Johnson V,CCD,OAR,1.028,False
1572,SN 2014J,000-BLG-310,2456686.40704,10.695,0.003,False,Johnson V,CCD,OAR,1.027,False
1573,SN 2014J,000-BLG-310,2456686.40821,10.692,0.004,False,Johnson V,CCD,OAR,1.027,False
1574,SN 2014J,000-BLG-310,2456686.40910,10.692,0.003,False,Johnson V,CCD,OAR,1.027,False
1575,SN 2014J,000-BLG-310,2456686.40994,10.688,0.003,False,Johnson V,CCD,OAR,1.026,False
1576,SN 2014J,000-BLG-310,2456686.41082,10.688,0.004,False,Johnson V,CCD,OAR,1.026,False
1577,SN 2014J,000-BLG-310,2456686.41193,10.690,0.004,False,Johnson V,CCD,OAR,1.025,False
1578,SN 2014J,000-BLG-310,2456686.41292,10.692,0.004,False,Johnson V,CCD,OAR,1.025,False
1579,SN 2014J,000-BLG-310,2456686.41382,10.691,0.004,False,Johnson V,CCD,OAR,1.024,False
1580,SN 2014J,000-BLG-310,2456686.41472,10.694,0.003,False,Johnson V,CCD,OAR,1.024,False
1581,SN 2014J,000-BLG-310,2456686.41589,10.688,0.004,False,Johnson V,CCD,OAR,1.023,False
1582,SN 2014J,000-BLG-310,2456686.41671,10.691,0.004,False,Johnson V,CCD,OAR,1.023,False
1583,SN 2014J,000-BLG-310,2456686.41762,10.697,0.004,False,Johnson V,CCD,OAR,1.023,False
1584,SN 2014J,000-BLG-310,2456686.41845,10.694,0.004,False,Johnson V,CCD,OAR,1.022,False
1585,SN 2014J,000-BLG-310,2456686.41949,10.694,0.004,False,Johnson V,CCD,OAR,1.022,False
1586,SN 2014J,000-BLG-310,2456686.42035,10.691,0.004,False,Johnson V,CCD,OAR,1.021,False
1587,SN 2014J,000-BLG-310,2456686.42123,10.691,0.004,False,Johnson V,CCD,OAR,1.021,False
1588,SN 2014J,000-BLG-310,2456686.42206,10.686,0.004,False,Johnson V,CCD,OAR,1.021,False
1589,SN 2014J,000-BLG-310,2456686.42318,10.688,0.004,False,Johnson V,CCD,OAR,1.020,False
1590,SN 2014J,000-BLG-310,2456686.42406,10.683,0.004,False,Johnson V,CCD,OAR,1.020,False
1591,SN 2014J,000-BLG-310,2456686.42490,10.695,0.004,False,Johnson V,CCD,OAR,1.020,False
1592,SN 2014J,000-BLG-310,2456686.42608,10.687,0.004,False,Johnson V,CCD,OAR,1.019,False
1593,SN 2014J,000-BLG-310,2456686.42696,10.688,0.004,False,Johnson V,CCD,OAR,1.019,False
1594,SN 2014J,000-BLG-310,2456686.42780,10.689,0.003,False,Johnson V,CCD,OAR,1.018,False
1595,SN 2014J,000-BLG-310,2456686.42865,10.688,0.004,False,Johnson V,CCD,OAR,1.018,False
1596,SN 2014J,000-BLG-310,2456686.42972,10.692,0.003,False,Johnson V,CCD,OAR,1.018,False
1597,SN 2014J,000-BLG-310,2456686.43058,10.692,0.004,False,Johnson V,CCD,OAR,1.017,False
1598,SN 2014J,000-BLG-310,2456686.43139,10.695,0.004,False,Johnson V,CCD,OAR,1.017,False
1599,SN 2014J,000-BLG-310,2456686.43223,10.689,0.004,False,Johnson V,CCD,OAR,1.017,False
1600,SN 2014J,000-BLG-310,2456686.43329,10.690,0.004,False,Johnson V,CCD,OAR,1.017,False
1601,SN 2014J,000-BLG-310,2456686.43412,10.691,0.004,False,Johnson V,CCD,OAR,1.016,False
1602,SN 2014J,000-BLG-310,2456686.43501,10.693,0.004,False,Johnson V,CCD,OAR,1.016,False
1603,SN 2014J,000-BLG-310,2456686.43589,10.694,0.004,False,Johnson V,CCD,OAR,1.016,False
1604,SN 2014J,000-BLG-310,2456686.43697,10.687,0.004,False,Johnson V,CCD,OAR,1.015,False
1605,SN 2014J,000-BLG-310,2456686.43791,10.691,0.004,False,Johnson V,CCD,OAR,1.015,False
1606,SN 2014J,000-BLG-310,2456686.43892,10.692,0.004,False,Johnson V,CCD,OAR,1.015,False
1607,SN 2014J,000-BLG-310,2456686.43976,10.685,0.004,False,Johnson V,CCD,OAR,1.014,False
1608,SN 2014J,000-BLG-310,2456686.44091,10.691,0.004,False,Johnson V,CCD,OAR,1.014,False
1609,SN 2014J,000-BLG-310,2456686.44175,10.682,0.003,False,Johnson V,CCD,OAR,1.014,False
1610,SN 2014J,000-BLG-310,2456686.44264,10.697,0.003,False,Johnson V,CCD,OAR,1.014,False
1611,SN 2014J,000-BLG-310,2456686.44348,10.686,0.004,False,Johnson V,CCD,OAR,1.013,False
1612,SN 2014J,000-BLG-310,2456686.44464,10.687,0.004,False,Johnson V,CCD,OAR,1.013,False
1613,SN 2014J,000-BLG-310,2456686.44546,10.685,0.003,False,Johnson V,CCD,OAR,1.013,False
1614,SN 2014J,000-BLG-310,2456686.44631,10.683,0.004,False,Johnson V,CCD,OAR,1.013,False
1615,SN 2014J,000-BLG-310,2456686.44723,10.683,0.004,False,Johnson V,CCD,OAR,1.012,False
1616,SN 2014J,000-BLG-310,2456686.44824,10.691,0.004,False,Johnson V,CCD,OAR,1.012,False
1617,SN 2014J,000-BLG-310,2456686.44903,10.690,0.004,False,Johnson V,CCD,OAR,1.012,False
1618,SN 2014J,000-BLG-310,2456686.44986,10.695,0.004,False,Johnson V,CCD,OAR,1.012,False
1619,SN 2014J,000-BLG-310,2456686.45069,10.686,0.004,False,Johnson V,CCD,OAR,1.012,False
1620,SN 2014J,000-BLG-310,2456686.45181,10.680,0.004,False,Johnson V,CCD,OAR,1.011,False
1621,SN 2014J,000-BLG-310,2456686.45277,10.681,0.004,False,Johnson V,CCD,OAR,1.011,False
1622,SN 2014J,000-BLG-310,2456686.45363,10.683,0.004,False,Johnson V,CCD,OAR,1.011,False
1623,SN 2014J,000-BLG-310,2456686.45455,10.688,0.004,False,Johnson V,CCD,OAR,1.011,False
1624,SN 2014J,000-BLG-310,2456686.45572,10.696,0.004,False,Johnson V,CCD,OAR,1.011,False
1625,SN 2014J,000-BLG-310,2456686.45659,10.688,0.004,False,Johnson V,CCD,OAR,1.010,False
1626,SN 2014J,000-BLG-310,2456686.45741,10.689,0.004,False,Johnson V,CCD,OAR,1.010,False
1627,SN 2014J,000-BLG-310,2456686.45830,10.679,0.004,False,Johnson V,CCD,OAR,1.010,False
1628,SN 2014J,000-BLG-310,2456686.45932,10.689,0.004,False,Johnson V,CCD,OAR,1.010,False
1629,SN 2014J,000-BLG-310,2456686.46016,10.685,0.004,False,Johnson V,CCD,OAR,1.010,False
1630,SN 2014J,000-BLG-310,2456686.46108,10.685,0.004,False,Johnson V,CCD,OAR,1.010,False
1631,SN 2014J,000-BLG-310,2456686.46189,10.689,0.004,False,Johnson V,CCD,OAR,1.009,False
1632,SN 2014J,000-BLG-310,2456686.46297,10.695,0.003,False,Johnson V,CCD,OAR,1.009,False
1633,SN 2014J,000-BLG-310,2456686.46380,10.686,0.004,False,Johnson V,CCD,OAR,1.009,False
1634,SN 2014J,000-BLG-310,2456686.46461,10.688,0.003,False,Johnson V,CCD,OAR,1.009,False
1635,SN 2014J,000-BLG-310,2456686.46588,10.685,0.004,False,Johnson V,CCD,OAR,1.009,False
1636,SN 2014J,000-BLG-310,2456686.46671,10.686,0.004,False,Johnson V,CCD,OAR,1.009,False
1637,SN 2014J,000-BLG-310,2456686.46755,10.685,0.004,False,Johnson V,CCD,OAR,1.009,False
1638,SN 2014J,000-BLG-310,2456686.46845,10.690,0.004,False,Johnson V,CCD,OAR,1.009,False
1639,SN 2014J,000-BLG-310,2456686.46928,10.691,0.004,False,Johnson V,CCD,OAR,1.009,False
1640,SN 2014J,000-BLG-310,2456686.47045,10.692,0.004,False,Johnson V,CCD,OAR,1.008,False
1641,SN 2014J,000-BLG-310,2456686.47135,10.695,0.003,False,Johnson V,CCD,OAR,1.008,False
1642,SN 2014J,000-BLG-310,2456686.47226,10.689,0.004,False,Johnson V,CCD,OAR,1.008,False
1643,SN 2014J,000-BLG-310,2456686.47337,10.679,0.004,False,Johnson V,CCD,OAR,1.008,False
1644,SN 2014J,000-BLG-310,2456686.47420,10.687,0.003,False,Johnson V,CCD,OAR,1.008,False
1645,SN 2014J,000-BLG-310,2456686.47505,10.686,0.003,False,Johnson V,CCD,OAR,1.008,False
1646,SN 2014J,000-BLG-310,2456686.47594,10.680,0.004,False,Johnson V,CCD,OAR,1.008,False
1647,SN 2014J,000-BLG-310,2456686.47706,10.689,0.004,False,Johnson V,CCD,OAR,1.008,False
1648,SN 2014J,000-BLG-310,2456686.47807,10.690,0.004,False,Johnson V,CCD,OAR,1.008,False
1649,SN 2014J,000-BLG-310,2456686.47890,10.697,0.004,False,Johnson V,CCD,OAR,1.008,False
1650,SN 2014J,000-BLG-310,2456686.47972,10.692,0.004,False,Johnson V,CCD,OAR,1.008,False
1651,SN 2014J,000-BLG-310,2456686.48083,10.698,0.004,False,Johnson V,CCD,OAR,1.008,False
1652,SN 2014J,000-BLG-310,2456686.48167,10.695,0.004,False,Johnson V,CCD,OAR,1.008,False
1653,SN 2014J,000-BLG-310,2456686.48256,10.689,0.003,False,Johnson V,CCD,OAR,1.008,False
1654,SN 2014J,000-BLG-310,2456686.48341,10.685,0.004,False,Johnson V,CCD,OAR,1.008,False
1655,SN 2014J,000-BLG-310,2456686.48446,10.683,0.004,False,Johnson V,CCD,OAR,1.008,False
1656,SN 2014J,000-BLG-310,2456686.48528,10.689,0.004,False,Johnson V,CCD,OAR,1.009,False
1657,SN 2014J,000-BLG-310,2456686.48618,10.684,0.004,False,Johnson V,CCD,OAR,1.009,False
1658,SN 2014J,000-BLG-310,2456686.49068,10.694,0.004,False,Johnson V,CCD,OAR,1.008,False
1659,SN 2014J,000-BLG-310,2456686.49178,10.692,0.004,False,Johnson V,CCD,OAR,1.008,False
1660,SN 2014J,000-BLG-310,2456686.49264,10.693,0.004,False,Johnson V,CCD,OAR,1.008,False
1661,SN 2014J,000-BLG-310,2456686.49348,10.685,0.004,False,Johnson V,CCD,OAR,1.008,False
1662,SN 2014J,000-BLG-310,2456686.49438,10.692,0.004,False,Johnson V,CCD,OAR,1.008,False
1663,SN 2014J,000-BLG-310,2456686.49544,10.693,0.004,False,Johnson V,CCD,OAR,1.008,False
1664,SN 2014J,000-BLG-310,2456686.49625,10.685,0.004,False,Johnson V,CCD,OAR,1.008,False
1665,SN 2014J,000-BLG-310,2456686.49715,10.693,0.004,False,Johnson V,CCD,OAR,1.008,False
1666,SN 2014J,000-BLG-310,2456686.49801,10.699,0.004,False,Johnson V,CCD,OAR,1.008,False
1667,SN 2014J,000-BLG-310,2456686.49909,10.701,0.004,False,Johnson V,CCD,OAR,1.008,False
1668,SN 2014J,000-BLG-310,2456686.49992,10.685,0.004,False,Johnson V,CCD,OAR,1.008,False
1669,SN 2014J,000-BLG-310,2456686.50101,10.693,0.004,False,Johnson V,CCD,OAR,1.009,False
1670,SN 2014J,000-BLG-310,2456686.50189,10.691,0.004,False,Johnson V,CCD,OAR,1.009,False
1671,SN 2014J,000-BLG-310,2456686.50295,10.695,0.004,False,Johnson V,CCD,OAR,1.009,False
1672,SN 2014J,000-BLG-310,2456686.50384,10.695,0.004,False,Johnson V,CCD,OAR,1.009,False
1673,SN 2014J,000-BLG-310,2456686.50478,10.692,0.004,False,Johnson V,CCD,OAR,1.009,False
1674,SN 2014J,000-BLG-310,2456686.50566,10.681,0.004,False,Johnson V,CCD,OAR,1.009,False
1675,SN 2014J,000-BLG-310,2456686.50670,10.699,0.004,False,Johnson V,CCD,OAR,1.009,False
1676,SN 2014J,000-BLG-310,2456686.50753,10.712,0.004,False,Johnson V,CCD,OAR,1.009,False
1677,SN 2014J,000-BLG-310,2456686.50837,10.696,0.004,False,Johnson V,CCD,OAR,1.009,False
1678,SN 2014J,000-BLG-310,2456686.50934,10.688,0.004,False,Johnson V,CCD,OAR,1.010,False
1679,SN 2014J,000-BLG-310,2456686.51056,10.687,0.004,False,Johnson V,CCD,OAR,1.010,False
1680,SN 2014J,000-BLG-310,2456686.51144,10.696,0.004,False,Johnson V,CCD,OAR,1.010,False
1681,SN 2014J,000-BLG-310,2456686.51231,10.689,0.004,False,Johnson V,CCD,OAR,1.010,False
1682,SN 2014J,000-BLG-310,2456686.51346,10.687,0.004,False,Johnson V,CCD,OAR,1.010,False
1683,SN 2014J,000-BLG-310,2456686.51429,10.688,0.004,False,Johnson V,CCD,OAR,1.011,False
1684,SN 2014J,000-BLG-310,2456686.51517,10.690,0.004,False,Johnson V,CCD,OAR,1.011,False
1685,SN 2014J,000-BLG-310,2456686.51602,10.698,0.004,False,Johnson V,CCD,OAR,1.011,False
1686,SN 2014J,000-BLG-310,2456686.51684,10.690,0.004,False,Johnson V,CCD,OAR,1.011,False
1687,SN 2014J,000-BLG-310,2456686.51813,10.683,0.004,False,Johnson V,CCD,OAR,1.011,False
1688,SN 2014J,000-BLG-310,2456686.51898,10.694,0.004,False,Johnson V,CCD,OAR,1.011,False
1689,SN 2014J,000-BLG-310,2456686.51977,10.698,0.004,False,Johnson V,CCD,OAR,1.012,False
1690,SN 2014J,000-BLG-310,2456686.52063,10.693,0.004,False,Johnson V,CCD,OAR,1.012,False
1691,SN 2014J,000-BLG-310,2456686.52171,10.684,0.004,False,Johnson V,CCD,OAR,1.012,False
1692,SN 2014J,000-BLG-310,2456686.52262,10.692,0.004,False,Johnson V,CCD,OAR,1.012,False
1693,SN 2014J,000-BLG-310,2456686.52352,10.690,0.004,False,Johnson V,CCD,OAR,1.013,False
1694,SN 2014J,000-BLG-310,2456686.52440,10.692,0.004,False,Johnson V,CCD,OAR,1.013,False
1695,SN 2014J,000-BLG-310,2456686.52547,10.689,0.004,False,Johnson V,CCD,OAR,1.013,False
1696,SN 2014J,000-BLG-310,2456686.52647,10.694,0.004,False,Johnson V,CCD,OAR,1.013,False
1697,SN 2014J,000-BLG-310,2456686.52730,10.686,0.004,False,Johnson V,CCD,OAR,1.014,False
1698,SN 2014J,000-BLG-310,2456686.52818,10.694,0.004,False,Johnson V,CCD,OAR,1.014,False
1699,SN 2014J,000-BLG-310,2456686.52931,10.695,0.004,False,Johnson V,CCD,OAR,1.014,False
1700,SN 2014J,000-BLG-310,2456686.53024,10.685,0.004,False,Johnson V,CCD,OAR,1.014,False
1701,SN 2014J,000-BLG-310,2456686.53109,10.686,0.004,False,Johnson V,CCD,OAR,1.015,False
1702,SN 2014J,000-BLG-310,2456686.53191,10.689,0.004,False,Johnson V,CCD,OAR,1.015,False
1703,SN 2014J,000-BLG-310,2456686.53300,10.690,0.004,False,Johnson V,CCD,OAR,1.015,False
1704,SN 2014J,000-BLG-310,2456686.53389,10.692,0.004,False,Johnson V,CCD,OAR,1.016,False
1705,SN 2014J,000-BLG-310,2456686.53494,10.692,0.004,False,Johnson V,CCD,OAR,1.016,False
1706,SN 2014J,000-BLG-310,2456686.53600,10.698,0.004,False,Johnson V,CCD,OAR,1.016,False
1707,SN 2014J,000-BLG-310,2456686.53691,10.691,0.004,False,Johnson V,CCD,OAR,1.016,False
1708,SN 2014J,000-BLG-310,2456686.53773,10.689,0.004,False,Johnson V,CCD,OAR,1.017,False
1709,SN 2014J,000-BLG-310,2456686.53860,10.684,0.004,False,Johnson V,CCD,OAR,1.017,False
1710,SN 2014J,000-BLG-310,2456686.53963,10.689,0.004,False,Johnson V,CCD,OAR,1.017,False
1711,SN 2014J,000-BLG-310,2456686.54046,10.692,0.004,False,Johnson V,CCD,OAR,1.018,False
1712,SN 2014J,000-BLG-310,2456686.54134,10.685,0.004,False,Johnson V,CCD,OAR,1.018,False
1713,SN 2014J,000-BLG-310,2456686.54230,10.693,0.004,False,Johnson V,CCD,OAR,1.019,False
1714,SN 2014J,000-BLG-310,2456686.54338,10.689,0.004,False,Johnson V,CCD,OAR,1.019,False
1715,SN 2014J,000-BLG-310,2456686.54424,10.693,0.004,False,Johnson V,CCD,OAR,1.019,False
1716,SN 2014J,000-BLG-310,2456686.54512,10.685,0.004,False,Johnson V,CCD,OAR,1.020,False
1717,SN 2014J,000-BLG-310,2456686.54595,10.681,0.004,False,Johnson V,CCD,OAR,1.020,False
1718,SN 2014J,000-BLG-310,2456686.54700,10.686,0.004,False,Johnson V,CCD,OAR,1.020,False
1719,SN 2014J,000-BLG-310,2456686.54781,10.682,0.004,False,Johnson V,CCD,OAR,1.021,False
1720,SN 2014J,000-BLG-310,2456686.54868,10.684,0.004,False,Johnson V,CCD,OAR,1.021,False
1721,SN 2014J,000-BLG-310,2456686.54987,10.686,0.004,False,Johnson V,CCD,OAR,1.021,False
1722,SN 2014J,000-BLG-310,2456686.55073,10.679,0.004,False,Johnson V,CCD,OAR,1.022,False
1723,SN 2014J,000-BLG-310,2456686.55168,10.689,0.004,False,Johnson V,CCD,OAR,1.022,False
1724,SN 2014J,000-BLG-310,2456686.55260,10.693,0.004,False,Johnson V,CCD,OAR,1.023,False
1725,SN 2014J,000-BLG-310,2456686.55382,10.687,0.004,False,Johnson V,CCD,OAR,1.023,False
1726,SN 2014J,000-BLG-310,2456686.55471,10.679,0.004,False,Johnson V,CCD,OAR,1.024,False
1727,SN 2014J,000-BLG-310,2456686.55558,10.684,0.004,False,Johnson V,CCD,OAR,1.024,False
1728,SN 2014J,000-BLG-310,2456686.55685,10.681,0.004,False,Johnson V,CCD,OAR,1.025,False
1729,SN 2014J,000-BLG-310,2456686.55770,10.692,0.004,False,Johnson V,CCD,OAR,1.025,False
1730,SN 2014J,000-BLG-310,2456686.55853,10.683,0.004,False,Johnson V,CCD,OAR,1.025,False
1731,SN 2014J,000-BLG-310,2456686.55943,10.689,0.004,False,Johnson V,CCD,OAR,1.026,False
1732,SN 2014J,000-BLG-310,2456686.56028,10.690,0.004,False,Johnson V,CCD,OAR,1.026,False
1733,SN 2014J,000-BLG-310,2456686.56142,10.687,0.004,False,Johnson V,CCD,OAR,1.027,False
1734,SN 2014J,000-BLG-310,2456686.56225,10.688,0.004,False,Johnson V,CCD,OAR,1.027,False
1735,SN 2014J,000-BLG-310,2456686.56318,10.684,0.004,False,Johnson V,CCD,OAR,1.028,False
1736,SN 2014J,000-BLG-310,2456686.56411,10.688,0.004,False,Johnson V,CCD,OAR,1.028,False
1737,SN 2014J,000-BLG-310,2456686.56524,10.688,0.004,False,Johnson V,CCD,OAR,1.029,False
1738,SN 2014J,000-BLG-310,2456686.56613,10.686,0.004,False,Johnson V,CCD,OAR,1.029,False
1739,SN 2014J,000-BLG-310,2456686.56700,10.684,0.004,False,Johnson V,CCD,OAR,1.030,False
1740,SN 2014J,000-BLG-310,2456686.56780,10.685,0.004,False,Johnson V,CCD,OAR,1.030,False
1741,SN 2014J,000-BLG-310,2456686.56891,10.682,0.004,False,Johnson V,CCD,OAR,1.031,False
1742,SN 2014J,000-BLG-310,2456686.56975,10.689,0.004,False,Johnson V,CCD,OAR,1.031,False
1743,SN 2014J,000-BLG-310,2456686.57058,10.693,0.004,False,Johnson V,CCD,OAR,1.032,False
1744,SN 2014J,000-BLG-310,2456686.57159,10.684,0.004,False,Johnson V,CCD,OAR,1.032,False
1745,SN 2014J,000-BLG-310,2456686.57263,10.689,0.004,False,Johnson V,CCD,OAR,1.033,False
1746,SN 2014J,000-BLG-310,2456686.57351,10.689,0.004,False,Johnson V,CCD,OAR,1.033,False
1747,SN 2014J,000-BLG-310,2456686.57440,10.678,0.004,False,Johnson V,CCD,OAR,1.034,False
1748,SN 2014J,000-BLG-310,2456686.57521,10.686,0.004,False,Johnson V,CCD,OAR,1.034,False
1749,SN 2014J,000-BLG-310,2456686.57626,10.682,0.004,False,Johnson V,CCD,OAR,1.035,False
1750,SN 2014J,000-BLG-310,2456686.57709,10.684,0.004,False,Johnson V,CCD,OAR,1.035,False
1751,SN 2014J,000-BLG-310,2456686.57795,10.678,0.004,False,Johnson V,CCD,OAR,1.036,False
1752,SN 2014J,000-BLG-310,2456686.57919,10.686,0.004,False,Johnson V,CCD,OAR,1.037,False
1753,SN 2014J,000-BLG-310,2456686.58009,10.683,0.004,False,Johnson V,CCD,OAR,1.037,False
1754,SN 2014J,000-BLG-310,2456686.58096,10.685,0.004,False,Johnson V,CCD,OAR,1.038,False
1755,SN 2014J,000-BLG-310,2456686.58184,10.689,0.004,False,Johnson V,CCD,OAR,1.039,False
1756,SN 2014J,000-BLG-310,2456686.58295,10.692,0.004,False,Johnson V,CCD,OAR,1.039,False
1757,SN 2014J,000-BLG-310,2456686.58385,10.689,0.004,False,Johnson V,CCD,OAR,1.040,False
1758,SN 2014J,000-BLG-310,2456686.58478,10.683,0.004,False,Johnson V,CCD,OAR,1.040,False
1759,SN 2014J,000-BLG-310,2456686.58567,10.679,0.004,False,Johnson V,CCD,OAR,1.041,False
1760,SN 2014J,000-BLG-310,2456686.58693,10.686,0.004,False,Johnson V,CCD,OAR,1.042,False
1761,SN 2014J,000-BLG-310,2456686.58786,10.690,0.004,False,Johnson V,CCD,OAR,1.042,False
1762,SN 2014J,000-BLG-310,2456686.58875,10.681,0.004,False,Johnson V,CCD,OAR,1.043,False
1763,SN 2014J,000-BLG-310,2456686.58988,10.688,0.004,False,Johnson V,CCD,OAR,1.044,False
1764,SN 2014J,000-BLG-310,2456686.59086,10.684,0.004,False,Johnson V,CCD,OAR,1.044,False
1765,SN 2014J,000-BLG-310,2456686.59177,10.684,0.004,False,Johnson V,CCD,OAR,1.045,False
1766,SN 2014J,000-BLG-310,2456686.59267,10.682,0.004,False,Johnson V,CCD,OAR,1.046,False
1767,SN 2014J,000-BLG-310,2456686.59395,10.688,0.004,False,Johnson V,CCD,OAR,1.047,False
1768,SN 2014J,000-BLG-310,2456686.59484,10.693,0.004,False,Johnson V,CCD,OAR,1.047,False
1769,SN 2014J,000-BLG-310,2456686.59574,10.676,0.004,False,Johnson V,CCD,OAR,1.048,False
1770,SN 2014J,000-BLG-310,2456686.59679,10.689,0.004,False,Johnson V,CCD,OAR,1.049,False
1771,SN 2014J,000-BLG-310,2456686.59763,10.684,0.004,False,Johnson V,CCD,OAR,1.049,False
1772,SN 2014J,000-BLG-310,2456686.59859,10.673,0.004,False,Johnson V,CCD,OAR,1.050,False
1773,SN 2014J,000-BLG-310,2456686.59947,10.671,0.004,False,Johnson V,CCD,OAR,1.051,False
1774,SN 2014J,000-BLG-310,2456686.60057,10.682,0.004,False,Johnson V,CCD,OAR,1.051,False
1775,SN 2014J,000-BLG-310,2456686.60157,10.682,0.004,False,Johnson V,CCD,OAR,1.052,False
1776,SN 2014J,000-BLG-310,2456686.60251,10.691,0.004,False,Johnson V,CCD,OAR,1.053,False
1777,SN 2014J,000-BLG-310,2456686.60343,10.682,0.004,False,Johnson V,CCD,OAR,1.054,False
1778,SN 2014J,000-BLG-310,2456686.60450,10.692,0.004,False,Johnson V,CCD,OAR,1.054,False
1779,SN 2014J,000-BLG-310,2456686.60546,10.683,0.004,False,Johnson V,CCD,OAR,1.055,False
1780,SN 2014J,000-BLG-310,2456686.60642,10.682,0.004,False,Johnson V,CCD,OAR,1.056,False
1781,SN 2014J,000-BLG-310,2456686.60755,10.685,0.004,False,Johnson V,CCD,OAR,1.057,False
1782,SN 2014J,000-BLG-310,2456686.60862,10.685,0.004,False,Johnson V,CCD,OAR,1.058,False
1783,SN 2014J,000-BLG-310,2456686.60951,10.685,0.004,False,Johnson V,CCD,OAR,1.058,False
1784,SN 2014J,000-BLG-310,2456686.61049,10.686,0.004,False,Johnson V,CCD,OAR,1.059,False
1785,SN 2014J,000-BLG-310,2456686.61157,10.688,0.004,False,Johnson V,CCD,OAR,1.060,False
1786,SN 2014J,000-BLG-310,2456686.61253,10.683,0.004,False,Johnson V,CCD,OAR,1.061,False
1787,SN 2014J,000-BLG-310,2456686.61346,10.679,0.004,False,Johnson V,CCD,OAR,1.062,False
1788,SN 2014J,000-BLG-310,2456686.61472,10.690,0.004,False,Johnson V,CCD,OAR,1.063,False
1789,SN 2014J,000-BLG-310,2456686.61574,10.681,0.004,False,Johnson V,CCD,OAR,1.063,False
1790,SN 2014J,000-BLG-310,2456686.61657,10.683,0.004,False,Johnson V,CCD,OAR,1.064,False
1791,SN 2014J,000-BLG-310,2456686.61742,10.687,0.004,False,Johnson V,CCD,OAR,1.065,False
1792,SN 2014J,000-BLG-310,2456686.61854,10.677,0.004,False,Johnson V,CCD,OAR,1.066,False
1793,SN 2014J,000-BLG-310,2456686.61953,10.681,0.004,False,Johnson V,CCD,OAR,1.067,False
1794,SN 2014J,000-BLG-310,2456686.62044,10.686,0.004,False,Johnson V,CCD,OAR,1.068,False
1795,SN 2014J,000-BLG-310,2456686.62128,10.692,0.004,False,Johnson V,CCD,OAR,1.069,False
1796,SN 2014J,000-BLG-310,2456686.62241,10.684,0.004,False,Johnson V,CCD,OAR,1.069,False
1797,SN 2014J,000-BLG-310,2456686.62344,10.675,0.004,False,Johnson V,CCD,OAR,1.070,False
1798,SN 2014J,000-BLG-310,2456686.62442,10.674,0.004,False,Johnson V,CCD,OAR,1.071,False
1799,SN 2014J,000-BLG-310,2456686.62553,10.679,0.004,False,Johnson V,CCD,OAR,1.072,False
1800,SN 2014J,000-BLG-310,2456686.62641,10.678,0.004,False,Johnson V,CCD,OAR,1.073,False
1801,SN 2014J,000-BLG-310,2456686.62729,10.681,0.004,False,Johnson V,CCD,OAR,1.074,False
1802,SN 2014J,000-BLG-310,2456686.62816,10.685,0.004,False,Johnson V,CCD,OAR,1.075,False
1803,SN 2014J,000-BLG-310,2456686.62932,10.680,0.004,False,Johnson V,CCD,OAR,1.076,False
1804,SN 2014J,000-BLG-310,2456686.63015,10.676,0.004,False,Johnson V,CCD,OAR,1.076,False
1805,SN 2014J,000-BLG-310,2456686.63122,10.684,0.004,False,Johnson V,CCD,OAR,1.077,False
1806,SN 2014J,000-BLG-310,2456686.63216,10.684,0.004,False,Johnson V,CCD,OAR,1.079,False
1807,SN 2014J,000-BLG-310,2456686.63331,10.683,0.004,False,Johnson V,CCD,OAR,1.079,False
1808,SN 2014J,000-BLG-310,2456686.63416,10.682,0.004,False,Johnson V,CCD,OAR,1.080,False
1809,SN 2014J,000-BLG-310,2456686.63499,10.674,0.004,False,Johnson V,CCD,OAR,1.081,False
1810,SN 2014J,000-BLG-310,2456686.63583,10.679,0.004,False,Johnson V,CCD,OAR,1.082,False
1811,SN 2014J,000-BLG-310,2456686.63693,10.681,0.004,False,Johnson V,CCD,OAR,1.083,False
1812,SN 2014J,000-BLG-310,2456686.63778,10.680,0.004,False,Johnson V,CCD,OAR,1.084,False
1813,SN 2014J,000-BLG-310,2456686.63876,10.674,0.004,False,Johnson V,CCD,OAR,1.085,False
1814,SN 2014J,000-BLG-310,2456686.63958,10.685,0.004,False,Johnson V,CCD,OAR,1.086,False
1815,SN 2014J,000-BLG-310,2456686.64065,10.680,0.004,False,Johnson V,CCD,OAR,1.087,False
1816,SN 2014J,000-BLG-310,2456686.64147,10.676,0.004,False,Johnson V,CCD,OAR,1.087,False
1817,SN 2014J,000-BLG-310,2456686.64233,10.670,0.004,False,Johnson V,CCD,OAR,1.088,False
1818,SN 2014J,000-BLG-310,2456686.64328,10.679,0.004,False,Johnson V,CCD,OAR,1.090,False
1819,SN 2014J,000-BLG-310,2456686.64439,10.683,0.004,False,Johnson V,CCD,OAR,1.090,False
1820,SN 2014J,000-BLG-310,2456686.64523,10.680,0.004,False,Johnson V,CCD,OAR,1.091,False
1821,SN 2014J,000-BLG-310,2456686.64615,10.678,0.004,False,Johnson V,CCD,OAR,1.092,False
1822,SN 2014J,000-BLG-310,2456686.64701,10.691,0.004,False,Johnson V,CCD,OAR,1.093,False
1823,SN 2014J,000-BLG-310,2456686.64809,10.688,0.004,False,Johnson V,CCD,OAR,1.094,False
1824,SN 2014J,000-BLG-310,2456686.64906,10.671,0.004,False,Johnson V,CCD,OAR,1.095,False
1825,SN 2014J,000-BLG-310,2456686.64995,10.682,0.004,False,Johnson V,CCD,OAR,1.096,False
1826,SN 2014J,000-BLG-310,2456686.65081,10.678,0.004,False,Johnson V,CCD,OAR,1.097,False
1827,SN 2014J,000-BLG-310,2456686.65192,10.680,0.004,False,Johnson V,CCD,OAR,1.098,False
1828,SN 2014J,000-BLG-310,2456686.65277,10.672,0.004,False,Johnson V,CCD,OAR,1.099,False
1829,SN 2014J,000-BLG-310,2456686.65384,10.682,0.004,False,Johnson V,CCD,OAR,1.101,False
1830,SN 2014J,000-BLG-310,2456686.65493,10.680,0.004,False,Johnson V,CCD,OAR,1.102,False
1831,SN 2014J,000-BLG-310,2456686.65581,10.682,0.004,False,Johnson V,CCD,OAR,1.102,False
1832,SN 2014J,000-BLG-310,2456686.65666,10.692,0.004,False,Johnson V,CCD,OAR,1.103,False
1833,SN 2014J,000-BLG-310,2456686.65750,10.681,0.004,False,Johnson V,CCD,OAR,1.105,False
1834,SN 2014J,000-BLG-310,2456686.65862,10.678,0.004,False,Johnson V,CCD,OAR,1.106,False
1835,SN 2014J,000-BLG-310,2456686.65957,10.674,0.004,False,Johnson V,CCD,OAR,1.107,False
1836,SN 2014J,000-BLG-310,2456686.66044,10.675,0.004,False,Johnson V,CCD,OAR,1.108,False
1837,SN 2014J,000-BLG-310,2456686.66133,10.667,0.004,False,Johnson V,CCD,OAR,1.109,False
1838,SN 2014J,000-BLG-310,2456686.66259,10.681,0.004,False,Johnson V,CCD,OAR,1.110,False
1839,SN 2014J,000-BLG-310,2456686.66352,10.673,0.004,False,Johnson V,CCD,OAR,1.111,False
1840,SN 2014J,000-BLG-310,2456686.66438,10.677,0.004,False,Johnson V,CCD,OAR,1.112,False
1841,SN 2014J,000-BLG-310,2456686.66541,10.686,0.004,False,Johnson V,CCD,OAR,1.113,False
1842,SN 2014J,000-BLG-310,2456686.66627,10.682,0.004,False,Johnson V,CCD,OAR,1.114,False
1843,SN 2014J,000-BLG-310,2456686.66708,10.677,0.004,False,Johnson V,CCD,OAR,1.115,False
1844,SN 2014J,000-BLG-310,2456686.66799,10.677,0.004,False,Johnson V,CCD,OAR,1.117,False
1845,SN 2014J,000-BLG-310,2456686.66910,10.683,0.004,False,Johnson V,CCD,OAR,1.118,False
1846,SN 2014J,000-BLG-310,2456686.67001,10.674,0.004,False,Johnson V,CCD,OAR,1.119,False
1847,SN 2014J,000-BLG-310,2456686.67103,10.668,0.004,False,Johnson V,CCD,OAR,1.120,False
1848,SN 2014J,000-BLG-310,2456686.67184,10.678,0.004,False,Johnson V,CCD,OAR,1.121,False
1849,SN 2014J,000-BLG-310,2456686.67292,10.681,0.004,False,Johnson V,CCD,OAR,1.122,False
1850,SN 2014J,000-BLG-310,2456686.67375,10.683,0.004,False,Johnson V,CCD,OAR,1.123,False
1851,SN 2014J,000-BLG-310,2456686.67466,10.679,0.004,False,Johnson V,CCD,OAR,1.124,False
1852,SN 2014J,000-BLG-310,2456686.67549,10.688,0.004,False,Johnson V,CCD,OAR,1.126,False
1853,SN 2014J,000-BLG-310,2456686.67666,10.671,0.004,False,Johnson V,CCD,OAR,1.127,False
1854,SN 2014J,000-BLG-310,2456686.67751,10.682,0.004,False,Johnson V,CCD,OAR,1.128,False
1855,SN 2014J,000-BLG-310,2456686.67836,10.677,0.004,False,Johnson V,CCD,OAR,1.129,False
1856,SN 2014J,000-BLG-310,2456686.67968,10.675,0.004,False,Johnson V,CCD,OAR,1.130,False
1857,SN 2014J,000-BLG-310,2456686.68050,10.677,0.004,False,Johnson V,CCD,OAR,1.131,False
1858,SN 2014J,000-BLG-310,2456686.68134,10.681,0.004,False,Johnson V,CCD,OAR,1.132,False
1859,SN 2014J,000-BLG-310,2456686.68219,10.681,0.004,False,Johnson V,CCD,OAR,1.133,False
1860,SN 2014J,000-BLG-310,2456686.68306,10.672,0.004,False,Johnson V,CCD,OAR,1.135,False
1861,SN 2014J,000-BLG-310,2456686.68411,10.678,0.004,False,Johnson V,CCD,OAR,1.136,False
1862,SN 2014J,000-BLG-310,2456686.68499,10.682,0.004,False,Johnson V,CCD,OAR,1.137,False
1863,SN 2014J,000-BLG-310,2456686.68583,10.673,0.004,False,Johnson V,CCD,OAR,1.138,False
1864,SN 2014J,000-BLG-310,2456686.68667,10.679,0.004,False,Johnson V,CCD,OAR,1.139,False
1865,SN 2014J,000-BLG-310,2456686.68775,10.675,0.004,False,Johnson V,CCD,OAR,1.140,False
1866,SN 2014J,000-BLG-310,2456686.68876,10.678,0.004,False,Johnson V,CCD,OAR,1.142,False
1867,SN 2014J,000-BLG-310,2456686.68963,10.675,0.004,False,Johnson V,CCD,OAR,1.143,False
1868,SN 2014J,000-BLG-310,2456686.69044,10.677,0.004,False,Johnson V,CCD,OAR,1.144,False
1869,SN 2014J,000-BLG-310,2456686.69154,10.684,0.004,False,Johnson V,CCD,OAR,1.145,False
1870,SN 2014J,000-BLG-310,2456686.69245,10.673,0.004,False,Johnson V,CCD,OAR,1.146,False
1871,SN 2014J,000-BLG-310,2456686.69334,10.674,0.004,False,Johnson V,CCD,OAR,1.148,False
1872,SN 2014J,000-BLG-310,2456686.69414,10.681,0.004,False,Johnson V,CCD,OAR,1.149,False
1873,SN 2014J,000-BLG-310,2456686.69524,10.668,0.004,False,Johnson V,CCD,OAR,1.150,False
1874,SN 2014J,000-BLG-310,2456686.69611,10.668,0.004,False,Johnson V,CCD,OAR,1.151,False
1875,SN 2014J,000-BLG-310,2456686.69704,10.674,0.004,False,Johnson V,CCD,OAR,1.152,False
1876,SN 2014J,000-BLG-310,2456686.69833,10.682,0.004,False,Johnson V,CCD,OAR,1.154,False
1877,SN 2014J,000-BLG-310,2456686.69916,10.682,0.004,False,Johnson V,CCD,OAR,1.155,False
1878,SN 2014J,000-BLG-310,2456686.70006,10.673,0.004,False,Johnson V,CCD,OAR,1.156,False
1879,SN 2014J,000-BLG-310,2456686.70088,10.672,0.004,False,Johnson V,CCD,OAR,1.158,False
1880,SN 2014J,000-BLG-310,2456686.70200,10.676,0.004,False,Johnson V,CCD,OAR,1.159,False
1881,SN 2014J,000-BLG-310,2456686.70285,10.677,0.004,False,Johnson V,CCD,OAR,1.160,False
1882,SN 2014J,000-BLG-310,2456686.70382,10.667,0.004,False,Johnson V,CCD,OAR,1.161,False
1883,SN 2014J,000-BLG-310,2456686.70470,10.671,0.004,False,Johnson V,CCD,OAR,1.163,False
1884,SN 2014J,000-BLG-310,2456686.70574,10.682,0.004,False,Johnson V,CCD,OAR,1.164,False
1885,SN 2014J,000-BLG-310,2456686.70661,10.673,0.004,False,Johnson V,CCD,OAR,1.165,False
1886,SN 2014J,000-BLG-310,2456686.70767,10.679,0.004,False,Johnson V,CCD,OAR,1.167,False
1887,SN 2014J,000-BLG-310,2456686.70856,10.679,0.004,False,Johnson V,CCD,OAR,1.168,False
1888,SN 2014J,000-BLG-310,2456686.70971,10.678,0.004,False,Johnson V,CCD,OAR,1.169,False
1889,SN 2014J,000-BLG-310,2456686.71054,10.678,0.004,False,Johnson V,CCD,OAR,1.171,False
1890,SN 2014J,000-BLG-310,2456686.71138,10.680,0.004,False,Johnson V,CCD,OAR,1.172,False
1891,SN 2014J,000-BLG-310,2456686.71223,10.677,0.004,False,Johnson V,CCD,OAR,1.173,False
1892,SN 2014J,000-BLG-310,2456686.71341,10.668,0.004,False,Johnson V,CCD,OAR,1.175,False
1893,SN 2014J,000-BLG-310,2456686.71426,10.670,0.004,False,Johnson V,CCD,OAR,1.176,False
1894,SN 2014J,000-BLG-310,2456686.71509,10.675,0.004,False,Johnson V,CCD,OAR,1.177,False
1895,SN 2014J,000-BLG-310,2456686.71617,10.666,0.004,False,Johnson V,CCD,OAR,1.179,False
1896,SN 2014J,000-BLG-310,2456686.71716,10.686,0.004,False,Johnson V,CCD,OAR,1.180,False
1897,SN 2014J,000-BLG-310,2456686.71807,10.680,0.004,False,Johnson V,CCD,OAR,1.181,False
1898,SN 2014J,000-BLG-310,2456686.71895,10.660,0.004,False,Johnson V,CCD,OAR,1.183,False
1899,SN 2014J,000-BLG-310,2456686.72006,10.674,0.004,False,Johnson V,CCD,OAR,1.184,False
1900,SN 2014J,000-BLG-310,2456686.72094,10.673,0.004,False,Johnson V,CCD,OAR,1.185,False
1901,SN 2014J,000-BLG-310,2456686.72182,10.667,0.004,False,Johnson V,CCD,OAR,1.187,False
1902,SN 2014J,000-BLG-310,2456686.72269,10.676,0.004,False,Johnson V,CCD,OAR,1.188,False
1903,SN 2014J,000-BLG-310,2456686.72376,10.668,0.004,False,Johnson V,CCD,OAR,1.189,False
1904,SN 2014J,000-BLG-310,2456686.72463,10.682,0.004,False,Johnson V,CCD,OAR,1.191,False
1905,SN 2014J,000-BLG-310,2456686.72547,10.662,0.004,False,Johnson V,CCD,OAR,1.192,False
1906,SN 2014J,000-BLG-310,2456686.72637,10.671,0.004,False,Johnson V,CCD,OAR,1.194,False
1907,SN 2014J,000-BLG-310,2456686.72758,10.677,0.004,False,Johnson V,CCD,OAR,1.195,False
1908,SN 2014J,000-BLG-310,2456686.72843,10.673,0.004,False,Johnson V,CCD,OAR,1.196,False
1909,SN 2014J,000-BLG-310,2456686.72926,10.680,0.004,False,Johnson V,CCD,OAR,1.197,False
1910,SN 2014J,000-BLG-310,2456686.73009,10.659,0.004,False,Johnson V,CCD,OAR,1.199,False
1911,SN 2014J,000-BLG-310,2456686.73120,10.668,0.005,False,Johnson V,CCD,OAR,1.200,False
1912,SN 2014J,000-BLG-310,2456686.73209,10.666,0.004,False,Johnson V,CCD,OAR,1.201,False
1913,SN 2014J,000-BLG-310,2456685.984074,11.94,0.01,False,Johnson B,CCD,ELE,1.413,False
1914,SN 2014J,000-BLG-310,2456685.986574,10.71,0.01,False,Johnson V,CCD,ELE,1.418,False
1915,SN 2014J,000-BLG-310,2456685.990694,10.01,0.01,False,Cousins R,CCD,ELE,1.429,False
1916,SN 2014J,000-BLG-310,2456685.992234,9.58,0.01,False,Cousins I,CCD,ELE,1.434,False
1917,SN 2014J,000-BLG-310,2456687.018368,11.90,0.01,False,Johnson B,CCD,ELE,1.532,False
1918,SN 2014J,000-BLG-310,2456687.020023,10.61,0.01,False,Johnson V,CCD,ELE,1.536,False
1919,SN 2014J,000-BLG-310,2456687.021424,9.97,0.01,False,Cousins R,CCD,ELE,1.540,False
1920,SN 2014J,000-BLG-310,2456687.022616,9.58,0.03,False,Cousins I,CCD,ELE,1.545,False
1921,PSN J09554214+6940260,000-BLG-310,2456681.31360,12.502,0.024,False,Johnson B,CCD,RAEA,,False
1922,PSN J09554214+6940260,000-BLG-310,2456681.26259,12.524,0.020,False,Johnson B,CCD,RAEA,,False
1923,PSN J09554214+6940260,000-BLG-310,2456681.26527,12.523,0.017,False,Johnson B,CCD,RAEA,,False
1924,PSN J09554214+6940260,000-BLG-310,2456681.26795,12.529,0.017,False,Johnson B,CCD,RAEA,,False
1925,PSN J09554214+6940260,000-BLG-310,2456681.27063,12.516,0.020,False,Johnson B,CCD,RAEA,,False
1926,PSN J09554214+6940260,000-BLG-310,2456681.27331,12.519,0.020,False,Johnson B,CCD,RAEA,,False
1927,PSN J09554214+6940260,000-BLG-310,2456681.27598,12.550,0.017,False,Johnson B,CCD,RAEA,,False
1928,PSN J09554214+6940260,000-BLG-310,2456681.27866,12.528,0.016,False,Johnson B,CCD,RAEA,,False
1929,PSN J09554214+6940260,000-BLG-310,2456681.28134,12.524,0.018,False,Johnson B,CCD,RAEA,,False
1930,PSN J09554214+6940260,000-BLG-310,2456681.28405,12.531,0.014,False,Johnson B,CCD,RAEA,,False
1931,PSN J09554214+6940260,000-BLG-310,2456681.28673,12.525,0.017,False,Johnson B,CCD,RAEA,,False
1932,PSN J09554214+6940260,000-BLG-310,2456681.28942,12.521,0.019,False,Johnson B,CCD,RAEA,,False
1933,PSN J09554214+6940260,000-BLG-310,2456681.29210,12.532,0.015,False,Johnson B,CCD,RAEA,,False
1934,PSN J09554214+6940260,000-BLG-310,2456681.29479,12.511,0.018,False,Johnson B,CCD,RAEA,,False
1935,PSN J09554214+6940260,000-BLG-310,2456681.29748,12.517,0.018,False,Johnson B,CCD,RAEA,,False
1936,PSN J09554214+6940260,000-BLG-310,2456681.30017,12.524,0.014,False,Johnson B,CCD,RAEA,,False
1937,PSN J09554214+6940260,000-BLG-310,2456681.30286,12.510,0.017,False,Johnson B,CCD,RAEA,,False
1938,PSN J09554214+6940260,000-BLG-310,2456681.30554,12.535,0.016,False,Johnson B,CCD,RAEA,,False
1939,PSN J09554214+6940260,000-BLG-310,2456681.30823,12.522,0.018,False,Johnson B,CCD,RAEA,,False
1940,PSN J09554214+6940260,000-BLG-310,2456681.31092,12.504,0.024,False,Johnson B,CCD,RAEA,,False
1941,PSN J09554214+6940260,000-BLG-310,2456681.26432,10.590,0.011,False,Cousins R,CCD,RAEA,,False
1942,PSN J09554214+6940260,000-BLG-310,2456681.26700,10.606,0.014,False,Cousins R,CCD,RAEA,,False
1943,PSN J09554214+6940260,000-BLG-310,2456681.26968,10.590,0.008,False,Cousins R,CCD,RAEA,,False
1944,PSN J09554214+6940260,000-BLG-310,2456681.27236,10.606,0.015,False,Cousins R,CCD,RAEA,,False
1945,PSN J09554214+6940260,000-BLG-310,2456681.27503,10.607,0.012,False,Cousins R,CCD,RAEA,,False
1946,PSN J09554214+6940260,000-BLG-310,2456681.27771,10.593,0.005,False,Cousins R,CCD,RAEA,,False
1947,PSN J09554214+6940260,000-BLG-310,2456681.28039,10.580,0.012,False,Cousins R,CCD,RAEA,,False
1948,PSN J09554214+6940260,000-BLG-310,2456681.28308,10.599,0.020,False,Cousins R,CCD,RAEA,,False
1949,PSN J09554214+6940260,000-BLG-310,2456681.28577,10.585,0.013,False,Cousins R,CCD,RAEA,,False
1950,PSN J09554214+6940260,000-BLG-310,2456681.28846,10.576,0.013,False,Cousins R,CCD,RAEA,,False
1951,PSN J09554214+6940260,000-BLG-310,2456681.29115,10.602,0.009,False,Cousins R,CCD,RAEA,,False
1952,PSN J09554214+6940260,000-BLG-310,2456681.29384,10.595,0.013,False,Cousins R,CCD,RAEA,,False
1953,PSN J09554214+6940260,000-BLG-310,2456681.29652,10.593,0.013,False,Cousins R,CCD,RAEA,,False
1954,PSN J09554214+6940260,000-BLG-310,2456681.29921,10.576,0.012,False,Cousins R,CCD,RAEA,,False
1955,PSN J09554214+6940260,000-BLG-310,2456681.30190,10.604,0.016,False,Cousins R,CCD,RAEA,,False
1956,PSN J09554214+6940260,000-BLG-310,2456681.30459,10.595,0.015,False,Cousins R,CCD,RAEA,,False
1957,PSN J09554214+6940260,000-BLG-310,2456681.30728,10.579,0.007,False,Cousins R,CCD,RAEA,,False
1958,PSN J09554214+6940260,000-BLG-310,2456681.30996,10.586,0.022,False,Cousins R,CCD,RAEA,,False
1959,PSN J09554214+6940260,000-BLG-310,2456681.31265,10.563,0.005,False,Cousins R,CCD,RAEA,,False
1960,PSN J09554214+6940260,000-BLG-310,2456681.31534,10.575,0.017,False,Cousins R,CCD,RAEA,,False
1961,PSN J09554214+6940260,000-BLG-310,2456681.31456,11.384,0.021,False,Johnson V,CCD,RAEA,,False
1962,PSN J09554214+6940260,000-BLG-310,2456681.26355,11.346,0.012,False,Johnson V,CCD,RAEA,,False
1963,PSN J09554214+6940260,000-BLG-310,2456681.26622,11.335,0.017,False,Johnson V,CCD,RAEA,,False
1964,PSN J09554214+6940260,000-BLG-310,2456681.26891,11.354,0.013,False,Johnson V,CCD,RAEA,,False
1965,PSN J09554214+6940260,000-BLG-310,2456681.27158,11.366,0.019,False,Johnson V,CCD,RAEA,,False
1966,PSN J09554214+6940260,000-BLG-310,2456681.27426,11.347,0.018,False,Johnson V,CCD,RAEA,,False
1967,PSN J09554214+6940260,000-BLG-310,2456681.27693,11.332,0.018,False,Johnson V,CCD,RAEA,,False
1968,PSN J09554214+6940260,000-BLG-310,2456681.27961,11.344,0.017,False,Johnson V,CCD,RAEA,,False
1969,PSN J09554214+6940260,000-BLG-310,2456681.28229,11.354,0.014,False,Johnson V,CCD,RAEA,,False
1970,PSN J09554214+6940260,000-BLG-310,2456681.28500,11.345,0.016,False,Johnson V,CCD,RAEA,,False
1971,PSN J09554214+6940260,000-BLG-310,2456681.28768,11.349,0.015,False,Johnson V,CCD,RAEA,,False
1972,PSN J09554214+6940260,000-BLG-310,2456681.29037,11.338,0.016,False,Johnson V,CCD,RAEA,,False
1973,PSN J09554214+6940260,000-BLG-310,2456681.29306,11.349,0.016,False,Johnson V,CCD,RAEA,,False
1974,PSN J09554214+6940260,000-BLG-310,2456681.29575,11.342,0.018,False,Johnson V,CCD,RAEA,,False
1975,PSN J09554214+6940260,000-BLG-310,2456681.29843,11.338,0.014,False,Johnson V,CCD,RAEA,,False
1976,PSN J09554214+6940260,000-BLG-310,2456681.30112,11.342,0.013,False,Johnson V,CCD,RAEA,,False
1977,PSN J09554214+6940260,000-BLG-310,2456681.30381,11.347,0.017,False,Johnson V,CCD,RAEA,,False
1978,PSN J09554214+6940260,000-BLG-310,2456681.30650,11.352,0.019,False,Johnson V,CCD,RAEA,,False
1979,PSN J09554214+6940260,000-BLG-310,2456681.30919,11.340,0.018,False,Johnson V,CCD,RAEA,,False
1980,PSN J09554214+6940260,000-BLG-310,2456681.31187,11.344,0.015,False,Johnson V,CCD,RAEA,,False
1981,SN 2014J,000-BLG-310,2456686.69375,10.615,,False,Johnson V,CCD,NAO,,False
1982,SN 2014J,000-BLG-310,2456686.69265,11.876,,False,Johnson B,CCD,NAO,,False
1983,SN 2014J,000-BLG-310,2456686.694566,9.983,,False,Cousins R,CCD,NAO,,False
1984,SN 2014J,000-BLG-310,2456686.69548,9.571,,False,Cousins I,CCD,NAO,,False
1985,SN 2014J,000-BLG-310,2456686.4550,11.937,0.014,False,Johnson B,CCD,MMN,,False
1986,SN 2014J,000-BLG-310,2456686.4558,10.605,0.011,False,Johnson V,CCD,MMN,,False
1987,SN 2014J,000-BLG-310,2456686.4567,9.623,0.011,False,Cousins I,CCD,MMN,,False
1988,SN 2014J,000-BLG-310,2456687.930197,11.85,0.01,False,Johnson B,CCD,ELE,1.310,False
1989,SN 2014J,000-BLG-310,2456687.931875,10.58,0.01,False,Johnson V,CCD,ELE,1.312,False
1990,SN 2014J,000-BLG-310,2456687.932882,9.93,0.01,False,Cousins R,CCD,ELE,1.313,False
1991,SN 2014J,000-BLG-310,2456687.933831,9.53,0.01,False,Cousins I,CCD,ELE,1.315,False
1992,SN 2014J,000-BLG-310,2456687.588866,12.150,0.017,False,Johnson B,CCD,KPK,,False
1993,SN 2014J,000-BLG-310,2456687.591725,12.101,0.017,False,Johnson B,CCD,KPK,,False
1994,SN 2014J,000-BLG-310,2456687.594375,12.149,0.018,False,Johnson B,CCD,KPK,,False
1995,SN 2014J,000-BLG-310,2456687.597025,12.119,0.018,False,Johnson B,CCD,KPK,,False
1996,SN 2014J,000-BLG-310,2456687.599745,12.111,0.023,False,Johnson B,CCD,KPK,,False
1997,SN 2014J,000-BLG-310,2456687.602512,10.033,0.011,False,Cousins R,CCD,KPK,,False
1998,SN 2014J,000-BLG-310,2456687.605208,10.034,0.003,False,Cousins R,CCD,KPK,,False
1999,SN 2014J,000-BLG-310,2456687.607859,10.035,0.011,False,Cousins R,CCD,KPK,,False
2000,SN 2014J,000-BLG-310,2456687.61272,10.036,0.011,False,Cousins R,CCD,KPK,,False
2001,SN 2014J,000-BLG-310,2456687.615822,10.038,0.011,False,Cousins R,CCD,KPK,,False
2002,SN 2014J,000-BLG-310,2456687.618981,10.642,0.012,False,Johnson V,CCD,KPK,,False
2003,SN 2014J,000-BLG-310,2456687.622106,10.645,0.012,False,Johnson V,CCD,KPK,,False
2004,SN 2014J,000-BLG-310,2456687.624769,10.642,0.012,False,Johnson V,CCD,KPK,,False
2005,SN 2014J,000-BLG-310,2456687.627708,10.640,0.012,False,Johnson V,CCD,KPK,,False
2006,SN 2014J,000-BLG-310,2456687.630394,10.644,0.013,False,Johnson V,CCD,KPK,,False
2007,SN 2014J,000-BLG-310,2456687.633044,10.644,0.012,False,Johnson V,CCD,KPK,,False
2008,SN 2014J,000-BLG-310,2456687.636944,10.641,0.012,False,Johnson V,CCD,KPK,,False
2009,SN 2014J,000-BLG-310,2456687.639583,10.640,0.012,False,Johnson V,CCD,KPK,,False
2010,SN 2014J,000-BLG-310,2456687.642234,10.641,0.012,False,Johnson V,CCD,KPK,,False
2011,SN 2014J,000-BLG-310,2456687.644919,10.640,0.012,False,Johnson V,CCD,KPK,,False
2012,SN 2014J,000-BLG-310,2456687.647627,10.640,0.012,False,Johnson V,CCD,KPK,,False
2013,SN 2014J,000-BLG-310,2456687.650324,10.639,0.012,False,Johnson V,CCD,KPK,,False
2014,SN 2014J,000-BLG-310,2456687.652975,10.640,0.012,False,Johnson V,CCD,KPK,,False
2015,SN 2014J,000-BLG-310,2456687.655625,10.638,0.012,False,Johnson V,CCD,KPK,,False
2016,SN 2014J,000-BLG-310,2456687.659549,10.641,0.012,False,Johnson V,CCD,KPK,,False
2017,SN 2014J,000-BLG-310,2456687.662199,10.639,0.012,False,Johnson V,CCD,KPK,,False
2018,SN 2014J,000-BLG-310,2456687.664838,10.640,0.012,False,Johnson V,CCD,KPK,,False
2019,SN 2014J,000-BLG-310,2456687.667488,10.637,0.012,False,Johnson V,CCD,KPK,,False
2020,SN 2014J,000-BLG-310,2456687.670127,10.639,0.012,False,Johnson V,CCD,KPK,,False
2021,SN 2014J,000-BLG-310,2456687.672766,10.637,0.012,False,Johnson V,CCD,KPK,,False
2022,SN 2014J,000-BLG-310,2456687.675486,10.638,0.002,False,Johnson V,CCD,KPK,,False
2023,SN 2014J,000-BLG-310,2456687.67816,10.640,0.002,False,Johnson V,CCD,KPK,,False
2024,SN 2014J,000-BLG-310,2456687.681817,10.639,0.012,False,Johnson V,CCD,KPK,,False
2025,SN 2014J,000-BLG-310,2456687.684456,10.638,0.012,False,Johnson V,CCD,KPK,,False
2026,SN 2014J,000-BLG-310,2456687.687106,10.639,0.012,False,Johnson V,CCD,KPK,,False
2027,SN 2014J,000-BLG-310,2456687.689757,10.639,0.012,False,Johnson V,CCD,KPK,,False
2028,SN 2014J,000-BLG-310,2456687.692407,10.638,0.002,False,Johnson V,CCD,KPK,,False
2029,SN 2014J,000-BLG-310,2456687.695046,10.638,0.002,False,Johnson V,CCD,KPK,,False
2030,SN 2014J,000-BLG-310,2456687.697697,10.638,0.002,False,Johnson V,CCD,KPK,,False
2031,SN 2014J,000-BLG-310,2456687.700347,10.637,0.002,False,Johnson V,CCD,KPK,,False
2032,SN 2014J,000-BLG-310,2456687.704005,10.635,0.012,False,Johnson V,CCD,KPK,,False
2033,SN 2014J,000-BLG-310,2456687.706644,10.637,0.002,False,Johnson V,CCD,KPK,,False
2034,SN 2014J,000-BLG-310,2456687.709294,10.637,0.002,False,Johnson V,CCD,KPK,,False
2035,SN 2014J,000-BLG-310,2456687.711944,10.637,0.002,False,Johnson V,CCD,KPK,,False
2036,SN 2014J,000-BLG-310,2456687.714583,10.637,0.002,False,Johnson V,CCD,KPK,,False
2037,SN 2014J,000-BLG-310,2456687.717234,10.638,0.004,False,Johnson V,CCD,KPK,,False
2038,SN 2014J,000-BLG-310,2456687.719884,10.636,0.003,False,Johnson V,CCD,KPK,,False
2039,SN 2014J,000-BLG-310,2456687.722535,10.637,0.003,False,Johnson V,CCD,KPK,,False
2040,SN 2014J,000-BLG-310,2456687.726192,10.636,0.012,False,Johnson V,CCD,KPK,,False
2041,SN 2014J,000-BLG-310,2456687.728831,10.638,0.012,False,Johnson V,CCD,KPK,,False
2042,SN 2014J,000-BLG-310,2456687.731481,10.636,0.012,False,Johnson V,CCD,KPK,,False
2043,SN 2014J,000-BLG-310,2456687.73412,10.638,0.012,False,Johnson V,CCD,KPK,,False
2044,SN 2014J,000-BLG-310,2456687.77588,10.631,0.013,False,Johnson V,CCD,KPK,,False
2045,SN 2014J,000-BLG-310,2456687.778519,10.633,0.012,False,Johnson V,CCD,KPK,,False
2046,SN 2014J,000-BLG-310,2456687.781169,10.629,0.013,False,Johnson V,CCD,KPK,,False
2047,SN 2014J,000-BLG-310,2456687.783819,10.629,0.013,False,Johnson V,CCD,KPK,,False
2048,SN 2014J,000-BLG-310,2456687.786458,10.631,0.015,False,Johnson V,CCD,KPK,,False
2049,SN 2014J,000-BLG-310,2456687.789109,10.633,0.013,False,Johnson V,CCD,KPK,,False
2050,SN 2014J,000-BLG-310,2456687.791748,10.631,0.012,False,Johnson V,CCD,KPK,,False
2051,SN 2014J,000-BLG-310,2456687.794398,10.629,0.012,False,Johnson V,CCD,KPK,,False
2052,SN 2014J,000-BLG-310,2456687.79831,10.631,0.012,False,Johnson V,CCD,KPK,,False
2053,SN 2014J,000-BLG-310,2456687.800961,10.627,0.012,False,Johnson V,CCD,KPK,,False
2054,SN 2014J,000-BLG-310,2456687.803611,10.628,0.012,False,Johnson V,CCD,KPK,,False
2055,SN 2014J,000-BLG-310,2456687.80625,10.629,0.012,False,Johnson V,CCD,KPK,,False
2056,SN 2014J,000-BLG-310,2456687.8089,10.630,0.012,False,Johnson V,CCD,KPK,,False
2057,SN 2014J,000-BLG-310,2456687.811539,10.629,0.013,False,Johnson V,CCD,KPK,,False
2058,SN 2014J,000-BLG-310,2456687.81419,10.629,0.012,False,Johnson V,CCD,KPK,,False
2059,SN 2014J,000-BLG-310,2456687.81684,10.625,0.012,False,Johnson V,CCD,KPK,,False
2060,SN 2014J,000-BLG-310,2456687.820741,10.628,0.012,False,Johnson V,CCD,KPK,,False
2061,SN 2014J,000-BLG-310,2456687.823391,10.629,0.012,False,Johnson V,CCD,KPK,,False
2062,SN 2014J,000-BLG-310,2456687.826042,10.627,0.012,False,Johnson V,CCD,KPK,,False
2063,SN 2014J,000-BLG-310,2456687.828681,10.626,0.003,False,Johnson V,CCD,KPK,,False
2064,SN 2014J,000-BLG-310,2456687.831331,10.626,0.002,False,Johnson V,CCD,KPK,,False
2065,SN 2014J,000-BLG-310,2456687.83397,10.625,0.002,False,Johnson V,CCD,KPK,,False
2066,SN 2014J,000-BLG-310,2456687.83662,10.629,0.002,False,Johnson V,CCD,KPK,,False
2067,SN 2014J,000-BLG-310,2456687.839271,10.629,0.003,False,Johnson V,CCD,KPK,,False
2068,SN 2014J,000-BLG-310,2456687.843565,10.627,0.012,False,Johnson V,CCD,KPK,,False
2069,SN 2014J,000-BLG-310,2456687.846215,10.628,0.012,False,Johnson V,CCD,KPK,,False
2070,SN 2014J,000-BLG-310,2456687.848854,10.625,0.012,False,Johnson V,CCD,KPK,,False
2071,SN 2014J,000-BLG-310,2456687.851505,10.625,0.012,False,Johnson V,CCD,KPK,,False
2072,SN 2014J,000-BLG-310,2456687.854144,10.625,0.002,False,Johnson V,CCD,KPK,,False
2073,SN 2014J,000-BLG-310,2456687.856794,10.625,0.002,False,Johnson V,CCD,KPK,,False
2074,SN 2014J,000-BLG-310,2456687.859433,10.627,0.003,False,Johnson V,CCD,KPK,,False
2075,SN 2014J,000-BLG-310,2456687.862083,10.627,0.003,False,Johnson V,CCD,KPK,,False
2076,SN 2014J,000-BLG-310,2456687.865995,10.625,0.012,False,Johnson V,CCD,KPK,,False
2077,SN 2014J,000-BLG-310,2456687.868634,10.625,0.013,False,Johnson V,CCD,KPK,,False
2078,SN 2014J,000-BLG-310,2456687.871285,10.625,0.004,False,Johnson V,CCD,KPK,,False
2079,SN 2014J,000-BLG-310,2456687.873935,10.626,0.004,False,Johnson V,CCD,KPK,,False
2080,SN 2014J,000-BLG-310,2456687.876574,10.623,0.004,False,Johnson V,CCD,KPK,,False
2081,SN 2014J,000-BLG-310,2456687.879225,10.628,0.004,False,Johnson V,CCD,KPK,,False
2082,SN 2014J,000-BLG-310,2456687.881863,10.626,0.004,False,Johnson V,CCD,KPK,,False
2083,SN 2014J,000-BLG-310,2456687.884514,10.625,0.004,False,Johnson V,CCD,KPK,,False
2084,SN 2014J,000-BLG-310,2456687.888426,10.624,0.013,False,Johnson V,CCD,KPK,,False
2085,SN 2014J,000-BLG-310,2456687.891065,10.625,0.004,False,Johnson V,CCD,KPK,,False
2086,SN 2014J,000-BLG-310,2456687.893715,10.625,0.004,False,Johnson V,CCD,KPK,,False
2087,SN 2014J,000-BLG-310,2456687.896366,10.623,0.004,False,Johnson V,CCD,KPK,,False
2088,SN 2014J,000-BLG-310,2456687.899005,10.624,0.004,False,Johnson V,CCD,KPK,,False
2089,SN 2014J,000-BLG-310,2456687.901655,10.624,0.004,False,Johnson V,CCD,KPK,,False
2090,SN 2014J,000-BLG-310,2456686.979502,10.68,0.005,False,Johnson V,CCD,BLP,,False
2091,SN 2014J,000-BLG-310,2456686.86740,10.678,0.042,False,Johnson V,CCD,HGUA,1.266,False
2092,SN 2014J,000-BLG-310,2456686.38194,10.66,0.2,False,Johnson V,CCD,RCCA,,False
2093,SN 2014J,000-BLG-310,2456688.17774,9.593,0.004,False,Cousins I,CCD,OAR,1.286,False
2094,SN 2014J,000-BLG-310,2456688.22744,9.570,0.007,False,Cousins I,CCD,OAR,1.208,False
2095,SN 2014J,000-BLG-310,2456688.17420,9.953,0.004,False,Cousins R,CCD,OAR,1.291,False
2096,SN 2014J,000-BLG-310,2456688.22395,9.966,0.004,False,Cousins R,CCD,OAR,1.214,False
2097,SN 2014J,000-BLG-310,2456688.17052,10.596,0.004,False,Johnson V,CCD,OAR,1.297,False
2098,SN 2014J,000-BLG-310,2456688.22035,10.610,0.004,False,Johnson V,CCD,OAR,1.219,False
2099,SN 2014J,000-BLG-310,2456688.16481,11.922,0.005,False,Johnson B,CCD,OAR,1.305,False
2100,SN 2014J,000-BLG-310,2456688.21472,11.779,0.005,False,Johnson B,CCD,OAR,1.227,False
2101,SN 2014J,000-BLG-310,2456688.33477,11.841,0.011,False,Johnson B,CCD,NRNA,1.463,False
2102,SN 2014J,000-BLG-310,2456688.33211,9.574,0.006,False,Cousins I,CCD,NRNA,1.472,False
2103,SN 2014J,000-BLG-310,2456688.32903,9.956,0.006,False,Cousins R,CCD,NRNA,1.483,False
2104,SN 2014J,000-BLG-310,2456688.33050,10.531,0.006,False,Johnson V,CCD,NRNA,1.478,False
2105,SN 2014J,000-BLG-310,2456686.905984,11.957,0.011,False,Johnson B,CCD,FJQ,,False
2106,SN 2014J,000-BLG-310,2456686.908264,11.941,0.015,False,Johnson B,CCD,FJQ,,False
2107,SN 2014J,000-BLG-310,2456686.910544,11.948,0.010,False,Johnson B,CCD,FJQ,,False
2108,SN 2014J,000-BLG-310,2456686.915602,10.625,0.029,False,Johnson V,CCD,FJQ,,False
2109,SN 2014J,000-BLG-310,2456686.91787,10.630,0.028,False,Johnson V,CCD,FJQ,,False
2110,SN 2014J,000-BLG-310,2456686.920856,9.677,0.013,False,Cousins I,CCD,FJQ,,False
2111,SN 2014J,000-BLG-310,2456686.925394,9.671,0.018,False,Cousins I,CCD,FJQ,,False
2112,SN 2014J,000-BLG-310,2456686.928553,10.019,0.040,False,Cousins R,CCD,FJQ,,False
2113,SN 2014J,000-BLG-310,2456686.930822,10.015,0.029,False,Cousins R,CCD,FJQ,,False
2114,SN 2014J,000-BLG-310,2456686.93309,10.020,0.029,False,Cousins R,CCD,FJQ,,False
2115,SN 2014J,000-BLG-310,2456687.538102,10.669,0.008,False,Johnson V,CCD,CABB,,False
2116,SN 2014J,000-BLG-310,2456688.928368,10.608,0.018,False,Johnson V,CCD,CABB,,False
2117,SN 2014J,000-BLG-310,2456689.27405,11.831,0.011,False,Johnson B,CCD,NRNA,1.700,False
2118,SN 2014J,000-BLG-310,2456689.27139,9.590,0.006,False,Cousins I,CCD,NRNA,1.713,False
2119,SN 2014J,000-BLG-310,2456689.26836,9.951,0.005,False,Cousins R,CCD,NRNA,1.727,False
2120,SN 2014J,000-BLG-310,2456689.27674,10.501,0.006,False,Johnson V,CCD,NRNA,1.688,False
2121,SN 2014J,000-BLG-310,2456688.329077,11.798,0.002,False,Johnson B,CCD,CFRA,1.489,False
2122,SN 2014J,000-BLG-310,2456688.312767,9.912,0.008,False,Cousins R,CCD,CFRA,1.549,False
2123,SN 2014J,000-BLG-310,2456688.316747,9.513,0.014,False,Cousins I,CCD,CFRA,1.534,False
2124,SN 2014J,000-BLG-310,2456688.310557,10.552,0.006,False,Johnson V,CCD,CFRA,1.558,False
2125,SN 2014J,000-BLG-310,2456689.384480,9.516,0.006,False,Cousins I,CCD,CFRA,1.318,False
2126,SN 2014J,000-BLG-310,2456689.355750,9.887,0.014,False,Cousins R,CCD,CFRA,1.393,False
2127,SN 2014J,000-BLG-310,2456689.343740,10.517,0.007,False,Johnson V,CCD,CFRA,1.430,False
2128,PSN J09554214+6940260,000-BLG-310,2456689.961649,10.43,0.05,False,Johnson V,CCD,UMAA,1.381,False
2129,PSN J09554214+6940260,000-BLG-310,2456689.962529,10.59,0.06,False,Johnson V,CCD,UMAA,1.383,False
2130,PSN J09554214+6940260,000-BLG-310,2456689.962969,10.63,0.06,False,Johnson V,CCD,UMAA,1.385,False
2131,SN 2014J,000-BLG-310,2456688.39861,10.47,0.44,False,Johnson V,CCD,RCCA,,False
2132,SN 2014J,000-BLG-310,2456689.30448,10.586,0.004,False,Johnson V,CCD,SDI,1.333,False
2133,SN 2014J,000-BLG-310,2456689.30485,10.587,0.004,False,Johnson V,CCD,SDI,1.332,False
2134,SN 2014J,000-BLG-310,2456689.30509,10.583,0.004,False,Johnson V,CCD,SDI,1.331,False
2135,SN 2014J,000-BLG-310,2456689.30535,10.596,0.004,False,Johnson V,CCD,SDI,1.331,False
2136,SN 2014J,000-BLG-310,2456689.30565,10.594,0.004,False,Johnson V,CCD,SDI,1.330,False
2137,SN 2014J,000-BLG-310,2456689.30593,10.582,0.004,False,Johnson V,CCD,SDI,1.329,False
2138,SN 2014J,000-BLG-310,2456686.53432,10.725,0.032,False,Johnson V,CCD,HGUA,,False
2139,SN 2014J,000-BLG-310,2456690.29861,10.542,0.016,False,Johnson V,CCD,JNDA,,False
2140,SN 2014J,000-BLG-310,2456690.30556,9.903,0.047,False,Cousins R,CCD,JNDA,,False
2141,SN 2014J,000-BLG-310,2456690.31250,9.620,0.03,False,Cousins I,CCD,JNDA,,False
2142,SN 2014J,000-BLG-310,2456690.367199,9.985,0.004,False,Cousins R,CCD,AAUA,1.267,False
2143,SN 2014J,000-BLG-310,2456690.368762,9.978,0.004,False,Cousins R,CCD,AAUA,1.264,False
2144,SN 2014J,000-BLG-310,2456690.370324,9.981,0.004,False,Cousins R,CCD,AAUA,1.261,False
2145,SN 2014J,000-BLG-310,2456690.371887,9.986,0.004,False,Cousins R,CCD,AAUA,1.258,False
2146,SN 2014J,000-BLG-310,2456690.373449,9.980,0.004,False,Cousins R,CCD,AAUA,1.254,False
2147,SN 2014J,000-BLG-310,2456690.356794,10.522,0.006,False,Johnson V,CCD,AAUA,1.290,False
2148,SN 2014J,000-BLG-310,2456690.358356,10.523,0.005,False,Johnson V,CCD,AAUA,1.287,False
2149,SN 2014J,000-BLG-310,2456690.359919,10.529,0.007,False,Johnson V,CCD,AAUA,1.283,False
2150,SN 2014J,000-BLG-310,2456690.361481,10.521,0.005,False,Johnson V,CCD,AAUA,1.280,False
2151,SN 2014J,000-BLG-310,2456690.363044,10.529,0.007,False,Johnson V,CCD,AAUA,1.276,False
2152,PSN J09554214+6940260,000-BLG-310,2456690.45389,11.845,0.017,False,Johnson B,CCD,AFSA,,False
2153,PSN J09554214+6940260,000-BLG-310,2456690.45413,11.866,0.017,False,Johnson B,CCD,AFSA,,False
2154,PSN J09554214+6940260,000-BLG-310,2456690.45437,11.845,0.017,False,Johnson B,CCD,AFSA,,False
2155,PSN J09554214+6940260,000-BLG-310,2456690.45463,11.837,0.016,False,Johnson B,CCD,AFSA,,False
2156,PSN J09554214+6940260,000-BLG-310,2456690.45487,11.828,0.016,False,Johnson B,CCD,AFSA,,False
2157,PSN J09554214+6940260,000-BLG-310,2456690.44705,9.653,0.013,False,Cousins I,CCD,AFSA,,False
2158,PSN J09554214+6940260,000-BLG-310,2456690.44729,9.646,0.013,False,Cousins I,CCD,AFSA,,False
2159,PSN J09554214+6940260,000-BLG-310,2456690.44754,9.639,0.013,False,Cousins I,CCD,AFSA,,False
2160,PSN J09554214+6940260,000-BLG-310,2456690.44779,9.645,0.013,False,Cousins I,CCD,AFSA,,False
2161,PSN J09554214+6940260,000-BLG-310,2456690.44893,9.648,0.013,False,Cousins I,CCD,AFSA,,False
2162,PSN J09554214+6940260,000-BLG-310,2456690.45166,10.438,0.007,False,Johnson V,CCD,AFSA,,False
2163,PSN J09554214+6940260,000-BLG-310,2456690.45192,10.445,0.007,False,Johnson V,CCD,AFSA,,False
2164,PSN J09554214+6940260,000-BLG-310,2456690.45216,10.427,0.007,False,Johnson V,CCD,AFSA,,False
2165,PSN J09554214+6940260,000-BLG-310,2456690.45240,10.440,0.007,False,Johnson V,CCD,AFSA,,False
2166,PSN J09554214+6940260,000-BLG-310,2456690.45265,10.418,0.007,False,Johnson V,CCD,AFSA,,False
2167,PSN J09554214+6940260,000-BLG-310,2456690.44978,9.894,0.007,False,Cousins R,CCD,AFSA,,False
2168,PSN J09554214+6940260,000-BLG-310,2456690.45003,9.886,0.007,False,Cousins R,CCD,AFSA,,False
2169,PSN J09554214+6940260,000-BLG-310,2456690.45027,9.906,0.007,False,Cousins R,CCD,AFSA,,False
2170,PSN J09554214+6940260,000-BLG-310,2456690.45052,9.891,0.007,False,Cousins R,CCD,AFSA,,False
2171,PSN J09554214+6940260,000-BLG-310,2456690.45076,9.910,0.007,False,Cousins R,CCD,AFSA,,False
2172,SN 2014J,000-BLG-310,2456691.25333,9.627,0.007,False,Cousins I,CCD,NRNA,1.771,False
2173,SN 2014J,000-BLG-310,2456691.25031,9.892,0.006,False,Cousins R,CCD,NRNA,1.786,False
2174,SN 2014J,000-BLG-310,2456691.25174,10.470,0.005,False,Johnson V,CCD,NRNA,1.779,False
2175,SN 2014J,000-BLG-310,2456691.25601,11.836,0.011,False,Johnson B,CCD,NRNA,1.758,False
2176,SN 2014J,000-BLG-310,2456687.78975,10.60,0.05,False,Johnson V,CCD,HSW,1.278,False
2177,SN 2014J,000-BLG-310,2456691.34931,10.532,0.014,False,Johnson V,CCD,JNDA,,False
2178,SN 2014J,000-BLG-310,2456691.35347,9.915,0.039,False,Cousins R,CCD,JNDA,,False
2179,SN 2014J,000-BLG-310,2456691.35694,9.639,0.028,False,Cousins I,CCD,JNDA,,False
2180,SN 2014J,000-BLG-310,2456691.37458,9.9421,0.0059,False,Cousins R,CCD,ELTA,1.339,False
2181,SN 2014J,000-BLG-310,2456691.38116,10.5085,0.0014,False,Johnson V,CCD,ELTA,1.322,False
2182,SN 2014J,000-BLG-310,2456690.85718,10.512,0.053,False,Johnson V,CCD,HGUA,1.266,False
2183,SN 2014J,000-BLG-310,2456690.576091,10.4407,0.0068,False,Johnson V,CCD,VAQA,6.223,False
2184,SN 2014J,000-BLG-310,2456690.579028,10.4690,0.0076,False,Johnson V,CCD,VAQA,5.975,False
2185,SN 2014J,000-BLG-310,2456690.582086,10.4393,0.0068,False,Johnson V,CCD,VAQA,5.748,False
2186,SN 2014J,000-BLG-310,2456690.586767,10.4057,0.0066,False,Johnson V,CCD,VAQA,5.539,False
2187,SN 2014J,000-BLG-310,2456690.589141,10.4774,0.0065,False,Johnson V,CCD,VAQA,5.346,False
2188,SN 2014J,000-BLG-310,2456690.591504,10.4083,0.0068,False,Johnson V,CCD,VAQA,5.346,False
2189,SN 2014J,000-BLG-310,2456690.593868,10.4424,0.0067,False,Johnson V,CCD,VAQA,5.168,False
2190,SN 2014J,000-BLG-310,2456690.598594,10.4638,0.0064,False,Johnson V,CCD,VAQA,5.002,False
2191,SN 2014J,000-BLG-310,2456690.600958,10.4405,0.0064,False,Johnson V,CCD,VAQA,4.849,False
2192,SN 2014J,000-BLG-310,2456690.605687,10.4838,0.0064,False,Johnson V,CCD,VAQA,4.706,False
2193,SN 2014J,000-BLG-310,2456690.608797,10.4383,0.0064,False,Johnson V,CCD,VAQA,4.574,False
2194,SN 2014J,000-BLG-310,2456690.609938,10.5039,0.0063,False,Johnson V,CCD,VAQA,4.450,False
2195,SN 2014J,000-BLG-310,2456690.611079,10.4529,0.0062,False,Johnson V,CCD,VAQA,4.450,False
2196,SN 2014J,000-BLG-310,2456690.612221,10.4740,0.0063,False,Johnson V,CCD,VAQA,4.450,False
2197,SN 2014J,000-BLG-310,2456690.613363,10.4703,0.0060,False,Johnson V,CCD,VAQA,4.334,False
2198,SN 2014J,000-BLG-310,2456690.614506,10.4919,0.0058,False,Johnson V,CCD,VAQA,4.334,False
2199,SN 2014J,000-BLG-310,2456690.615648,10.4834,0.0058,False,Johnson V,CCD,VAQA,4.334,False
2200,SN 2014J,000-BLG-310,2456690.61679,10.4599,0.0058,False,Johnson V,CCD,VAQA,4.226,False
2201,SN 2014J,000-BLG-310,2456690.617931,10.4404,0.0059,False,Johnson V,CCD,VAQA,4.226,False
2202,SN 2014J,000-BLG-310,2456690.619072,10.4571,0.0059,False,Johnson V,CCD,VAQA,4.225,False
2203,SN 2014J,000-BLG-310,2456690.620214,10.4853,0.0058,False,Johnson V,CCD,VAQA,4.124,False
2204,SN 2014J,000-BLG-310,2456690.621354,10.4596,0.0059,False,Johnson V,CCD,VAQA,4.124,False
2205,SN 2014J,000-BLG-310,2456690.622496,10.4793,0.0058,False,Johnson V,CCD,VAQA,4.124,False
2206,SN 2014J,000-BLG-310,2456690.623637,10.4354,0.0062,False,Johnson V,CCD,VAQA,4.029,False
2207,SN 2014J,000-BLG-310,2456690.624777,10.4721,0.0058,False,Johnson V,CCD,VAQA,4.029,False
2208,SN 2014J,000-BLG-310,2456690.576813,11.6209,0.0117,False,Johnson B,CCD,VAQA,6.222,False
2209,SN 2014J,000-BLG-310,2456690.579516,11.5978,0.0150,False,Johnson B,CCD,VAQA,5.975,False
2210,SN 2014J,000-BLG-310,2456690.58269,11.6614,0.0106,False,Johnson B,CCD,VAQA,5.748,False
2211,SN 2014J,000-BLG-310,2456690.587371,11.5924,0.0096,False,Johnson B,CCD,VAQA,5.539,False
2212,SN 2014J,000-BLG-310,2456690.589745,11.6234,0.0098,False,Johnson B,CCD,VAQA,5.346,False
2213,SN 2014J,000-BLG-310,2456690.594471,11.6536,0.0117,False,Johnson B,CCD,VAQA,5.168,False
2214,SN 2014J,000-BLG-310,2456690.596836,11.6209,0.0096,False,Johnson B,CCD,VAQA,5.003,False
2215,SN 2014J,000-BLG-310,2456690.599198,11.6463,0.0094,False,Johnson B,CCD,VAQA,4.850,False
2216,SN 2014J,000-BLG-310,2456690.601561,11.5970,0.0097,False,Johnson B,CCD,VAQA,4.849,False
2217,SN 2014J,000-BLG-310,2456690.603924,11.6321,0.0091,False,Johnson B,CCD,VAQA,4.707,False
2218,SN 2014J,000-BLG-310,2456690.606291,11.6252,0.0087,False,Johnson B,CCD,VAQA,4.574,False
2219,SN 2014J,000-BLG-310,2456690.6094,11.6428,0.0088,False,Johnson B,CCD,VAQA,4.450,False
2220,SN 2014J,000-BLG-310,2456690.610541,11.6233,0.0084,False,Johnson B,CCD,VAQA,4.450,False
2221,SN 2014J,000-BLG-310,2456690.611683,11.6190,0.0089,False,Johnson B,CCD,VAQA,4.450,False
2222,SN 2014J,000-BLG-310,2456690.612826,11.6551,0.0085,False,Johnson B,CCD,VAQA,4.450,False
2223,SN 2014J,000-BLG-310,2456690.613968,11.6253,0.0083,False,Johnson B,CCD,VAQA,4.334,False
2224,SN 2014J,000-BLG-310,2456690.615111,11.6327,0.0079,False,Johnson B,CCD,VAQA,4.334,False
2225,SN 2014J,000-BLG-310,2456690.616253,11.6038,0.0077,False,Johnson B,CCD,VAQA,4.334,False
2226,SN 2014J,000-BLG-310,2456690.617393,11.6509,0.0079,False,Johnson B,CCD,VAQA,4.226,False
2227,SN 2014J,000-BLG-310,2456690.618535,11.6329,0.0079,False,Johnson B,CCD,VAQA,4.225,False
2228,SN 2014J,000-BLG-310,2456690.619677,11.5917,0.0077,False,Johnson B,CCD,VAQA,4.225,False
2229,SN 2014J,000-BLG-310,2456690.620817,11.6264,0.0082,False,Johnson B,CCD,VAQA,4.124,False
2230,SN 2014J,000-BLG-310,2456690.621958,11.6153,0.0075,False,Johnson B,CCD,VAQA,4.124,False
2231,SN 2014J,000-BLG-310,2456690.6231,11.6430,0.0076,False,Johnson B,CCD,VAQA,4.124,False
2232,SN 2014J,000-BLG-310,2456690.62424,11.6350,0.0073,False,Johnson B,CCD,VAQA,4.029,False
2233,SN 2014J,000-BLG-310,2456690.625381,11.6637,0.0073,False,Johnson B,CCD,VAQA,4.029,False
2234,SN 2014J,000-BLG-310,2456690.460069,11.735,0.012,False,Johnson B,CCD,VLYA,1.073,False
2235,SN 2014J,000-BLG-310,2456690.465648,11.726,0.012,False,Johnson B,CCD,VLYA,1.070,False
2236,SN 2014J,000-BLG-310,2456690.474676,11.726,0.007,False,Johnson B,CCD,VLYA,1.064,False
2237,SN 2014J,000-BLG-310,2456690.479132,11.724,0.007,False,Johnson B,CCD,VLYA,1.062,False
2238,SN 2014J,000-BLG-310,2456690.467222,10.393,0.006,False,Johnson V,CCD,VLYA,1.069,False
2239,SN 2014J,000-BLG-310,2456690.468021,10.387,0.006,False,Johnson V,CCD,VLYA,1.068,False
2240,SN 2014J,000-BLG-310,2456690.468808,10.391,0.006,False,Johnson V,CCD,VLYA,1.068,False
2241,SN 2014J,000-BLG-310,2456690.483588,10.386,0.004,False,Johnson V,CCD,VLYA,1.060,False
2242,SN 2014J,000-BLG-310,2456690.470382,9.865,0.005,False,Cousins R,CCD,VLYA,1.067,False
2243,SN 2014J,000-BLG-310,2456690.471181,9.871,0.005,False,Cousins R,CCD,VLYA,1.066,False
2244,SN 2014J,000-BLG-310,2456690.471968,9.872,0.005,False,Cousins R,CCD,VLYA,1.066,False
2245,SN 2014J,000-BLG-310,2456690.473542,9.866,0.005,False,Cousins R,CCD,VLYA,1.065,False
2246,SN 2014J,000-BLG-310,2456690.575384,9.7520,0.0066,False,Cousins R,CCD,VAQA,6.223,False
2247,SN 2014J,000-BLG-310,2456690.57855,9.8563,0.0070,False,Cousins R,CCD,VAQA,5.975,False
2248,SN 2014J,000-BLG-310,2456690.581493,9.7666,0.0063,False,Cousins R,CCD,VAQA,5.975,False
2249,SN 2014J,000-BLG-310,2456690.586174,9.8261,0.0058,False,Cousins R,CCD,VAQA,5.539,False
2250,SN 2014J,000-BLG-310,2456690.590912,9.7578,0.0069,False,Cousins R,CCD,VAQA,5.346,False
2251,SN 2014J,000-BLG-310,2456690.593276,9.7489,0.0060,False,Cousins R,CCD,VAQA,5.168,False
2252,SN 2014J,000-BLG-310,2456690.595639,9.7871,0.0061,False,Cousins R,CCD,VAQA,5.003,False
2253,SN 2014J,000-BLG-310,2456690.598002,9.7672,0.0069,False,Cousins R,CCD,VAQA,5.003,False
2254,SN 2014J,000-BLG-310,2456690.600366,9.8159,0.0065,False,Cousins R,CCD,VAQA,4.849,False
2255,SN 2014J,000-BLG-310,2456690.602728,9.7857,0.0067,False,Cousins R,CCD,VAQA,4.707,False
2256,SN 2014J,000-BLG-310,2456690.605094,9.7480,0.0065,False,Cousins R,CCD,VAQA,4.707,False
2257,SN 2014J,000-BLG-310,2456690.607457,9.7565,0.0066,False,Cousins R,CCD,VAQA,4.574,False
2258,SN 2014J,000-BLG-310,2456691.46431,10.590,0.029,False,Johnson V,CCD,RZD,1.200,False
2259,SN 2014J,000-BLG-310,2456691.46488,10.585,0.029,False,Johnson V,CCD,RZD,1.200,False
2260,SN 2014J,000-BLG-310,2456691.469610,9.939,0.023,False,Cousins R,CCD,RZD,1.194,False
2261,SN 2014J,000-BLG-310,2456691.466510,9.650,0.052,False,Cousins I,CCD,RZD,1.198,False
2262,SN 2014J,000-BLG-310,2456691.613519,10.598,,False,Johnson V,CCD,NAO,,False
2263,SN 2014J,000-BLG-310,2456691.612332,11.877,,False,Johnson B,CCD,NAO,,False
2264,SN 2014J,000-BLG-310,2456688.58457,11.803,0.032,False,Johnson B,CCD,BDGA,,False
2265,SN 2014J,000-BLG-310,2456688.58248,10.535,0.021,False,Johnson V,CCD,BDGA,,False
2266,SN 2014J,000-BLG-310,2456688.59747,9.942,0.029,False,Cousins R,CCD,BDGA,,False
2267,SN 2014J,000-BLG-310,2456688.59594,9.596,0.049,False,Cousins I,CCD,BDGA,,False
2268,SN 2014J,000-BLG-310,2456690.51141,9.599,0.028,False,Cousins I,CCD,BDGA,,False
2269,SN 2014J,000-BLG-310,2456690.50986,9.907,0.023,False,Cousins R,CCD,BDGA,,False
2270,SN 2014J,000-BLG-310,2456690.51309,10.469,0.013,False,Johnson V,CCD,BDGA,,False
2271,SN 2014J,000-BLG-310,2456690.51517,11.792,0.013,False,Johnson B,CCD,BDGA,,False
2272,SN 2014J,000-BLG-310,2456691.515509,10.500,0.002,False,Johnson V,CCD,BPO,,False
2273,SN 2014J,000-BLG-310,2456691.614497,9.837,,False,Cousins R,CCD,NAO,,False
2274,SN 2014J,000-BLG-310,2456691.615394,9.708,,False,Cousins I,CCD,NAO,,False
2275,SN 2014J,000-BLG-310,2456684.0060,10.891,0.045,False,Johnson V,CCD,KTHA,,False
2276,SN 2014J,000-BLG-310,2456686.7074,10.631,0.032,False,Johnson V,CCD,KTHA,,False
2277,SN 2014J,000-BLG-310,2456692.32708,10.525,0.013,False,Johnson V,CCD,JNDA,,False
2278,SN 2014J,000-BLG-310,2456692.32986,9.877,0.051,False,Cousins R,CCD,JNDA,,False
2279,SN 2014J,000-BLG-310,2456692.33472,9.663,0.027,False,Cousins I,CCD,JNDA,,False
2280,SN 2014J,000-BLG-310,2456689.600556,10.607,0.011,False,Johnson V,CCD,CABB,,False
2281,SN 2014J,000-BLG-310,2456690.12106,10.7,,False,Johnson V,CCD,TYGA,,False
2282,SN 2014J,000-BLG-310,2456690.12245,9.9,,False,Cousins R,CCD,TYGA,,False
2283,SN 2014J,000-BLG-310,2456690.12384,11.7,,False,Johnson B,CCD,TYGA,,False
2284,SN 2014J,000-BLG-310,2456693.295208,10.512,0.042,False,Johnson V,CCD,BPO,,False
2285,SN 2014J,000-BLG-310,2456692.39504,10.0198,0.0079,False,Cousins R,CCD,ELTA,1.283,False
2286,SN 2014J,000-BLG-310,2456692.39723,10.5707,0.0047,False,Johnson V,CCD,ELTA,1.278,False
2287,SN 2014J,000-BLG-310,2456692.62500,10.506,0.043,False,Johnson V,CCD,HJA,1.612,True
2288,SN 2014J,000-BLG-310,2456692.62500,9.909,0.043,False,Cousins R,CCD,HJA,1.587,True
2289,SN 2014J,000-BLG-310,2456691.45931,10.6,0.102,False,Johnson V,Other,JJAB,,
2290,SN 2014J,000-BLG-310,2456684.619531,10.842,0.032,False,Johnson V,CCD,CABB,,False
2291,SN 2014J,000-BLG-310,2456693.587442,10.570,0.009,False,Johnson V,CCD,CABB,,False
2292,SN 2014J,000-BLG-310,2456680.625058,11.437,0.005,False,Johnson V,CCD,BJAA,1.388,False
2293,SN 2014J,000-BLG-310,2456680.628542,11.427,0.005,False,Johnson V,CCD,BJAA,1.378,False
2294,SN 2014J,000-BLG-310,2456680.629005,11.413,0.005,False,Johnson V,CCD,BJAA,1.377,False
2295,SN 2014J,000-BLG-310,2456680.629479,11.429,0.005,False,Johnson V,CCD,BJAA,1.375,False
2296,SN 2014J,000-BLG-310,2456680.629919,11.422,0.005,False,Johnson V,CCD,BJAA,1.374,False
2297,SN 2014J,000-BLG-310,2456680.630393,11.424,0.005,False,Johnson V,CCD,BJAA,1.373,False
2298,SN 2014J,000-BLG-310,2456680.630822,11.415,0.005,False,Johnson V,CCD,BJAA,1.372,False
2299,SN 2014J,000-BLG-310,2456680.631296,11.416,0.005,False,Johnson V,CCD,BJAA,1.370,False
2300,SN 2014J,000-BLG-310,2456680.631782,11.413,0.005,False,Johnson V,CCD,BJAA,1.369,False
2301,SN 2014J,000-BLG-310,2456680.632257,11.394,0.005,False,Johnson V,CCD,BJAA,1.368,False
2302,SN 2014J,000-BLG-310,2456680.632697,11.410,0.005,False,Johnson V,CCD,BJAA,1.366,False
2303,SN 2014J,000-BLG-310,2456680.633137,11.428,0.005,False,Johnson V,CCD,BJAA,1.365,False
2304,SN 2014J,000-BLG-310,2456680.633588,11.418,0.005,False,Johnson V,CCD,BJAA,1.364,False
2305,SN 2014J,000-BLG-310,2456680.634051,11.406,0.005,False,Johnson V,CCD,BJAA,1.363,False
2306,SN 2014J,000-BLG-310,2456680.634525,11.452,0.005,False,Johnson V,CCD,BJAA,1.361,False
2307,SN 2014J,000-BLG-310,2456680.634977,11.433,0.005,False,Johnson V,CCD,BJAA,1.360,False
2308,SN 2014J,000-BLG-310,2456680.635405,11.396,0.005,False,Johnson V,CCD,BJAA,1.359,False
2309,SN 2014J,000-BLG-310,2456680.635880,11.407,0.005,False,Johnson V,CCD,BJAA,1.358,False
2310,SN 2014J,000-BLG-310,2456680.636319,11.431,0.005,False,Johnson V,CCD,BJAA,1.356,False
2311,SN 2014J,000-BLG-310,2456680.636794,11.393,0.005,False,Johnson V,CCD,BJAA,1.355,False
2312,SN 2014J,000-BLG-310,2456680.641551,11.416,0.005,False,Johnson V,CCD,BJAA,1.342,False
2313,SN 2014J,000-BLG-310,2456680.642026,11.417,0.005,False,Johnson V,CCD,BJAA,1.341,False
2314,SN 2014J,000-BLG-310,2456680.642488,11.442,0.005,False,Johnson V,CCD,BJAA,1.340,False
2315,SN 2014J,000-BLG-310,2456680.642940,11.411,0.005,False,Johnson V,CCD,BJAA,1.339,False
2316,SN 2014J,000-BLG-310,2456680.643403,11.399,0.005,False,Johnson V,CCD,BJAA,1.338,False
2317,SN 2014J,000-BLG-310,2456680.643866,11.423,0.005,False,Johnson V,CCD,BJAA,1.336,False
2318,SN 2014J,000-BLG-310,2456680.644340,11.423,0.005,False,Johnson V,CCD,BJAA,1.335,False
2319,SN 2014J,000-BLG-310,2456680.644815,11.397,0.005,False,Johnson V,CCD,BJAA,1.334,False
2320,SN 2014J,000-BLG-310,2456680.645289,11.419,0.005,False,Johnson V,CCD,BJAA,1.333,False
2321,SN 2014J,000-BLG-310,2456680.645729,11.409,0.005,False,Johnson V,CCD,BJAA,1.332,False
2322,SN 2014J,000-BLG-310,2456680.646181,11.415,0.005,False,Johnson V,CCD,BJAA,1.330,False
2323,SN 2014J,000-BLG-310,2456680.646620,11.410,0.005,False,Johnson V,CCD,BJAA,1.329,False
2324,SN 2014J,000-BLG-310,2456680.647095,11.410,0.005,False,Johnson V,CCD,BJAA,1.328,False
2325,SN 2014J,000-BLG-310,2456680.647558,11.407,0.005,False,Johnson V,CCD,BJAA,1.327,False
2326,SN 2014J,000-BLG-310,2456680.648032,11.433,0.005,False,Johnson V,CCD,BJAA,1.326,False
2327,SN 2014J,000-BLG-310,2456680.648507,11.420,0.005,False,Johnson V,CCD,BJAA,1.325,False
2328,SN 2014J,000-BLG-310,2456680.648935,11.404,0.005,False,Johnson V,CCD,BJAA,1.324,False
2329,SN 2014J,000-BLG-310,2456680.649375,11.376,0.005,False,Johnson V,CCD,BJAA,1.322,False
2330,SN 2014J,000-BLG-310,2456680.649815,11.416,0.005,False,Johnson V,CCD,BJAA,1.321,False
2331,SN 2014J,000-BLG-310,2456680.650289,11.408,0.005,False,Johnson V,CCD,BJAA,1.320,False
2332,SN 2014J,000-BLG-310,2456680.650729,11.407,0.005,False,Johnson V,CCD,BJAA,1.319,False
2333,SN 2014J,000-BLG-310,2456680.651204,11.405,0.005,False,Johnson V,CCD,BJAA,1.318,False
2334,SN 2014J,000-BLG-310,2456680.651667,11.420,0.005,False,Johnson V,CCD,BJAA,1.317,False
2335,SN 2014J,000-BLG-310,2456680.652141,11.412,0.005,False,Johnson V,CCD,BJAA,1.316,False
2336,SN 2014J,000-BLG-310,2456680.652581,11.397,0.005,False,Johnson V,CCD,BJAA,1.315,False
2337,SN 2014J,000-BLG-310,2456680.653056,11.406,0.005,False,Johnson V,CCD,BJAA,1.313,False
2338,SN 2014J,000-BLG-310,2456680.653495,11.415,0.005,False,Johnson V,CCD,BJAA,1.312,False
2339,SN 2014J,000-BLG-310,2456680.653970,11.421,0.005,False,Johnson V,CCD,BJAA,1.311,False
2340,SN 2014J,000-BLG-310,2456680.654421,11.426,0.005,False,Johnson V,CCD,BJAA,1.310,False
2341,SN 2014J,000-BLG-310,2456680.654896,11.410,0.005,False,Johnson V,CCD,BJAA,1.309,False
2342,SN 2014J,000-BLG-310,2456680.655347,11.407,0.005,False,Johnson V,CCD,BJAA,1.308,False
2343,SN 2014J,000-BLG-310,2456680.655810,11.403,0.005,False,Johnson V,CCD,BJAA,1.307,False
2344,SN 2014J,000-BLG-310,2456680.656285,11.432,0.005,False,Johnson V,CCD,BJAA,1.306,False
2345,SN 2014J,000-BLG-310,2456680.656748,11.391,0.005,False,Johnson V,CCD,BJAA,1.305,False
2346,SN 2014J,000-BLG-310,2456680.657176,11.399,0.005,False,Johnson V,CCD,BJAA,1.304,False
2347,SN 2014J,000-BLG-310,2456680.657651,11.416,0.005,False,Johnson V,CCD,BJAA,1.302,False
2348,SN 2014J,000-BLG-310,2456680.658102,11.412,0.005,False,Johnson V,CCD,BJAA,1.301,False
2349,SN 2014J,000-BLG-310,2456680.658576,11.396,0.005,False,Johnson V,CCD,BJAA,1.300,False
2350,SN 2014J,000-BLG-310,2456680.659016,11.426,0.005,False,Johnson V,CCD,BJAA,1.299,False
2351,SN 2014J,000-BLG-310,2456680.659491,11.417,0.005,False,Johnson V,CCD,BJAA,1.298,False
2352,SN 2014J,000-BLG-310,2456680.659954,11.435,0.005,False,Johnson V,CCD,BJAA,1.297,False
2353,SN 2014J,000-BLG-310,2456680.660428,11.412,0.005,False,Johnson V,CCD,BJAA,1.296,False
2354,SN 2014J,000-BLG-310,2456680.660903,11.414,0.005,False,Johnson V,CCD,BJAA,1.295,False
2355,SN 2014J,000-BLG-310,2456680.661366,11.414,0.005,False,Johnson V,CCD,BJAA,1.294,False
2356,SN 2014J,000-BLG-310,2456680.661840,11.411,0.005,False,Johnson V,CCD,BJAA,1.293,False
2357,SN 2014J,000-BLG-310,2456680.662315,11.398,0.005,False,Johnson V,CCD,BJAA,1.292,False
2358,SN 2014J,000-BLG-310,2456680.662755,11.414,0.005,False,Johnson V,CCD,BJAA,1.291,False
2359,SN 2014J,000-BLG-310,2456680.663194,11.409,0.005,False,Johnson V,CCD,BJAA,1.290,False
2360,SN 2014J,000-BLG-310,2456680.663681,11.405,0.005,False,Johnson V,CCD,BJAA,1.289,False
2361,SN 2014J,000-BLG-310,2456680.664155,11.420,0.005,False,Johnson V,CCD,BJAA,1.287,False
2362,SN 2014J,000-BLG-310,2456680.664630,11.431,0.005,False,Johnson V,CCD,BJAA,1.286,False
2363,SN 2014J,000-BLG-310,2456680.665104,11.431,0.005,False,Johnson V,CCD,BJAA,1.285,False
2364,SN 2014J,000-BLG-310,2456680.665579,11.418,0.005,False,Johnson V,CCD,BJAA,1.284,False
2365,SN 2014J,000-BLG-310,2456680.666053,11.413,0.005,False,Johnson V,CCD,BJAA,1.283,False
2366,SN 2014J,000-BLG-310,2456680.666968,11.412,0.005,False,Johnson V,CCD,BJAA,1.281,False
2367,SN 2014J,000-BLG-310,2456680.667454,11.402,0.005,False,Johnson V,CCD,BJAA,1.280,False
2368,SN 2014J,000-BLG-310,2456680.667917,11.402,0.005,False,Johnson V,CCD,BJAA,1.279,False
2369,SN 2014J,000-BLG-310,2456680.668391,11.405,0.005,False,Johnson V,CCD,BJAA,1.278,False
2370,SN 2014J,000-BLG-310,2456680.668901,11.407,0.005,False,Johnson V,CCD,BJAA,1.277,False
2371,SN 2014J,000-BLG-310,2456680.669340,11.409,0.005,False,Johnson V,CCD,BJAA,1.276,False
2372,SN 2014J,000-BLG-310,2456680.669780,11.434,0.005,False,Johnson V,CCD,BJAA,1.275,False
2373,SN 2014J,000-BLG-310,2456680.670243,11.412,0.005,False,Johnson V,CCD,BJAA,1.274,False
2374,SN 2014J,000-BLG-310,2456680.670706,11.397,0.005,False,Johnson V,CCD,BJAA,1.273,False
2375,SN 2014J,000-BLG-310,2456680.671146,11.378,0.005,False,Johnson V,CCD,BJAA,1.272,False
2376,SN 2014J,000-BLG-310,2456680.671620,11.417,0.005,False,Johnson V,CCD,BJAA,1.271,False
2377,SN 2014J,000-BLG-310,2456680.672060,11.408,0.005,False,Johnson V,CCD,BJAA,1.270,False
2378,SN 2014J,000-BLG-310,2456680.672500,11.404,0.005,False,Johnson V,CCD,BJAA,1.269,False
2379,SN 2014J,000-BLG-310,2456680.672974,11.405,0.005,False,Johnson V,CCD,BJAA,1.268,False
2380,SN 2014J,000-BLG-310,2456680.673414,11.391,0.005,False,Johnson V,CCD,BJAA,1.267,False
2381,SN 2014J,000-BLG-310,2456680.673877,11.407,0.005,False,Johnson V,CCD,BJAA,1.266,False
2382,SN 2014J,000-BLG-310,2456680.674340,11.397,0.005,False,Johnson V,CCD,BJAA,1.265,False
2383,SN 2014J,000-BLG-310,2456680.674815,11.425,0.005,False,Johnson V,CCD,BJAA,1.264,False
2384,SN 2014J,000-BLG-310,2456680.675266,11.422,0.005,False,Johnson V,CCD,BJAA,1.264,False
2385,SN 2014J,000-BLG-310,2456680.675741,11.413,0.005,False,Johnson V,CCD,BJAA,1.263,False
2386,SN 2014J,000-BLG-310,2456680.676169,11.412,0.005,False,Johnson V,CCD,BJAA,1.262,False
2387,SN 2014J,000-BLG-310,2456680.676609,11.400,0.005,False,Johnson V,CCD,BJAA,1.261,False
2388,SN 2014J,000-BLG-310,2456680.677049,11.404,0.005,False,Johnson V,CCD,BJAA,1.260,False
2389,SN 2014J,000-BLG-310,2456680.677512,11.374,0.005,False,Johnson V,CCD,BJAA,1.259,False
2390,SN 2014J,000-BLG-310,2456680.677940,11.425,0.005,False,Johnson V,CCD,BJAA,1.258,False
2391,SN 2014J,000-BLG-310,2456680.678380,11.398,0.005,False,Johnson V,CCD,BJAA,1.257,False
2392,SN 2014J,000-BLG-310,2456680.678819,11.420,0.005,False,Johnson V,CCD,BJAA,1.256,False
2393,SN 2014J,000-BLG-310,2456680.679271,11.381,0.005,False,Johnson V,CCD,BJAA,1.255,False
2394,SN 2014J,000-BLG-310,2456680.679722,11.401,0.005,False,Johnson V,CCD,BJAA,1.255,False
2395,SN 2014J,000-BLG-310,2456680.680162,11.428,0.005,False,Johnson V,CCD,BJAA,1.254,False
2396,SN 2014J,000-BLG-310,2456680.680590,11.425,0.005,False,Johnson V,CCD,BJAA,1.253,False
2397,SN 2014J,000-BLG-310,2456680.681065,11.415,0.005,False,Johnson V,CCD,BJAA,1.252,False
2398,SN 2014J,000-BLG-310,2456680.681539,11.408,0.005,False,Johnson V,CCD,BJAA,1.251,False
2399,SN 2014J,000-BLG-310,2456680.681968,11.411,0.005,False,Johnson V,CCD,BJAA,1.250,False
2400,SN 2014J,000-BLG-310,2456680.682442,11.395,0.005,False,Johnson V,CCD,BJAA,1.249,False
2401,SN 2014J,000-BLG-310,2456680.682882,11.407,0.005,False,Johnson V,CCD,BJAA,1.248,False
2402,SN 2014J,000-BLG-310,2456680.683310,11.425,0.005,False,Johnson V,CCD,BJAA,1.247,False
2403,SN 2014J,000-BLG-310,2456680.683762,11.409,0.005,False,Johnson V,CCD,BJAA,1.247,False
2404,SN 2014J,000-BLG-310,2456680.684190,11.402,0.005,False,Johnson V,CCD,BJAA,1.246,False
2405,SN 2014J,000-BLG-310,2456680.684630,11.397,0.005,False,Johnson V,CCD,BJAA,1.245,False
2406,SN 2014J,000-BLG-310,2456680.685069,11.400,0.005,False,Johnson V,CCD,BJAA,1.244,False
2407,SN 2014J,000-BLG-310,2456680.685509,11.428,0.005,False,Johnson V,CCD,BJAA,1.243,False
2408,SN 2014J,000-BLG-310,2456680.685984,11.398,0.005,False,Johnson V,CCD,BJAA,1.242,False
2409,SN 2014J,000-BLG-310,2456680.686424,11.399,0.005,False,Johnson V,CCD,BJAA,1.242,False
2410,SN 2014J,000-BLG-310,2456680.686863,11.390,0.005,False,Johnson V,CCD,BJAA,1.241,False
2411,SN 2014J,000-BLG-310,2456680.687326,11.398,0.005,False,Johnson V,CCD,BJAA,1.240,False
2412,SN 2014J,000-BLG-310,2456680.687766,11.385,0.005,False,Johnson V,CCD,BJAA,1.239,False
2413,SN 2014J,000-BLG-310,2456680.688241,11.412,0.005,False,Johnson V,CCD,BJAA,1.238,False
2414,SN 2014J,000-BLG-310,2456680.688681,11.393,0.005,False,Johnson V,CCD,BJAA,1.237,False
2415,SN 2014J,000-BLG-310,2456680.689109,11.444,0.005,False,Johnson V,CCD,BJAA,1.236,False
2416,SN 2014J,000-BLG-310,2456680.689583,11.421,0.005,False,Johnson V,CCD,BJAA,1.236,False
2417,SN 2014J,000-BLG-310,2456680.690012,11.406,0.005,False,Johnson V,CCD,BJAA,1.235,False
2418,SN 2014J,000-BLG-310,2456680.690440,11.410,0.005,False,Johnson V,CCD,BJAA,1.234,False
2419,SN 2014J,000-BLG-310,2456680.690880,11.381,0.005,False,Johnson V,CCD,BJAA,1.233,False
2420,SN 2014J,000-BLG-310,2456680.691354,11.419,0.005,False,Johnson V,CCD,BJAA,1.232,False
2421,SN 2014J,000-BLG-310,2456680.691794,11.417,0.005,False,Johnson V,CCD,BJAA,1.232,False
2422,SN 2014J,000-BLG-310,2456680.692234,11.387,0.005,False,Johnson V,CCD,BJAA,1.231,False
2423,SN 2014J,000-BLG-310,2456680.692662,11.402,0.005,False,Johnson V,CCD,BJAA,1.230,False
2424,SN 2014J,000-BLG-310,2456680.693148,11.411,0.005,False,Johnson V,CCD,BJAA,1.229,False
2425,SN 2014J,000-BLG-310,2456680.693588,11.390,0.005,False,Johnson V,CCD,BJAA,1.228,False
2426,SN 2014J,000-BLG-310,2456680.694016,11.423,0.005,False,Johnson V,CCD,BJAA,1.228,False
2427,SN 2014J,000-BLG-310,2456680.694456,11.404,0.005,False,Johnson V,CCD,BJAA,1.227,False
2428,SN 2014J,000-BLG-310,2456680.694896,11.382,0.005,False,Johnson V,CCD,BJAA,1.226,False
2429,SN 2014J,000-BLG-310,2456680.695336,11.436,0.005,False,Johnson V,CCD,BJAA,1.225,False
2430,SN 2014J,000-BLG-310,2456680.695799,11.416,0.005,False,Johnson V,CCD,BJAA,1.224,False
2431,SN 2014J,000-BLG-310,2456680.696238,11.380,0.005,False,Johnson V,CCD,BJAA,1.224,False
2432,SN 2014J,000-BLG-310,2456680.696701,11.388,0.005,False,Johnson V,CCD,BJAA,1.223,False
2433,SN 2014J,000-BLG-310,2456680.697153,11.409,0.005,False,Johnson V,CCD,BJAA,1.222,False
2434,SN 2014J,000-BLG-310,2456680.697581,11.418,0.005,False,Johnson V,CCD,BJAA,1.221,False
2435,SN 2014J,000-BLG-310,2456680.698021,11.422,0.005,False,Johnson V,CCD,BJAA,1.221,False
2436,SN 2014J,000-BLG-310,2456680.698461,11.372,0.005,False,Johnson V,CCD,BJAA,1.220,False
2437,SN 2014J,000-BLG-310,2456680.698935,11.412,0.005,False,Johnson V,CCD,BJAA,1.219,False
2438,SN 2014J,000-BLG-310,2456680.699375,11.388,0.005,False,Johnson V,CCD,BJAA,1.218,False
2439,SN 2014J,000-BLG-310,2456680.699849,11.404,0.005,False,Johnson V,CCD,BJAA,1.218,False
2440,SN 2014J,000-BLG-310,2456680.700301,11.401,0.005,False,Johnson V,CCD,BJAA,1.217,False
2441,SN 2014J,000-BLG-310,2456680.700764,11.394,0.005,False,Johnson V,CCD,BJAA,1.216,False
2442,SN 2014J,000-BLG-310,2456680.701204,11.412,0.005,False,Johnson V,CCD,BJAA,1.215,False
2443,SN 2014J,000-BLG-310,2456680.701644,11.409,0.005,False,Johnson V,CCD,BJAA,1.215,False
2444,SN 2014J,000-BLG-310,2456680.702083,11.396,0.005,False,Johnson V,CCD,BJAA,1.214,False
2445,SN 2014J,000-BLG-310,2456680.702523,11.389,0.005,False,Johnson V,CCD,BJAA,1.213,False
2446,SN 2014J,000-BLG-310,2456680.702963,11.396,0.005,False,Johnson V,CCD,BJAA,1.212,False
2447,SN 2014J,000-BLG-310,2456680.703391,11.401,0.005,False,Johnson V,CCD,BJAA,1.212,False
2448,SN 2014J,000-BLG-310,2456680.703831,11.405,0.005,False,Johnson V,CCD,BJAA,1.211,False
2449,SN 2014J,000-BLG-310,2456680.704306,11.420,0.005,False,Johnson V,CCD,BJAA,1.210,False
2450,SN 2014J,000-BLG-310,2456680.704768,11.388,0.005,False,Johnson V,CCD,BJAA,1.209,False
2451,SN 2014J,000-BLG-310,2456680.705220,11.428,0.005,False,Johnson V,CCD,BJAA,1.209,False
2452,SN 2014J,000-BLG-310,2456680.705660,11.388,0.005,False,Johnson V,CCD,BJAA,1.208,False
2453,SN 2014J,000-BLG-310,2456680.706088,11.423,0.005,False,Johnson V,CCD,BJAA,1.207,False
2454,SN 2014J,000-BLG-310,2456680.706574,11.413,0.005,False,Johnson V,CCD,BJAA,1.207,False
2455,SN 2014J,000-BLG-310,2456680.707037,11.395,0.005,False,Johnson V,CCD,BJAA,1.206,False
2456,SN 2014J,000-BLG-310,2456680.707477,11.407,0.005,False,Johnson V,CCD,BJAA,1.205,False
2457,SN 2014J,000-BLG-310,2456680.707905,11.386,0.005,False,Johnson V,CCD,BJAA,1.204,False
2458,SN 2014J,000-BLG-310,2456680.708345,11.399,0.005,False,Johnson V,CCD,BJAA,1.204,False
2459,SN 2014J,000-BLG-310,2456680.708773,11.410,0.005,False,Johnson V,CCD,BJAA,1.203,False
2460,SN 2014J,000-BLG-310,2456680.709213,11.418,0.005,False,Johnson V,CCD,BJAA,1.202,False
2461,SN 2014J,000-BLG-310,2456680.709653,11.413,0.005,False,Johnson V,CCD,BJAA,1.202,False
2462,SN 2014J,000-BLG-310,2456680.710093,11.387,0.005,False,Johnson V,CCD,BJAA,1.201,False
2463,SN 2014J,000-BLG-310,2456680.710532,11.405,0.005,False,Johnson V,CCD,BJAA,1.200,False
2464,SN 2014J,000-BLG-310,2456680.710961,11.406,0.005,False,Johnson V,CCD,BJAA,1.200,False
2465,SN 2014J,000-BLG-310,2456680.711401,11.402,0.005,False,Johnson V,CCD,BJAA,1.199,False
2466,SN 2014J,000-BLG-310,2456680.711875,11.424,0.005,False,Johnson V,CCD,BJAA,1.198,False
2467,SN 2014J,000-BLG-310,2456680.712303,11.403,0.005,False,Johnson V,CCD,BJAA,1.198,False
2468,SN 2014J,000-BLG-310,2456680.712743,11.405,0.005,False,Johnson V,CCD,BJAA,1.197,False
2469,SN 2014J,000-BLG-310,2456680.713218,11.403,0.005,False,Johnson V,CCD,BJAA,1.196,False
2470,SN 2014J,000-BLG-310,2456680.713657,11.399,0.005,False,Johnson V,CCD,BJAA,1.196,False
2471,SN 2014J,000-BLG-310,2456680.714086,11.403,0.005,False,Johnson V,CCD,BJAA,1.195,False
2472,SN 2014J,000-BLG-310,2456680.714537,11.420,0.005,False,Johnson V,CCD,BJAA,1.194,False
2473,SN 2014J,000-BLG-310,2456680.714965,11.408,0.005,False,Johnson V,CCD,BJAA,1.194,False
2474,SN 2014J,000-BLG-310,2456680.715417,11.385,0.005,False,Johnson V,CCD,BJAA,1.193,False
2475,SN 2014J,000-BLG-310,2456680.715845,11.415,0.005,False,Johnson V,CCD,BJAA,1.193,False
2476,SN 2014J,000-BLG-310,2456680.716285,11.401,0.005,False,Johnson V,CCD,BJAA,1.192,False
2477,SN 2014J,000-BLG-310,2456680.716725,11.402,0.005,False,Johnson V,CCD,BJAA,1.191,False
2478,SN 2014J,000-BLG-310,2456680.717188,11.416,0.005,False,Johnson V,CCD,BJAA,1.191,False
2479,SN 2014J,000-BLG-310,2456680.717639,11.438,0.005,False,Johnson V,CCD,BJAA,1.190,False
2480,SN 2014J,000-BLG-310,2456680.718079,11.400,0.005,False,Johnson V,CCD,BJAA,1.189,False
2481,SN 2014J,000-BLG-310,2456680.718507,11.424,0.005,False,Johnson V,CCD,BJAA,1.189,False
2482,SN 2014J,000-BLG-310,2456680.718947,11.407,0.005,False,Johnson V,CCD,BJAA,1.188,False
2483,SN 2014J,000-BLG-310,2456680.719387,11.416,0.005,False,Johnson V,CCD,BJAA,1.187,False
2484,SN 2014J,000-BLG-310,2456680.719849,11.409,0.005,False,Johnson V,CCD,BJAA,1.187,False
2485,SN 2014J,000-BLG-310,2456680.720289,11.373,0.005,False,Johnson V,CCD,BJAA,1.186,False
2486,SN 2014J,000-BLG-310,2456680.720729,11.402,0.005,False,Johnson V,CCD,BJAA,1.186,False
2487,SN 2014J,000-BLG-310,2456680.721169,11.413,0.005,False,Johnson V,CCD,BJAA,1.185,False
2488,SN 2014J,000-BLG-310,2456680.721609,11.423,0.005,False,Johnson V,CCD,BJAA,1.184,False
2489,SN 2014J,000-BLG-310,2456680.722037,11.401,0.005,False,Johnson V,CCD,BJAA,1.184,False
2490,SN 2014J,000-BLG-310,2456680.722477,11.394,0.005,False,Johnson V,CCD,BJAA,1.183,False
2491,SN 2014J,000-BLG-310,2456680.722917,11.383,0.005,False,Johnson V,CCD,BJAA,1.183,False
2492,SN 2014J,000-BLG-310,2456680.723356,11.403,0.005,False,Johnson V,CCD,BJAA,1.182,False
2493,SN 2014J,000-BLG-310,2456680.723785,11.405,0.005,False,Johnson V,CCD,BJAA,1.181,False
2494,SN 2014J,000-BLG-310,2456680.724224,11.408,0.005,False,Johnson V,CCD,BJAA,1.181,False
2495,SN 2014J,000-BLG-310,2456680.724664,11.394,0.005,False,Johnson V,CCD,BJAA,1.180,False
2496,SN 2014J,000-BLG-310,2456680.725093,11.407,0.005,False,Johnson V,CCD,BJAA,1.180,False
2497,SN 2014J,000-BLG-310,2456680.725532,11.405,0.005,False,Johnson V,CCD,BJAA,1.179,False
2498,SN 2014J,000-BLG-310,2456680.726007,11.414,0.005,False,Johnson V,CCD,BJAA,1.179,False
2499,SN 2014J,000-BLG-310,2456680.726447,11.412,0.005,False,Johnson V,CCD,BJAA,1.178,False
2500,SN 2014J,000-BLG-310,2456680.726887,11.375,0.005,False,Johnson V,CCD,BJAA,1.177,False
2501,SN 2014J,000-BLG-310,2456680.727315,11.416,0.005,False,Johnson V,CCD,BJAA,1.177,False
2502,SN 2014J,000-BLG-310,2456680.727789,11.406,0.005,False,Johnson V,CCD,BJAA,1.176,False
2503,SN 2014J,000-BLG-310,2456680.728264,11.405,0.005,False,Johnson V,CCD,BJAA,1.176,False
2504,SN 2014J,000-BLG-310,2456680.728704,11.415,0.005,False,Johnson V,CCD,BJAA,1.175,False
2505,SN 2014J,000-BLG-310,2456680.729178,11.401,0.005,False,Johnson V,CCD,BJAA,1.174,False
2506,SN 2014J,000-BLG-310,2456680.729618,11.406,0.005,False,Johnson V,CCD,BJAA,1.174,False
2507,SN 2014J,000-BLG-310,2456680.730093,11.409,0.005,False,Johnson V,CCD,BJAA,1.173,False
2508,SN 2014J,000-BLG-310,2456680.730532,11.388,0.005,False,Johnson V,CCD,BJAA,1.173,False
2509,SN 2014J,000-BLG-310,2456680.730972,11.406,0.005,False,Johnson V,CCD,BJAA,1.172,False
2510,SN 2014J,000-BLG-310,2456680.731412,11.396,0.005,False,Johnson V,CCD,BJAA,1.172,False
2511,SN 2014J,000-BLG-310,2456680.731852,11.405,0.005,False,Johnson V,CCD,BJAA,1.171,False
2512,SN 2014J,000-BLG-310,2456680.732280,11.410,0.005,False,Johnson V,CCD,BJAA,1.171,False
2513,SN 2014J,000-BLG-310,2456680.732720,11.397,0.005,False,Johnson V,CCD,BJAA,1.170,False
2514,SN 2014J,000-BLG-310,2456680.733148,11.423,0.005,False,Johnson V,CCD,BJAA,1.170,False
2515,SN 2014J,000-BLG-310,2456680.733599,11.393,0.005,False,Johnson V,CCD,BJAA,1.169,False
2516,SN 2014J,000-BLG-310,2456680.734028,11.415,0.005,False,Johnson V,CCD,BJAA,1.169,False
2517,SN 2014J,000-BLG-310,2456680.734479,11.421,0.005,False,Johnson V,CCD,BJAA,1.168,False
2518,SN 2014J,000-BLG-310,2456680.734942,11.398,0.005,False,Johnson V,CCD,BJAA,1.167,False
2519,SN 2014J,000-BLG-310,2456680.735382,11.401,0.005,False,Johnson V,CCD,BJAA,1.167,False
2520,SN 2014J,000-BLG-310,2456680.735822,11.370,0.005,False,Johnson V,CCD,BJAA,1.166,False
2521,SN 2014J,000-BLG-310,2456680.736262,11.400,0.005,False,Johnson V,CCD,BJAA,1.166,False
2522,SN 2014J,000-BLG-310,2456680.736701,11.398,0.005,False,Johnson V,CCD,BJAA,1.165,False
2523,SN 2014J,000-BLG-310,2456680.737141,11.403,0.005,False,Johnson V,CCD,BJAA,1.165,False
2524,SN 2014J,000-BLG-310,2456680.737581,11.397,0.005,False,Johnson V,CCD,BJAA,1.164,False
2525,SN 2014J,000-BLG-310,2456680.738021,11.401,0.005,False,Johnson V,CCD,BJAA,1.164,False
2526,SN 2014J,000-BLG-310,2456680.738449,11.384,0.005,False,Johnson V,CCD,BJAA,1.163,False
2527,SN 2014J,000-BLG-310,2456680.738889,11.411,0.005,False,Johnson V,CCD,BJAA,1.163,False
2528,SN 2014J,000-BLG-310,2456680.739317,11.380,0.005,False,Johnson V,CCD,BJAA,1.162,False
2529,SN 2014J,000-BLG-310,2456680.739757,11.405,0.005,False,Johnson V,CCD,BJAA,1.162,False
2530,SN 2014J,000-BLG-310,2456680.740197,11.396,0.005,False,Johnson V,CCD,BJAA,1.161,False
2531,SN 2014J,000-BLG-310,2456680.740625,11.406,0.005,False,Johnson V,CCD,BJAA,1.161,False
2532,SN 2014J,000-BLG-310,2456680.741065,11.432,0.005,False,Johnson V,CCD,BJAA,1.161,False
2533,SN 2014J,000-BLG-310,2456680.741528,11.400,0.005,False,Johnson V,CCD,BJAA,1.160,False
2534,SN 2014J,000-BLG-310,2456680.741968,11.378,0.005,False,Johnson V,CCD,BJAA,1.160,False
2535,SN 2014J,000-BLG-310,2456680.742407,11.406,0.005,False,Johnson V,CCD,BJAA,1.159,False
2536,SN 2014J,000-BLG-310,2456680.742859,11.415,0.005,False,Johnson V,CCD,BJAA,1.159,False
2537,SN 2014J,000-BLG-310,2456680.743287,11.414,0.005,False,Johnson V,CCD,BJAA,1.158,False
2538,SN 2014J,000-BLG-310,2456680.743727,11.378,0.005,False,Johnson V,CCD,BJAA,1.158,False
2539,SN 2014J,000-BLG-310,2456680.744167,11.408,0.005,False,Johnson V,CCD,BJAA,1.157,False
2540,SN 2014J,000-BLG-310,2456680.744607,11.372,0.005,False,Johnson V,CCD,BJAA,1.157,False
2541,SN 2014J,000-BLG-310,2456680.745035,11.414,0.005,False,Johnson V,CCD,BJAA,1.156,False
2542,SN 2014J,000-BLG-310,2456680.745475,11.404,0.005,False,Johnson V,CCD,BJAA,1.156,False
2543,SN 2014J,000-BLG-310,2456680.745914,11.412,0.005,False,Johnson V,CCD,BJAA,1.155,False
2544,SN 2014J,000-BLG-310,2456680.746354,11.411,0.005,False,Johnson V,CCD,BJAA,1.155,False
2545,SN 2014J,000-BLG-310,2456680.746794,11.400,0.005,False,Johnson V,CCD,BJAA,1.154,False
2546,SN 2014J,000-BLG-310,2456680.747222,11.411,0.005,False,Johnson V,CCD,BJAA,1.154,False
2547,SN 2014J,000-BLG-310,2456680.747662,11.388,0.005,False,Johnson V,CCD,BJAA,1.154,False
2548,SN 2014J,000-BLG-310,2456680.748090,11.404,0.005,False,Johnson V,CCD,BJAA,1.153,False
2549,SN 2014J,000-BLG-310,2456680.748530,11.395,0.005,False,Johnson V,CCD,BJAA,1.153,False
2550,SN 2014J,000-BLG-310,2456680.748958,11.384,0.005,False,Johnson V,CCD,BJAA,1.152,False
2551,SN 2014J,000-BLG-310,2456680.749398,11.393,0.005,False,Johnson V,CCD,BJAA,1.152,False
2552,SN 2014J,000-BLG-310,2456680.749873,11.408,0.005,False,Johnson V,CCD,BJAA,1.151,False
2553,SN 2014J,000-BLG-310,2456680.750313,11.409,0.005,False,Johnson V,CCD,BJAA,1.151,False
2554,SN 2014J,000-BLG-310,2456680.750752,11.374,0.005,False,Johnson V,CCD,BJAA,1.151,False
2555,SN 2014J,000-BLG-310,2456680.751181,11.374,0.005,False,Johnson V,CCD,BJAA,1.150,False
2556,SN 2014J,000-BLG-310,2456680.751620,11.400,0.005,False,Johnson V,CCD,BJAA,1.150,False
2557,SN 2014J,000-BLG-310,2456680.752060,11.396,0.005,False,Johnson V,CCD,BJAA,1.149,False
2558,SN 2014J,000-BLG-310,2456680.752500,11.382,0.005,False,Johnson V,CCD,BJAA,1.149,False
2559,SN 2014J,000-BLG-310,2456680.752940,11.389,0.005,False,Johnson V,CCD,BJAA,1.148,False
2560,SN 2014J,000-BLG-310,2456680.753368,11.398,0.005,False,Johnson V,CCD,BJAA,1.148,False
2561,SN 2014J,000-BLG-310,2456680.753819,11.387,0.005,False,Johnson V,CCD,BJAA,1.148,False
2562,SN 2014J,000-BLG-310,2456680.754259,11.403,0.005,False,Johnson V,CCD,BJAA,1.147,False
2563,SN 2014J,000-BLG-310,2456680.754688,11.364,0.005,False,Johnson V,CCD,BJAA,1.147,False
2564,SN 2014J,000-BLG-310,2456680.755127,11.404,0.005,False,Johnson V,CCD,BJAA,1.146,False
2565,SN 2014J,000-BLG-310,2456680.755567,11.396,0.005,False,Johnson V,CCD,BJAA,1.146,False
2566,SN 2014J,000-BLG-310,2456680.756007,11.409,0.005,False,Johnson V,CCD,BJAA,1.146,False
2567,SN 2014J,000-BLG-310,2456680.756435,11.398,0.005,False,Johnson V,CCD,BJAA,1.145,False
2568,SN 2014J,000-BLG-310,2456680.757303,11.410,0.005,False,Johnson V,CCD,BJAA,1.144,False
2569,SN 2014J,000-BLG-310,2456680.757789,11.402,0.005,False,Johnson V,CCD,BJAA,1.144,False
2570,SN 2014J,000-BLG-310,2456680.758218,11.391,0.005,False,Johnson V,CCD,BJAA,1.144,False
2571,SN 2014J,000-BLG-310,2456680.758657,11.380,0.005,False,Johnson V,CCD,BJAA,1.143,False
2572,SN 2014J,000-BLG-310,2456680.759086,11.368,0.005,False,Johnson V,CCD,BJAA,1.143,False
2573,SN 2014J,000-BLG-310,2456680.759537,11.387,0.005,False,Johnson V,CCD,BJAA,1.143,False
2574,SN 2014J,000-BLG-310,2456680.759965,11.422,0.005,False,Johnson V,CCD,BJAA,1.142,False
2575,SN 2014J,000-BLG-310,2456680.760393,11.390,0.005,False,Johnson V,CCD,BJAA,1.142,False
2576,SN 2014J,000-BLG-310,2456680.760833,11.409,0.005,False,Johnson V,CCD,BJAA,1.141,False
2577,SN 2014J,000-BLG-310,2456680.761285,11.380,0.005,False,Johnson V,CCD,BJAA,1.141,False
2578,SN 2014J,000-BLG-310,2456680.761724,11.410,0.005,False,Johnson V,CCD,BJAA,1.141,False
2579,SN 2014J,000-BLG-310,2456680.762153,11.387,0.005,False,Johnson V,CCD,BJAA,1.140,False
2580,SN 2014J,000-BLG-310,2456680.762593,11.398,0.005,False,Johnson V,CCD,BJAA,1.140,False
2581,SN 2014J,000-BLG-310,2456680.763067,11.379,0.005,False,Johnson V,CCD,BJAA,1.140,False
2582,SN 2014J,000-BLG-310,2456680.763542,11.392,0.005,False,Johnson V,CCD,BJAA,1.139,False
2583,SN 2014J,000-BLG-310,2456680.763982,11.406,0.005,False,Johnson V,CCD,BJAA,1.139,False
2584,SN 2014J,000-BLG-310,2456680.764410,11.400,0.005,False,Johnson V,CCD,BJAA,1.139,False
2585,SN 2014J,000-BLG-310,2456680.764849,11.397,0.005,False,Johnson V,CCD,BJAA,1.138,False
2586,SN 2014J,000-BLG-310,2456680.765312,11.413,0.005,False,Johnson V,CCD,BJAA,1.138,False
2587,SN 2014J,000-BLG-310,2456680.765764,11.421,0.005,False,Johnson V,CCD,BJAA,1.138,False
2588,SN 2014J,000-BLG-310,2456680.766192,11.403,0.005,False,Johnson V,CCD,BJAA,1.137,False
2589,SN 2014J,000-BLG-310,2456680.766620,11.410,0.005,False,Johnson V,CCD,BJAA,1.137,False
2590,SN 2014J,000-BLG-310,2456680.767060,11.390,0.005,False,Johnson V,CCD,BJAA,1.137,False
2591,SN 2014J,000-BLG-310,2456680.767500,11.409,0.005,False,Johnson V,CCD,BJAA,1.136,False
2592,SN 2014J,000-BLG-310,2456680.767940,11.400,0.005,False,Johnson V,CCD,BJAA,1.136,False
2593,SN 2014J,000-BLG-310,2456680.768380,11.374,0.005,False,Johnson V,CCD,BJAA,1.136,False
2594,SN 2014J,000-BLG-310,2456680.768819,11.367,0.005,False,Johnson V,CCD,BJAA,1.135,False
2595,SN 2014J,000-BLG-310,2456680.769259,11.410,0.005,False,Johnson V,CCD,BJAA,1.135,False
2596,SN 2014J,000-BLG-310,2456680.769687,11.373,0.005,False,Johnson V,CCD,BJAA,1.135,False
2597,SN 2014J,000-BLG-310,2456680.770162,11.375,0.005,False,Johnson V,CCD,BJAA,1.134,False
2598,SN 2014J,000-BLG-310,2456680.770602,11.382,0.005,False,Johnson V,CCD,BJAA,1.134,False
2599,SN 2014J,000-BLG-310,2456680.771042,11.413,0.005,False,Johnson V,CCD,BJAA,1.134,False
2600,SN 2014J,000-BLG-310,2456680.771470,11.398,0.005,False,Johnson V,CCD,BJAA,1.133,False
2601,SN 2014J,000-BLG-310,2456680.771910,11.405,0.005,False,Johnson V,CCD,BJAA,1.133,False
2602,SN 2014J,000-BLG-310,2456680.772338,11.409,0.005,False,Johnson V,CCD,BJAA,1.133,False
2603,SN 2014J,000-BLG-310,2456680.772778,11.384,0.005,False,Johnson V,CCD,BJAA,1.132,False
2604,SN 2014J,000-BLG-310,2456680.773218,11.394,0.005,False,Johnson V,CCD,BJAA,1.132,False
2605,SN 2014J,000-BLG-310,2456680.773646,11.392,0.005,False,Johnson V,CCD,BJAA,1.132,False
2606,SN 2014J,000-BLG-310,2456680.774086,11.409,0.005,False,Johnson V,CCD,BJAA,1.132,False
2607,SN 2014J,000-BLG-310,2456680.774525,11.382,0.005,False,Johnson V,CCD,BJAA,1.131,False
2608,SN 2014J,000-BLG-310,2456680.775000,11.404,0.005,False,Johnson V,CCD,BJAA,1.131,False
2609,SN 2014J,000-BLG-310,2456680.775451,11.393,0.005,False,Johnson V,CCD,BJAA,1.131,False
2610,SN 2014J,000-BLG-310,2456680.775926,11.393,0.005,False,Johnson V,CCD,BJAA,1.130,False
2611,SN 2014J,000-BLG-310,2456680.776377,11.371,0.005,False,Johnson V,CCD,BJAA,1.130,False
2612,SN 2014J,000-BLG-310,2456680.776806,11.398,0.005,False,Johnson V,CCD,BJAA,1.130,False
2613,SN 2014J,000-BLG-310,2456680.777245,11.384,0.005,False,Johnson V,CCD,BJAA,1.130,False
2614,SN 2014J,000-BLG-310,2456680.777674,11.399,0.005,False,Johnson V,CCD,BJAA,1.129,False
2615,SN 2014J,000-BLG-310,2456680.778113,11.408,0.005,False,Johnson V,CCD,BJAA,1.129,False
2616,SN 2014J,000-BLG-310,2456680.778588,11.371,0.005,False,Johnson V,CCD,BJAA,1.129,False
2617,SN 2014J,000-BLG-310,2456680.779028,11.398,0.005,False,Johnson V,CCD,BJAA,1.129,False
2618,SN 2014J,000-BLG-310,2456680.779456,11.387,0.005,False,Johnson V,CCD,BJAA,1.128,False
2619,SN 2014J,000-BLG-310,2456680.779896,11.392,0.005,False,Johnson V,CCD,BJAA,1.128,False
2620,SN 2014J,000-BLG-310,2456680.780336,11.387,0.005,False,Johnson V,CCD,BJAA,1.128,False
2621,SN 2014J,000-BLG-310,2456680.780810,11.397,0.005,False,Johnson V,CCD,BJAA,1.127,False
2622,SN 2014J,000-BLG-310,2456680.781250,11.382,0.005,False,Johnson V,CCD,BJAA,1.127,False
2623,SN 2014J,000-BLG-310,2456680.781690,11.382,0.005,False,Johnson V,CCD,BJAA,1.127,False
2624,SN 2014J,000-BLG-310,2456680.782118,11.385,0.005,False,Johnson V,CCD,BJAA,1.127,False
2625,SN 2014J,000-BLG-310,2456680.782558,11.387,0.005,False,Johnson V,CCD,BJAA,1.126,False
2626,SN 2014J,000-BLG-310,2456680.782998,11.398,0.005,False,Johnson V,CCD,BJAA,1.126,False
2627,SN 2014J,000-BLG-310,2456680.783426,11.402,0.005,False,Johnson V,CCD,BJAA,1.126,False
2628,SN 2014J,000-BLG-310,2456680.783877,11.380,0.005,False,Johnson V,CCD,BJAA,1.126,False
2629,SN 2014J,000-BLG-310,2456680.784306,11.386,0.005,False,Johnson V,CCD,BJAA,1.126,False
2630,SN 2014J,000-BLG-310,2456680.784745,11.389,0.005,False,Johnson V,CCD,BJAA,1.125,False
2631,SN 2014J,000-BLG-310,2456680.785185,11.394,0.005,False,Johnson V,CCD,BJAA,1.125,False
2632,SN 2014J,000-BLG-310,2456680.785613,11.399,0.005,False,Johnson V,CCD,BJAA,1.125,False
2633,SN 2014J,000-BLG-310,2456680.786053,11.388,0.005,False,Johnson V,CCD,BJAA,1.125,False
2634,SN 2014J,000-BLG-310,2456680.786493,11.397,0.005,False,Johnson V,CCD,BJAA,1.124,False
2635,SN 2014J,000-BLG-310,2456680.786933,11.388,0.005,False,Johnson V,CCD,BJAA,1.124,False
2636,SN 2014J,000-BLG-310,2456680.787361,11.392,0.005,False,Johnson V,CCD,BJAA,1.124,False
2637,SN 2014J,000-BLG-310,2456680.787836,11.365,0.005,False,Johnson V,CCD,BJAA,1.124,False
2638,SN 2014J,000-BLG-310,2456680.788264,11.383,0.005,False,Johnson V,CCD,BJAA,1.124,False
2639,SN 2014J,000-BLG-310,2456680.788704,11.391,0.005,False,Johnson V,CCD,BJAA,1.123,False
2640,SN 2014J,000-BLG-310,2456680.789178,11.386,0.005,False,Johnson V,CCD,BJAA,1.123,False
2641,SN 2014J,000-BLG-310,2456680.789618,11.376,0.005,False,Johnson V,CCD,BJAA,1.123,False
2642,SN 2014J,000-BLG-310,2456680.790046,11.389,0.005,False,Johnson V,CCD,BJAA,1.123,False
2643,SN 2014J,000-BLG-310,2456680.790486,11.392,0.005,False,Johnson V,CCD,BJAA,1.123,False
2644,SN 2014J,000-BLG-310,2456680.790926,11.394,0.005,False,Johnson V,CCD,BJAA,1.122,False
2645,SN 2014J,000-BLG-310,2456680.791366,11.398,0.005,False,Johnson V,CCD,BJAA,1.122,False
2646,SN 2014J,000-BLG-310,2456680.791794,11.387,0.005,False,Johnson V,CCD,BJAA,1.122,False
2647,SN 2014J,000-BLG-310,2456680.792234,11.392,0.005,False,Johnson V,CCD,BJAA,1.122,False
2648,SN 2014J,000-BLG-310,2456680.792674,11.399,0.005,False,Johnson V,CCD,BJAA,1.122,False
2649,SN 2014J,000-BLG-310,2456680.793113,11.378,0.005,False,Johnson V,CCD,BJAA,1.121,False
2650,SN 2014J,000-BLG-310,2456680.793553,11.381,0.005,False,Johnson V,CCD,BJAA,1.121,False
2651,SN 2014J,000-BLG-310,2456680.793981,11.372,0.005,False,Johnson V,CCD,BJAA,1.121,False
2652,SN 2014J,000-BLG-310,2456680.794421,11.393,0.005,False,Johnson V,CCD,BJAA,1.121,False
2653,SN 2014J,000-BLG-310,2456680.794861,11.385,0.005,False,Johnson V,CCD,BJAA,1.121,False
2654,SN 2014J,000-BLG-310,2456680.795313,11.390,0.005,False,Johnson V,CCD,BJAA,1.120,False
2655,SN 2014J,000-BLG-310,2456680.795741,11.378,0.005,False,Johnson V,CCD,BJAA,1.120,False
2656,SN 2014J,000-BLG-310,2456680.796169,11.383,0.005,False,Johnson V,CCD,BJAA,1.120,False
2657,SN 2014J,000-BLG-310,2456680.796609,11.388,0.005,False,Johnson V,CCD,BJAA,1.120,False
2658,SN 2014J,000-BLG-310,2456680.797037,11.378,0.005,False,Johnson V,CCD,BJAA,1.120,False
2659,SN 2014J,000-BLG-310,2456680.797477,11.362,0.005,False,Johnson V,CCD,BJAA,1.120,False
2660,SN 2014J,000-BLG-310,2456680.797917,11.394,0.005,False,Johnson V,CCD,BJAA,1.120,False
2661,SN 2014J,000-BLG-310,2456680.798356,11.403,0.005,False,Johnson V,CCD,BJAA,1.119,False
2662,SN 2014J,000-BLG-310,2456680.798796,11.382,0.005,False,Johnson V,CCD,BJAA,1.119,False
2663,SN 2014J,000-BLG-310,2456680.799236,11.365,0.006,False,Johnson V,CCD,BJAA,1.119,False
2664,SN 2014J,000-BLG-310,2456680.799676,11.370,0.005,False,Johnson V,CCD,BJAA,1.119,False
2665,SN 2014J,000-BLG-310,2456680.800139,11.380,0.005,False,Johnson V,CCD,BJAA,1.119,False
2666,SN 2014J,000-BLG-310,2456680.800613,11.368,0.005,False,Johnson V,CCD,BJAA,1.119,False
2667,SN 2014J,000-BLG-310,2456680.801042,11.359,0.005,False,Johnson V,CCD,BJAA,1.118,False
2668,SN 2014J,000-BLG-310,2456680.801481,11.393,0.005,False,Johnson V,CCD,BJAA,1.118,False
2669,SN 2014J,000-BLG-310,2456680.801956,11.379,0.005,False,Johnson V,CCD,BJAA,1.118,False
2670,SN 2014J,000-BLG-310,2456680.802384,11.385,0.005,False,Johnson V,CCD,BJAA,1.118,False
2671,SN 2014J,000-BLG-310,2456680.802824,11.371,0.005,False,Johnson V,CCD,BJAA,1.118,False
2672,SN 2014J,000-BLG-310,2456680.803264,11.383,0.005,False,Johnson V,CCD,BJAA,1.118,False
2673,SN 2014J,000-BLG-310,2456680.803692,11.361,0.005,False,Johnson V,CCD,BJAA,1.118,False
2674,SN 2014J,000-BLG-310,2456680.804132,11.382,0.005,False,Johnson V,CCD,BJAA,1.118,False
2675,SN 2014J,000-BLG-310,2456680.804583,11.388,0.005,False,Johnson V,CCD,BJAA,1.117,False
2676,SN 2014J,000-BLG-310,2456680.805058,11.385,0.005,False,Johnson V,CCD,BJAA,1.117,False
2677,SN 2014J,000-BLG-310,2456680.805498,11.372,0.005,False,Johnson V,CCD,BJAA,1.117,False
2678,SN 2014J,000-BLG-310,2456680.805926,11.370,0.005,False,Johnson V,CCD,BJAA,1.117,False
2679,SN 2014J,000-BLG-310,2456680.806400,11.386,0.005,False,Johnson V,CCD,BJAA,1.117,False
2680,SN 2014J,000-BLG-310,2456680.806840,11.396,0.005,False,Johnson V,CCD,BJAA,1.117,False
2681,SN 2014J,000-BLG-310,2456680.807280,11.371,0.005,False,Johnson V,CCD,BJAA,1.117,False
2682,SN 2014J,000-BLG-310,2456680.807720,11.397,0.005,False,Johnson V,CCD,BJAA,1.117,False
2683,SN 2014J,000-BLG-310,2456680.808148,11.359,0.005,False,Johnson V,CCD,BJAA,1.117,False
2684,SN 2014J,000-BLG-310,2456680.808576,11.395,0.005,False,Johnson V,CCD,BJAA,1.116,False
2685,SN 2014J,000-BLG-310,2456680.809016,11.409,0.005,False,Johnson V,CCD,BJAA,1.116,False
2686,SN 2014J,000-BLG-310,2456680.809456,11.360,0.005,False,Johnson V,CCD,BJAA,1.116,False
2687,SN 2014J,000-BLG-310,2456680.809896,11.400,0.005,False,Johnson V,CCD,BJAA,1.116,False
2688,SN 2014J,000-BLG-310,2456680.810324,11.389,0.005,False,Johnson V,CCD,BJAA,1.116,False
2689,SN 2014J,000-BLG-310,2456680.810764,11.378,0.005,False,Johnson V,CCD,BJAA,1.116,False
2690,SN 2014J,000-BLG-310,2456680.811215,11.385,0.005,False,Johnson V,CCD,BJAA,1.116,False
2691,SN 2014J,000-BLG-310,2456680.811643,11.393,0.005,False,Johnson V,CCD,BJAA,1.116,False
2692,SN 2014J,000-BLG-310,2456680.812083,11.396,0.005,False,Johnson V,CCD,BJAA,1.116,False
2693,SN 2014J,000-BLG-310,2456680.812523,11.398,0.005,False,Johnson V,CCD,BJAA,1.116,False
2694,SN 2014J,000-BLG-310,2456680.812963,11.381,0.005,False,Johnson V,CCD,BJAA,1.116,False
2695,SN 2014J,000-BLG-310,2456680.813391,11.392,0.005,False,Johnson V,CCD,BJAA,1.116,False
2696,SN 2014J,000-BLG-310,2456680.813831,11.372,0.005,False,Johnson V,CCD,BJAA,1.115,False
2697,SN 2014J,000-BLG-310,2456680.814271,11.392,0.005,False,Johnson V,CCD,BJAA,1.115,False
2698,SN 2014J,000-BLG-310,2456680.814699,11.364,0.005,False,Johnson V,CCD,BJAA,1.115,False
2699,SN 2014J,000-BLG-310,2456680.815139,11.385,0.005,False,Johnson V,CCD,BJAA,1.115,False
2700,SN 2014J,000-BLG-310,2456680.815567,11.379,0.005,False,Johnson V,CCD,BJAA,1.115,False
2701,SN 2014J,000-BLG-310,2456680.816007,11.372,0.005,False,Johnson V,CCD,BJAA,1.115,False
2702,SN 2014J,000-BLG-310,2456680.816481,11.363,0.005,False,Johnson V,CCD,BJAA,1.115,False
2703,SN 2014J,000-BLG-310,2456680.816921,11.366,0.005,False,Johnson V,CCD,BJAA,1.115,False
2704,SN 2014J,000-BLG-310,2456680.817350,11.372,0.005,False,Johnson V,CCD,BJAA,1.115,False
2705,SN 2014J,000-BLG-310,2456680.817778,11.386,0.005,False,Johnson V,CCD,BJAA,1.115,False
2706,SN 2014J,000-BLG-310,2456680.818218,11.372,0.005,False,Johnson V,CCD,BJAA,1.115,False
2707,SN 2014J,000-BLG-310,2456680.818657,11.362,0.005,False,Johnson V,CCD,BJAA,1.115,False
2708,SN 2014J,000-BLG-310,2456680.819120,11.347,0.005,False,Johnson V,CCD,BJAA,1.115,False
2709,SN 2014J,000-BLG-310,2456680.819560,11.388,0.005,False,Johnson V,CCD,BJAA,1.115,False
2710,SN 2014J,000-BLG-310,2456680.820000,11.390,0.005,False,Johnson V,CCD,BJAA,1.115,False
2711,SN 2014J,000-BLG-310,2456680.820440,11.380,0.005,False,Johnson V,CCD,BJAA,1.115,False
2712,SN 2014J,000-BLG-310,2456680.820868,11.384,0.005,False,Johnson V,CCD,BJAA,1.115,False
2713,SN 2014J,000-BLG-310,2456680.821308,11.381,0.005,False,Johnson V,CCD,BJAA,1.115,False
2714,SN 2014J,000-BLG-310,2456680.821748,11.345,0.005,False,Johnson V,CCD,BJAA,1.115,False
2715,SN 2014J,000-BLG-310,2456680.822188,11.360,0.005,False,Johnson V,CCD,BJAA,1.115,False
2716,SN 2014J,000-BLG-310,2456680.822627,11.338,0.005,False,Johnson V,CCD,BJAA,1.115,False
2717,SN 2014J,000-BLG-310,2456680.823067,11.379,0.005,False,Johnson V,CCD,BJAA,1.115,False
2718,SN 2014J,000-BLG-310,2456680.823519,11.376,0.005,False,Johnson V,CCD,BJAA,1.114,False
2719,SN 2014J,000-BLG-310,2456680.823958,11.383,0.005,False,Johnson V,CCD,BJAA,1.114,False
2720,SN 2014J,000-BLG-310,2456680.824398,11.407,0.005,False,Johnson V,CCD,BJAA,1.114,False
2721,SN 2014J,000-BLG-310,2456680.824826,11.378,0.005,False,Johnson V,CCD,BJAA,1.114,False
2722,SN 2014J,000-BLG-310,2456680.825266,11.390,0.005,False,Johnson V,CCD,BJAA,1.114,False
2723,SN 2014J,000-BLG-310,2456680.825706,11.374,0.005,False,Johnson V,CCD,BJAA,1.114,False
2724,SN 2014J,000-BLG-310,2456680.826134,11.375,0.005,False,Johnson V,CCD,BJAA,1.114,False
2725,SN 2014J,000-BLG-310,2456680.826574,11.394,0.005,False,Johnson V,CCD,BJAA,1.114,False
2726,SN 2014J,000-BLG-310,2456680.827014,11.379,0.005,False,Johnson V,CCD,BJAA,1.114,False
2727,SN 2014J,000-BLG-310,2456680.827477,11.356,0.005,False,Johnson V,CCD,BJAA,1.114,False
2728,SN 2014J,000-BLG-310,2456680.827928,11.378,0.005,False,Johnson V,CCD,BJAA,1.114,False
2729,SN 2014J,000-BLG-310,2456680.828356,11.382,0.005,False,Johnson V,CCD,BJAA,1.114,False
2730,SN 2014J,000-BLG-310,2456680.828796,11.396,0.005,False,Johnson V,CCD,BJAA,1.114,False
2731,SN 2014J,000-BLG-310,2456680.829248,11.367,0.005,False,Johnson V,CCD,BJAA,1.114,False
2732,SN 2014J,000-BLG-310,2456680.829687,11.391,0.005,False,Johnson V,CCD,BJAA,1.114,False
2733,SN 2014J,000-BLG-310,2456680.830139,11.361,0.005,False,Johnson V,CCD,BJAA,1.115,False
2734,SN 2014J,000-BLG-310,2456680.830567,11.353,0.005,False,Johnson V,CCD,BJAA,1.115,False
2735,SN 2014J,000-BLG-310,2456680.830995,11.355,0.005,False,Johnson V,CCD,BJAA,1.115,False
2736,SN 2014J,000-BLG-310,2456680.831435,11.382,0.005,False,Johnson V,CCD,BJAA,1.115,False
2737,SN 2014J,000-BLG-310,2456680.831875,11.390,0.005,False,Johnson V,CCD,BJAA,1.115,False
2738,SN 2014J,000-BLG-310,2456680.832315,11.358,0.005,False,Johnson V,CCD,BJAA,1.115,False
2739,SN 2014J,000-BLG-310,2456680.832755,11.400,0.005,False,Johnson V,CCD,BJAA,1.115,False
2740,SN 2014J,000-BLG-310,2456680.833194,11.389,0.005,False,Johnson V,CCD,BJAA,1.115,False
2741,SN 2014J,000-BLG-310,2456680.833623,11.346,0.005,False,Johnson V,CCD,BJAA,1.115,False
2742,SN 2014J,000-BLG-310,2456680.834062,11.382,0.005,False,Johnson V,CCD,BJAA,1.115,False
2743,SN 2014J,000-BLG-310,2456680.834502,11.376,0.005,False,Johnson V,CCD,BJAA,1.115,False
2744,SN 2014J,000-BLG-310,2456680.834965,11.365,0.005,False,Johnson V,CCD,BJAA,1.115,False
2745,SN 2014J,000-BLG-310,2456680.835417,11.387,0.005,False,Johnson V,CCD,BJAA,1.115,False
2746,SN 2014J,000-BLG-310,2456680.835880,11.370,0.005,False,Johnson V,CCD,BJAA,1.115,False
2747,SN 2014J,000-BLG-310,2456680.836308,11.383,0.005,False,Johnson V,CCD,BJAA,1.115,False
2748,SN 2014J,000-BLG-310,2456680.836759,11.372,0.005,False,Johnson V,CCD,BJAA,1.115,False
2749,SN 2014J,000-BLG-310,2456680.837199,11.383,0.005,False,Johnson V,CCD,BJAA,1.115,False
2750,SN 2014J,000-BLG-310,2456680.837639,11.375,0.005,False,Johnson V,CCD,BJAA,1.115,False
2751,SN 2014J,000-BLG-310,2456680.838113,11.393,0.005,False,Johnson V,CCD,BJAA,1.115,False
2752,SN 2014J,000-BLG-310,2456680.838576,11.362,0.005,False,Johnson V,CCD,BJAA,1.115,False
2753,SN 2014J,000-BLG-310,2456680.839016,11.366,0.005,False,Johnson V,CCD,BJAA,1.115,False
2754,SN 2014J,000-BLG-310,2456680.839456,11.394,0.005,False,Johnson V,CCD,BJAA,1.115,False
2755,SN 2014J,000-BLG-310,2456680.839919,11.381,0.005,False,Johnson V,CCD,BJAA,1.116,False
2756,SN 2014J,000-BLG-310,2456680.840347,11.369,0.005,False,Johnson V,CCD,BJAA,1.116,False
2757,SN 2014J,000-BLG-310,2456680.840787,11.338,0.005,False,Johnson V,CCD,BJAA,1.116,False
2758,SN 2014J,000-BLG-310,2456680.841227,11.380,0.005,False,Johnson V,CCD,BJAA,1.116,False
2759,SN 2014J,000-BLG-310,2456680.841701,11.370,0.005,False,Johnson V,CCD,BJAA,1.116,False
2760,SN 2014J,000-BLG-310,2456680.842141,11.370,0.005,False,Johnson V,CCD,BJAA,1.116,False
2761,SN 2014J,000-BLG-310,2456680.842569,11.373,0.005,False,Johnson V,CCD,BJAA,1.116,False
2762,SN 2014J,000-BLG-310,2456680.843009,11.360,0.005,False,Johnson V,CCD,BJAA,1.116,False
2763,SN 2014J,000-BLG-310,2456680.843461,11.360,0.005,False,Johnson V,CCD,BJAA,1.116,False
2764,SN 2014J,000-BLG-310,2456680.843889,11.376,0.005,False,Johnson V,CCD,BJAA,1.116,False
2765,SN 2014J,000-BLG-310,2456680.844317,11.381,0.005,False,Johnson V,CCD,BJAA,1.116,False
2766,SN 2014J,000-BLG-310,2456680.844757,11.353,0.005,False,Johnson V,CCD,BJAA,1.116,False
2767,SN 2014J,000-BLG-310,2456680.845231,11.368,0.005,False,Johnson V,CCD,BJAA,1.117,False
2768,SN 2014J,000-BLG-310,2456680.845671,11.373,0.005,False,Johnson V,CCD,BJAA,1.117,False
2769,SN 2014J,000-BLG-310,2456680.846100,11.374,0.005,False,Johnson V,CCD,BJAA,1.117,False
2770,SN 2014J,000-BLG-310,2456680.846539,11.377,0.005,False,Johnson V,CCD,BJAA,1.117,False
2771,SN 2014J,000-BLG-310,2456680.846979,11.367,0.005,False,Johnson V,CCD,BJAA,1.117,False
2772,SN 2014J,000-BLG-310,2456680.847419,11.358,0.005,False,Johnson V,CCD,BJAA,1.117,False
2773,SN 2014J,000-BLG-310,2456680.847847,11.385,0.005,False,Johnson V,CCD,BJAA,1.117,False
2774,SN 2014J,000-BLG-310,2456680.848299,11.368,0.005,False,Johnson V,CCD,BJAA,1.117,False
2775,SN 2014J,000-BLG-310,2456680.848738,11.380,0.005,False,Johnson V,CCD,BJAA,1.117,False
2776,SN 2014J,000-BLG-310,2456680.849167,11.385,0.005,False,Johnson V,CCD,BJAA,1.118,False
2777,SN 2014J,000-BLG-310,2456680.849641,11.391,0.005,False,Johnson V,CCD,BJAA,1.118,False
2778,SN 2014J,000-BLG-310,2456680.850081,11.366,0.005,False,Johnson V,CCD,BJAA,1.118,False
2779,SN 2014J,000-BLG-310,2456680.850521,11.360,0.005,False,Johnson V,CCD,BJAA,1.118,False
2780,SN 2014J,000-BLG-310,2456680.850961,11.390,0.005,False,Johnson V,CCD,BJAA,1.118,False
2781,SN 2014J,000-BLG-310,2456680.851389,11.382,0.005,False,Johnson V,CCD,BJAA,1.118,False
2782,SN 2014J,000-BLG-310,2456680.851829,11.366,0.005,False,Johnson V,CCD,BJAA,1.118,False
2783,SN 2014J,000-BLG-310,2456680.852257,11.364,0.005,False,Johnson V,CCD,BJAA,1.119,False
2784,SN 2014J,000-BLG-310,2456680.852697,11.375,0.005,False,Johnson V,CCD,BJAA,1.119,False
2785,SN 2014J,000-BLG-310,2456680.853137,11.375,0.005,False,Johnson V,CCD,BJAA,1.119,False
2786,SN 2014J,000-BLG-310,2456680.853623,11.373,0.005,False,Johnson V,CCD,BJAA,1.119,False
2787,SN 2014J,000-BLG-310,2456680.854062,11.364,0.005,False,Johnson V,CCD,BJAA,1.119,False
2788,SN 2014J,000-BLG-310,2456680.854537,11.362,0.005,False,Johnson V,CCD,BJAA,1.119,False
2789,SN 2014J,000-BLG-310,2456680.854988,11.371,0.005,False,Johnson V,CCD,BJAA,1.119,False
2790,SN 2014J,000-BLG-310,2456680.855451,11.375,0.005,False,Johnson V,CCD,BJAA,1.120,False
2791,SN 2014J,000-BLG-310,2456680.855926,11.370,0.005,False,Johnson V,CCD,BJAA,1.120,False
2792,SN 2014J,000-BLG-310,2456680.856366,11.374,0.005,False,Johnson V,CCD,BJAA,1.120,False
2793,SN 2014J,000-BLG-310,2456680.856794,11.346,0.005,False,Johnson V,CCD,BJAA,1.120,False
2794,SN 2014J,000-BLG-310,2456680.857234,11.364,0.005,False,Johnson V,CCD,BJAA,1.120,False
2795,SN 2014J,000-BLG-310,2456680.857674,11.366,0.005,False,Johnson V,CCD,BJAA,1.120,False
2796,SN 2014J,000-BLG-310,2456680.858113,11.382,0.005,False,Johnson V,CCD,BJAA,1.121,False
2797,SN 2014J,000-BLG-310,2456680.858553,11.359,0.005,False,Johnson V,CCD,BJAA,1.121,False
2798,SN 2014J,000-BLG-310,2456680.858981,11.361,0.005,False,Johnson V,CCD,BJAA,1.121,False
2799,SN 2014J,000-BLG-310,2456680.859410,11.362,0.005,False,Johnson V,CCD,BJAA,1.121,False
2800,SN 2014J,000-BLG-310,2456680.859884,11.367,0.005,False,Johnson V,CCD,BJAA,1.121,False
2801,SN 2014J,000-BLG-310,2456680.860324,11.378,0.005,False,Johnson V,CCD,BJAA,1.122,False
2802,SN 2014J,000-BLG-310,2456680.860764,11.336,0.005,False,Johnson V,CCD,BJAA,1.122,False
2803,SN 2014J,000-BLG-310,2456680.861204,11.375,0.005,False,Johnson V,CCD,BJAA,1.122,False
2804,SN 2014J,000-BLG-310,2456680.861644,11.398,0.005,False,Johnson V,CCD,BJAA,1.122,False
2805,SN 2014J,000-BLG-310,2456680.862072,11.376,0.005,False,Johnson V,CCD,BJAA,1.122,False
2806,SN 2014J,000-BLG-310,2456680.862512,11.388,0.005,False,Johnson V,CCD,BJAA,1.122,False
2807,SN 2014J,000-BLG-310,2456680.862951,11.360,0.005,False,Johnson V,CCD,BJAA,1.123,False
2808,SN 2014J,000-BLG-310,2456680.863391,11.373,0.005,False,Johnson V,CCD,BJAA,1.123,False
2809,SN 2014J,000-BLG-310,2456680.863866,11.376,0.005,False,Johnson V,CCD,BJAA,1.123,False
2810,SN 2014J,000-BLG-310,2456680.864329,11.354,0.005,False,Johnson V,CCD,BJAA,1.123,False
2811,SN 2014J,000-BLG-310,2456680.864757,11.369,0.005,False,Johnson V,CCD,BJAA,1.124,False
2812,SN 2014J,000-BLG-310,2456680.865197,11.376,0.005,False,Johnson V,CCD,BJAA,1.124,False
2813,SN 2014J,000-BLG-310,2456680.865637,11.363,0.005,False,Johnson V,CCD,BJAA,1.124,False
2814,SN 2014J,000-BLG-310,2456680.866100,11.379,0.005,False,Johnson V,CCD,BJAA,1.124,False
2815,SN 2014J,000-BLG-310,2456680.866551,11.375,0.006,False,Johnson V,CCD,BJAA,1.124,False
2816,SN 2014J,000-BLG-310,2456680.866979,11.373,0.005,False,Johnson V,CCD,BJAA,1.125,False
2817,SN 2014J,000-BLG-310,2456680.867419,11.366,0.005,False,Johnson V,CCD,BJAA,1.125,False
2818,SN 2014J,000-BLG-310,2456680.867859,11.363,0.005,False,Johnson V,CCD,BJAA,1.125,False
2819,SN 2014J,000-BLG-310,2456680.868287,11.360,0.005,False,Johnson V,CCD,BJAA,1.125,False
2820,SN 2014J,000-BLG-310,2456680.868727,11.376,0.005,False,Johnson V,CCD,BJAA,1.126,False
2821,SN 2014J,000-BLG-310,2456680.869167,11.354,0.005,False,Johnson V,CCD,BJAA,1.126,False
2822,SN 2014J,000-BLG-310,2456680.869595,11.384,0.005,False,Johnson V,CCD,BJAA,1.126,False
2823,SN 2014J,000-BLG-310,2456680.870035,11.366,0.005,False,Johnson V,CCD,BJAA,1.126,False
2824,SN 2014J,000-BLG-310,2456680.870498,11.365,0.005,False,Johnson V,CCD,BJAA,1.126,False
2825,SN 2014J,000-BLG-310,2456680.870949,11.361,0.005,False,Johnson V,CCD,BJAA,1.127,False
2826,SN 2014J,000-BLG-310,2456680.871377,11.367,0.005,False,Johnson V,CCD,BJAA,1.127,False
2827,SN 2014J,000-BLG-310,2456680.871817,11.364,0.005,False,Johnson V,CCD,BJAA,1.127,False
2828,SN 2014J,000-BLG-310,2456680.872257,11.367,0.005,False,Johnson V,CCD,BJAA,1.127,False
2829,SN 2014J,000-BLG-310,2456680.872685,11.371,0.005,False,Johnson V,CCD,BJAA,1.128,False
2830,SN 2014J,000-BLG-310,2456680.873125,11.366,0.005,False,Johnson V,CCD,BJAA,1.128,False
2831,SN 2014J,000-BLG-310,2456680.873553,11.354,0.005,False,Johnson V,CCD,BJAA,1.128,False
2832,SN 2014J,000-BLG-310,2456680.873993,11.379,0.005,False,Johnson V,CCD,BJAA,1.128,False
2833,SN 2014J,000-BLG-310,2456680.874433,11.345,0.005,False,Johnson V,CCD,BJAA,1.129,False
2834,SN 2014J,000-BLG-310,2456680.874907,11.365,0.005,False,Johnson V,CCD,BJAA,1.129,False
2835,SN 2014J,000-BLG-310,2456680.875347,11.366,0.005,False,Johnson V,CCD,BJAA,1.129,False
2836,SN 2014J,000-BLG-310,2456680.875776,11.381,0.005,False,Johnson V,CCD,BJAA,1.130,False
2837,SN 2014J,000-BLG-310,2456680.876215,11.373,0.005,False,Johnson V,CCD,BJAA,1.130,False
2838,SN 2014J,000-BLG-310,2456680.876643,11.374,0.005,False,Johnson V,CCD,BJAA,1.130,False
2839,SN 2014J,000-BLG-310,2456680.877083,11.372,0.005,False,Johnson V,CCD,BJAA,1.130,False
2840,SN 2014J,000-BLG-310,2456680.877558,11.350,0.005,False,Johnson V,CCD,BJAA,1.131,False
2841,SN 2014J,000-BLG-310,2456680.878032,11.381,0.005,False,Johnson V,CCD,BJAA,1.131,False
2842,SN 2014J,000-BLG-310,2456680.878461,11.342,0.005,False,Johnson V,CCD,BJAA,1.131,False
2843,SN 2014J,000-BLG-310,2456680.878901,11.376,0.005,False,Johnson V,CCD,BJAA,1.132,False
2844,SN 2014J,000-BLG-310,2456680.879340,11.368,0.005,False,Johnson V,CCD,BJAA,1.132,False
2845,SN 2014J,000-BLG-310,2456680.879769,11.357,0.005,False,Johnson V,CCD,BJAA,1.132,False
2846,SN 2014J,000-BLG-310,2456680.880208,11.363,0.005,False,Johnson V,CCD,BJAA,1.132,False
2847,SN 2014J,000-BLG-310,2456680.880671,11.372,0.005,False,Johnson V,CCD,BJAA,1.133,False
2848,SN 2014J,000-BLG-310,2456680.881111,11.362,0.005,False,Johnson V,CCD,BJAA,1.133,False
2849,SN 2014J,000-BLG-310,2456680.881551,11.354,0.005,False,Johnson V,CCD,BJAA,1.133,False
2850,SN 2014J,000-BLG-310,2456680.881979,11.385,0.005,False,Johnson V,CCD,BJAA,1.134,False
2851,SN 2014J,000-BLG-310,2456680.882419,11.363,0.005,False,Johnson V,CCD,BJAA,1.134,False
2852,SN 2014J,000-BLG-310,2456680.882859,11.379,0.005,False,Johnson V,CCD,BJAA,1.134,False
2853,SN 2014J,000-BLG-310,2456680.883299,11.363,0.005,False,Johnson V,CCD,BJAA,1.135,False
2854,SN 2014J,000-BLG-310,2456680.883727,11.373,0.005,False,Johnson V,CCD,BJAA,1.135,False
2855,SN 2014J,000-BLG-310,2456680.884167,11.367,0.005,False,Johnson V,CCD,BJAA,1.135,False
2856,SN 2014J,000-BLG-310,2456680.884607,11.380,0.005,False,Johnson V,CCD,BJAA,1.135,False
2857,SN 2014J,000-BLG-310,2456680.885035,11.365,0.005,False,Johnson V,CCD,BJAA,1.136,False
2858,SN 2014J,000-BLG-310,2456680.885474,11.347,0.005,False,Johnson V,CCD,BJAA,1.136,False
2859,SN 2014J,000-BLG-310,2456680.885903,11.373,0.005,False,Johnson V,CCD,BJAA,1.136,False
2860,SN 2014J,000-BLG-310,2456680.886354,11.370,0.005,False,Johnson V,CCD,BJAA,1.137,False
2861,SN 2014J,000-BLG-310,2456680.886782,11.366,0.005,False,Johnson V,CCD,BJAA,1.137,False
2862,SN 2014J,000-BLG-310,2456680.887257,11.355,0.005,False,Johnson V,CCD,BJAA,1.137,False
2863,SN 2014J,000-BLG-310,2456680.887697,11.377,0.005,False,Johnson V,CCD,BJAA,1.138,False
2864,SN 2014J,000-BLG-310,2456680.888137,11.353,0.005,False,Johnson V,CCD,BJAA,1.138,False
2865,SN 2014J,000-BLG-310,2456680.888576,11.368,0.005,False,Johnson V,CCD,BJAA,1.138,False
2866,SN 2014J,000-BLG-310,2456680.889051,11.368,0.005,False,Johnson V,CCD,BJAA,1.139,False
2867,SN 2014J,000-BLG-310,2456680.889491,11.346,0.005,False,Johnson V,CCD,BJAA,1.139,False
2868,SN 2014J,000-BLG-310,2456681.542853,11.212,0.008,False,Johnson V,CCD,BJAA,1.678,False
2869,SN 2014J,000-BLG-310,2456681.543154,11.232,0.008,False,Johnson V,CCD,BJAA,1.676,False
2870,SN 2014J,000-BLG-310,2456681.543455,11.243,0.008,False,Johnson V,CCD,BJAA,1.675,False
2871,SN 2014J,000-BLG-310,2456681.543744,11.241,0.008,False,Johnson V,CCD,BJAA,1.674,False
2872,SN 2014J,000-BLG-310,2456681.544034,11.206,0.008,False,Johnson V,CCD,BJAA,1.673,False
2873,SN 2014J,000-BLG-310,2456681.544335,11.247,0.008,False,Johnson V,CCD,BJAA,1.671,False
2874,SN 2014J,000-BLG-310,2456681.544647,11.258,0.008,False,Johnson V,CCD,BJAA,1.670,False
2875,SN 2014J,000-BLG-310,2456681.544902,11.220,0.008,False,Johnson V,CCD,BJAA,1.669,False
2876,SN 2014J,000-BLG-310,2456681.545168,11.233,0.008,False,Johnson V,CCD,BJAA,1.668,False
2877,SN 2014J,000-BLG-310,2456681.545434,11.249,0.008,False,Johnson V,CCD,BJAA,1.667,False
2878,SN 2014J,000-BLG-310,2456681.545700,11.242,0.008,False,Johnson V,CCD,BJAA,1.665,False
2879,SN 2014J,000-BLG-310,2456681.545966,11.227,0.008,False,Johnson V,CCD,BJAA,1.664,False
2880,SN 2014J,000-BLG-310,2456681.546267,11.236,0.008,False,Johnson V,CCD,BJAA,1.663,False
2881,SN 2014J,000-BLG-310,2456681.546534,11.229,0.008,False,Johnson V,CCD,BJAA,1.662,False
2882,SN 2014J,000-BLG-310,2456681.546788,11.233,0.008,False,Johnson V,CCD,BJAA,1.661,False
2883,SN 2014J,000-BLG-310,2456681.547089,11.237,0.008,False,Johnson V,CCD,BJAA,1.659,False
2884,SN 2014J,000-BLG-310,2456681.547402,11.199,0.008,False,Johnson V,CCD,BJAA,1.658,False
2885,SN 2014J,000-BLG-310,2456681.547668,11.236,0.008,False,Johnson V,CCD,BJAA,1.657,False
2886,SN 2014J,000-BLG-310,2456681.547969,11.227,0.008,False,Johnson V,CCD,BJAA,1.656,False
2887,SN 2014J,000-BLG-310,2456681.548223,11.220,0.008,False,Johnson V,CCD,BJAA,1.655,False
2888,SN 2014J,000-BLG-310,2456681.548513,11.232,0.008,False,Johnson V,CCD,BJAA,1.653,False
2889,SN 2014J,000-BLG-310,2456681.548802,11.248,0.008,False,Johnson V,CCD,BJAA,1.652,False
2890,SN 2014J,000-BLG-310,2456681.549103,11.226,0.008,False,Johnson V,CCD,BJAA,1.651,False
2891,SN 2014J,000-BLG-310,2456681.549404,11.247,0.008,False,Johnson V,CCD,BJAA,1.650,False
2892,SN 2014J,000-BLG-310,2456681.549705,11.200,0.008,False,Johnson V,CCD,BJAA,1.648,False
2893,SN 2014J,000-BLG-310,2456681.549959,11.223,0.008,False,Johnson V,CCD,BJAA,1.647,False
2894,SN 2014J,000-BLG-310,2456681.550260,11.247,0.008,False,Johnson V,CCD,BJAA,1.646,False
2895,SN 2014J,000-BLG-310,2456681.550561,11.254,0.008,False,Johnson V,CCD,BJAA,1.645,False
2896,SN 2014J,000-BLG-310,2456681.550862,11.226,0.008,False,Johnson V,CCD,BJAA,1.643,False
2897,SN 2014J,000-BLG-310,2456681.551152,11.253,0.008,False,Johnson V,CCD,BJAA,1.642,False
2898,SN 2014J,000-BLG-310,2456681.551452,11.269,0.008,False,Johnson V,CCD,BJAA,1.641,False
2899,SN 2014J,000-BLG-310,2456681.551719,11.245,0.008,False,Johnson V,CCD,BJAA,1.640,False
2900,SN 2014J,000-BLG-310,2456681.552008,11.240,0.008,False,Johnson V,CCD,BJAA,1.639,False
2901,SN 2014J,000-BLG-310,2456681.552263,11.223,0.008,False,Johnson V,CCD,BJAA,1.637,False
2902,SN 2014J,000-BLG-310,2456681.552529,11.242,0.008,False,Johnson V,CCD,BJAA,1.636,False
2903,SN 2014J,000-BLG-310,2456681.552830,11.248,0.008,False,Johnson V,CCD,BJAA,1.635,False
2904,SN 2014J,000-BLG-310,2456681.553119,11.241,0.008,False,Johnson V,CCD,BJAA,1.634,False
2905,SN 2014J,000-BLG-310,2456681.553409,11.238,0.008,False,Johnson V,CCD,BJAA,1.633,False
2906,SN 2014J,000-BLG-310,2456681.553698,11.206,0.008,False,Johnson V,CCD,BJAA,1.631,False
2907,SN 2014J,000-BLG-310,2456681.554288,11.213,0.008,False,Johnson V,CCD,BJAA,1.629,False
2908,SN 2014J,000-BLG-310,2456681.554589,11.207,0.008,False,Johnson V,CCD,BJAA,1.628,False
2909,SN 2014J,000-BLG-310,2456681.554878,11.250,0.008,False,Johnson V,CCD,BJAA,1.627,False
2910,SN 2014J,000-BLG-310,2456681.555168,11.234,0.008,False,Johnson V,CCD,BJAA,1.625,False
2911,SN 2014J,000-BLG-310,2456681.555469,11.220,0.008,False,Johnson V,CCD,BJAA,1.624,False
2912,SN 2014J,000-BLG-310,2456681.555723,11.227,0.008,False,Johnson V,CCD,BJAA,1.623,False
2913,SN 2014J,000-BLG-310,2456681.556001,11.242,0.008,False,Johnson V,CCD,BJAA,1.622,False
2914,SN 2014J,000-BLG-310,2456681.556290,11.231,0.008,False,Johnson V,CCD,BJAA,1.621,False
2915,SN 2014J,000-BLG-310,2456681.556557,11.225,0.008,False,Johnson V,CCD,BJAA,1.620,False
2916,SN 2014J,000-BLG-310,2456681.556858,11.228,0.008,False,Johnson V,CCD,BJAA,1.618,False
2917,SN 2014J,000-BLG-310,2456681.557159,11.250,0.008,False,Johnson V,CCD,BJAA,1.617,False
2918,SN 2014J,000-BLG-310,2456681.557413,11.226,0.008,False,Johnson V,CCD,BJAA,1.616,False
2919,SN 2014J,000-BLG-310,2456681.557679,11.217,0.008,False,Johnson V,CCD,BJAA,1.615,False
2920,SN 2014J,000-BLG-310,2456681.557980,11.219,0.008,False,Johnson V,CCD,BJAA,1.614,False
2921,SN 2014J,000-BLG-310,2456681.558270,11.212,0.008,False,Johnson V,CCD,BJAA,1.613,False
2922,SN 2014J,000-BLG-310,2456681.558536,11.209,0.008,False,Johnson V,CCD,BJAA,1.611,False
2923,SN 2014J,000-BLG-310,2456681.558837,11.241,0.008,False,Johnson V,CCD,BJAA,1.610,False
2924,SN 2014J,000-BLG-310,2456681.559126,11.241,0.008,False,Johnson V,CCD,BJAA,1.609,False
2925,SN 2014J,000-BLG-310,2456681.559392,11.214,0.008,False,Johnson V,CCD,BJAA,1.608,False
2926,SN 2014J,000-BLG-310,2456681.559693,11.222,0.008,False,Johnson V,CCD,BJAA,1.607,False
2927,SN 2014J,000-BLG-310,2456681.559994,11.244,0.008,False,Johnson V,CCD,BJAA,1.606,False
2928,SN 2014J,000-BLG-310,2456681.560249,11.243,0.008,False,Johnson V,CCD,BJAA,1.604,False
2929,SN 2014J,000-BLG-310,2456681.560550,11.223,0.008,False,Johnson V,CCD,BJAA,1.603,False
2930,SN 2014J,000-BLG-310,2456681.560816,11.216,0.008,False,Johnson V,CCD,BJAA,1.602,False
2931,SN 2014J,000-BLG-310,2456681.561082,11.208,0.008,False,Johnson V,CCD,BJAA,1.601,False
2932,SN 2014J,000-BLG-310,2456681.561372,11.246,0.008,False,Johnson V,CCD,BJAA,1.600,False
2933,SN 2014J,000-BLG-310,2456681.561638,11.247,0.008,False,Johnson V,CCD,BJAA,1.599,False
2934,SN 2014J,000-BLG-310,2456681.561904,11.228,0.008,False,Johnson V,CCD,BJAA,1.598,False
2935,SN 2014J,000-BLG-310,2456681.562205,11.211,0.008,False,Johnson V,CCD,BJAA,1.597,False
2936,SN 2014J,000-BLG-310,2456681.562494,11.250,0.008,False,Johnson V,CCD,BJAA,1.595,False
2937,SN 2014J,000-BLG-310,2456681.562807,11.232,0.008,False,Johnson V,CCD,BJAA,1.594,False
2938,SN 2014J,000-BLG-310,2456681.563096,11.251,0.008,False,Johnson V,CCD,BJAA,1.593,False
2939,SN 2014J,000-BLG-310,2456681.563397,11.218,0.008,False,Johnson V,CCD,BJAA,1.592,False
2940,SN 2014J,000-BLG-310,2456681.563698,11.231,0.008,False,Johnson V,CCD,BJAA,1.591,False
2941,SN 2014J,000-BLG-310,2456681.563964,11.225,0.008,False,Johnson V,CCD,BJAA,1.590,False
2942,SN 2014J,000-BLG-310,2456681.564265,11.248,0.008,False,Johnson V,CCD,BJAA,1.588,False
2943,SN 2014J,000-BLG-310,2456681.564566,11.235,0.008,False,Johnson V,CCD,BJAA,1.587,False
2944,SN 2014J,000-BLG-310,2456681.564855,11.246,0.008,False,Johnson V,CCD,BJAA,1.586,False
2945,SN 2014J,000-BLG-310,2456681.565156,11.223,0.008,False,Johnson V,CCD,BJAA,1.585,False
2946,SN 2014J,000-BLG-310,2456681.565457,11.227,0.008,False,Johnson V,CCD,BJAA,1.584,False
2947,SN 2014J,000-BLG-310,2456681.565758,11.217,0.008,False,Johnson V,CCD,BJAA,1.582,False
2948,SN 2014J,000-BLG-310,2456681.566013,11.224,0.008,False,Johnson V,CCD,BJAA,1.581,False
2949,SN 2014J,000-BLG-310,2456681.566314,11.218,0.008,False,Johnson V,CCD,BJAA,1.580,False
2950,SN 2014J,000-BLG-310,2456681.566580,11.258,0.008,False,Johnson V,CCD,BJAA,1.579,False
2951,SN 2014J,000-BLG-310,2456681.566892,11.244,0.008,False,Johnson V,CCD,BJAA,1.578,False
2952,SN 2014J,000-BLG-310,2456681.567193,11.225,0.008,False,Johnson V,CCD,BJAA,1.577,False
2953,SN 2014J,000-BLG-310,2456681.567459,11.211,0.008,False,Johnson V,CCD,BJAA,1.576,False
2954,SN 2014J,000-BLG-310,2456681.567726,11.206,0.008,False,Johnson V,CCD,BJAA,1.575,False
2955,SN 2014J,000-BLG-310,2456681.568015,11.218,0.008,False,Johnson V,CCD,BJAA,1.573,False
2956,SN 2014J,000-BLG-310,2456681.568281,11.219,0.008,False,Johnson V,CCD,BJAA,1.572,False
2957,SN 2014J,000-BLG-310,2456681.568547,11.208,0.008,False,Johnson V,CCD,BJAA,1.571,False
2958,SN 2014J,000-BLG-310,2456681.568848,11.234,0.008,False,Johnson V,CCD,BJAA,1.570,False
2959,SN 2014J,000-BLG-310,2456681.569149,11.219,0.008,False,Johnson V,CCD,BJAA,1.569,False
2960,SN 2014J,000-BLG-310,2456681.569439,11.238,0.008,False,Johnson V,CCD,BJAA,1.568,False
2961,SN 2014J,000-BLG-310,2456681.569693,11.223,0.008,False,Johnson V,CCD,BJAA,1.567,False
2962,SN 2014J,000-BLG-310,2456681.569994,11.224,0.008,False,Johnson V,CCD,BJAA,1.566,False
2963,SN 2014J,000-BLG-310,2456681.570284,11.237,0.008,False,Johnson V,CCD,BJAA,1.565,False
2964,SN 2014J,000-BLG-310,2456681.570573,11.250,0.008,False,Johnson V,CCD,BJAA,1.564,False
2965,SN 2014J,000-BLG-310,2456681.570874,11.239,0.008,False,Johnson V,CCD,BJAA,1.562,False
2966,SN 2014J,000-BLG-310,2456681.571129,11.243,0.008,False,Johnson V,CCD,BJAA,1.561,False
2967,SN 2014J,000-BLG-310,2456681.571429,11.253,0.008,False,Johnson V,CCD,BJAA,1.560,False
2968,SN 2014J,000-BLG-310,2456681.571684,11.233,0.008,False,Johnson V,CCD,BJAA,1.559,False
2969,SN 2014J,000-BLG-310,2456681.571950,11.222,0.008,False,Johnson V,CCD,BJAA,1.558,False
2970,SN 2014J,000-BLG-310,2456681.572263,11.257,0.008,False,Johnson V,CCD,BJAA,1.557,False
2971,SN 2014J,000-BLG-310,2456681.572529,11.225,0.008,False,Johnson V,CCD,BJAA,1.556,False
2972,SN 2014J,000-BLG-310,2456681.572830,11.223,0.008,False,Johnson V,CCD,BJAA,1.555,False
2973,SN 2014J,000-BLG-310,2456681.573096,11.230,0.008,False,Johnson V,CCD,BJAA,1.554,False
2974,SN 2014J,000-BLG-310,2456681.573385,11.254,0.008,False,Johnson V,CCD,BJAA,1.553,False
2975,SN 2014J,000-BLG-310,2456681.573686,11.223,0.008,False,Johnson V,CCD,BJAA,1.552,False
2976,SN 2014J,000-BLG-310,2456681.573976,11.221,0.008,False,Johnson V,CCD,BJAA,1.550,False
2977,SN 2014J,000-BLG-310,2456681.574288,11.238,0.008,False,Johnson V,CCD,BJAA,1.549,False
2978,SN 2014J,000-BLG-310,2456681.574589,11.248,0.008,False,Johnson V,CCD,BJAA,1.548,False
2979,SN 2014J,000-BLG-310,2456681.574878,11.231,0.008,False,Johnson V,CCD,BJAA,1.547,False
2980,SN 2014J,000-BLG-310,2456681.575145,11.226,0.008,False,Johnson V,CCD,BJAA,1.546,False
2981,SN 2014J,000-BLG-310,2456681.575446,11.235,0.008,False,Johnson V,CCD,BJAA,1.545,False
2982,SN 2014J,000-BLG-310,2456681.575746,11.219,0.008,False,Johnson V,CCD,BJAA,1.544,False
2983,SN 2014J,000-BLG-310,2456681.576048,11.236,0.008,False,Johnson V,CCD,BJAA,1.543,False
2984,SN 2014J,000-BLG-310,2456681.576348,11.206,0.008,False,Johnson V,CCD,BJAA,1.541,False
2985,SN 2014J,000-BLG-310,2456681.576649,11.235,0.008,False,Johnson V,CCD,BJAA,1.540,False
2986,SN 2014J,000-BLG-310,2456681.576939,11.219,0.008,False,Johnson V,CCD,BJAA,1.539,False
2987,SN 2014J,000-BLG-310,2456681.577205,11.238,0.008,False,Johnson V,CCD,BJAA,1.538,False
2988,SN 2014J,000-BLG-310,2456681.577460,11.262,0.008,False,Johnson V,CCD,BJAA,1.537,False
2989,SN 2014J,000-BLG-310,2456681.577726,11.221,0.008,False,Johnson V,CCD,BJAA,1.536,False
2990,SN 2014J,000-BLG-310,2456681.578027,11.237,0.008,False,Johnson V,CCD,BJAA,1.535,False
2991,SN 2014J,000-BLG-310,2456681.578327,11.206,0.008,False,Johnson V,CCD,BJAA,1.534,False
2992,SN 2014J,000-BLG-310,2456681.578594,11.261,0.008,False,Johnson V,CCD,BJAA,1.533,False
2993,SN 2014J,000-BLG-310,2456681.578895,11.229,0.008,False,Johnson V,CCD,BJAA,1.532,False
2994,SN 2014J,000-BLG-310,2456681.579184,11.227,0.008,False,Johnson V,CCD,BJAA,1.531,False
2995,SN 2014J,000-BLG-310,2456681.579485,11.230,0.008,False,Johnson V,CCD,BJAA,1.530,False
2996,SN 2014J,000-BLG-310,2456681.579740,11.238,0.008,False,Johnson V,CCD,BJAA,1.529,False
2997,SN 2014J,000-BLG-310,2456681.580006,11.231,0.008,False,Johnson V,CCD,BJAA,1.528,False
2998,SN 2014J,000-BLG-310,2456681.580295,11.223,0.008,False,Johnson V,CCD,BJAA,1.527,False
2999,SN 2014J,000-BLG-310,2456681.580550,11.214,0.008,False,Johnson V,CCD,BJAA,1.526,False
3000,SN 2014J,000-BLG-310,2456681.580816,11.237,0.008,False,Johnson V,CCD,BJAA,1.525,False
3001,SN 2014J,000-BLG-310,2456681.581117,11.212,0.008,False,Johnson V,CCD,BJAA,1.524,False
3002,SN 2014J,000-BLG-310,2456681.581406,11.214,0.008,False,Johnson V,CCD,BJAA,1.523,False
3003,SN 2014J,000-BLG-310,2456681.581707,11.307,0.008,False,Johnson V,CCD,BJAA,1.522,False
3004,SN 2014J,000-BLG-310,2456681.581962,11.253,0.008,False,Johnson V,CCD,BJAA,1.521,False
3005,SN 2014J,000-BLG-310,2456681.582263,11.189,0.008,False,Johnson V,CCD,BJAA,1.520,False
3006,SN 2014J,000-BLG-310,2456681.582564,11.239,0.008,False,Johnson V,CCD,BJAA,1.518,False
3007,SN 2014J,000-BLG-310,2456681.582830,11.202,0.008,False,Johnson V,CCD,BJAA,1.517,False
3008,SN 2014J,000-BLG-310,2456681.583119,11.170,0.008,False,Johnson V,CCD,BJAA,1.516,False
3009,SN 2014J,000-BLG-310,2456681.583385,11.212,0.008,False,Johnson V,CCD,BJAA,1.515,False
3010,SN 2014J,000-BLG-310,2456681.583686,11.194,0.008,False,Johnson V,CCD,BJAA,1.514,False
3011,SN 2014J,000-BLG-310,2456681.583987,11.236,0.008,False,Johnson V,CCD,BJAA,1.513,False
3012,SN 2014J,000-BLG-310,2456681.584277,11.222,0.008,False,Johnson V,CCD,BJAA,1.512,False
3013,SN 2014J,000-BLG-310,2456681.584577,11.202,0.008,False,Johnson V,CCD,BJAA,1.511,False
3014,SN 2014J,000-BLG-310,2456681.584844,11.249,0.008,False,Johnson V,CCD,BJAA,1.510,False
3015,SN 2014J,000-BLG-310,2456681.585145,11.247,0.008,False,Johnson V,CCD,BJAA,1.509,False
3016,SN 2014J,000-BLG-310,2456681.585434,11.237,0.008,False,Johnson V,CCD,BJAA,1.508,False
3017,SN 2014J,000-BLG-310,2456681.585735,11.213,0.008,False,Johnson V,CCD,BJAA,1.507,False
3018,SN 2014J,000-BLG-310,2456681.585990,11.245,0.008,False,Johnson V,CCD,BJAA,1.506,False
3019,SN 2014J,000-BLG-310,2456681.586291,11.228,0.008,False,Johnson V,CCD,BJAA,1.505,False
3020,SN 2014J,000-BLG-310,2456681.586591,11.246,0.008,False,Johnson V,CCD,BJAA,1.504,False
3021,SN 2014J,000-BLG-310,2456681.586892,11.213,0.008,False,Johnson V,CCD,BJAA,1.503,False
3022,SN 2014J,000-BLG-310,2456681.587159,11.213,0.008,False,Johnson V,CCD,BJAA,1.502,False
3023,SN 2014J,000-BLG-310,2456681.587459,11.224,0.008,False,Johnson V,CCD,BJAA,1.501,False
3024,SN 2014J,000-BLG-310,2456681.587749,11.220,0.008,False,Johnson V,CCD,BJAA,1.500,False
3025,SN 2014J,000-BLG-310,2456681.588050,11.206,0.008,False,Johnson V,CCD,BJAA,1.499,False
3026,SN 2014J,000-BLG-310,2456681.588304,11.193,0.008,False,Johnson V,CCD,BJAA,1.498,False
3027,SN 2014J,000-BLG-310,2456681.588559,11.239,0.008,False,Johnson V,CCD,BJAA,1.497,False
3028,SN 2014J,000-BLG-310,2456681.588860,11.199,0.008,False,Johnson V,CCD,BJAA,1.496,False
3029,SN 2014J,000-BLG-310,2456681.589161,11.228,0.008,False,Johnson V,CCD,BJAA,1.495,False
3030,SN 2014J,000-BLG-310,2456681.589427,11.200,0.008,False,Johnson V,CCD,BJAA,1.494,False
3031,SN 2014J,000-BLG-310,2456681.589716,11.239,0.008,False,Johnson V,CCD,BJAA,1.493,False
3032,SN 2014J,000-BLG-310,2456681.590006,11.237,0.008,False,Johnson V,CCD,BJAA,1.492,False
3033,SN 2014J,000-BLG-310,2456681.590295,11.203,0.008,False,Johnson V,CCD,BJAA,1.491,False
3034,SN 2014J,000-BLG-310,2456681.590596,11.217,0.008,False,Johnson V,CCD,BJAA,1.490,False
3035,SN 2014J,000-BLG-310,2456681.590862,11.213,0.008,False,Johnson V,CCD,BJAA,1.489,False
3036,SN 2014J,000-BLG-310,2456681.591163,11.244,0.008,False,Johnson V,CCD,BJAA,1.488,False
3037,SN 2014J,000-BLG-310,2456681.591464,11.221,0.008,False,Johnson V,CCD,BJAA,1.487,False
3038,SN 2014J,000-BLG-310,2456681.591719,11.228,0.008,False,Johnson V,CCD,BJAA,1.486,False
3039,SN 2014J,000-BLG-310,2456681.592031,11.220,0.008,False,Johnson V,CCD,BJAA,1.485,False
3040,SN 2014J,000-BLG-310,2456681.592286,11.362,0.008,False,Johnson V,CCD,BJAA,1.484,False
3041,SN 2014J,000-BLG-310,2456681.592552,11.238,0.008,False,Johnson V,CCD,BJAA,1.483,False
3042,SN 2014J,000-BLG-310,2456681.592853,11.227,0.008,False,Johnson V,CCD,BJAA,1.482,False
3043,SN 2014J,000-BLG-310,2456681.593119,11.214,0.008,False,Johnson V,CCD,BJAA,1.481,False
3044,SN 2014J,000-BLG-310,2456681.593420,11.231,0.008,False,Johnson V,CCD,BJAA,1.480,False
3045,SN 2014J,000-BLG-310,2456681.593710,11.224,0.008,False,Johnson V,CCD,BJAA,1.479,False
3046,SN 2014J,000-BLG-310,2456681.593964,11.226,0.008,False,Johnson V,CCD,BJAA,1.478,False
3047,SN 2014J,000-BLG-310,2456681.594265,11.217,0.008,False,Johnson V,CCD,BJAA,1.477,False
3048,SN 2014J,000-BLG-310,2456681.594566,11.205,0.008,False,Johnson V,CCD,BJAA,1.476,False
3049,SN 2014J,000-BLG-310,2456681.594878,11.219,0.008,False,Johnson V,CCD,BJAA,1.475,False
3050,SN 2014J,000-BLG-310,2456681.595179,11.225,0.008,False,Johnson V,CCD,BJAA,1.474,False
3051,SN 2014J,000-BLG-310,2456681.595480,11.237,0.008,False,Johnson V,CCD,BJAA,1.473,False
3052,SN 2014J,000-BLG-310,2456681.595781,11.208,0.008,False,Johnson V,CCD,BJAA,1.472,False
3053,SN 2014J,000-BLG-310,2456681.596036,11.231,0.008,False,Johnson V,CCD,BJAA,1.471,False
3054,SN 2014J,000-BLG-310,2456681.596290,11.215,0.007,False,Johnson V,CCD,BJAA,1.470,False
3055,SN 2014J,000-BLG-310,2456681.596557,11.228,0.008,False,Johnson V,CCD,BJAA,1.469,False
3056,SN 2014J,000-BLG-310,2456681.596858,11.209,0.007,False,Johnson V,CCD,BJAA,1.468,False
3057,SN 2014J,000-BLG-310,2456681.597124,11.229,0.008,False,Johnson V,CCD,BJAA,1.467,False
3058,SN 2014J,000-BLG-310,2456681.597425,11.215,0.008,False,Johnson V,CCD,BJAA,1.466,False
3059,SN 2014J,000-BLG-310,2456681.597702,11.218,0.008,False,Johnson V,CCD,BJAA,1.465,False
3060,SN 2014J,000-BLG-310,2456681.598004,11.189,0.008,False,Johnson V,CCD,BJAA,1.464,False
3061,SN 2014J,000-BLG-310,2456681.598293,11.213,0.008,False,Johnson V,CCD,BJAA,1.463,False
3062,SN 2014J,000-BLG-310,2456681.598559,11.225,0.008,False,Johnson V,CCD,BJAA,1.463,False
3063,SN 2014J,000-BLG-310,2456681.598860,11.220,0.008,False,Johnson V,CCD,BJAA,1.462,False
3064,SN 2014J,000-BLG-310,2456681.599161,11.227,0.008,False,Johnson V,CCD,BJAA,1.460,False
3065,SN 2014J,000-BLG-310,2456681.599416,11.232,0.008,False,Johnson V,CCD,BJAA,1.460,False
3066,SN 2014J,000-BLG-310,2456681.599682,11.213,0.008,False,Johnson V,CCD,BJAA,1.459,False
3067,SN 2014J,000-BLG-310,2456681.599983,11.232,0.008,False,Johnson V,CCD,BJAA,1.458,False
3068,SN 2014J,000-BLG-310,2456681.600249,11.216,0.008,False,Johnson V,CCD,BJAA,1.457,False
3069,SN 2014J,000-BLG-310,2456681.600515,11.221,0.008,False,Johnson V,CCD,BJAA,1.456,False
3070,SN 2014J,000-BLG-310,2456681.600816,11.226,0.008,False,Johnson V,CCD,BJAA,1.455,False
3071,SN 2014J,000-BLG-310,2456681.601071,11.243,0.008,False,Johnson V,CCD,BJAA,1.454,False
3072,SN 2014J,000-BLG-310,2456681.601337,11.237,0.008,False,Johnson V,CCD,BJAA,1.453,False
3073,SN 2014J,000-BLG-310,2456681.601603,11.185,0.008,False,Johnson V,CCD,BJAA,1.452,False
3074,SN 2014J,000-BLG-310,2456681.601858,11.230,0.008,False,Johnson V,CCD,BJAA,1.452,False
3075,SN 2014J,000-BLG-310,2456681.602124,11.204,0.008,False,Johnson V,CCD,BJAA,1.451,False
3076,SN 2014J,000-BLG-310,2456681.602413,11.219,0.008,False,Johnson V,CCD,BJAA,1.450,False
3077,SN 2014J,000-BLG-310,2456681.602702,11.218,0.008,False,Johnson V,CCD,BJAA,1.449,False
3078,SN 2014J,000-BLG-310,2456681.603004,11.222,0.008,False,Johnson V,CCD,BJAA,1.448,False
3079,SN 2014J,000-BLG-310,2456681.603304,11.242,0.008,False,Johnson V,CCD,BJAA,1.447,False
3080,SN 2014J,000-BLG-310,2456681.603605,11.225,0.008,False,Johnson V,CCD,BJAA,1.446,False
3081,SN 2014J,000-BLG-310,2456681.603895,11.233,0.008,False,Johnson V,CCD,BJAA,1.445,False
3082,SN 2014J,000-BLG-310,2456681.604161,11.226,0.008,False,Johnson V,CCD,BJAA,1.444,False
3083,SN 2014J,000-BLG-310,2456681.604462,11.202,0.008,False,Johnson V,CCD,BJAA,1.443,False
3084,SN 2014J,000-BLG-310,2456681.604763,11.210,0.008,False,Johnson V,CCD,BJAA,1.442,False
3085,SN 2014J,000-BLG-310,2456681.605052,11.232,0.008,False,Johnson V,CCD,BJAA,1.441,False
3086,SN 2014J,000-BLG-310,2456681.605353,11.242,0.008,False,Johnson V,CCD,BJAA,1.440,False
3087,SN 2014J,000-BLG-310,2456681.605619,11.212,0.008,False,Johnson V,CCD,BJAA,1.439,False
3088,SN 2014J,000-BLG-310,2456681.605885,11.200,0.008,False,Johnson V,CCD,BJAA,1.438,False
3089,SN 2014J,000-BLG-310,2456681.606186,11.222,0.008,False,Johnson V,CCD,BJAA,1.438,False
3090,SN 2014J,000-BLG-310,2456681.606476,11.225,0.008,False,Johnson V,CCD,BJAA,1.437,False
3091,SN 2014J,000-BLG-310,2456681.606777,11.221,0.008,False,Johnson V,CCD,BJAA,1.436,False
3092,SN 2014J,000-BLG-310,2456681.607066,11.303,0.008,False,Johnson V,CCD,BJAA,1.435,False
3093,SN 2014J,000-BLG-310,2456681.607321,11.231,0.008,False,Johnson V,CCD,BJAA,1.434,False
3094,SN 2014J,000-BLG-310,2456681.607621,11.214,0.008,False,Johnson V,CCD,BJAA,1.433,False
3095,SN 2014J,000-BLG-310,2456681.607911,11.216,0.008,False,Johnson V,CCD,BJAA,1.432,False
3096,SN 2014J,000-BLG-310,2456681.608212,11.197,0.008,False,Johnson V,CCD,BJAA,1.431,False
3097,SN 2014J,000-BLG-310,2456681.608513,11.226,0.008,False,Johnson V,CCD,BJAA,1.430,False
3098,SN 2014J,000-BLG-310,2456681.608814,11.221,0.008,False,Johnson V,CCD,BJAA,1.429,False
3099,SN 2014J,000-BLG-310,2456681.609103,11.205,0.008,False,Johnson V,CCD,BJAA,1.428,False
3100,SN 2014J,000-BLG-310,2456681.609392,11.228,0.008,False,Johnson V,CCD,BJAA,1.427,False
3101,SN 2014J,000-BLG-310,2456681.609693,11.216,0.008,False,Johnson V,CCD,BJAA,1.426,False
3102,SN 2014J,000-BLG-310,2456681.609959,11.241,0.008,False,Johnson V,CCD,BJAA,1.426,False
3103,SN 2014J,000-BLG-310,2456681.610260,11.200,0.008,False,Johnson V,CCD,BJAA,1.425,False
3104,SN 2014J,000-BLG-310,2456681.610515,11.210,0.008,False,Johnson V,CCD,BJAA,1.424,False
3105,SN 2014J,000-BLG-310,2456681.610781,11.240,0.008,False,Johnson V,CCD,BJAA,1.423,False
3106,SN 2014J,000-BLG-310,2456681.611094,11.219,0.008,False,Johnson V,CCD,BJAA,1.422,False
3107,SN 2014J,000-BLG-310,2456681.611360,11.214,0.008,False,Johnson V,CCD,BJAA,1.421,False
3108,SN 2014J,000-BLG-310,2456681.611626,11.194,0.008,False,Johnson V,CCD,BJAA,1.420,False
3109,SN 2014J,000-BLG-310,2456681.611892,11.180,0.008,False,Johnson V,CCD,BJAA,1.419,False
3110,SN 2014J,000-BLG-310,2456681.612182,11.221,0.008,False,Johnson V,CCD,BJAA,1.419,False
3111,SN 2014J,000-BLG-310,2456681.612483,11.385,0.009,False,Johnson V,CCD,BJAA,1.418,False
3112,SN 2014J,000-BLG-310,2456681.612737,11.221,0.008,False,Johnson V,CCD,BJAA,1.417,False
3113,SN 2014J,000-BLG-310,2456681.613050,11.231,0.008,False,Johnson V,CCD,BJAA,1.416,False
3114,SN 2014J,000-BLG-310,2456681.613351,11.225,0.008,False,Johnson V,CCD,BJAA,1.415,False
3115,SN 2014J,000-BLG-310,2456681.613652,11.213,0.008,False,Johnson V,CCD,BJAA,1.414,False
3116,SN 2014J,000-BLG-310,2456681.613952,11.208,0.008,False,Johnson V,CCD,BJAA,1.413,False
3117,SN 2014J,000-BLG-310,2456681.614242,11.215,0.008,False,Johnson V,CCD,BJAA,1.412,False
3118,SN 2014J,000-BLG-310,2456681.614543,11.195,0.008,False,Johnson V,CCD,BJAA,1.411,False
3119,SN 2014J,000-BLG-310,2456681.614832,11.210,0.008,False,Johnson V,CCD,BJAA,1.410,False
3120,SN 2014J,000-BLG-310,2456681.615133,11.243,0.008,False,Johnson V,CCD,BJAA,1.410,False
3121,SN 2014J,000-BLG-310,2456681.615422,11.237,0.008,False,Johnson V,CCD,BJAA,1.409,False
3122,SN 2014J,000-BLG-310,2456681.615677,11.244,0.008,False,Johnson V,CCD,BJAA,1.408,False
3123,SN 2014J,000-BLG-310,2456681.615955,11.230,0.008,False,Johnson V,CCD,BJAA,1.407,False
3124,SN 2014J,000-BLG-310,2456681.616256,11.242,0.008,False,Johnson V,CCD,BJAA,1.406,False
3125,SN 2014J,000-BLG-310,2456681.616510,11.197,0.008,False,Johnson V,CCD,BJAA,1.405,False
3126,SN 2014J,000-BLG-310,2456681.616777,11.181,0.008,False,Johnson V,CCD,BJAA,1.405,False
3127,SN 2014J,000-BLG-310,2456681.617043,11.209,0.008,False,Johnson V,CCD,BJAA,1.404,False
3128,SN 2014J,000-BLG-310,2456681.617332,11.250,0.008,False,Johnson V,CCD,BJAA,1.403,False
3129,SN 2014J,000-BLG-310,2456681.617633,11.197,0.008,False,Johnson V,CCD,BJAA,1.402,False
3130,SN 2014J,000-BLG-310,2456681.617934,11.203,0.008,False,Johnson V,CCD,BJAA,1.401,False
3131,SN 2014J,000-BLG-310,2456681.618235,11.215,0.008,False,Johnson V,CCD,BJAA,1.400,False
3132,SN 2014J,000-BLG-310,2456681.618536,11.210,0.008,False,Johnson V,CCD,BJAA,1.399,False
3133,SN 2014J,000-BLG-310,2456681.618825,11.216,0.008,False,Johnson V,CCD,BJAA,1.398,False
3134,SN 2014J,000-BLG-310,2456681.619126,11.211,0.008,False,Johnson V,CCD,BJAA,1.398,False
3135,SN 2014J,000-BLG-310,2456681.619392,11.204,0.008,False,Johnson V,CCD,BJAA,1.397,False
3136,SN 2014J,000-BLG-310,2456681.619693,11.223,0.008,False,Johnson V,CCD,BJAA,1.396,False
3137,SN 2014J,000-BLG-310,2456681.619983,11.224,0.008,False,Johnson V,CCD,BJAA,1.395,False
3138,SN 2014J,000-BLG-310,2456681.620284,11.214,0.008,False,Johnson V,CCD,BJAA,1.394,False
3139,SN 2014J,000-BLG-310,2456681.620585,11.257,0.008,False,Johnson V,CCD,BJAA,1.393,False
3140,SN 2014J,000-BLG-310,2456681.620874,11.209,0.008,False,Johnson V,CCD,BJAA,1.392,False
3141,SN 2014J,000-BLG-310,2456681.621140,11.179,0.008,False,Johnson V,CCD,BJAA,1.392,False
3142,SN 2014J,000-BLG-310,2456681.621429,11.206,0.008,False,Johnson V,CCD,BJAA,1.391,False
3143,SN 2014J,000-BLG-310,2456681.621696,11.211,0.008,False,Johnson V,CCD,BJAA,1.390,False
3144,SN 2014J,000-BLG-310,2456681.621997,11.236,0.008,False,Johnson V,CCD,BJAA,1.389,False
3145,SN 2014J,000-BLG-310,2456681.622274,11.201,0.008,False,Johnson V,CCD,BJAA,1.388,False
3146,SN 2014J,000-BLG-310,2456681.622575,11.205,0.008,False,Johnson V,CCD,BJAA,1.387,False
3147,SN 2014J,000-BLG-310,2456681.622865,11.224,0.008,False,Johnson V,CCD,BJAA,1.387,False
3148,SN 2014J,000-BLG-310,2456681.623154,11.207,0.008,False,Johnson V,CCD,BJAA,1.386,False
3149,SN 2014J,000-BLG-310,2456681.623455,11.194,0.008,False,Johnson V,CCD,BJAA,1.385,False
3150,SN 2014J,000-BLG-310,2456681.623721,11.194,0.008,False,Johnson V,CCD,BJAA,1.384,False
3151,SN 2014J,000-BLG-310,2456681.624022,11.211,0.008,False,Johnson V,CCD,BJAA,1.383,False
3152,SN 2014J,000-BLG-310,2456681.624335,11.219,0.008,False,Johnson V,CCD,BJAA,1.382,False
3153,SN 2014J,000-BLG-310,2456681.624635,11.217,0.008,False,Johnson V,CCD,BJAA,1.381,False
3154,SN 2014J,000-BLG-310,2456681.624925,11.245,0.008,False,Johnson V,CCD,BJAA,1.381,False
3155,SN 2014J,000-BLG-310,2456681.625226,11.223,0.008,False,Johnson V,CCD,BJAA,1.380,False
3156,SN 2014J,000-BLG-310,2456681.625515,11.211,0.008,False,Johnson V,CCD,BJAA,1.379,False
3157,SN 2014J,000-BLG-310,2456681.625816,11.211,0.008,False,Johnson V,CCD,BJAA,1.378,False
3158,SN 2014J,000-BLG-310,2456681.626105,11.213,0.008,False,Johnson V,CCD,BJAA,1.377,False
3159,SN 2014J,000-BLG-310,2456681.626406,11.209,0.008,False,Johnson V,CCD,BJAA,1.376,False
3160,SN 2014J,000-BLG-310,2456681.626696,11.203,0.008,False,Johnson V,CCD,BJAA,1.376,False
3161,SN 2014J,000-BLG-310,2456681.626962,11.209,0.008,False,Johnson V,CCD,BJAA,1.375,False
3162,SN 2014J,000-BLG-310,2456681.627228,11.222,0.008,False,Johnson V,CCD,BJAA,1.374,False
3163,SN 2014J,000-BLG-310,2456681.627529,11.234,0.008,False,Johnson V,CCD,BJAA,1.373,False
3164,SN 2014J,000-BLG-310,2456681.627784,11.218,0.008,False,Johnson V,CCD,BJAA,1.372,False
3165,SN 2014J,000-BLG-310,2456681.628050,11.188,0.008,False,Johnson V,CCD,BJAA,1.372,False
3166,SN 2014J,000-BLG-310,2456681.628316,11.235,0.008,False,Johnson V,CCD,BJAA,1.371,False
3167,SN 2014J,000-BLG-310,2456681.628617,11.204,0.008,False,Johnson V,CCD,BJAA,1.370,False
3168,SN 2014J,000-BLG-310,2456681.628918,11.187,0.008,False,Johnson V,CCD,BJAA,1.369,False
3169,SN 2014J,000-BLG-310,2456681.629207,11.205,0.008,False,Johnson V,CCD,BJAA,1.368,False
3170,SN 2014J,000-BLG-310,2456681.629496,11.198,0.008,False,Johnson V,CCD,BJAA,1.368,False
3171,SN 2014J,000-BLG-310,2456681.629798,11.259,0.008,False,Johnson V,CCD,BJAA,1.367,False
3172,SN 2014J,000-BLG-310,2456681.630098,11.198,0.008,False,Johnson V,CCD,BJAA,1.366,False
3173,SN 2014J,000-BLG-310,2456681.630399,11.214,0.008,False,Johnson V,CCD,BJAA,1.365,False
3174,SN 2014J,000-BLG-310,2456681.630666,11.206,0.008,False,Johnson V,CCD,BJAA,1.364,False
3175,SN 2014J,000-BLG-310,2456681.630966,11.219,0.008,False,Johnson V,CCD,BJAA,1.364,False
3176,SN 2014J,000-BLG-310,2456681.631256,11.232,0.008,False,Johnson V,CCD,BJAA,1.363,False
3177,SN 2014J,000-BLG-310,2456681.631557,11.198,0.008,False,Johnson V,CCD,BJAA,1.362,False
3178,SN 2014J,000-BLG-310,2456681.631846,11.204,0.008,False,Johnson V,CCD,BJAA,1.361,False
3179,SN 2014J,000-BLG-310,2456681.632147,11.201,0.008,False,Johnson V,CCD,BJAA,1.360,False
3180,SN 2014J,000-BLG-310,2456681.632402,11.243,0.008,False,Johnson V,CCD,BJAA,1.360,False
3181,SN 2014J,000-BLG-310,2456681.632656,11.238,0.008,False,Johnson V,CCD,BJAA,1.359,False
3182,SN 2014J,000-BLG-310,2456681.632922,11.252,0.008,False,Johnson V,CCD,BJAA,1.358,False
3183,SN 2014J,000-BLG-310,2456681.633212,11.221,0.008,False,Johnson V,CCD,BJAA,1.357,False
3184,SN 2014J,000-BLG-310,2456681.633478,11.222,0.008,False,Johnson V,CCD,BJAA,1.357,False
3185,SN 2014J,000-BLG-310,2456681.633744,11.226,0.008,False,Johnson V,CCD,BJAA,1.356,False
3186,SN 2014J,000-BLG-310,2456681.634045,11.224,0.008,False,Johnson V,CCD,BJAA,1.355,False
3187,SN 2014J,000-BLG-310,2456681.634334,11.185,0.008,False,Johnson V,CCD,BJAA,1.354,False
3188,SN 2014J,000-BLG-310,2456681.634624,11.222,0.008,False,Johnson V,CCD,BJAA,1.354,False
3189,SN 2014J,000-BLG-310,2456681.634925,11.206,0.008,False,Johnson V,CCD,BJAA,1.353,False
3190,SN 2014J,000-BLG-310,2456681.635226,11.231,0.008,False,Johnson V,CCD,BJAA,1.352,False
3191,SN 2014J,000-BLG-310,2456681.635527,11.209,0.008,False,Johnson V,CCD,BJAA,1.351,False
3192,SN 2014J,000-BLG-310,2456681.635781,11.202,0.008,False,Johnson V,CCD,BJAA,1.350,False
3193,SN 2014J,000-BLG-310,2456681.636082,11.223,0.008,False,Johnson V,CCD,BJAA,1.350,False
3194,SN 2014J,000-BLG-310,2456681.636383,11.208,0.008,False,Johnson V,CCD,BJAA,1.349,False
3195,SN 2014J,000-BLG-310,2456681.636638,11.191,0.008,False,Johnson V,CCD,BJAA,1.348,False
3196,SN 2014J,000-BLG-310,2456681.636939,11.202,0.008,False,Johnson V,CCD,BJAA,1.347,False
3197,SN 2014J,000-BLG-310,2456681.637228,11.194,0.008,False,Johnson V,CCD,BJAA,1.347,False
3198,SN 2014J,000-BLG-310,2456681.637541,11.235,0.008,False,Johnson V,CCD,BJAA,1.346,False
3199,SN 2014J,000-BLG-310,2456681.637795,11.187,0.008,False,Johnson V,CCD,BJAA,1.345,False
3200,SN 2014J,000-BLG-310,2456681.638061,11.186,0.008,False,Johnson V,CCD,BJAA,1.344,False
3201,SN 2014J,000-BLG-310,2456681.638362,11.211,0.008,False,Johnson V,CCD,BJAA,1.344,False
3202,SN 2014J,000-BLG-310,2456681.638629,11.271,0.008,False,Johnson V,CCD,BJAA,1.343,False
3203,SN 2014J,000-BLG-310,2456681.638929,11.187,0.008,False,Johnson V,CCD,BJAA,1.342,False
3204,SN 2014J,000-BLG-310,2456681.639196,11.208,0.008,False,Johnson V,CCD,BJAA,1.341,False
3205,SN 2014J,000-BLG-310,2456681.639473,11.187,0.008,False,Johnson V,CCD,BJAA,1.341,False
3206,SN 2014J,000-BLG-310,2456681.639740,11.209,0.008,False,Johnson V,CCD,BJAA,1.340,False
3207,SN 2014J,000-BLG-310,2456681.640006,11.218,0.008,False,Johnson V,CCD,BJAA,1.339,False
3208,SN 2014J,000-BLG-310,2456681.640272,11.206,0.008,False,Johnson V,CCD,BJAA,1.339,False
3209,SN 2014J,000-BLG-310,2456681.640573,11.245,0.008,False,Johnson V,CCD,BJAA,1.338,False
3210,SN 2014J,000-BLG-310,2456681.640862,11.218,0.008,False,Johnson V,CCD,BJAA,1.337,False
3211,SN 2014J,000-BLG-310,2456681.641163,11.226,0.008,False,Johnson V,CCD,BJAA,1.336,False
3212,SN 2014J,000-BLG-310,2456681.641429,11.219,0.008,False,Johnson V,CCD,BJAA,1.336,False
3213,SN 2014J,000-BLG-310,2456681.641696,11.219,0.008,False,Johnson V,CCD,BJAA,1.335,False
3214,SN 2014J,000-BLG-310,2456681.641997,11.203,0.008,False,Johnson V,CCD,BJAA,1.334,False
3215,SN 2014J,000-BLG-310,2456681.642286,11.193,0.008,False,Johnson V,CCD,BJAA,1.333,False
3216,SN 2014J,000-BLG-310,2456681.642587,11.203,0.008,False,Johnson V,CCD,BJAA,1.333,False
3217,SN 2014J,000-BLG-310,2456681.642853,11.218,0.008,False,Johnson V,CCD,BJAA,1.332,False
3218,SN 2014J,000-BLG-310,2456681.643409,11.135,0.008,False,Johnson V,CCD,BJAA,1.331,False
3219,SN 2014J,000-BLG-310,2456681.643675,11.164,0.009,False,Johnson V,CCD,BJAA,1.330,False
3220,SN 2014J,000-BLG-310,2456681.643929,11.210,0.008,False,Johnson V,CCD,BJAA,1.329,False
3221,SN 2014J,000-BLG-310,2456681.644184,11.199,0.008,False,Johnson V,CCD,BJAA,1.329,False
3222,SN 2014J,000-BLG-310,2456681.644497,11.214,0.008,False,Johnson V,CCD,BJAA,1.328,False
3223,SN 2014J,000-BLG-310,2456681.644763,11.210,0.008,False,Johnson V,CCD,BJAA,1.327,False
3224,SN 2014J,000-BLG-310,2456681.645064,11.190,0.008,False,Johnson V,CCD,BJAA,1.326,False
3225,SN 2014J,000-BLG-310,2456681.645318,11.208,0.008,False,Johnson V,CCD,BJAA,1.326,False
3226,SN 2014J,000-BLG-310,2456681.645573,11.234,0.008,False,Johnson V,CCD,BJAA,1.325,False
3227,SN 2014J,000-BLG-310,2456681.645874,11.220,0.008,False,Johnson V,CCD,BJAA,1.324,False
3228,SN 2014J,000-BLG-310,2456681.646128,11.235,0.008,False,Johnson V,CCD,BJAA,1.324,False
3229,SN 2014J,000-BLG-310,2456681.646395,11.217,0.008,False,Johnson V,CCD,BJAA,1.323,False
3230,SN 2014J,000-BLG-310,2456681.646684,11.221,0.008,False,Johnson V,CCD,BJAA,1.322,False
3231,SN 2014J,000-BLG-310,2456681.646985,11.211,0.008,False,Johnson V,CCD,BJAA,1.322,False
3232,SN 2014J,000-BLG-310,2456681.647240,11.271,0.008,False,Johnson V,CCD,BJAA,1.321,False
3233,SN 2014J,000-BLG-310,2456681.647540,11.226,0.008,False,Johnson V,CCD,BJAA,1.320,False
3234,SN 2014J,000-BLG-310,2456681.647841,11.218,0.009,False,Johnson V,CCD,BJAA,1.319,False
3235,SN 2014J,000-BLG-310,2456681.648096,11.356,0.010,False,Johnson V,CCD,BJAA,1.319,False
3236,SN 2014J,000-BLG-310,2456681.648362,11.158,0.010,False,Johnson V,CCD,BJAA,1.318,False
3237,SN 2014J,000-BLG-310,2456681.648652,11.216,0.011,False,Johnson V,CCD,BJAA,1.317,False
3238,SN 2014J,000-BLG-310,2456681.648964,11.179,0.009,False,Johnson V,CCD,BJAA,1.317,False
3239,SN 2014J,000-BLG-310,2456681.649219,11.215,0.010,False,Johnson V,CCD,BJAA,1.316,False
3240,SN 2014J,000-BLG-310,2456681.649473,11.194,0.009,False,Johnson V,CCD,BJAA,1.315,False
3241,SN 2014J,000-BLG-310,2456681.649774,11.193,0.009,False,Johnson V,CCD,BJAA,1.315,False
3242,SN 2014J,000-BLG-310,2456681.650064,11.220,0.009,False,Johnson V,CCD,BJAA,1.314,False
3243,SN 2014J,000-BLG-310,2456681.650365,11.196,0.008,False,Johnson V,CCD,BJAA,1.313,False
3244,SN 2014J,000-BLG-310,2456681.650642,11.215,0.009,False,Johnson V,CCD,BJAA,1.313,False
3245,SN 2014J,000-BLG-310,2456681.650943,11.304,0.011,False,Johnson V,CCD,BJAA,1.312,False
3246,SN 2014J,000-BLG-310,2456681.651233,11.188,0.010,False,Johnson V,CCD,BJAA,1.311,False
3247,SN 2014J,000-BLG-310,2456681.651487,11.181,0.009,False,Johnson V,CCD,BJAA,1.311,False
3248,SN 2014J,000-BLG-310,2456681.651754,11.213,0.008,False,Johnson V,CCD,BJAA,1.310,False
3249,SN 2014J,000-BLG-310,2456681.652020,11.212,0.009,False,Johnson V,CCD,BJAA,1.309,False
3250,SN 2014J,000-BLG-310,2456681.652321,11.208,0.008,False,Johnson V,CCD,BJAA,1.309,False
3251,SN 2014J,000-BLG-310,2456681.652610,11.225,0.008,False,Johnson V,CCD,BJAA,1.308,False
3252,SN 2014J,000-BLG-310,2456681.652899,11.199,0.008,False,Johnson V,CCD,BJAA,1.307,False
3253,SN 2014J,000-BLG-310,2456681.653189,11.221,0.008,False,Johnson V,CCD,BJAA,1.306,False
3254,SN 2014J,000-BLG-310,2456681.653443,11.192,0.008,False,Johnson V,CCD,BJAA,1.306,False
3255,SN 2014J,000-BLG-310,2456681.653756,11.188,0.008,False,Johnson V,CCD,BJAA,1.305,False
3256,SN 2014J,000-BLG-310,2456681.654010,11.186,0.008,False,Johnson V,CCD,BJAA,1.305,False
3257,SN 2014J,000-BLG-310,2456681.654277,11.249,0.009,False,Johnson V,CCD,BJAA,1.304,False
3258,SN 2014J,000-BLG-310,2456681.654543,11.209,0.009,False,Johnson V,CCD,BJAA,1.303,False
3259,SN 2014J,000-BLG-310,2456681.654809,11.259,0.009,False,Johnson V,CCD,BJAA,1.303,False
3260,SN 2014J,000-BLG-310,2456681.655064,11.229,0.008,False,Johnson V,CCD,BJAA,1.302,False
3261,SN 2014J,000-BLG-310,2456681.655365,11.210,0.008,False,Johnson V,CCD,BJAA,1.301,False
3262,SN 2014J,000-BLG-310,2456681.655631,11.200,0.008,False,Johnson V,CCD,BJAA,1.301,False
3263,SN 2014J,000-BLG-310,2456681.655897,11.198,0.008,False,Johnson V,CCD,BJAA,1.300,False
3264,SN 2014J,000-BLG-310,2456681.656198,11.198,0.008,False,Johnson V,CCD,BJAA,1.299,False
3265,SN 2014J,000-BLG-310,2456681.656487,11.169,0.008,False,Johnson V,CCD,BJAA,1.299,False
3266,SN 2014J,000-BLG-310,2456681.656742,11.208,0.008,False,Johnson V,CCD,BJAA,1.298,False
3267,SN 2014J,000-BLG-310,2456681.657043,11.190,0.008,False,Johnson V,CCD,BJAA,1.297,False
3268,SN 2014J,000-BLG-310,2456681.657309,11.200,0.008,False,Johnson V,CCD,BJAA,1.297,False
3269,SN 2014J,000-BLG-310,2456681.657610,11.186,0.008,False,Johnson V,CCD,BJAA,1.296,False
3270,SN 2014J,000-BLG-310,2456681.657911,11.230,0.008,False,Johnson V,CCD,BJAA,1.295,False
3271,SN 2014J,000-BLG-310,2456681.658166,11.214,0.008,False,Johnson V,CCD,BJAA,1.295,False
3272,SN 2014J,000-BLG-310,2456681.658466,11.215,0.008,False,Johnson V,CCD,BJAA,1.294,False
3273,SN 2014J,000-BLG-310,2456681.658767,11.187,0.007,False,Johnson V,CCD,BJAA,1.293,False
3274,SN 2014J,000-BLG-310,2456681.659022,11.219,0.008,False,Johnson V,CCD,BJAA,1.293,False
3275,SN 2014J,000-BLG-310,2456681.659323,11.224,0.007,False,Johnson V,CCD,BJAA,1.292,False
3276,SN 2014J,000-BLG-310,2456681.659578,11.225,0.007,False,Johnson V,CCD,BJAA,1.292,False
3277,SN 2014J,000-BLG-310,2456681.659867,11.193,0.007,False,Johnson V,CCD,BJAA,1.291,False
3278,SN 2014J,000-BLG-310,2456681.660133,11.193,0.007,False,Johnson V,CCD,BJAA,1.290,False
3279,SN 2014J,000-BLG-310,2456681.660434,11.213,0.008,False,Johnson V,CCD,BJAA,1.290,False
3280,SN 2014J,000-BLG-310,2456681.660735,11.226,0.008,False,Johnson V,CCD,BJAA,1.289,False
3281,SN 2014J,000-BLG-310,2456681.661024,11.234,0.008,False,Johnson V,CCD,BJAA,1.288,False
3282,SN 2014J,000-BLG-310,2456681.661290,11.213,0.007,False,Johnson V,CCD,BJAA,1.288,False
3283,SN 2014J,000-BLG-310,2456681.661591,11.217,0.008,False,Johnson V,CCD,BJAA,1.287,False
3284,SN 2014J,000-BLG-310,2456681.661881,11.215,0.008,False,Johnson V,CCD,BJAA,1.286,False
3285,SN 2014J,000-BLG-310,2456681.662182,11.228,0.008,False,Johnson V,CCD,BJAA,1.286,False
3286,SN 2014J,000-BLG-310,2456681.662483,11.187,0.008,False,Johnson V,CCD,BJAA,1.285,False
3287,SN 2014J,000-BLG-310,2456681.662784,11.218,0.007,False,Johnson V,CCD,BJAA,1.284,False
3288,SN 2014J,000-BLG-310,2456681.663038,11.192,0.008,False,Johnson V,CCD,BJAA,1.284,False
3289,SN 2014J,000-BLG-310,2456681.663339,11.203,0.007,False,Johnson V,CCD,BJAA,1.283,False
3290,SN 2014J,000-BLG-310,2456681.663628,11.202,0.007,False,Johnson V,CCD,BJAA,1.283,False
3291,SN 2014J,000-BLG-310,2456681.663929,11.199,0.008,False,Johnson V,CCD,BJAA,1.282,False
3292,SN 2014J,000-BLG-310,2456681.664219,11.207,0.008,False,Johnson V,CCD,BJAA,1.281,False
3293,SN 2014J,000-BLG-310,2456681.664520,11.223,0.008,False,Johnson V,CCD,BJAA,1.281,False
3294,SN 2014J,000-BLG-310,2456681.664821,11.238,0.008,False,Johnson V,CCD,BJAA,1.280,False
3295,SN 2014J,000-BLG-310,2456681.665087,11.224,0.008,False,Johnson V,CCD,BJAA,1.279,False
3296,SN 2014J,000-BLG-310,2456681.665365,11.199,0.008,False,Johnson V,CCD,BJAA,1.279,False
3297,SN 2014J,000-BLG-310,2456681.665665,11.216,0.009,False,Johnson V,CCD,BJAA,1.278,False
3298,SN 2014J,000-BLG-310,2456681.665932,11.239,0.008,False,Johnson V,CCD,BJAA,1.278,False
3299,SN 2014J,000-BLG-310,2456681.666198,11.208,0.008,False,Johnson V,CCD,BJAA,1.277,False
3300,SN 2014J,000-BLG-310,2456681.666499,11.209,0.008,False,Johnson V,CCD,BJAA,1.276,False
3301,SN 2014J,000-BLG-310,2456681.666788,11.180,0.008,False,Johnson V,CCD,BJAA,1.276,False
3302,SN 2014J,000-BLG-310,2456681.667089,11.196,0.008,False,Johnson V,CCD,BJAA,1.275,False
3303,SN 2014J,000-BLG-310,2456681.667379,11.214,0.008,False,Johnson V,CCD,BJAA,1.274,False
3304,SN 2014J,000-BLG-310,2456681.667679,11.209,0.008,False,Johnson V,CCD,BJAA,1.274,False
3305,SN 2014J,000-BLG-310,2456681.667980,11.195,0.008,False,Johnson V,CCD,BJAA,1.273,False
3306,SN 2014J,000-BLG-310,2456681.668247,11.195,0.008,False,Johnson V,CCD,BJAA,1.273,False
3307,SN 2014J,000-BLG-310,2456693.28657,11.868,0.014,False,Johnson B,CCD,BDGA,,False
3308,SN 2014J,000-BLG-310,2456693.29120,10.477,0.011,False,Johnson V,CCD,BDGA,,False
3309,SN 2014J,000-BLG-310,2456693.28909,9.925,0.021,False,Cousins R,CCD,BDGA,,False
3310,SN 2014J,000-BLG-310,2456693.28839,9.701,0.068,False,Cousins I,CCD,BDGA,,False
3311,SN 2014J,000-BLG-310,2456694.32118,11.898,0.010,False,Johnson B,CCD,NRNA,1.453,False
3312,SN 2014J,000-BLG-310,2456694.31851,9.679,0.006,False,Cousins I,CCD,NRNA,1.462,False
3313,SN 2014J,000-BLG-310,2456694.31549,9.930,0.005,False,Cousins R,CCD,NRNA,1.473,False
3314,SN 2014J,000-BLG-310,2456694.31690,10.461,0.005,False,Johnson V,CCD,NRNA,1.468,False
3315,SN 2014J,000-BLG-310,2456694.28507,10.5035,0.0085,False,Johnson V,CCD,HFGA,1.581,False
3316,SN 2014J,000-BLG-310,2456694.28593,10.4994,0.0084,False,Johnson V,CCD,HFGA,1.578,False
3317,SN 2014J,000-BLG-310,2456694.28680,10.5038,0.0085,False,Johnson V,CCD,HFGA,1.574,False
3318,SN 2014J,000-BLG-310,2456694.28765,10.5021,0.0084,False,Johnson V,CCD,HFGA,1.571,False
3319,SN 2014J,000-BLG-310,2456694.28851,10.5074,0.0084,False,Johnson V,CCD,HFGA,1.567,False
3320,SN 2014J,000-BLG-310,2456694.28937,10.4925,0.0084,False,Johnson V,CCD,HFGA,1.564,False
3321,SN 2014J,000-BLG-310,2456694.29022,10.4863,0.0084,False,Johnson V,CCD,HFGA,1.560,False
3322,SN 2014J,000-BLG-310,2456694.29109,10.5015,0.0084,False,Johnson V,CCD,HFGA,1.557,False
3323,SN 2014J,000-BLG-310,2456694.29195,10.4935,0.0085,False,Johnson V,CCD,HFGA,1.554,False
3324,SN 2014J,000-BLG-310,2456694.29280,10.4908,0.0084,False,Johnson V,CCD,HFGA,1.550,False
3325,SN 2014J,000-BLG-310,2456694.29367,10.4882,0.0084,False,Johnson V,CCD,HFGA,1.547,False
3326,SN 2014J,000-BLG-310,2456694.29453,10.4983,0.0084,False,Johnson V,CCD,HFGA,1.543,False
3327,SN 2014J,000-BLG-310,2456694.29538,10.4933,0.0084,False,Johnson V,CCD,HFGA,1.540,False
3328,SN 2014J,000-BLG-310,2456694.29625,10.5016,0.0084,False,Johnson V,CCD,HFGA,1.537,False
3329,SN 2014J,000-BLG-310,2456694.29711,10.4957,0.0084,False,Johnson V,CCD,HFGA,1.534,False
3330,SN 2014J,000-BLG-310,2456694.29796,10.4917,0.0084,False,Johnson V,CCD,HFGA,1.530,False
3331,SN 2014J,000-BLG-310,2456694.29882,10.4963,0.0084,False,Johnson V,CCD,HFGA,1.527,False
3332,SN 2014J,000-BLG-310,2456694.29968,10.4985,0.0086,False,Johnson V,CCD,HFGA,1.524,False
3333,SN 2014J,000-BLG-310,2456694.38321,9.943,0.003,False,Cousins R,CCD,ELTA,1.297,False
3334,SN 2014J,000-BLG-310,2456694.39503,10.506,0.006,False,Johnson V,CCD,ELTA,1.272,False
3335,SN 2014J,000-BLG-310,2456693.42647,11.824,0.006,False,Johnson B,CCD,VLYA,,False
3336,SN 2014J,000-BLG-310,2456693.431806,11.849,0.009,False,Johnson B,CCD,VLYA,,False
3337,SN 2014J,000-BLG-310,2456693.432604,11.836,0.009,False,Johnson B,CCD,VLYA,,False
3338,SN 2014J,000-BLG-310,2456693.433009,11.838,0.009,False,Johnson B,CCD,VLYA,,False
3339,SN 2014J,000-BLG-310,2456693.441366,11.843,0.008,False,Johnson B,CCD,VLYA,,False
3340,SN 2014J,000-BLG-310,2456693.432454,10.459,0.004,False,Johnson V,CCD,VLYA,,False
3341,SN 2014J,000-BLG-310,2456693.433808,10.466,0.004,False,Johnson V,CCD,VLYA,,False
3342,SN 2014J,000-BLG-310,2456693.434201,10.469,0.004,False,Johnson V,CCD,VLYA,,False
3343,SN 2014J,000-BLG-310,2456693.434606,10.460,0.004,False,Johnson V,CCD,VLYA,,False
3344,SN 2014J,000-BLG-310,2456693.441887,10.459,0.004,False,Johnson V,CCD,VLYA,,False
3345,SN 2014J,000-BLG-310,2456693.442407,10.462,0.004,False,Johnson V,CCD,VLYA,,False
3346,SN 2014J,000-BLG-310,2456693.432859,9.927,0.005,False,Cousins R,CCD,VLYA,,False
3347,SN 2014J,000-BLG-310,2456693.435,9.933,0.007,False,Cousins R,CCD,VLYA,,False
3348,SN 2014J,000-BLG-310,2456693.435405,9.931,0.007,False,Cousins R,CCD,VLYA,,False
3349,SN 2014J,000-BLG-310,2456693.435799,9.930,0.007,False,Cousins R,CCD,VLYA,,False
3350,SN 2014J,000-BLG-310,2456693.436204,9.925,0.007,False,Cousins R,CCD,VLYA,,False
3351,SN 2014J,000-BLG-310,2456694.543547,10.600,0.029,False,Johnson V,CCD,CABB,,False
3352,SN 2014J,000-BLG-310,2456692.88037,11.952,0.015,False,Johnson B,CCD,FJQ,1.230,False
3353,SN 2014J,000-BLG-310,2456692.882662,11.952,0.013,False,Johnson B,CCD,FJQ,1.231,False
3354,SN 2014J,000-BLG-310,2456692.884954,11.955,0.013,False,Johnson B,CCD,FJQ,1.231,False
3355,SN 2014J,000-BLG-310,2456692.888079,10.529,0.015,False,Johnson V,CCD,FJQ,1.232,False
3356,SN 2014J,000-BLG-310,2456692.890359,10.526,0.013,False,Johnson V,CCD,FJQ,1.233,False
3357,SN 2014J,000-BLG-310,2456692.892639,10.535,0.014,False,Johnson V,CCD,FJQ,1.234,False
3358,SN 2014J,000-BLG-310,2456692.903565,9.997,0.011,False,Cousins R,CCD,FJQ,1.239,False
3359,SN 2014J,000-BLG-310,2456692.905845,10.004,0.026,False,Cousins R,CCD,FJQ,1.240,False
3360,SN 2014J,000-BLG-310,2456692.895822,9.767,0.015,False,Cousins I,CCD,FJQ,1.235,False
3361,SN 2014J,000-BLG-310,2456692.898102,9.772,0.015,False,Cousins I,CCD,FJQ,1.236,False
3362,SN 2014J,000-BLG-310,2456692.900382,9.770,0.018,False,Cousins I,CCD,FJQ,1.237,False
3363,SN 2014J,000-BLG-310,2456694.48794,10.575,0.012,False,Johnson V,CCD,BPO,,False
3364,PSN J09554214+6940260,000-BLG-310,2456687.5,11.7492,0.0085,False,Johnson B,CCD,MDAD,,False
3365,PSN J09554214+6940260,000-BLG-310,2456687.5,10.6307,0.0023,False,Johnson V,CCD,MDAD,,False
3366,PSN J09554214+6940260,000-BLG-310,2456688.5,10.6013,0.2491,False,Johnson V,CCD,MDAD,,False
3367,SN 2014J,000-BLG-310,2456694.84730,10.558,0.029,False,Johnson V,CCD,DDJ,1.267,False
3368,SN 2014J,000-BLG-310,2456695.817593,10.524,,False,Johnson V,CCD,NAO,,False
3369,SN 2014J,000-BLG-310,2456695.818976,9.765,,False,Cousins I,CCD,NAO,,False
3370,SN 2014J,000-BLG-310,2456695.818976,9.967,,False,Cousins R,CCD,NAO,,False
3371,SN 2014J,000-BLG-310,2456695.816632,11.952,,False,Johnson B,CCD,NAO,,False
3372,SN 2014J,000-BLG-310,2456691.386459,10.499,0.005,False,Johnson V,CCD,MJOD,1.343,False
3373,SN 2014J,000-BLG-310,2456691.387229,10.502,0.005,False,Johnson V,CCD,MJOD,1.341,False
3374,SN 2014J,000-BLG-310,2456691.387979,10.502,0.005,False,Johnson V,CCD,MJOD,1.339,False
3375,SN 2014J,000-BLG-310,2456695.40483,9.968,0.019,False,Cousins R,CCD,BDGA,,False
3376,SN 2014J,000-BLG-310,2456695.40632,9.737,0.026,False,Cousins I,CCD,BDGA,,False
3377,SN 2014J,000-BLG-310,2456695.41017,11.994,0.069,False,Johnson B,CCD,BDGA,,False
3378,SN 2014J,000-BLG-310,2456695.40797,10.514,0.010,False,Johnson V,CCD,BDGA,,False
3379,SN 2014J,000-BLG-310,2456696.27605,9.754,0.006,False,Cousins I,CCD,NRNA,1.603,False
3380,SN 2014J,000-BLG-310,2456696.27260,9.997,0.005,False,Cousins R,CCD,NRNA,1.618,False
3381,SN 2014J,000-BLG-310,2456696.27444,10.497,0.005,False,Johnson V,CCD,NRNA,1.610,False
3382,SN 2014J,000-BLG-310,2456696.28367,11.991,0.011,False,Johnson B,CCD,NRNA,1.572,False
3383,SN 2014J,000-BLG-310,2456696.25139,10.608,0.023,False,Johnson V,CCD,JNDA,,False
3384,SN 2014J,000-BLG-310,2456696.25764,10.008,0.038,False,Cousins R,CCD,JNDA,,False
3385,SN 2014J,000-BLG-310,2456696.26389,9.822,0.021,False,Cousins I,CCD,JNDA,,False
3386,SN 2014J,000-BLG-310,2456690.344413,11.812,0.010,False,Johnson B,CCD,CFRA,1.420,False
3387,SN 2014J,000-BLG-310,2456690.336353,9.606,0.010,False,Cousins I,CCD,CFRA,1.446,False
3388,SN 2014J,000-BLG-310,2456690.331943,9.900,0.012,False,Cousins R,CCD,CFRA,1.460,False
3389,SN 2014J,000-BLG-310,2456690.329653,10.546,0.006,False,Johnson V,CCD,CFRA,1.468,False
3390,SN 2014J,000-BLG-310,2456694.390750,11.923,0.006,False,Johnson B,CCD,CFRA,1.273,False
3391,SN 2014J,000-BLG-310,2456694.381729,9.738,0.006,False,Cousins I,CCD,CFRA,1.292,False
3392,SN 2014J,000-BLG-310,2456694.376669,9.930,0.015,False,Cousins R,CCD,CFRA,1.303,False
3393,SN 2014J,000-BLG-310,2456694.373209,10.561,0.012,False,Johnson V,CCD,CFRA,1.311,False
3394,SN 2014J,000-BLG-310,2456696.443770,12.016,0.008,False,Johnson B,CCD,CFRA,1.180,False
3395,SN 2014J,000-BLG-310,2456696.450560,9.840,0.005,False,Cousins I,CCD,CFRA,1.173,False
3396,SN 2014J,000-BLG-310,2456696.447310,10.020,0.001,False,Cousins R,CCD,CFRA,1.176,False
3397,SN 2014J,000-BLG-310,2456696.445950,10.609,0.001,False,Johnson V,CCD,CFRA,1.177,False
3398,SN 2014J,000-BLG-310,2456696.29137,9.787,0.031,False,Cousins I,CCD,BDGA,,False
3399,SN 2014J,000-BLG-310,2456696.29513,12.004,0.026,False,Johnson B,CCD,BDGA,,False
3400,SN 2014J,000-BLG-310,2456696.29304,10.538,0.005,False,Johnson V,CCD,BDGA,,False
3401,SN 2014J,000-BLG-310,2456696.28984,10.003,0.016,False,Cousins R,CCD,BDGA,,False
3402,SN 2014J,000-BLG-310,2456688.373484,10.640,0.01,False,Johnson V,CCD,SBX,1.11,False
3403,SN 2014J,000-BLG-310,2456696.425625,10.665,0.01,False,Johnson V,CCD,SBX,1.18,False
3404,PSN J09554214+6940260,000-BLG-310,2456686.55412,11.934,0.014,False,Johnson B,CCD,RGN,1.134,False
3405,PSN J09554214+6940260,000-BLG-310,2456686.556296,11.942,0.014,False,Johnson B,CCD,RGN,1.135,False
3406,PSN J09554214+6940260,000-BLG-310,2456686.558472,11.940,0.013,False,Johnson B,CCD,RGN,1.136,False
3407,PSN J09554214+6940260,000-BLG-310,2456686.560648,11.943,0.013,False,Johnson B,CCD,RGN,1.137,False
3408,PSN J09554214+6940260,000-BLG-310,2456686.544514,10.753,0.019,False,Johnson V,CCD,RGN,1.131,False
3409,PSN J09554214+6940260,000-BLG-310,2456686.545301,10.755,0.017,False,Johnson V,CCD,RGN,1.132,False
3410,PSN J09554214+6940260,000-BLG-310,2456686.546088,10.750,0.016,False,Johnson V,CCD,RGN,1.132,False
3411,PSN J09554214+6940260,000-BLG-310,2456686.546875,10.742,0.019,False,Johnson V,CCD,RGN,1.132,False
3412,PSN J09554214+6940260,000-BLG-310,2456686.547662,10.749,0.018,False,Johnson V,CCD,RGN,1.132,False
3413,PSN J09554214+6940260,000-BLG-310,2456686.548438,10.747,0.018,False,Johnson V,CCD,RGN,1.132,False
3414,SN 2014J,000-BLG-310,2456695.4443,11.984,0.119,False,Johnson B,CCD,MMN,,False
3415,SN 2014J,000-BLG-310,2456695.4451,10.481,0.119,False,Johnson V,CCD,MMN,,False
3416,SN 2014J,000-BLG-310,2456695.4460,9.715,0.073,False,Cousins I,CCD,MMN,,False
3417,SN 2014J,000-BLG-310,2456697.47455,10.107,0.002,False,Cousins R,CCD,ELTA,1.154,False
3418,SN 2014J,000-BLG-310,2456697.48127,10.610,0.007,False,Johnson V,CCD,ELTA,1.149,False
3419,SN 2014J,000-BLG-310,2456697.698565,10.733,0.009,False,Johnson V,CCD,CABB,,False
3420,SN 2014J,000-BLG-310,2456697.48754,12.116,0.016,False,Johnson B,CCD,BDGA,,False
3421,SN 2014J,000-BLG-310,2456697.49823,10.589,0.012,False,Johnson V,CCD,BDGA,,False
3422,SN 2014J,000-BLG-310,2456697.47799,10.044,0.018,False,Cousins R,CCD,BDGA,,False
3423,SN 2014J,000-BLG-310,2456697.47961,9.835,0.032,False,Cousins I,CCD,BDGA,,False
3424,PSN J09554214+6940260,000-BLG-310,2456684.00552,10.922,0.004,False,Johnson V,CCD,MJB,1.53,False
3425,PSN J09554214+6940260,000-BLG-310,2456684.00633,10.928,0.004,False,Johnson V,CCD,MJB,1.53,False
3426,PSN J09554214+6940260,000-BLG-310,2456684.97082,10.846,0.004,False,Johnson V,CCD,MJB,1.42,False
3427,PSN J09554214+6940260,000-BLG-310,2456684.97163,10.853,0.004,False,Johnson V,CCD,MJB,1.42,False
3428,PSN J09554214+6940260,000-BLG-310,2456684.97243,10.858,0.004,False,Johnson V,CCD,MJB,1.43,False
3429,PSN J09554214+6940260,000-BLG-310,2456687.94778,10.625,0.005,False,Johnson V,CCD,MJB,1.38,False
3430,PSN J09554214+6940260,000-BLG-310,2456687.94859,10.634,0.004,False,Johnson V,CCD,MJB,1.38,False
3431,PSN J09554214+6940260,000-BLG-310,2456687.94939,10.636,0.004,False,Johnson V,CCD,MJB,1.38,False
3432,PSN J09554214+6940260,000-BLG-310,2456691.93280,10.588,0.004,False,Johnson V,CCD,MJB,1.37,False
3433,PSN J09554214+6940260,000-BLG-310,2456691.93360,10.573,0.003,False,Johnson V,CCD,MJB,1.37,False
3434,PSN J09554214+6940260,000-BLG-310,2456691.93440,10.567,0.003,False,Johnson V,CCD,MJB,1.37,False
3435,PSN J09554214+6940260,000-BLG-310,2456697.616759,10.522,0.010,False,Johnson V,CCD,SIQ,1.636,False
3436,PSN J09554214+6940260,000-BLG-310,2456697.620382,10.539,0.010,False,Johnson V,CCD,SIQ,1.620,False
3437,PSN J09554214+6940260,000-BLG-310,2456697.62081,10.534,0.010,False,Johnson V,CCD,SIQ,1.618,False
3438,PSN J09554214+6940260,000-BLG-310,2456697.621227,10.541,0.011,False,Johnson V,CCD,SIQ,1.616,False
3439,PSN J09554214+6940260,000-BLG-310,2456697.621655,10.547,0.011,False,Johnson V,CCD,SIQ,1.614,False
3440,PSN J09554214+6940260,000-BLG-310,2456697.624178,10.528,0.010,False,Johnson V,CCD,SIQ,1.603,False
3441,PSN J09554214+6940260,000-BLG-310,2456697.625868,10.551,0.011,False,Johnson V,CCD,SIQ,1.596,False
3442,PSN J09554214+6940260,000-BLG-310,2456697.626285,10.545,0.010,False,Johnson V,CCD,SIQ,1.594,False
3443,PSN J09554214+6940260,000-BLG-310,2456697.626713,10.551,0.010,False,Johnson V,CCD,SIQ,1.592,False
3444,PSN J09554214+6940260,000-BLG-310,2456697.62713,10.544,0.010,False,Johnson V,CCD,SIQ,1.591,False
3445,SN 2014J,000-BLG-310,2456697.630509,10.545,0.011,False,Johnson V,CCD,SIQ,1.577,False
3446,SN 2014J,000-BLG-310,2456697.83758,10.726,0.070,False,Johnson V,CCD,DDJ,1.266,False
3447,SN 2014J,000-BLG-310,2456698.28188,12.177,0.025,False,Johnson B,CCD,BDG,1.355,True
3448,SN 2014J,000-BLG-310,2456698.28277,12.171,0.028,False,Johnson B,CCD,BDG,1.353,True
3449,SN 2014J,000-BLG-310,2456698.28365,12.195,0.027,False,Johnson B,CCD,BDG,1.350,True
3450,SN 2014J,000-BLG-310,2456698.28454,12.147,0.024,False,Johnson B,CCD,BDG,1.348,True
3451,SN 2014J,000-BLG-310,2456698.28542,12.162,0.024,False,Johnson B,CCD,BDG,1.346,True
3452,SN 2014J,000-BLG-310,2456698.28630,12.156,0.025,False,Johnson B,CCD,BDG,1.344,True
3453,SN 2014J,000-BLG-310,2456698.28719,12.175,0.024,False,Johnson B,CCD,BDG,1.342,True
3454,SN 2014J,000-BLG-310,2456698.28807,12.165,0.025,False,Johnson B,CCD,BDG,1.340,True
3455,SN 2014J,000-BLG-310,2456698.28210,10.655,0.009,False,Johnson V,CCD,BDG,1.354,True
3456,SN 2014J,000-BLG-310,2456698.28299,10.661,0.009,False,Johnson V,CCD,BDG,1.352,True
3457,SN 2014J,000-BLG-310,2456698.28387,10.679,0.012,False,Johnson V,CCD,BDG,1.350,True
3458,SN 2014J,000-BLG-310,2456698.28476,10.663,0.010,False,Johnson V,CCD,BDG,1.348,True
3459,SN 2014J,000-BLG-310,2456698.28564,10.657,0.015,False,Johnson V,CCD,BDG,1.346,True
3460,SN 2014J,000-BLG-310,2456698.28652,10.654,0.009,False,Johnson V,CCD,BDG,1.343,True
3461,SN 2014J,000-BLG-310,2456698.28741,10.653,0.008,False,Johnson V,CCD,BDG,1.341,True
3462,SN 2014J,000-BLG-310,2456698.28829,10.654,0.011,False,Johnson V,CCD,BDG,1.339,True
3463,SN 2014J,000-BLG-310,2456698.28227,10.082,0.018,False,Cousins R,CCD,BDG,1.354,True
3464,SN 2014J,000-BLG-310,2456698.28315,10.078,0.009,False,Cousins R,CCD,BDG,1.352,True
3465,SN 2014J,000-BLG-310,2456698.28404,10.091,0.017,False,Cousins R,CCD,BDG,1.350,True
3466,SN 2014J,000-BLG-310,2456698.28492,10.085,0.016,False,Cousins R,CCD,BDG,1.347,True
3467,SN 2014J,000-BLG-310,2456698.28580,10.088,0.016,False,Cousins R,CCD,BDG,1.345,True
3468,SN 2014J,000-BLG-310,2456698.28669,10.099,0.022,False,Cousins R,CCD,BDG,1.343,True
3469,SN 2014J,000-BLG-310,2456698.28757,10.109,0.015,False,Cousins R,CCD,BDG,1.341,True
3470,SN 2014J,000-BLG-310,2456698.28846,10.099,0.023,False,Cousins R,CCD,BDG,1.339,True
3471,SN 2014J,000-BLG-310,2456698.28249,10.018,0.027,False,Cousins I,CCD,BDG,1.353,True
3472,SN 2014J,000-BLG-310,2456698.28337,10.005,0.029,False,Cousins I,CCD,BDG,1.351,True
3473,SN 2014J,000-BLG-310,2456698.28426,10.000,0.029,False,Cousins I,CCD,BDG,1.349,True
3474,SN 2014J,000-BLG-310,2456698.28514,10.015,0.027,False,Cousins I,CCD,BDG,1.347,True
3475,SN 2014J,000-BLG-310,2456698.28602,10.014,0.026,False,Cousins I,CCD,BDG,1.345,True
3476,SN 2014J,000-BLG-310,2456698.28691,10.018,0.031,False,Cousins I,CCD,BDG,1.342,True
3477,SN 2014J,000-BLG-310,2456698.28779,10.034,0.028,False,Cousins I,CCD,BDG,1.340,True
3478,SN 2014J,000-BLG-310,2456698.28868,10.009,0.028,False,Cousins I,CCD,BDG,1.338,True
3479,SN 2014J,000-BLG-310,2456696.36969,10.598,,False,Johnson V,DSLR,MBAC,,False
3480,SN 2014J,000-BLG-310,2456695.72543,10.4923,0.0099,False,Johnson V,CCD,HFGA,1.416,False
3481,SN 2014J,000-BLG-310,2456695.72795,10.4878,0.0100,False,Johnson V,CCD,HFGA,1.424,False
3482,SN 2014J,000-BLG-310,2456695.72921,10.4919,0.0100,False,Johnson V,CCD,HFGA,1.428,False
3483,SN 2014J,000-BLG-310,2456695.73111,10.4908,0.0100,False,Johnson V,CCD,HFGA,1.434,False
3484,SN 2014J,000-BLG-310,2456695.73174,10.4894,0.0100,False,Johnson V,CCD,HFGA,1.436,False
3485,SN 2014J,000-BLG-310,2456695.73237,10.4871,0.0100,False,Johnson V,CCD,HFGA,1.438,False
3486,SN 2014J,000-BLG-310,2456695.73300,10.4928,0.0100,False,Johnson V,CCD,HFGA,1.440,False
3487,SN 2014J,000-BLG-310,2456695.73364,10.4926,0.0100,False,Johnson V,CCD,HFGA,1.442,False
3488,SN 2014J,000-BLG-310,2456695.73436,10.4894,0.0091,False,Johnson V,CCD,HFGA,1.444,False
3489,SN 2014J,000-BLG-310,2456695.73586,10.4898,0.0091,False,Johnson V,CCD,HFGA,1.449,False
3490,SN 2014J,000-BLG-310,2456695.73660,10.4881,0.0091,False,Johnson V,CCD,HFGA,1.452,False
3491,SN 2014J,000-BLG-310,2456695.73809,10.4881,0.0091,False,Johnson V,CCD,HFGA,1.457,False
3492,SN 2014J,000-BLG-310,2456695.73886,10.4856,0.0091,False,Johnson V,CCD,HFGA,1.459,False
3493,SN 2014J,000-BLG-310,2456695.73960,10.4878,0.0091,False,Johnson V,CCD,HFGA,1.462,False
3494,SN 2014J,000-BLG-310,2456695.74109,10.4884,0.0093,False,Johnson V,CCD,HFGA,1.467,False
3495,SN 2014J,000-BLG-310,2456695.74183,10.4904,0.0092,False,Johnson V,CCD,HFGA,1.470,False
3496,SN 2014J,000-BLG-310,2456695.74258,10.4908,0.0091,False,Johnson V,CCD,HFGA,1.472,False
3497,SN 2014J,000-BLG-310,2456697.50556,10.5521,0.0085,False,Johnson V,CCD,HFGA,1.133,False
3498,SN 2014J,000-BLG-310,2456697.50643,10.5525,0.0085,False,Johnson V,CCD,HFGA,1.133,False
3499,SN 2014J,000-BLG-310,2456697.50729,10.5493,0.0085,False,Johnson V,CCD,HFGA,1.132,False
3500,SN 2014J,000-BLG-310,2456697.50900,10.5494,0.0085,False,Johnson V,CCD,HFGA,1.132,False
3501,SN 2014J,000-BLG-310,2456697.50986,10.5519,0.0086,False,Johnson V,CCD,HFGA,1.132,False
3502,SN 2014J,000-BLG-310,2456697.51071,10.5483,0.0086,False,Johnson V,CCD,HFGA,1.132,False
3503,SN 2014J,000-BLG-310,2456697.51158,10.5518,0.0086,False,Johnson V,CCD,HFGA,1.132,False
3504,SN 2014J,000-BLG-310,2456697.51244,10.5535,0.0086,False,Johnson V,CCD,HFGA,1.132,False
3505,SN 2014J,000-BLG-310,2456697.51330,10.5519,0.0086,False,Johnson V,CCD,HFGA,1.131,False
3506,SN 2014J,000-BLG-310,2456697.51415,10.5536,0.0086,False,Johnson V,CCD,HFGA,1.131,False
3507,SN 2014J,000-BLG-310,2456697.51502,10.5491,0.0085,False,Johnson V,CCD,HFGA,1.131,False
3508,SN 2014J,000-BLG-310,2456697.51673,10.5477,0.0085,False,Johnson V,CCD,HFGA,1.131,False
3509,SN 2014J,000-BLG-310,2456698.970104,12.152,,False,Johnson B,CCD,NAO,,False
3510,SN 2014J,000-BLG-310,2456698.971273,10.661,,False,Johnson V,CCD,NAO,,False
3511,SN 2014J,000-BLG-310,2456698.971973,10.179,,False,Cousins R,CCD,NAO,,False
3512,SN 2014J,000-BLG-310,2456698.972731,9.976,,False,Cousins I,CCD,NAO,,False
3513,SN 2014J,000-BLG-310,2456699.30139,10.696,0.014,False,Johnson V,CCD,JNDA,,False
3514,SN 2014J,000-BLG-310,2456699.30486,10.129,0.058,False,Cousins R,CCD,JNDA,,False
3515,SN 2014J,000-BLG-310,2456699.30903,9.977,0.021,False,Cousins I,CCD,JNDA,,False
3516,SN 2014J,000-BLG-310,2456698.27083,10.656,0.012,False,Johnson V,CCD,JNDA,,False
3517,SN 2014J,000-BLG-310,2456698.27500,10.096,0.050,False,Cousins R,CCD,JNDA,,False
3518,SN 2014J,000-BLG-310,2456698.27986,9.919,0.030,False,Cousins I,CCD,JNDA,,False
3519,SN 2014J,000-BLG-310,2456699.44976,12.230,0.023,False,Johnson B,CCD,BDG,1.080,True
3520,SN 2014J,000-BLG-310,2456699.45064,12.263,0.022,False,Johnson B,CCD,BDG,1.079,True
3521,SN 2014J,000-BLG-310,2456699.45153,12.258,0.031,False,Johnson B,CCD,BDG,1.078,True
3522,SN 2014J,000-BLG-310,2456699.45241,12.255,0.023,False,Johnson B,CCD,BDG,1.078,True
3523,SN 2014J,000-BLG-310,2456699.45418,12.239,0.023,False,Johnson B,CCD,BDG,1.077,True
3524,SN 2014J,000-BLG-310,2456699.44998,10.740,0.010,False,Johnson V,CCD,BDG,1.080,True
3525,SN 2014J,000-BLG-310,2456699.45087,10.733,0.008,False,Johnson V,CCD,BDG,1.079,True
3526,SN 2014J,000-BLG-310,2456699.45175,10.731,0.008,False,Johnson V,CCD,BDG,1.078,True
3527,SN 2014J,000-BLG-310,2456699.45263,10.725,0.012,False,Johnson V,CCD,BDG,1.078,True
3528,SN 2014J,000-BLG-310,2456699.45440,10.740,0.013,False,Johnson V,CCD,BDG,1.076,True
3529,SN 2014J,000-BLG-310,2456699.44926,10.205,0.017,False,Cousins R,CCD,BDG,1.080,True
3530,SN 2014J,000-BLG-310,2456699.45014,10.194,0.012,False,Cousins R,CCD,BDG,1.079,True
3531,SN 2014J,000-BLG-310,2456699.45103,10.174,0.019,False,Cousins R,CCD,BDG,1.079,True
3532,SN 2014J,000-BLG-310,2456699.45280,10.198,0.021,False,Cousins R,CCD,BDG,1.078,True
3533,SN 2014J,000-BLG-310,2456699.45456,10.196,0.016,False,Cousins R,CCD,BDG,1.076,True
3534,SN 2014J,000-BLG-310,2456699.44948,10.109,0.023,False,Cousins I,CCD,BDG,1.080,True
3535,SN 2014J,000-BLG-310,2456699.45037,10.096,0.036,False,Cousins I,CCD,BDG,1.079,True
3536,SN 2014J,000-BLG-310,2456699.45125,10.081,0.026,False,Cousins I,CCD,BDG,1.079,True
3537,SN 2014J,000-BLG-310,2456699.45302,10.082,0.026,False,Cousins I,CCD,BDG,1.077,True
3538,SN 2014J,000-BLG-310,2456699.45478,10.100,0.026,False,Cousins I,CCD,BDG,1.076,True
3539,SN 2014J,000-BLG-310,2456699.680521,10.722,0.005,False,Johnson V,CCD,BPO,,False
3540,SN 2014J,000-BLG-310,2456699.446876,10.706,0.007,False,Johnson V,CCD,RZD,1.195,False
3541,SN 2014J,000-BLG-310,2456698.39087,12.136,0.016,False,Johnson B,CCD,BDGA,,False
3542,SN 2014J,000-BLG-310,2456698.38879,10.618,0.008,False,Johnson V,CCD,BDGA,,False
3543,SN 2014J,000-BLG-310,2456698.38561,10.107,0.018,False,Cousins R,CCD,BDGA,,False
3544,SN 2014J,000-BLG-310,2456698.38713,9.897,0.029,False,Cousins I,CCD,BDGA,,False
3545,SN 2014J,000-BLG-310,2456699.45017,12.227,0.026,False,Johnson B,CCD,BDGA,,False
3546,SN 2014J,000-BLG-310,2456699.44810,10.671,0.005,False,Johnson V,CCD,BDGA,,False
3547,SN 2014J,000-BLG-310,2456699.44488,10.183,0.017,False,Cousins R,CCD,BDGA,,False
3548,SN 2014J,000-BLG-310,2456699.45642,9.965,0.033,False,Cousins I,CCD,BDGA,,False
3549,SN 2014J,000-BLG-310,2456699.83229,10.779,0.054,False,Johnson V,CCD,DDJ,1.266,False
3550,SN 2014J,000-BLG-310,2456700.40106,10.287,0.004,False,Cousins R,CCD,ELTA,1.230,False
3551,SN 2014J,000-BLG-310,2456700.40757,10.734,0.006,False,Johnson V,CCD,ELTA,1.219,False
3552,SN 2014J,000-BLG-310,2456700.27222,10.756,0.016,False,Johnson V,CCD,JNDA,,False
3553,SN 2014J,000-BLG-310,2456700.27639,10.218,0.050,False,Cousins R,CCD,JNDA,,False
3554,SN 2014J,000-BLG-310,2456700.28125,10.046,0.024,False,Cousins I,CCD,JNDA,,False
3555,SN 2014J,000-BLG-310,2456699.387269,10.808,0.01,False,Johnson V,CCD,SBX,1.13,False
3556,SN 2014J,000-BLG-310,2456700.44418,12.304,0.022,False,Johnson B,CCD,BDGA,,False
3557,SN 2014J,000-BLG-310,2456700.44206,10.734,0.010,False,Johnson V,CCD,BDGA,,False
3558,SN 2014J,000-BLG-310,2456700.43886,10.258,0.016,False,Cousins R,CCD,BDGA,,False
3559,SN 2014J,000-BLG-310,2456700.44041,10.034,0.040,False,Cousins I,CCD,BDGA,,False
3560,SN 2014J,000-BLG-310,2456701.35707,12.325,0.012,False,Johnson B,CCD,NRNA,1.299,False
3561,SN 2014J,000-BLG-310,2456701.35440,10.026,0.007,False,Cousins I,CCD,NRNA,1.305,False
3562,SN 2014J,000-BLG-310,2456701.35131,10.318,0.006,False,Cousins R,CCD,NRNA,1.313,False
3563,SN 2014J,000-BLG-310,2456701.35274,10.756,0.006,False,Johnson V,CCD,NRNA,1.309,False
3564,SN 2014J,000-BLG-310,2456701.40610,10.346,0.007,False,Cousins R,CCD,ELTA,1.217,False
3565,SN 2014J,000-BLG-310,2456701.39852,10.801,0.003,False,Johnson V,CCD,ELTA,1.230,False
3566,SN 2014J,000-BLG-310,2456699.6841,10.711,0.051,False,Johnson V,CCD,KTHA,,False
3567,SN 2014J,000-BLG-310,2456701.0065,10.774,0.032,False,Johnson V,CCD,KTHA,,False
3568,SN 2014J,000-BLG-310,2456702.320231,10.874,0.013,False,Johnson V,CCD,BPO,,False
3569,PSN J09554214+6940260,000-BLG-310,2456699.297792,10.656,0.05,False,Johnson V,CCD,MJHN,,False
3570,SN 2014J,000-BLG-310,2456702.38374,12.434,0.030,False,Johnson B,CCD,NRNA,1.240,False
3571,SN 2014J,000-BLG-310,2456702.38106,10.103,0.011,False,Cousins I,CCD,NRNA,1.244,False
3572,SN 2014J,000-BLG-310,2456702.37804,10.414,0.012,False,Cousins R,CCD,NRNA,1.250,False
3573,SN 2014J,000-BLG-310,2456702.37946,10.834,0.010,False,Johnson V,CCD,NRNA,1.247,False
3574,SN 2014J,000-BLG-310,2456702.41868,10.423,0.001,False,Cousins R,CCD,ELTA,1.195,False
3575,SN 2014J,000-BLG-310,2456702.41217,10.874,0.002,False,Johnson V,CCD,ELTA,1.204,False
3576,SN 2014J,000-BLG-310,2456697.568657,10.551,0.011,False,Johnson V,CCD,CABB,,False
3577,SN 2014J,000-BLG-310,2456701.532581,10.774,0.010,False,Johnson V,CCD,CABB,,False
3578,SN 2014J,000-BLG-310,2456701.82300,10.458,0.058,False,Cousins R,CCD,DDJ,1.266,False
3579,SN 2014J,000-BLG-310,2456702.827072,12.514,0.005,False,Johnson B,CCD,NAO,,False
3580,SN 2014J,000-BLG-310,2456702.829653,10.897,0.005,False,Johnson V,CCD,NAO,,False
3581,SN 2014J,000-BLG-310,2456702.831036,10.413,,False,Cousins R,CCD,NAO,,False
3582,SN 2014J,000-BLG-310,2456702.55991,12.478,0.036,False,Johnson B,CCD,BDGA,,False
3583,SN 2014J,000-BLG-310,2456702.55784,10.942,0.026,False,Johnson V,CCD,BDGA,,False
3584,SN 2014J,000-BLG-310,2456702.55621,10.411,0.011,False,Cousins R,CCD,BDGA,,False
3585,SN 2014J,000-BLG-310,2456702.55463,10.148,0.034,False,Cousins I,CCD,BDGA,,False
3586,SN 2014J,000-BLG-310,2456690.30878,10.585,0.004,False,Johnson V,CCD,VWS,1.321,False
3587,SN 2014J,000-BLG-310,2456690.30920,10.593,0.004,False,Johnson V,CCD,VWS,1.320,False
3588,SN 2014J,000-BLG-310,2456690.30962,10.594,0.004,False,Johnson V,CCD,VWS,1.319,False
3589,SN 2014J,000-BLG-310,2456690.31003,10.584,0.004,False,Johnson V,CCD,VWS,1.318,False
3590,SN 2014J,000-BLG-310,2456690.31044,10.584,0.004,False,Johnson V,CCD,VWS,1.318,False
3591,SN 2014J,000-BLG-310,2456690.31086,10.583,0.004,False,Johnson V,CCD,VWS,1.317,False
3592,SN 2014J,000-BLG-310,2456690.31127,10.588,0.004,False,Johnson V,CCD,VWS,1.316,False
3593,SN 2014J,000-BLG-310,2456690.31169,10.580,0.004,False,Johnson V,CCD,VWS,1.315,False
3594,SN 2014J,000-BLG-310,2456690.31211,10.583,0.004,False,Johnson V,CCD,VWS,1.314,False
3595,SN 2014J,000-BLG-310,2456690.31252,10.590,0.004,False,Johnson V,CCD,VWS,1.313,False
3596,SN 2014J,000-BLG-310,2456690.31294,10.586,0.004,False,Johnson V,CCD,VWS,1.312,False
3597,SN 2014J,000-BLG-310,2456690.31336,10.594,0.004,False,Johnson V,CCD,VWS,1.311,False
3598,SN 2014J,000-BLG-310,2456690.31377,10.582,0.004,False,Johnson V,CCD,VWS,1.310,False
3599,SN 2014J,000-BLG-310,2456690.31419,10.579,0.004,False,Johnson V,CCD,VWS,1.309,False
3600,SN 2014J,000-BLG-310,2456690.31461,10.589,0.004,False,Johnson V,CCD,VWS,1.308,False
3601,SN 2014J,000-BLG-310,2456690.31502,10.589,0.004,False,Johnson V,CCD,VWS,1.307,False
3602,SN 2014J,000-BLG-310,2456690.31544,10.589,0.004,False,Johnson V,CCD,VWS,1.306,False
3603,SN 2014J,000-BLG-310,2456690.31586,10.585,0.004,False,Johnson V,CCD,VWS,1.305,False
3604,SN 2014J,000-BLG-310,2456690.31627,10.582,0.004,False,Johnson V,CCD,VWS,1.304,False
3605,SN 2014J,000-BLG-310,2456690.31668,10.591,0.004,False,Johnson V,CCD,VWS,1.303,False
3606,SN 2014J,000-BLG-310,2456690.31711,10.578,0.004,False,Johnson V,CCD,VWS,1.302,False
3607,SN 2014J,000-BLG-310,2456690.31752,10.582,0.004,False,Johnson V,CCD,VWS,1.301,False
3608,SN 2014J,000-BLG-310,2456690.31794,10.584,0.004,False,Johnson V,CCD,VWS,1.300,False
3609,SN 2014J,000-BLG-310,2456690.31836,10.578,0.004,False,Johnson V,CCD,VWS,1.299,False
3610,SN 2014J,000-BLG-310,2456690.31876,10.575,0.004,False,Johnson V,CCD,VWS,1.298,False
3611,SN 2014J,000-BLG-310,2456690.31918,10.584,0.004,False,Johnson V,CCD,VWS,1.297,False
3612,SN 2014J,000-BLG-310,2456690.31959,10.584,0.004,False,Johnson V,CCD,VWS,1.296,False
3613,SN 2014J,000-BLG-310,2456690.32001,10.587,0.004,False,Johnson V,CCD,VWS,1.295,False
3614,SN 2014J,000-BLG-310,2456690.32043,10.596,0.004,False,Johnson V,CCD,VWS,1.294,False
3615,SN 2014J,000-BLG-310,2456690.32084,10.594,0.004,False,Johnson V,CCD,VWS,1.293,False
3616,SN 2014J,000-BLG-310,2456701.45000,10.853,0.015,False,Johnson V,CCD,JNDA,,False
3617,SN 2014J,000-BLG-310,2456701.45000,10.346,0.046,False,Cousins R,CCD,JNDA,,False
3618,SN 2014J,000-BLG-310,2456701.45000,10.123,0.026,False,Cousins I,CCD,JNDA,,False
3619,SN 2014J,000-BLG-310,2456702.27986,10.884,0.031,False,Johnson V,CCD,JNDA,,False
3620,SN 2014J,000-BLG-310,2456702.27986,10.368,0.047,False,Cousins R,CCD,JNDA,,False
3621,SN 2014J,000-BLG-310,2456702.27986,10.138,0.023,False,Cousins I,CCD,JNDA,,False
3622,SN 2014J,000-BLG-310,2456701.82346,12.532,0.033,False,Johnson B,CCD,DDJ,1.266,False
3623,SN 2014J,000-BLG-310,2456703.30296,10.133,0.003,False,Cousins I,CCD,NRNA,1.432,False
3624,SN 2014J,000-BLG-310,2456703.28872,10.472,0.004,False,Cousins R,CCD,NRNA,1.480,False
3625,SN 2014J,000-BLG-310,2456703.29540,10.909,0.003,False,Johnson V,CCD,NRNA,1.457,False
3626,SN 2014J,000-BLG-310,2456703.31577,12.538,0.007,False,Johnson B,CCD,NRNA,1.393,False
3627,SN 2014J,000-BLG-310,2456701.82392,10.947,0.056,False,Johnson V,CCD,DDJ,1.266,False
3628,SN 2014J,000-BLG-310,2456702.557951,10.838,0.010,False,Johnson V,CCD,CABB,,False
3629,SN 2014J,000-BLG-310,2456702.564676,12.536,0.021,False,Johnson B,CCD,CABB,,False
3630,SN 2014J,000-BLG-310,2456702.602986,10.409,0.008,False,Cousins R,CCD,CABB,,False
3631,SN 2014J,000-BLG-310,2456703.604838,11.025,0.008,False,Johnson V,CCD,CABB,,False
3632,SN 2014J,000-BLG-310,2456703.609734,12.639,0.016,False,Johnson B,CCD,CABB,,False
3633,SN 2014J,000-BLG-310,2456703.609271,10.474,0.007,False,Cousins R,CCD,CABB,,False
3634,SN 2014J,000-BLG-310,2456703.363125,12.565,0.012,False,Johnson B,CCD,CFRA,1.278,False
3635,SN 2014J,000-BLG-310,2456703.353455,10.189,0.007,False,Cousins I,CCD,CFRA,1.299,False
3636,SN 2014J,000-BLG-310,2456703.350495,10.453,0.013,False,Cousins R,CCD,CFRA,1.306,False
3637,SN 2014J,000-BLG-310,2456703.347745,10.968,0.008,False,Johnson V,CCD,CFRA,1.312,False
3638,SN 2014J,000-BLG-310,2456703.238495,10.980,0.01,False,Johnson V,CCD,SBX,1.38,False
3639,SN 2014J,000-BLG-310,2456701.82485,10.264,0.012,False,Cousins I,CCD,DDJ,1.266,False
3640,PSN J09554214+6940260,000-BLG-310,2456681.42239,12.564,0.032,False,Johnson B,CCD,AFSA,1.400,False
3641,PSN J09554214+6940260,000-BLG-310,2456681.42252,12.571,0.033,False,Johnson B,CCD,AFSA,1.399,False
3642,PSN J09554214+6940260,000-BLG-310,2456681.42266,12.515,0.032,False,Johnson B,CCD,AFSA,1.399,False
3643,PSN J09554214+6940260,000-BLG-310,2456681.42278,12.524,0.032,False,Johnson B,CCD,AFSA,1.399,False
3644,PSN J09554214+6940260,000-BLG-310,2456681.42291,12.563,0.034,False,Johnson B,CCD,AFSA,1.398,False
3645,PSN J09554214+6940260,000-BLG-310,2456681.42304,12.534,0.032,False,Johnson B,CCD,AFSA,1.398,False
3646,PSN J09554214+6940260,000-BLG-310,2456681.42322,12.503,0.033,False,Johnson B,CCD,AFSA,1.397,False
3647,PSN J09554214+6940260,000-BLG-310,2456681.42335,12.535,0.035,False,Johnson B,CCD,AFSA,1.397,False
3648,PSN J09554214+6940260,000-BLG-310,2456681.42349,12.544,0.033,False,Johnson B,CCD,AFSA,1.397,False
3649,PSN J09554214+6940260,000-BLG-310,2456681.42362,12.552,0.033,False,Johnson B,CCD,AFSA,1.396,False
3650,PSN J09554214+6940260,000-BLG-310,2456681.42375,12.512,0.033,False,Johnson B,CCD,AFSA,1.396,False
3651,PSN J09554214+6940260,000-BLG-310,2456681.41734,10.547,0.013,False,Cousins R,CCD,AFSA,1.415,False
3652,PSN J09554214+6940260,000-BLG-310,2456681.41747,10.513,0.013,False,Cousins R,CCD,AFSA,1.414,False
3653,PSN J09554214+6940260,000-BLG-310,2456681.41761,10.502,0.013,False,Cousins R,CCD,AFSA,1.414,False
3654,PSN J09554214+6940260,000-BLG-310,2456681.41774,10.534,0.013,False,Cousins R,CCD,AFSA,1.414,False
3655,PSN J09554214+6940260,000-BLG-310,2456681.41787,10.527,0.013,False,Cousins R,CCD,AFSA,1.413,False
3656,PSN J09554214+6940260,000-BLG-310,2456681.41799,10.522,0.013,False,Cousins R,CCD,AFSA,1.413,False
3657,PSN J09554214+6940260,000-BLG-310,2456681.41813,10.496,0.012,False,Cousins R,CCD,AFSA,1.412,False
3658,PSN J09554214+6940260,000-BLG-310,2456681.41826,10.526,0.013,False,Cousins R,CCD,AFSA,1.412,False
3659,PSN J09554214+6940260,000-BLG-310,2456681.41839,10.551,0.013,False,Cousins R,CCD,AFSA,1.412,False
3660,PSN J09554214+6940260,000-BLG-310,2456681.41851,10.543,0.013,False,Cousins R,CCD,AFSA,1.411,False
3661,PSN J09554214+6940260,000-BLG-310,2456681.419519,11.207,0.015,False,Johnson V,CCD,AFSA,1.408,False
3662,PSN J09554214+6940260,000-BLG-310,2456681.419659,11.224,0.015,False,Johnson V,CCD,AFSA,1.408,False
3663,PSN J09554214+6940260,000-BLG-310,2456681.419789,11.253,0.015,False,Johnson V,CCD,AFSA,1.407,False
3664,PSN J09554214+6940260,000-BLG-310,2456681.41991,11.234,0.015,False,Johnson V,CCD,AFSA,1.407,False
3665,PSN J09554214+6940260,000-BLG-310,2456681.42004,11.234,0.015,False,Johnson V,CCD,AFSA,1.407,False
3666,PSN J09554214+6940260,000-BLG-310,2456681.42018,11.238,0.015,False,Johnson V,CCD,AFSA,1.406,False
3667,PSN J09554214+6940260,000-BLG-310,2456681.42031,11.260,0.015,False,Johnson V,CCD,AFSA,1.406,False
3668,PSN J09554214+6940260,000-BLG-310,2456681.42044,11.233,0.015,False,Johnson V,CCD,AFSA,1.405,False
3669,SN 2014J,000-BLG-310,2456699.45333,10.937,,False,Johnson V,DSLR,MBAC,,False
3670,SN 2014J,000-BLG-310,2456704.407853,11.093,0.006,False,Johnson V,CCD,NAO,,False
3671,SN 2014J,000-BLG-310,2456704.38652,10.536,0.010,False,Cousins R,CCD,ELTA,1.235,False
3672,SN 2014J,000-BLG-310,2456704.37530,11.002,0.005,False,Johnson V,CCD,ELTA,1.256,False
3673,SN 2014J,000-BLG-310,2456704.32222,10.176,0.024,False,Cousins I,CCD,JNDA,,False
3674,SN 2014J,000-BLG-310,2456704.31806,10.501,0.036,False,Cousins R,CCD,JNDA,,False
3675,SN 2014J,000-BLG-310,2456704.31458,11.022,0.020,False,Johnson V,CCD,JNDA,,False
3676,SN 2014J,000-BLG-310,2456704.587905,11.217,0.078,False,Johnson V,CCD,CABB,,False
3677,SN 2014J,000-BLG-310,2456704.415828,10.248,0.027,False,Cousins I,CCD,NAO,,False
3678,SN 2014J,000-BLG-310,2456704.414225,12.655,,False,Johnson B,CCD,NAO,,False
3679,SN 2014J,000-BLG-310,2456704.412384,11.042,0.003,False,Johnson V,CCD,NAO,,False
3680,SN 2014J,000-BLG-310,2456704.410758,10.495,0.005,False,Cousins R,CCD,NAO,,False
3681,SN 2014J,000-BLG-310,2456699.83166,10.769,0.049,False,Johnson V,CCD,HGUA,1.266,False
3682,SN 2014J,000-BLG-310,2456700.97980,10.810,0.047,False,Johnson V,CCD,HGUA,1.525,False
3683,SN 2014J,000-BLG-310,2456705.336991,11.106,0.005,False,Johnson V,CCD,BPO,,False
3684,SN 2014J,000-BLG-310,2456701.82391,10.572,0.045,False,Cousins R,CCD,DDJ,1.266,False
3685,J09554214+6940260,000-BLG-310,2456705.35006,11.020,0.014,False,Johnson V,CCD,AFSA,35.65,False
3686,J09554214+6940260,000-BLG-310,2456705.35019,11.033,0.014,False,Johnson V,CCD,AFSA,36.17,False
3687,J09554214+6940260,000-BLG-310,2456705.35032,11.035,0.014,False,Johnson V,CCD,AFSA,36.70,False
3688,J09554214+6940260,000-BLG-310,2456705.35044,11.038,0.014,False,Johnson V,CCD,AFSA,37.19,False
3689,J09554214+6940260,000-BLG-310,2456705.35057,11.009,0.014,False,Johnson V,CCD,AFSA,37.74,False
3690,SN 2014J,000-BLG-310,2456705.45317,10.556,0.002,False,Cousins R,CCD,ELTA,1.153,False
3691,SN 2014J,000-BLG-310,2456705.45973,11.056,0.003,False,Johnson V,CCD,ELTA,1.149,False
3692,SN 2014J,000-BLG-310,2456705.323041,11.067,0.007,False,Johnson V,CCD,MJOD,8.656,False
3693,SN 2014J,000-BLG-310,2456705.325581,11.061,0.007,False,Johnson V,CCD,MJOD,9.584,False
3694,SN 2014J,000-BLG-310,2456705.32811,11.061,0.007,False,Johnson V,CCD,MJOD,10.71,False
3695,SN 2014J,000-BLG-310,2456705.324741,10.187,0.008,False,Cousins I,CCD,MJOD,9.257,False
3696,SN 2014J,000-BLG-310,2456705.32726,10.186,0.008,False,Cousins I,CCD,MJOD,10.30,False
3697,SN 2014J,000-BLG-310,2456705.32978,10.193,0.008,False,Cousins I,CCD,MJOD,11.60,False
3698,SN 2014J,000-BLG-310,2456705.37388,12.754,0.022,False,Johnson B,CCD,BDGA,1.102,False
3699,SN 2014J,000-BLG-310,2456705.37595,11.024,0.013,False,Johnson V,CCD,BDGA,1.102,False
3700,SN 2014J,000-BLG-310,2456705.37039,10.551,0.025,False,Cousins R,CCD,BDGA,1.106,False
3701,SN 2014J,000-BLG-310,2456705.37209,10.155,0.031,False,Cousins I,CCD,BDGA,1.106,False
3702,SN 2014J,000-BLG-310,2456705.43447,12.765,0.019,False,Johnson B,CCD,BDGA,1.049,False
3703,SN 2014J,000-BLG-310,2456705.43661,11.027,0.016,False,Johnson V,CCD,BDGA,1.047,False
3704,SN 2014J,000-BLG-310,2456705.43117,10.529,0.022,False,Cousins R,CCD,BDGA,1.049,False
3705,SN 2014J,000-BLG-310,2456705.43278,10.177,0.028,False,Cousins I,CCD,BDGA,1.052,False
3706,SN 2014J,000-BLG-310,2456705.81413,11.189,0.009,False,Johnson V,CCD,HDHA,1.248,False
3707,SN 2014J,000-BLG-310,2456706.36316,11.110,0.011,False,Johnson V,CCD,BPO,,False
3708,SN 2014J,000-BLG-310,2456706.41110,12.846,0.015,False,Johnson B,CCD,NRNA,1.183,False
3709,SN 2014J,000-BLG-310,2456706.39602,10.118,0.002,False,Cousins I,CCD,NRNA,1.203,False
3710,SN 2014J,000-BLG-310,2456706.38392,10.588,0.008,False,Cousins R,CCD,NRNA,1.221,False
3711,SN 2014J,000-BLG-310,2456706.39065,11.070,0.010,False,Johnson V,CCD,NRNA,1.211,False
3712,SN 2014J,000-BLG-310,2456700.58328,10.28,0.04,False,Cousins R,CCD,CEMB,,False
3713,SN 2014J,000-BLG-310,2456700.58377,10.76,0.03,False,Johnson V,CCD,CEMB,,False
3714,SN 2014J,000-BLG-310,2456700.58428,12.14,0.02,False,Johnson B,CCD,CEMB,,False
3715,SN 2014J,000-BLG-310,2456702.51571,10.42,0.04,False,Cousins R,CCD,CEMB,,False
3716,SN 2014J,000-BLG-310,2456702.51620,10.94,0.05,False,Johnson V,CCD,CEMB,,False
3717,SN 2014J,000-BLG-310,2456702.51670,12.36,0.04,False,Johnson B,CCD,CEMB,,False
3718,SN 2014J,000-BLG-310,2456703.51761,10.46,0.01,False,Cousins R,CCD,CEMB,,False
3719,SN 2014J,000-BLG-310,2456703.51809,10.95,0.01,False,Johnson V,CCD,CEMB,,False
3720,SN 2014J,000-BLG-310,2456703.51859,12.39,0.01,False,Johnson B,CCD,CEMB,,False
3721,SN 2014J,000-BLG-310,2456698.60315,12.167,0.077,False,Johnson B,CCD,VJXA,1.745,False
3722,SN 2014J,000-BLG-310,2456698.60391,10.652,0.061,False,Johnson V,CCD,VJXA,1.741,False
3723,SN 2014J,000-BLG-310,2456698.60449,10.132,0.052,False,Cousins R,CCD,VJXA,1.738,False
3724,SN 2014J,000-BLG-310,2456707.33472,11.171,0.022,False,Johnson V,CCD,JNDA,,False
3725,SN 2014J,000-BLG-310,2456707.34028,10.561,0.055,False,Cousins R,CCD,JNDA,,False
3726,SN 2014J,000-BLG-310,2456707.34583,10.125,0.036,False,Cousins I,CCD,JNDA,,False
3727,PSN J09554214+6940260,000-BLG-310,2456707.368131,11.114,0.02,False,Johnson V,CCD,MJHN,,False
3728,SN 2014J,000-BLG-310,2456705.62500,11.084,0.035,False,Johnson V,CCD,HJA,1.440,True
3729,SN 2014J,000-BLG-310,2456705.66667,10.543,0.033,False,Cousins R,CCD,HJA,1.419,True
3730,PSN J09554214+6940260,000-BLG-310,2456707.368131,12.827,0.03,False,Johnson B,CCD,MJHN,,False
3731,SN 2014J,000-BLG-310,2456707.32927,13.030,0.029,False,Johnson B,CCD,BDG,1.202,True
3732,SN 2014J,000-BLG-310,2456707.33015,13.031,0.031,False,Johnson B,CCD,BDG,1.200,True
3733,SN 2014J,000-BLG-310,2456707.33104,13.008,0.028,False,Johnson B,CCD,BDG,1.198,True
3734,SN 2014J,000-BLG-310,2456707.33192,13.016,0.028,False,Johnson B,CCD,BDG,1.197,True
3735,SN 2014J,000-BLG-310,2456707.33281,13.000,0.028,False,Johnson B,CCD,BDG,1.195,True
3736,SN 2014J,000-BLG-310,2456707.33369,13.045,0.028,False,Johnson B,CCD,BDG,1.194,True
3737,SN 2014J,000-BLG-310,2456707.32949,11.214,0.010,False,Johnson V,CCD,BDG,1.201,True
3738,SN 2014J,000-BLG-310,2456707.33038,11.192,0.012,False,Johnson V,CCD,BDG,1.200,True
3739,SN 2014J,000-BLG-310,2456707.33126,11.207,0.009,False,Johnson V,CCD,BDG,1.198,True
3740,SN 2014J,000-BLG-310,2456707.33214,11.189,0.017,False,Johnson V,CCD,BDG,1.197,True
3741,SN 2014J,000-BLG-310,2456707.33303,11.217,0.015,False,Johnson V,CCD,BDG,1.195,True
3742,SN 2014J,000-BLG-310,2456707.33391,11.223,0.014,False,Johnson V,CCD,BDG,1.194,True
3743,SN 2014J,000-BLG-310,2456707.32966,10.607,0.015,False,Cousins R,CCD,BDG,1.201,True
3744,SN 2014J,000-BLG-310,2456707.33054,10.580,0.015,False,Cousins R,CCD,BDG,1.199,True
3745,SN 2014J,000-BLG-310,2456707.33142,10.617,0.012,False,Cousins R,CCD,BDG,1.198,True
3746,SN 2014J,000-BLG-310,2456707.33231,10.618,0.011,False,Cousins R,CCD,BDG,1.196,True
3747,SN 2014J,000-BLG-310,2456707.33319,10.603,0.018,False,Cousins R,CCD,BDG,1.195,True
3748,SN 2014J,000-BLG-310,2456707.33407,10.609,0.027,False,Cousins R,CCD,BDG,1.193,True
3749,SN 2014J,000-BLG-310,2456707.32988,10.306,0.023,False,Cousins I,CCD,BDG,1.200,True
3750,SN 2014J,000-BLG-310,2456707.33076,10.283,0.019,False,Cousins I,CCD,BDG,1.199,True
3751,SN 2014J,000-BLG-310,2456707.33164,10.293,0.022,False,Cousins I,CCD,BDG,1.197,True
3752,SN 2014J,000-BLG-310,2456707.33253,10.311,0.021,False,Cousins I,CCD,BDG,1.196,True
3753,SN 2014J,000-BLG-310,2456707.33341,10.312,0.025,False,Cousins I,CCD,BDG,1.194,True
3754,SN 2014J,000-BLG-310,2456707.33430,10.308,0.025,False,Cousins I,CCD,BDG,1.193,True
3755,SN 2014J,000-BLG-310,2456707.364005,10.714,0.004,False,Cousins R,CCD,AAUA,1.187,False
3756,SN 2014J,000-BLG-310,2456707.365556,10.716,0.004,False,Cousins R,CCD,AAUA,1.184,False
3757,SN 2014J,000-BLG-310,2456707.367118,10.714,0.004,False,Cousins R,CCD,AAUA,1.182,False
3758,SN 2014J,000-BLG-310,2456707.368681,10.716,0.004,False,Cousins R,CCD,AAUA,1.179,False
3759,SN 2014J,000-BLG-310,2456707.370243,10.719,0.004,False,Cousins R,CCD,AAUA,1.177,False
3760,SN 2014J,000-BLG-310,2456707.352535,11.217,0.005,False,Johnson V,CCD,AAUA,1.205,False
3761,SN 2014J,000-BLG-310,2456707.354097,11.229,0.005,False,Johnson V,CCD,AAUA,1.203,False
3762,SN 2014J,000-BLG-310,2456707.35566,11.223,0.005,False,Johnson V,CCD,AAUA,1.200,False
3763,SN 2014J,000-BLG-310,2456707.357222,11.221,0.005,False,Johnson V,CCD,AAUA,1.198,False
3764,SN 2014J,000-BLG-310,2456707.358785,11.227,0.005,False,Johnson V,CCD,AAUA,1.195,False
3765,SN 2014J,000-BLG-310,2456708.33193,10.593,0.002,False,Cousins R,CCD,NRNA,1.313,False
3766,SN 2014J,000-BLG-310,2456708.33858,11.131,0.003,False,Johnson V,CCD,NRNA,1.298,False
3767,SN 2014J,000-BLG-310,2456708.34612,10.039,0.003,False,Cousins I,CCD,NRNA,1.281,False
3768,SN 2014J,000-BLG-310,2456708.35889,13.033,0.005,False,Johnson B,CCD,NRNA,1.255,False
3769,SN 2014J,000-BLG-310,2456707.659144,11.138,0.016,False,Johnson V,CCD,SIQ,1.402,False
3770,SN 2014J,000-BLG-310,2456707.659572,11.127,0.016,False,Johnson V,CCD,SIQ,1.401,False
3771,SN 2014J,000-BLG-310,2456707.659988,11.135,0.016,False,Johnson V,CCD,SIQ,1.400,False
3772,SN 2014J,000-BLG-310,2456707.660417,11.132,0.016,False,Johnson V,CCD,SIQ,1.399,False
3773,SN 2014J,000-BLG-310,2456707.660833,11.171,0.016,False,Johnson V,CCD,SIQ,1.398,False
3774,SN 2014J,000-BLG-310,2456708.43964,10.561,0.002,False,Cousins R,CCD,ELTA,1.157,False
3775,SN 2014J,000-BLG-310,2456708.44649,11.147,0.002,False,Johnson V,CCD,ELTA,1.152,False
3776,PSN J09554214+6940260,000-BLG-310,2456705.535,12.596,0.018,False,Johnson B,CCD,MDAD,,False
3777,SN 2014J,000-BLG-310,2456681.315,11.26,,False,Johnson V,CCD,LJX,,False
3778,SN 2014J,000-BLG-310,2456685.667,10.6,,False,Johnson V,CCD,LJX,,False
3779,SN 2014J,000-BLG-310,2456685.679,11.8,,False,Johnson B,CCD,LJX,,False
3780,SN 2014J,000-BLG-310,2456685.686,10.0,,False,Cousins R,CCD,LJX,,False
3781,SN 2014J,000-BLG-310,2456685.696,10.5,,False,Cousins R,CCD,LJX,,False
3782,SN 2014J,000-BLG-310,2456685.701,10.07,,False,Cousins I,CCD,LJX,,False
3783,SN 2014J,000-BLG-310,2456685.384,9.68,,False,Cousins I,CCD,NJL,,False
3784,SN 2014J,000-BLG-310,2456685.389,10.72,,False,Johnson V,CCD,NJL,,False
3785,SN 2014J,000-BLG-310,2456685.394,10.09,,False,Cousins R,CCD,NJL,,False
3786,SN 2014J,000-BLG-310,2456685.403,11.89,,False,Johnson B,CCD,NJL,,False
3787,SN 2014J,000-BLG-310,2456709.32662,10.598,0.007,False,Cousins R,CCD,NRNA,1.320,False
3788,SN 2014J,000-BLG-310,2456709.33154,11.221,0.045,False,Johnson V,CCD,NRNA,1.308,False
3789,SN 2014J,000-BLG-310,2456709.34877,10.048,0.010,False,Cousins I,CCD,NRNA,1.270,False
3790,SN 2014J,000-BLG-310,2456709.36154,13.121,0.017,False,Johnson B,CCD,NRNA,1.245,False
3791,SN 2014J,000-BLG-310,2456709.32639,11.253,0.017,False,Johnson V,CCD,JNDA,,False
3792,SN 2014J,000-BLG-310,2456709.31944,10.614,0.038,False,Cousins R,CCD,JNDA,,False
3793,SN 2014J,000-BLG-310,2456709.32222,10.090,0.028,False,Cousins I,CCD,JNDA,,False
3794,SN 2014J,000-BLG-310,2456709.38998,13.063,0.022,False,Johnson B,CCD,BDGA,1.076,False
3795,SN 2014J,000-BLG-310,2456709.38789,11.176,0.017,False,Johnson V,CCD,BDGA,1.076,False
3796,SN 2014J,000-BLG-310,2456709.38475,10.560,0.025,False,Cousins R,CCD,BDGA,1.079,False
3797,SN 2014J,000-BLG-310,2456709.38642,10.090,0.027,False,Cousins I,CCD,BDGA,1.079,False
3798,SN 2014J,000-BLG-310,2456710.34716,10.605,0.002,False,Cousins R,CCD,NRNA,1.268,False
3799,SN 2014J,000-BLG-310,2456710.35384,11.195,0.003,False,Johnson V,CCD,NRNA,1.254,False
3800,SN 2014J,000-BLG-310,2456710.36138,9.996,0.004,False,Cousins I,CCD,NRNA,1.241,False
3801,SN 2014J,000-BLG-310,2456710.37414,13.212,0.012,False,Johnson B,CCD,NRNA,1.219,False
3802,SN 2014J,000-BLG-310,2456707.626944,11.254,0.009,False,Johnson V,CCD,CABB,,False
3803,SN 2014J,000-BLG-310,2456707.634641,10.621,0.020,False,Cousins R,CCD,CABB,,False
3804,SN 2014J,000-BLG-310,2456708.538345,10.629,0.011,False,Cousins R,CCD,CABB,,False
3805,SN 2014J,000-BLG-310,2456708.540833,13.130,0.020,False,Johnson B,CCD,CABB,,False
3806,SN 2014J,000-BLG-310,2456708.544433,11.271,0.011,False,Johnson V,CCD,CABB,,False
3807,SN 2014J,000-BLG-310,2456709.41435,10.565,0.004,False,Cousins R,CCD,ELTA,1.178,False
3808,SN 2014J,000-BLG-310,2456710.33125,10.637,0.056,False,Cousins R,CCD,JNDA,,False
3809,SN 2014J,000-BLG-310,2456709.40786,11.183,0.002,False,Johnson V,CCD,ELTA,1.185,False
3810,SN 2014J,000-BLG-310,2456710.33403,10.049,0.032,False,Cousins I,CCD,JNDA,,False
3811,SN 2014J,000-BLG-310,2456710.33872,11.291,0.028,False,Johnson V,CCD,JNDA,,False
3812,SN 2014J,000-BLG-310,2456710.39207,10.573,0.008,False,Cousins R,CCD,ELTA,1.202,False
3813,SN 2014J,000-BLG-310,2456710.39862,11.225,0.004,False,Johnson V,CCD,ELTA,1.193,False
3814,SN 2014J,000-BLG-310,2456710.542245,10.672,0.005,False,Cousins R,CCD,CABB,,False
3815,SN 2014J,000-BLG-310,2456710.542697,13.338,0.022,False,Johnson B,CCD,CABB,,False
3816,SN 2014J,000-BLG-310,2456710.537419,11.379,0.009,False,Johnson V,CCD,CABB,,False
3817,SN 2014J,000-BLG-310,2456708.944207,11.216,0.002,False,Johnson V,CCD,NAO,,False
3818,SN 2014J,000-BLG-310,2456708.946071,10.117,0.010,False,Cousins I,CCD,NAO,,False
3819,SN 2014J,000-BLG-310,2456708.945029,10.610,0.01,False,Cousins R,CCD,NAO,,False
3820,SN 2014J,000-BLG-310,2456708.942784,13.094,0.013,False,Johnson B,CCD,NAO,,False
3821,SN 2014J,000-BLG-310,2456710.477222,11.273,0.012,False,Johnson V,CCD,BPO,,False
3822,SN 2014J,000-BLG-310,2456710.37650,13.199,0.012,False,Johnson B,CCD,BDGA,1.087,False
3823,SN 2014J,000-BLG-310,2456710.37439,11.204,0.009,False,Johnson V,CCD,BDGA,1.087,False
3824,SN 2014J,000-BLG-310,2456710.37127,10.567,0.022,False,Cousins R,CCD,BDGA,1.091,False
3825,SN 2014J,000-BLG-310,2456710.37277,10.070,0.025,False,Cousins I,CCD,BDGA,1.091,False
3826,SN 2014J,000-BLG-310,2456711.30280,13.305,0.021,False,Johnson B,CCD,NRNA,1.368,False
3827,SN 2014J,000-BLG-310,2456711.28997,9.969,0.002,False,Cousins I,CCD,NRNA,1.405,False
3828,SN 2014J,000-BLG-310,2456711.27574,10.604,0.004,False,Cousins R,CCD,NRNA,1.450,False
3829,SN 2014J,000-BLG-310,2456711.28241,11.221,0.005,False,Johnson V,CCD,NRNA,1.428,False
3830,SN 2014J,000-BLG-310,2456711.41580,10.644,0.008,False,Cousins R,CCD,LJUA,1.214,False
3831,SN 2014J,000-BLG-310,2456711.42396,11.321,0.009,False,Johnson V,CCD,LJUA,1.205,False
3832,SN 2014J,000-BLG-310,2456711.43396,13.354,0.019,False,Johnson B,CCD,LJUA,1.195,False
3833,SN 2014J,000-BLG-310,2456711.398945,11.347,0.010,False,Johnson V,CCD,MJOD,1.212,False
3834,SN 2014J,000-BLG-310,2456711.400225,11.342,0.010,False,Johnson V,CCD,MJOD,1.211,False
3835,SN 2014J,000-BLG-310,2456711.401495,11.349,0.010,False,Johnson V,CCD,MJOD,1.209,False
3836,SN 2014J,000-BLG-310,2456711.399455,10.125,0.010,False,Cousins I,CCD,MJOD,1.212,False
3837,SN 2014J,000-BLG-310,2456711.400725,10.138,0.010,False,Cousins I,CCD,MJOD,1.210,False
3838,SN 2014J,000-BLG-310,2456711.401995,10.131,0.010,False,Cousins I,CCD,MJOD,1.208,False
3839,SN 2014J,000-BLG-310,2456711.398565,10.668,0.013,False,Cousins R,CCD,MJOD,1.213,False
3840,SN 2014J,000-BLG-310,2456711.399835,10.669,0.013,False,Cousins R,CCD,MJOD,1.211,False
3841,SN 2014J,000-BLG-310,2456711.401105,10.661,0.013,False,Cousins R,CCD,MJOD,1.209,False
3842,SN 2014J,000-BLG-310,2456711.37187,10.578,0.003,False,Cousins R,CCD,ELTA,1.228,False
3843,SN 2014J,000-BLG-310,2456711.37844,11.259,0.004,False,Johnson V,CCD,ELTA,1.218,False
3844,SN 2014J,000-BLG-310,2456711.490248,11.376,0.043,False,Johnson V,CCD,RZD,1.144,False
3845,SN 2014J,000-BLG-310,2456711.492039,10.614,0.024,False,Cousins R,CCD,RZD,1.144,False
3846,SN 2014J,000-BLG-310,2456711.493549,10.148,0.016,False,Cousins I,CCD,RZD,1.143,False
3847,PSN J09554214+6940260,000-BLG-310,2456711.45889,13.192,0.030,False,Johnson B,CCD,AFSA,,False
3848,PSN J09554214+6940260,000-BLG-310,2456711.45913,13.181,0.030,False,Johnson B,CCD,AFSA,,False
3849,PSN J09554214+6940260,000-BLG-310,2456711.45937,13.227,0.031,False,Johnson B,CCD,AFSA,,False
3850,PSN J09554214+6940260,000-BLG-310,2456711.45962,13.168,0.030,False,Johnson B,CCD,AFSA,,False
3851,PSN J09554214+6940260,000-BLG-310,2456711.45986,13.167,0.030,False,Johnson B,CCD,AFSA,,False
3852,PSN J09554214+6940260,000-BLG-310,2456711.45707,10.000,0.015,False,Cousins I,CCD,AFSA,,False
3853,PSN J09554214+6940260,000-BLG-310,2456711.45731,9.983,0.015,False,Cousins I,CCD,AFSA,,False
3854,PSN J09554214+6940260,000-BLG-310,2456711.45757,10.012,0.015,False,Cousins I,CCD,AFSA,,False
3855,PSN J09554214+6940260,000-BLG-310,2456711.45781,9.993,0.015,False,Cousins I,CCD,AFSA,,False
3856,PSN J09554214+6940260,000-BLG-310,2456711.45805,10.018,0.015,False,Cousins I,CCD,AFSA,,False
3857,PSN J09554214+6940260,000-BLG-310,2456711.45521,10.582,0.009,False,Cousins R,CCD,AFSA,,False
3858,PSN J09554214+6940260,000-BLG-310,2456711.45545,10.607,0.009,False,Cousins R,CCD,AFSA,,False
3859,PSN J09554214+6940260,000-BLG-310,2456711.45570,10.599,0.009,False,Cousins R,CCD,AFSA,,False
3860,PSN J09554214+6940260,000-BLG-310,2456711.45595,10.607,0.009,False,Cousins R,CCD,AFSA,,False
3861,PSN J09554214+6940260,000-BLG-310,2456711.45619,10.607,0.009,False,Cousins R,CCD,AFSA,,False
3862,PSN J09554214+6940260,000-BLG-310,2456711.45359,11.285,0.011,False,Johnson V,CCD,AFSA,,False
3863,PSN J09554214+6940260,000-BLG-310,2456711.45383,11.278,0.011,False,Johnson V,CCD,AFSA,,False
3864,PSN J09554214+6940260,000-BLG-310,2456711.45407,11.295,0.011,False,Johnson V,CCD,AFSA,,False
3865,PSN J09554214+6940260,000-BLG-310,2456711.45432,11.281,0.011,False,Johnson V,CCD,AFSA,,False
3866,PSN J09554214+6940260,000-BLG-310,2456711.45456,11.294,0.011,False,Johnson V,CCD,AFSA,,False
3867,SN 2014J,000-BLG-310,2456707.951007,11.23,0.005,False,Johnson V,CCD,BLP,1.5,False
3868,SN 2014J,000-BLG-310,2456712.29445,10.609,0.005,False,Cousins R,CCD,NRNA,1.383,False
3869,SN 2014J,000-BLG-310,2456712.30111,11.249,0.003,False,Johnson V,CCD,NRNA,1.365,False
3870,SN 2014J,000-BLG-310,2456712.30867,9.949,0.002,False,Cousins I,CCD,NRNA,1.344,False
3871,SN 2014J,000-BLG-310,2456712.32144,13.379,0.030,False,Johnson B,CCD,NRNA,1.312,False
3872,SN 2014J,000-BLG-310,2456712.311477,13.495,0.025,False,Johnson B,CCD,MJOD,1.395,False
3873,SN 2014J,000-BLG-310,2456712.313607,13.472,0.025,False,Johnson B,CCD,MJOD,1.389,False
3874,SN 2014J,000-BLG-310,2456712.315727,13.485,0.025,False,Johnson B,CCD,MJOD,1.383,False
3875,SN 2014J,000-BLG-310,2456710.66205,10.604,0.033,False,Cousins R,CCD,HJA,1.404,True
3876,SN 2014J,000-BLG-310,2456712.310807,10.100,0.011,False,Cousins I,CCD,MJOD,1.397,False
3877,SN 2014J,000-BLG-310,2456712.312937,10.094,0.011,False,Cousins I,CCD,MJOD,1.391,False
3878,SN 2014J,000-BLG-310,2456712.315057,10.111,0.012,False,Cousins I,CCD,MJOD,1.384,False
3879,SN 2014J,000-BLG-310,2456710.66784,11.270,0.039,False,Johnson V,CCD,HJA,1.387,True
3880,SN 2014J,000-BLG-310,2456712.37014,11.396,0.044,False,Johnson V,CCD,JNDA,,False
3881,SN 2014J,000-BLG-310,2456712.37500,10.661,0.056,False,Cousins R,CCD,JNDA,,False
3882,SN 2014J,000-BLG-310,2456712.38056,10.045,0.046,False,Cousins I,CCD,JNDA,,False
3883,SN 2014J,000-BLG-310,2456712.309917,10.667,0.014,False,Cousins R,CCD,MJOD,1.400,False
3884,SN 2014J,000-BLG-310,2456712.312047,10.663,0.015,False,Cousins R,CCD,MJOD,1.393,False
3885,SN 2014J,000-BLG-310,2456712.314167,10.672,0.014,False,Cousins R,CCD,MJOD,1.387,False
3886,SN 2014J,000-BLG-310,2456712.310307,11.367,0.011,False,Johnson V,CCD,MJOD,1.398,False
3887,SN 2014J,000-BLG-310,2456712.312427,11.376,0.012,False,Johnson V,CCD,MJOD,1.392,False
3888,SN 2014J,000-BLG-310,2456712.314557,11.367,0.012,False,Johnson V,CCD,MJOD,1.386,False
3889,SN 2014J,000-BLG-310,2456712.39617,10.580,0.003,False,Cousins R,CCD,ELTA,1.189,False
3890,SN 2014J,000-BLG-310,2456712.40291,11.286,0.005,False,Johnson V,CCD,ELTA,1.181,False
3891,SN 2014J,000-BLG-310,2456710.21736,11.3,,False,Johnson V,CCD,TYGA,,False
3892,SN 2014J,000-BLG-310,2456710.22153,10.6,,False,Cousins R,CCD,TYGA,,False
3893,SN 2014J,000-BLG-310,2456710.30486,13.0,,False,Johnson B,CCD,TYGA,,False
3894,SN 2014J,000-BLG-310,2456712.531667,11.357,0.014,False,Johnson V,CCD,BPO,,False
3895,SN 2014J,000-BLG-310,2456712.37480,13.323,0.016,False,Johnson B,CCD,BDGA,1.081,False
3896,SN 2014J,000-BLG-310,2456712.37272,11.270,0.018,False,Johnson V,CCD,BDGA,1.085,False
3897,SN 2014J,000-BLG-310,2456712.37847,10.028,0.034,False,Cousins I,CCD,BDGA,1.078,False
3898,SN 2014J,000-BLG-310,2456712.37690,10.561,0.028,False,Cousins R,CCD,BDGA,1.078,False
3899,SN 2014J,000-BLG-310,2456712.35964,13.371,0.019,False,Johnson B,CCD,BDGA,1.095,False
3900,SN 2014J,000-BLG-310,2456712.36170,11.206,0.078,False,Johnson V,CCD,BDGA,1.095,False
3901,SN 2014J,000-BLG-310,2456712.36379,10.564,0.023,False,Cousins R,CCD,BDGA,1.092,False
3902,SN 2014J,000-BLG-310,2456712.36529,10.007,0.032,False,Cousins I,CCD,BDGA,1.092,False
3903,SN 2014J,000-BLG-310,2456712.33813,13.294,0.023,False,Johnson B,CCD,BDGA,1.124,False
3904,SN 2014J,000-BLG-310,2456712.33601,11.249,0.019,False,Johnson V,CCD,BDGA,1.124,False
3905,SN 2014J,000-BLG-310,2456712.33288,10.558,0.023,False,Cousins R,CCD,BDGA,1.128,False
3906,SN 2014J,000-BLG-310,2456712.33438,9.990,0.026,False,Cousins I,CCD,BDGA,1.128,False
3907,SN 2014J,000-BLG-310,2456713.33110,10.657,0.003,False,Cousins R,CCD,NRNA,1.284,False
3908,SN 2014J,000-BLG-310,2456713.33793,11.316,0.004,False,Johnson V,CCD,NRNA,1.270,False
3909,SN 2014J,000-BLG-310,2456713.34547,9.992,0.003,False,Cousins I,CCD,NRNA,1.255,False
3910,SN 2014J,000-BLG-310,2456713.36786,13.559,0.002,False,Johnson B,CCD,NRNA,1.215,False
3911,SN 2014J,000-BLG-310,2456713.39895,10.584,0.004,False,Cousins R,CCD,ELTA,1.183,False
3912,SN 2014J,000-BLG-310,2456713.42354,11.327,0.004,False,Johnson V,CCD,ELTA,1.159,False
3913,SN 2014J,000-BLG-310,2456699.549381,10.722,0.007,False,Johnson V,CCD,BJAA,1.463,False
3914,SN 2014J,000-BLG-310,2456699.549821,10.702,0.007,False,Johnson V,CCD,BJAA,1.461,False
3915,SN 2014J,000-BLG-310,2456699.550249,10.711,0.007,False,Johnson V,CCD,BJAA,1.460,False
3916,SN 2014J,000-BLG-310,2456699.550666,10.691,0.007,False,Johnson V,CCD,BJAA,1.458,False
3917,SN 2014J,000-BLG-310,2456699.551082,10.700,0.007,False,Johnson V,CCD,BJAA,1.457,False
3918,SN 2014J,000-BLG-310,2456699.551510,10.695,0.007,False,Johnson V,CCD,BJAA,1.456,False
3919,SN 2014J,000-BLG-310,2456699.551915,10.694,0.007,False,Johnson V,CCD,BJAA,1.454,False
3920,SN 2014J,000-BLG-310,2456699.552297,10.694,0.007,False,Johnson V,CCD,BJAA,1.453,False
3921,SN 2014J,000-BLG-310,2456699.552679,10.698,0.007,False,Johnson V,CCD,BJAA,1.452,False
3922,SN 2014J,000-BLG-310,2456699.553096,10.683,0.007,False,Johnson V,CCD,BJAA,1.450,False
3923,SN 2014J,000-BLG-310,2456699.553524,10.695,0.007,False,Johnson V,CCD,BJAA,1.449,False
3924,SN 2014J,000-BLG-310,2456699.553953,10.696,0.007,False,Johnson V,CCD,BJAA,1.447,False
3925,SN 2014J,000-BLG-310,2456699.554369,10.706,0.007,False,Johnson V,CCD,BJAA,1.446,False
3926,SN 2014J,000-BLG-310,2456699.554786,10.717,0.007,False,Johnson V,CCD,BJAA,1.445,False
3927,SN 2014J,000-BLG-310,2456699.555214,10.702,0.007,False,Johnson V,CCD,BJAA,1.443,False
3928,SN 2014J,000-BLG-310,2456699.555619,10.701,0.007,False,Johnson V,CCD,BJAA,1.442,False
3929,SN 2014J,000-BLG-310,2456699.556059,10.695,0.007,False,Johnson V,CCD,BJAA,1.441,False
3930,SN 2014J,000-BLG-310,2456699.556487,10.692,0.007,False,Johnson V,CCD,BJAA,1.439,False
3931,SN 2014J,000-BLG-310,2456699.556950,10.703,0.007,False,Johnson V,CCD,BJAA,1.438,False
3932,SN 2014J,000-BLG-310,2456699.557367,10.701,0.007,False,Johnson V,CCD,BJAA,1.436,False
3933,SN 2014J,000-BLG-310,2456699.557784,10.710,0.007,False,Johnson V,CCD,BJAA,1.435,False
3934,SN 2014J,000-BLG-310,2456699.558200,10.668,0.007,False,Johnson V,CCD,BJAA,1.434,False
3935,SN 2014J,000-BLG-310,2456699.558628,10.703,0.007,False,Johnson V,CCD,BJAA,1.432,False
3936,SN 2014J,000-BLG-310,2456699.559010,10.705,0.007,False,Johnson V,CCD,BJAA,1.431,False
3937,SN 2014J,000-BLG-310,2456699.559427,10.688,0.007,False,Johnson V,CCD,BJAA,1.430,False
3938,SN 2014J,000-BLG-310,2456699.559844,10.698,0.007,False,Johnson V,CCD,BJAA,1.429,False
3939,SN 2014J,000-BLG-310,2456699.560260,10.694,0.007,False,Johnson V,CCD,BJAA,1.427,False
3940,SN 2014J,000-BLG-310,2456699.560677,10.699,0.007,False,Johnson V,CCD,BJAA,1.426,False
3941,SN 2014J,000-BLG-310,2456699.561105,10.683,0.007,False,Johnson V,CCD,BJAA,1.425,False
3942,SN 2014J,000-BLG-310,2456699.561510,10.707,0.007,False,Johnson V,CCD,BJAA,1.423,False
3943,SN 2014J,000-BLG-310,2456699.561927,10.694,0.007,False,Johnson V,CCD,BJAA,1.422,False
3944,SN 2014J,000-BLG-310,2456699.562344,10.708,0.007,False,Johnson V,CCD,BJAA,1.421,False
3945,SN 2014J,000-BLG-310,2456699.562760,10.695,0.007,False,Johnson V,CCD,BJAA,1.419,False
3946,SN 2014J,000-BLG-310,2456699.563189,10.691,0.007,False,Johnson V,CCD,BJAA,1.418,False
3947,SN 2014J,000-BLG-310,2456699.563594,10.688,0.007,False,Johnson V,CCD,BJAA,1.417,False
3948,SN 2014J,000-BLG-310,2456699.564010,10.693,0.007,False,Johnson V,CCD,BJAA,1.416,False
3949,SN 2014J,000-BLG-310,2456699.564392,10.697,0.007,False,Johnson V,CCD,BJAA,1.414,False
3950,SN 2014J,000-BLG-310,2456699.564774,10.680,0.007,False,Johnson V,CCD,BJAA,1.413,False
3951,SN 2014J,000-BLG-310,2456699.565203,10.693,0.007,False,Johnson V,CCD,BJAA,1.412,False
3952,SN 2014J,000-BLG-310,2456699.565619,10.718,0.007,False,Johnson V,CCD,BJAA,1.411,False
3953,SN 2014J,000-BLG-310,2456699.566036,10.708,0.007,False,Johnson V,CCD,BJAA,1.409,False
3954,SN 2014J,000-BLG-310,2456699.566441,10.711,0.007,False,Johnson V,CCD,BJAA,1.408,False
3955,SN 2014J,000-BLG-310,2456699.566846,10.699,0.007,False,Johnson V,CCD,BJAA,1.407,False
3956,SN 2014J,000-BLG-310,2456699.567263,10.701,0.007,False,Johnson V,CCD,BJAA,1.406,False
3957,SN 2014J,000-BLG-310,2456699.567691,10.696,0.007,False,Johnson V,CCD,BJAA,1.404,False
3958,SN 2014J,000-BLG-310,2456699.568096,10.689,0.007,False,Johnson V,CCD,BJAA,1.403,False
3959,SN 2014J,000-BLG-310,2456699.568513,10.710,0.007,False,Johnson V,CCD,BJAA,1.402,False
3960,SN 2014J,000-BLG-310,2456699.568929,10.709,0.007,False,Johnson V,CCD,BJAA,1.401,False
3961,SN 2014J,000-BLG-310,2456699.569335,10.696,0.007,False,Johnson V,CCD,BJAA,1.399,False
3962,SN 2014J,000-BLG-310,2456699.569751,10.705,0.007,False,Johnson V,CCD,BJAA,1.398,False
3963,SN 2014J,000-BLG-310,2456699.570156,10.710,0.007,False,Johnson V,CCD,BJAA,1.397,False
3964,SN 2014J,000-BLG-310,2456699.570561,10.697,0.007,False,Johnson V,CCD,BJAA,1.396,False
3965,SN 2014J,000-BLG-310,2456699.570978,10.686,0.007,False,Johnson V,CCD,BJAA,1.395,False
3966,SN 2014J,000-BLG-310,2456699.571406,10.713,0.007,False,Johnson V,CCD,BJAA,1.393,False
3967,SN 2014J,000-BLG-310,2456699.571823,10.716,0.007,False,Johnson V,CCD,BJAA,1.392,False
3968,SN 2014J,000-BLG-310,2456699.572228,10.702,0.007,False,Johnson V,CCD,BJAA,1.391,False
3969,SN 2014J,000-BLG-310,2456699.572633,10.695,0.007,False,Johnson V,CCD,BJAA,1.390,False
3970,SN 2014J,000-BLG-310,2456699.573050,10.701,0.007,False,Johnson V,CCD,BJAA,1.388,False
3971,SN 2014J,000-BLG-310,2456699.573466,10.704,0.007,False,Johnson V,CCD,BJAA,1.387,False
3972,SN 2014J,000-BLG-310,2456699.573895,10.697,0.007,False,Johnson V,CCD,BJAA,1.386,False
3973,SN 2014J,000-BLG-310,2456699.574288,10.690,0.007,False,Johnson V,CCD,BJAA,1.385,False
3974,SN 2014J,000-BLG-310,2456699.574682,10.713,0.007,False,Johnson V,CCD,BJAA,1.384,False
3975,SN 2014J,000-BLG-310,2456699.575110,10.692,0.007,False,Johnson V,CCD,BJAA,1.382,False
3976,SN 2014J,000-BLG-310,2456699.575527,10.713,0.007,False,Johnson V,CCD,BJAA,1.381,False
3977,SN 2014J,000-BLG-310,2456699.575943,10.709,0.007,False,Johnson V,CCD,BJAA,1.380,False
3978,SN 2014J,000-BLG-310,2456699.576383,10.695,0.007,False,Johnson V,CCD,BJAA,1.379,False
3979,SN 2014J,000-BLG-310,2456699.576800,10.701,0.007,False,Johnson V,CCD,BJAA,1.378,False
3980,SN 2014J,000-BLG-310,2456699.577193,10.690,0.007,False,Johnson V,CCD,BJAA,1.377,False
3981,SN 2014J,000-BLG-310,2456699.577622,10.709,0.007,False,Johnson V,CCD,BJAA,1.375,False
3982,SN 2014J,000-BLG-310,2456699.578038,10.686,0.007,False,Johnson V,CCD,BJAA,1.374,False
3983,SN 2014J,000-BLG-310,2456699.578432,10.705,0.007,False,Johnson V,CCD,BJAA,1.373,False
3984,SN 2014J,000-BLG-310,2456699.578848,10.716,0.007,False,Johnson V,CCD,BJAA,1.372,False
3985,SN 2014J,000-BLG-310,2456699.579253,10.700,0.007,False,Johnson V,CCD,BJAA,1.371,False
3986,SN 2014J,000-BLG-310,2456699.579670,10.704,0.007,False,Johnson V,CCD,BJAA,1.370,False
3987,SN 2014J,000-BLG-310,2456699.580087,10.711,0.007,False,Johnson V,CCD,BJAA,1.368,False
3988,SN 2014J,000-BLG-310,2456699.580515,10.715,0.007,False,Johnson V,CCD,BJAA,1.367,False
3989,SN 2014J,000-BLG-310,2456699.580885,10.692,0.007,False,Johnson V,CCD,BJAA,1.366,False
3990,SN 2014J,000-BLG-310,2456699.581279,10.675,0.007,False,Johnson V,CCD,BJAA,1.365,False
3991,SN 2014J,000-BLG-310,2456699.581661,10.707,0.007,False,Johnson V,CCD,BJAA,1.364,False
3992,SN 2014J,000-BLG-310,2456699.582089,10.689,0.007,False,Johnson V,CCD,BJAA,1.363,False
3993,SN 2014J,000-BLG-310,2456699.582494,10.698,0.007,False,Johnson V,CCD,BJAA,1.362,False
3994,SN 2014J,000-BLG-310,2456699.582911,10.694,0.007,False,Johnson V,CCD,BJAA,1.361,False
3995,SN 2014J,000-BLG-310,2456699.583328,10.687,0.007,False,Johnson V,CCD,BJAA,1.359,False
3996,SN 2014J,000-BLG-310,2456699.583733,10.691,0.007,False,Johnson V,CCD,BJAA,1.358,False
3997,SN 2014J,000-BLG-310,2456699.584149,10.690,0.007,False,Johnson V,CCD,BJAA,1.357,False
3998,SN 2014J,000-BLG-310,2456699.584577,10.703,0.007,False,Johnson V,CCD,BJAA,1.356,False
3999,SN 2014J,000-BLG-310,2456699.584994,10.692,0.007,False,Johnson V,CCD,BJAA,1.355,False
4000,SN 2014J,000-BLG-310,2456699.585423,10.686,0.007,False,Johnson V,CCD,BJAA,1.354,False
4001,SN 2014J,000-BLG-310,2456699.585828,10.694,0.007,False,Johnson V,CCD,BJAA,1.353,False
4002,SN 2014J,000-BLG-310,2456699.586221,10.697,0.007,False,Johnson V,CCD,BJAA,1.352,False
4003,SN 2014J,000-BLG-310,2456699.586649,10.690,0.007,False,Johnson V,CCD,BJAA,1.350,False
4004,SN 2014J,000-BLG-310,2456699.587077,10.704,0.007,False,Johnson V,CCD,BJAA,1.349,False
4005,SN 2014J,000-BLG-310,2456699.587494,10.697,0.007,False,Johnson V,CCD,BJAA,1.348,False
4006,SN 2014J,000-BLG-310,2456699.587922,10.700,0.007,False,Johnson V,CCD,BJAA,1.347,False
4007,SN 2014J,000-BLG-310,2456699.588339,10.696,0.007,False,Johnson V,CCD,BJAA,1.346,False
4008,SN 2014J,000-BLG-310,2456699.588767,10.712,0.007,False,Johnson V,CCD,BJAA,1.345,False
4009,SN 2014J,000-BLG-310,2456699.589161,10.700,0.007,False,Johnson V,CCD,BJAA,1.344,False
4010,SN 2014J,000-BLG-310,2456699.589577,10.701,0.007,False,Johnson V,CCD,BJAA,1.343,False
4011,SN 2014J,000-BLG-310,2456699.589994,10.679,0.007,False,Johnson V,CCD,BJAA,1.342,False
4012,SN 2014J,000-BLG-310,2456699.593131,10.700,0.007,False,Johnson V,CCD,BJAA,1.333,False
4013,SN 2014J,000-BLG-310,2456699.593548,10.700,0.007,False,Johnson V,CCD,BJAA,1.332,False
4014,SN 2014J,000-BLG-310,2456699.593964,10.695,0.007,False,Johnson V,CCD,BJAA,1.331,False
4015,SN 2014J,000-BLG-310,2456699.594392,10.698,0.007,False,Johnson V,CCD,BJAA,1.330,False
4016,SN 2014J,000-BLG-310,2456699.594821,10.711,0.007,False,Johnson V,CCD,BJAA,1.329,False
4017,SN 2014J,000-BLG-310,2456699.595191,10.702,0.007,False,Johnson V,CCD,BJAA,1.328,False
4018,SN 2014J,000-BLG-310,2456699.595631,10.699,0.007,False,Johnson V,CCD,BJAA,1.327,False
4019,SN 2014J,000-BLG-310,2456699.596024,10.713,0.007,False,Johnson V,CCD,BJAA,1.326,False
4020,SN 2014J,000-BLG-310,2456699.596441,10.697,0.007,False,Johnson V,CCD,BJAA,1.325,False
4021,SN 2014J,000-BLG-310,2456699.596869,10.723,0.007,False,Johnson V,CCD,BJAA,1.324,False
4022,SN 2014J,000-BLG-310,2456699.597297,10.701,0.007,False,Johnson V,CCD,BJAA,1.323,False
4023,SN 2014J,000-BLG-310,2456699.597726,10.692,0.007,False,Johnson V,CCD,BJAA,1.322,False
4024,SN 2014J,000-BLG-310,2456699.598131,10.702,0.007,False,Johnson V,CCD,BJAA,1.321,False
4025,SN 2014J,000-BLG-310,2456699.598513,10.692,0.007,False,Johnson V,CCD,BJAA,1.320,False
4026,SN 2014J,000-BLG-310,2456699.598883,10.712,0.007,False,Johnson V,CCD,BJAA,1.319,False
4027,SN 2014J,000-BLG-310,2456699.599311,10.701,0.007,False,Johnson V,CCD,BJAA,1.318,False
4028,SN 2014J,000-BLG-310,2456699.599693,10.714,0.007,False,Johnson V,CCD,BJAA,1.317,False
4029,SN 2014J,000-BLG-310,2456699.600087,10.707,0.007,False,Johnson V,CCD,BJAA,1.316,False
4030,SN 2014J,000-BLG-310,2456699.600504,10.698,0.007,False,Johnson V,CCD,BJAA,1.315,False
4031,SN 2014J,000-BLG-310,2456699.600920,10.704,0.007,False,Johnson V,CCD,BJAA,1.314,False
4032,SN 2014J,000-BLG-310,2456699.601314,10.713,0.007,False,Johnson V,CCD,BJAA,1.313,False
4033,SN 2014J,000-BLG-310,2456699.601742,10.710,0.007,False,Johnson V,CCD,BJAA,1.312,False
4034,SN 2014J,000-BLG-310,2456699.602159,10.683,0.007,False,Johnson V,CCD,BJAA,1.311,False
4035,SN 2014J,000-BLG-310,2456699.602564,10.707,0.007,False,Johnson V,CCD,BJAA,1.310,False
4036,SN 2014J,000-BLG-310,2456699.602992,10.696,0.007,False,Johnson V,CCD,BJAA,1.309,False
4037,SN 2014J,000-BLG-310,2456699.603420,10.708,0.007,False,Johnson V,CCD,BJAA,1.308,False
4038,SN 2014J,000-BLG-310,2456699.603860,10.709,0.007,False,Johnson V,CCD,BJAA,1.307,False
4039,SN 2014J,000-BLG-310,2456699.604253,10.707,0.007,False,Johnson V,CCD,BJAA,1.306,False
4040,SN 2014J,000-BLG-310,2456699.604659,10.722,0.007,False,Johnson V,CCD,BJAA,1.305,False
4041,SN 2014J,000-BLG-310,2456699.605087,10.708,0.007,False,Johnson V,CCD,BJAA,1.304,False
4042,SN 2014J,000-BLG-310,2456699.605503,10.705,0.007,False,Johnson V,CCD,BJAA,1.303,False
4043,SN 2014J,000-BLG-310,2456699.605920,10.720,0.007,False,Johnson V,CCD,BJAA,1.302,False
4044,SN 2014J,000-BLG-310,2456699.606337,10.723,0.007,False,Johnson V,CCD,BJAA,1.301,False
4045,SN 2014J,000-BLG-310,2456699.606788,10.698,0.007,False,Johnson V,CCD,BJAA,1.300,False
4046,SN 2014J,000-BLG-310,2456699.607205,10.704,0.007,False,Johnson V,CCD,BJAA,1.299,False
4047,SN 2014J,000-BLG-310,2456699.607621,10.680,0.007,False,Johnson V,CCD,BJAA,1.298,False
4048,SN 2014J,000-BLG-310,2456699.608027,10.704,0.007,False,Johnson V,CCD,BJAA,1.297,False
4049,SN 2014J,000-BLG-310,2456699.608837,10.698,0.007,False,Johnson V,CCD,BJAA,1.295,False
4050,SN 2014J,000-BLG-310,2456699.609254,10.709,0.007,False,Johnson V,CCD,BJAA,1.294,False
4051,SN 2014J,000-BLG-310,2456699.609682,10.702,0.007,False,Johnson V,CCD,BJAA,1.293,False
4052,SN 2014J,000-BLG-310,2456699.610098,10.674,0.007,False,Johnson V,CCD,BJAA,1.292,False
4053,SN 2014J,000-BLG-310,2456699.610515,10.699,0.007,False,Johnson V,CCD,BJAA,1.291,False
4054,SN 2014J,000-BLG-310,2456699.610932,10.717,0.007,False,Johnson V,CCD,BJAA,1.290,False
4055,SN 2014J,000-BLG-310,2456699.611348,10.716,0.007,False,Johnson V,CCD,BJAA,1.290,False
4056,SN 2014J,000-BLG-310,2456699.611730,10.699,0.007,False,Johnson V,CCD,BJAA,1.289,False
4057,SN 2014J,000-BLG-310,2456699.612147,10.701,0.007,False,Johnson V,CCD,BJAA,1.288,False
4058,SN 2014J,000-BLG-310,2456699.612575,10.717,0.007,False,Johnson V,CCD,BJAA,1.287,False
4059,SN 2014J,000-BLG-310,2456699.613003,10.692,0.007,False,Johnson V,CCD,BJAA,1.286,False
4060,SN 2014J,000-BLG-310,2456699.613432,10.695,0.007,False,Johnson V,CCD,BJAA,1.285,False
4061,SN 2014J,000-BLG-310,2456699.613848,10.696,0.007,False,Johnson V,CCD,BJAA,1.284,False
4062,SN 2014J,000-BLG-310,2456699.614277,10.697,0.007,False,Johnson V,CCD,BJAA,1.283,False
4063,SN 2014J,000-BLG-310,2456699.614705,10.688,0.007,False,Johnson V,CCD,BJAA,1.282,False
4064,SN 2014J,000-BLG-310,2456699.615122,10.688,0.007,False,Johnson V,CCD,BJAA,1.281,False
4065,SN 2014J,000-BLG-310,2456699.615527,10.704,0.007,False,Johnson V,CCD,BJAA,1.280,False
4066,SN 2014J,000-BLG-310,2456699.615943,10.683,0.007,False,Johnson V,CCD,BJAA,1.279,False
4067,SN 2014J,000-BLG-310,2456699.616360,10.702,0.007,False,Johnson V,CCD,BJAA,1.278,False
4068,SN 2014J,000-BLG-310,2456699.616765,10.705,0.007,False,Johnson V,CCD,BJAA,1.278,False
4069,SN 2014J,000-BLG-310,2456699.617182,10.684,0.007,False,Johnson V,CCD,BJAA,1.277,False
4070,SN 2014J,000-BLG-310,2456699.617587,10.696,0.007,False,Johnson V,CCD,BJAA,1.276,False
4071,SN 2014J,000-BLG-310,2456699.618015,10.705,0.007,False,Johnson V,CCD,BJAA,1.275,False
4072,SN 2014J,000-BLG-310,2456699.618432,10.702,0.007,False,Johnson V,CCD,BJAA,1.274,False
4073,SN 2014J,000-BLG-310,2456699.618860,10.717,0.007,False,Johnson V,CCD,BJAA,1.273,False
4074,SN 2014J,000-BLG-310,2456699.619265,10.694,0.007,False,Johnson V,CCD,BJAA,1.272,False
4075,SN 2014J,000-BLG-310,2456699.619693,10.724,0.007,False,Johnson V,CCD,BJAA,1.271,False
4076,SN 2014J,000-BLG-310,2456699.620121,10.712,0.007,False,Johnson V,CCD,BJAA,1.270,False
4077,SN 2014J,000-BLG-310,2456699.620527,10.704,0.007,False,Johnson V,CCD,BJAA,1.270,False
4078,SN 2014J,000-BLG-310,2456699.620943,10.705,0.007,False,Johnson V,CCD,BJAA,1.269,False
4079,SN 2014J,000-BLG-310,2456699.621325,10.709,0.007,False,Johnson V,CCD,BJAA,1.268,False
4080,SN 2014J,000-BLG-310,2456699.621765,10.698,0.007,False,Johnson V,CCD,BJAA,1.267,False
4081,SN 2014J,000-BLG-310,2456699.622182,10.705,0.007,False,Johnson V,CCD,BJAA,1.266,False
4082,SN 2014J,000-BLG-310,2456699.622610,10.706,0.007,False,Johnson V,CCD,BJAA,1.265,False
4083,SN 2014J,000-BLG-310,2456699.623027,10.719,0.007,False,Johnson V,CCD,BJAA,1.264,False
4084,SN 2014J,000-BLG-310,2456699.623455,10.711,0.007,False,Johnson V,CCD,BJAA,1.263,False
4085,SN 2014J,000-BLG-310,2456699.623872,10.690,0.007,False,Johnson V,CCD,BJAA,1.263,False
4086,SN 2014J,000-BLG-310,2456699.624288,10.683,0.007,False,Johnson V,CCD,BJAA,1.262,False
4087,SN 2014J,000-BLG-310,2456699.624705,10.707,0.007,False,Johnson V,CCD,BJAA,1.261,False
4088,SN 2014J,000-BLG-310,2456699.625121,10.694,0.007,False,Johnson V,CCD,BJAA,1.260,False
4089,SN 2014J,000-BLG-310,2456699.625550,10.705,0.007,False,Johnson V,CCD,BJAA,1.259,False
4090,SN 2014J,000-BLG-310,2456699.625966,10.689,0.007,False,Johnson V,CCD,BJAA,1.258,False
4091,SN 2014J,000-BLG-310,2456699.626372,10.698,0.007,False,Johnson V,CCD,BJAA,1.257,False
4092,SN 2014J,000-BLG-310,2456699.626800,10.709,0.007,False,Johnson V,CCD,BJAA,1.257,False
4093,SN 2014J,000-BLG-310,2456699.627205,10.711,0.007,False,Johnson V,CCD,BJAA,1.256,False
4094,SN 2014J,000-BLG-310,2456699.627645,10.701,0.007,False,Johnson V,CCD,BJAA,1.255,False
4095,SN 2014J,000-BLG-310,2456699.628050,10.702,0.007,False,Johnson V,CCD,BJAA,1.254,False
4096,SN 2014J,000-BLG-310,2456699.628478,10.702,0.007,False,Johnson V,CCD,BJAA,1.253,False
4097,SN 2014J,000-BLG-310,2456699.628906,10.698,0.007,False,Johnson V,CCD,BJAA,1.252,False
4098,SN 2014J,000-BLG-310,2456699.629335,10.693,0.007,False,Johnson V,CCD,BJAA,1.252,False
4099,SN 2014J,000-BLG-310,2456699.629740,10.710,0.007,False,Johnson V,CCD,BJAA,1.251,False
4100,SN 2014J,000-BLG-310,2456699.630156,10.690,0.007,False,Johnson V,CCD,BJAA,1.250,False
4101,SN 2014J,000-BLG-310,2456699.630584,10.693,0.007,False,Johnson V,CCD,BJAA,1.249,False
4102,SN 2014J,000-BLG-310,2456699.631001,10.725,0.007,False,Johnson V,CCD,BJAA,1.248,False
4103,SN 2014J,000-BLG-310,2456699.631406,10.704,0.007,False,Johnson V,CCD,BJAA,1.248,False
4104,SN 2014J,000-BLG-310,2456699.631835,10.711,0.007,False,Johnson V,CCD,BJAA,1.247,False
4105,SN 2014J,000-BLG-310,2456699.632251,10.697,0.007,False,Johnson V,CCD,BJAA,1.246,False
4106,SN 2014J,000-BLG-310,2456699.632656,10.697,0.007,False,Johnson V,CCD,BJAA,1.245,False
4107,SN 2014J,000-BLG-310,2456699.633085,10.689,0.007,False,Johnson V,CCD,BJAA,1.244,False
4108,SN 2014J,000-BLG-310,2456699.633466,10.698,0.007,False,Johnson V,CCD,BJAA,1.244,False
4109,SN 2014J,000-BLG-310,2456699.633883,10.715,0.007,False,Johnson V,CCD,BJAA,1.243,False
4110,SN 2014J,000-BLG-310,2456699.637413,10.714,0.007,False,Johnson V,CCD,BJAA,1.236,False
4111,SN 2014J,000-BLG-310,2456699.637841,10.706,0.007,False,Johnson V,CCD,BJAA,1.235,False
4112,SN 2014J,000-BLG-310,2456699.638270,10.707,0.007,False,Johnson V,CCD,BJAA,1.235,False
4113,SN 2014J,000-BLG-310,2456699.638698,10.704,0.007,False,Johnson V,CCD,BJAA,1.234,False
4114,SN 2014J,000-BLG-310,2456699.639126,10.713,0.007,False,Johnson V,CCD,BJAA,1.233,False
4115,SN 2014J,000-BLG-310,2456699.639543,10.716,0.007,False,Johnson V,CCD,BJAA,1.232,False
4116,SN 2014J,000-BLG-310,2456699.639983,10.705,0.007,False,Johnson V,CCD,BJAA,1.231,False
4117,SN 2014J,000-BLG-310,2456699.640388,10.703,0.007,False,Johnson V,CCD,BJAA,1.231,False
4118,SN 2014J,000-BLG-310,2456699.640781,10.695,0.007,False,Johnson V,CCD,BJAA,1.230,False
4119,SN 2014J,000-BLG-310,2456699.641209,10.714,0.007,False,Johnson V,CCD,BJAA,1.229,False
4120,SN 2014J,000-BLG-310,2456699.641638,10.719,0.007,False,Johnson V,CCD,BJAA,1.229,False
4121,SN 2014J,000-BLG-310,2456699.642043,10.696,0.007,False,Johnson V,CCD,BJAA,1.228,False
4122,SN 2014J,000-BLG-310,2456699.642448,10.729,0.007,False,Johnson V,CCD,BJAA,1.227,False
4123,SN 2014J,000-BLG-310,2456699.642876,10.711,0.007,False,Johnson V,CCD,BJAA,1.226,False
4124,SN 2014J,000-BLG-310,2456699.643281,10.698,0.007,False,Johnson V,CCD,BJAA,1.226,False
4125,SN 2014J,000-BLG-310,2456699.643709,10.724,0.007,False,Johnson V,CCD,BJAA,1.225,False
4126,SN 2014J,000-BLG-310,2456699.644115,10.700,0.007,False,Johnson V,CCD,BJAA,1.224,False
4127,SN 2014J,000-BLG-310,2456699.644531,10.714,0.007,False,Johnson V,CCD,BJAA,1.223,False
4128,SN 2014J,000-BLG-310,2456699.644948,10.713,0.007,False,Johnson V,CCD,BJAA,1.223,False
4129,SN 2014J,000-BLG-310,2456699.645353,10.704,0.007,False,Johnson V,CCD,BJAA,1.222,False
4130,SN 2014J,000-BLG-310,2456699.645758,10.706,0.007,False,Johnson V,CCD,BJAA,1.221,False
4131,SN 2014J,000-BLG-310,2456699.646175,10.694,0.007,False,Johnson V,CCD,BJAA,1.221,False
4132,SN 2014J,000-BLG-310,2456699.646580,10.710,0.007,False,Johnson V,CCD,BJAA,1.220,False
4133,SN 2014J,000-BLG-310,2456699.646996,10.705,0.007,False,Johnson V,CCD,BJAA,1.219,False
4134,SN 2014J,000-BLG-310,2456699.647436,10.722,0.007,False,Johnson V,CCD,BJAA,1.218,False
4135,SN 2014J,000-BLG-310,2456699.647841,10.689,0.007,False,Johnson V,CCD,BJAA,1.218,False
4136,SN 2014J,000-BLG-310,2456699.648235,10.695,0.007,False,Johnson V,CCD,BJAA,1.217,False
4137,SN 2014J,000-BLG-310,2456699.648640,10.705,0.007,False,Johnson V,CCD,BJAA,1.216,False
4138,SN 2014J,000-BLG-310,2456699.649103,10.706,0.007,False,Johnson V,CCD,BJAA,1.216,False
4139,SN 2014J,000-BLG-310,2456699.649508,10.712,0.007,False,Johnson V,CCD,BJAA,1.215,False
4140,SN 2014J,000-BLG-310,2456699.649936,10.711,0.007,False,Johnson V,CCD,BJAA,1.214,False
4141,SN 2014J,000-BLG-310,2456699.650399,10.718,0.007,False,Johnson V,CCD,BJAA,1.214,False
4142,SN 2014J,000-BLG-310,2456699.650804,10.697,0.007,False,Johnson V,CCD,BJAA,1.213,False
4143,SN 2014J,000-BLG-310,2456699.651233,10.725,0.007,False,Johnson V,CCD,BJAA,1.212,False
4144,SN 2014J,000-BLG-310,2456699.651661,10.719,0.007,False,Johnson V,CCD,BJAA,1.211,False
4145,SN 2014J,000-BLG-310,2456699.652077,10.714,0.007,False,Johnson V,CCD,BJAA,1.211,False
4146,SN 2014J,000-BLG-310,2456699.652506,10.701,0.007,False,Johnson V,CCD,BJAA,1.210,False
4147,SN 2014J,000-BLG-310,2456699.652922,10.725,0.007,False,Johnson V,CCD,BJAA,1.209,False
4148,SN 2014J,000-BLG-310,2456699.653304,10.703,0.007,False,Johnson V,CCD,BJAA,1.209,False
4149,SN 2014J,000-BLG-310,2456699.653733,10.707,0.007,False,Johnson V,CCD,BJAA,1.208,False
4150,SN 2014J,000-BLG-310,2456699.654161,10.702,0.007,False,Johnson V,CCD,BJAA,1.207,False
4151,SN 2014J,000-BLG-310,2456699.654589,10.705,0.007,False,Johnson V,CCD,BJAA,1.207,False
4152,SN 2014J,000-BLG-310,2456699.655006,10.699,0.007,False,Johnson V,CCD,BJAA,1.206,False
4153,SN 2014J,000-BLG-310,2456699.655446,10.710,0.007,False,Johnson V,CCD,BJAA,1.205,False
4154,SN 2014J,000-BLG-310,2456699.655862,10.714,0.007,False,Johnson V,CCD,BJAA,1.205,False
4155,SN 2014J,000-BLG-310,2456699.656279,10.712,0.007,False,Johnson V,CCD,BJAA,1.204,False
4156,SN 2014J,000-BLG-310,2456699.656696,10.713,0.007,False,Johnson V,CCD,BJAA,1.203,False
4157,SN 2014J,000-BLG-310,2456699.657135,10.715,0.007,False,Johnson V,CCD,BJAA,1.203,False
4158,SN 2014J,000-BLG-310,2456699.657552,10.698,0.007,False,Johnson V,CCD,BJAA,1.202,False
4159,SN 2014J,000-BLG-310,2456699.657980,10.730,0.007,False,Johnson V,CCD,BJAA,1.201,False
4160,SN 2014J,000-BLG-310,2456699.658397,10.713,0.007,False,Johnson V,CCD,BJAA,1.201,False
4161,SN 2014J,000-BLG-310,2456699.658825,10.710,0.007,False,Johnson V,CCD,BJAA,1.200,False
4162,SN 2014J,000-BLG-310,2456699.659242,10.720,0.007,False,Johnson V,CCD,BJAA,1.200,False
4163,SN 2014J,000-BLG-310,2456699.659670,10.710,0.007,False,Johnson V,CCD,BJAA,1.199,False
4164,SN 2014J,000-BLG-310,2456699.660087,10.689,0.007,False,Johnson V,CCD,BJAA,1.198,False
4165,SN 2014J,000-BLG-310,2456699.660504,10.697,0.007,False,Johnson V,CCD,BJAA,1.198,False
4166,SN 2014J,000-BLG-310,2456699.660932,10.689,0.007,False,Johnson V,CCD,BJAA,1.197,False
4167,SN 2014J,000-BLG-310,2456699.661348,10.703,0.007,False,Johnson V,CCD,BJAA,1.196,False
4168,SN 2014J,000-BLG-310,2456699.661777,10.702,0.007,False,Johnson V,CCD,BJAA,1.196,False
4169,SN 2014J,000-BLG-310,2456699.662193,10.719,0.007,False,Johnson V,CCD,BJAA,1.195,False
4170,SN 2014J,000-BLG-310,2456699.662621,10.710,0.007,False,Johnson V,CCD,BJAA,1.194,False
4171,SN 2014J,000-BLG-310,2456699.663050,10.713,0.007,False,Johnson V,CCD,BJAA,1.194,False
4172,SN 2014J,000-BLG-310,2456699.663455,10.699,0.007,False,Johnson V,CCD,BJAA,1.193,False
4173,SN 2014J,000-BLG-310,2456699.663872,10.714,0.007,False,Johnson V,CCD,BJAA,1.193,False
4174,SN 2014J,000-BLG-310,2456699.664288,10.710,0.007,False,Johnson V,CCD,BJAA,1.192,False
4175,SN 2014J,000-BLG-310,2456699.664705,10.703,0.007,False,Johnson V,CCD,BJAA,1.191,False
4176,SN 2014J,000-BLG-310,2456699.665515,10.698,0.007,False,Johnson V,CCD,BJAA,1.190,False
4177,SN 2014J,000-BLG-310,2456699.665932,10.707,0.007,False,Johnson V,CCD,BJAA,1.190,False
4178,SN 2014J,000-BLG-310,2456699.666337,10.715,0.007,False,Johnson V,CCD,BJAA,1.189,False
4179,SN 2014J,000-BLG-310,2456699.666742,10.702,0.007,False,Johnson V,CCD,BJAA,1.189,False
4180,SN 2014J,000-BLG-310,2456699.667159,10.714,0.007,False,Johnson V,CCD,BJAA,1.188,False
4181,SN 2014J,000-BLG-310,2456699.667575,10.735,0.007,False,Johnson V,CCD,BJAA,1.187,False
4182,SN 2014J,000-BLG-310,2456699.668003,10.715,0.007,False,Johnson V,CCD,BJAA,1.187,False
4183,SN 2014J,000-BLG-310,2456699.668397,10.699,0.007,False,Johnson V,CCD,BJAA,1.186,False
4184,SN 2014J,000-BLG-310,2456699.668837,10.705,0.007,False,Johnson V,CCD,BJAA,1.186,False
4185,SN 2014J,000-BLG-310,2456699.669219,10.714,0.007,False,Johnson V,CCD,BJAA,1.185,False
4186,SN 2014J,000-BLG-310,2456699.669647,10.726,0.007,False,Johnson V,CCD,BJAA,1.185,False
4187,SN 2014J,000-BLG-310,2456699.670052,10.718,0.007,False,Johnson V,CCD,BJAA,1.184,False
4188,SN 2014J,000-BLG-310,2456699.670469,10.707,0.007,False,Johnson V,CCD,BJAA,1.183,False
4189,SN 2014J,000-BLG-310,2456699.670885,10.710,0.007,False,Johnson V,CCD,BJAA,1.183,False
4190,SN 2014J,000-BLG-310,2456699.671302,10.718,0.007,False,Johnson V,CCD,BJAA,1.182,False
4191,SN 2014J,000-BLG-310,2456699.671696,10.694,0.007,False,Johnson V,CCD,BJAA,1.182,False
4192,SN 2014J,000-BLG-310,2456699.672112,10.705,0.007,False,Johnson V,CCD,BJAA,1.181,False
4193,SN 2014J,000-BLG-310,2456699.672540,10.712,0.007,False,Johnson V,CCD,BJAA,1.181,False
4194,SN 2014J,000-BLG-310,2456699.672980,10.716,0.007,False,Johnson V,CCD,BJAA,1.180,False
4195,SN 2014J,000-BLG-310,2456699.673397,10.721,0.007,False,Johnson V,CCD,BJAA,1.180,False
4196,SN 2014J,000-BLG-310,2456699.673814,10.726,0.007,False,Johnson V,CCD,BJAA,1.179,False
4197,SN 2014J,000-BLG-310,2456699.674230,10.718,0.007,False,Johnson V,CCD,BJAA,1.178,False
4198,SN 2014J,000-BLG-310,2456699.674647,10.704,0.007,False,Johnson V,CCD,BJAA,1.178,False
4199,SN 2014J,000-BLG-310,2456699.675029,10.713,0.007,False,Johnson V,CCD,BJAA,1.177,False
4200,SN 2014J,000-BLG-310,2456699.675457,10.699,0.007,False,Johnson V,CCD,BJAA,1.177,False
4201,SN 2014J,000-BLG-310,2456699.675885,10.715,0.007,False,Johnson V,CCD,BJAA,1.176,False
4202,SN 2014J,000-BLG-310,2456699.676314,10.710,0.007,False,Johnson V,CCD,BJAA,1.176,False
4203,SN 2014J,000-BLG-310,2456699.676730,10.726,0.007,False,Johnson V,CCD,BJAA,1.175,False
4204,SN 2014J,000-BLG-310,2456699.677147,10.715,0.007,False,Johnson V,CCD,BJAA,1.175,False
4205,SN 2014J,000-BLG-310,2456699.677552,10.692,0.007,False,Johnson V,CCD,BJAA,1.174,False
4206,SN 2014J,000-BLG-310,2456699.677957,10.717,0.007,False,Johnson V,CCD,BJAA,1.174,False
4207,SN 2014J,000-BLG-310,2456699.681429,10.718,0.007,False,Johnson V,CCD,BJAA,1.169,False
4208,SN 2014J,000-BLG-310,2456699.681858,10.703,0.007,False,Johnson V,CCD,BJAA,1.169,False
4209,SN 2014J,000-BLG-310,2456699.682286,10.716,0.007,False,Johnson V,CCD,BJAA,1.168,False
4210,SN 2014J,000-BLG-310,2456699.682714,10.711,0.007,False,Johnson V,CCD,BJAA,1.168,False
4211,SN 2014J,000-BLG-310,2456699.683142,10.711,0.007,False,Johnson V,CCD,BJAA,1.167,False
4212,SN 2014J,000-BLG-310,2456699.683571,10.710,0.007,False,Johnson V,CCD,BJAA,1.167,False
4213,SN 2014J,000-BLG-310,2456699.683987,10.700,0.007,False,Johnson V,CCD,BJAA,1.166,False
4214,SN 2014J,000-BLG-310,2456699.684392,10.706,0.007,False,Johnson V,CCD,BJAA,1.166,False
4215,SN 2014J,000-BLG-310,2456699.684809,10.707,0.007,False,Johnson V,CCD,BJAA,1.165,False
4216,SN 2014J,000-BLG-310,2456699.685226,10.710,0.007,False,Johnson V,CCD,BJAA,1.165,False
4217,SN 2014J,000-BLG-310,2456699.685642,10.700,0.007,False,Johnson V,CCD,BJAA,1.164,False
4218,SN 2014J,000-BLG-310,2456699.686036,10.707,0.007,False,Johnson V,CCD,BJAA,1.164,False
4219,SN 2014J,000-BLG-310,2456699.686429,10.704,0.007,False,Johnson V,CCD,BJAA,1.164,False
4220,SN 2014J,000-BLG-310,2456699.686835,10.693,0.007,False,Johnson V,CCD,BJAA,1.163,False
4221,SN 2014J,000-BLG-310,2456699.687240,10.720,0.007,False,Johnson V,CCD,BJAA,1.163,False
4222,SN 2014J,000-BLG-310,2456699.687668,10.701,0.007,False,Johnson V,CCD,BJAA,1.162,False
4223,SN 2014J,000-BLG-310,2456699.688084,10.719,0.007,False,Johnson V,CCD,BJAA,1.162,False
4224,SN 2014J,000-BLG-310,2456699.688513,10.707,0.007,False,Johnson V,CCD,BJAA,1.161,False
4225,SN 2014J,000-BLG-310,2456699.688929,10.716,0.007,False,Johnson V,CCD,BJAA,1.161,False
4226,SN 2014J,000-BLG-310,2456699.689346,10.707,0.007,False,Johnson V,CCD,BJAA,1.160,False
4227,SN 2014J,000-BLG-310,2456699.689763,10.705,0.007,False,Johnson V,CCD,BJAA,1.160,False
4228,SN 2014J,000-BLG-310,2456699.690179,10.711,0.007,False,Johnson V,CCD,BJAA,1.159,False
4229,SN 2014J,000-BLG-310,2456699.690584,10.714,0.007,False,Johnson V,CCD,BJAA,1.159,False
4230,SN 2014J,000-BLG-310,2456699.691013,10.706,0.007,False,Johnson V,CCD,BJAA,1.159,False
4231,SN 2014J,000-BLG-310,2456699.691418,10.721,0.007,False,Johnson V,CCD,BJAA,1.158,False
4232,SN 2014J,000-BLG-310,2456699.691846,10.695,0.007,False,Johnson V,CCD,BJAA,1.158,False
4233,SN 2014J,000-BLG-310,2456699.692274,10.713,0.007,False,Johnson V,CCD,BJAA,1.157,False
4234,SN 2014J,000-BLG-310,2456699.692703,10.704,0.007,False,Johnson V,CCD,BJAA,1.157,False
4235,SN 2014J,000-BLG-310,2456699.693108,10.704,0.007,False,Johnson V,CCD,BJAA,1.156,False
4236,SN 2014J,000-BLG-310,2456699.693536,10.711,0.007,False,Johnson V,CCD,BJAA,1.156,False
4237,SN 2014J,000-BLG-310,2456699.693952,10.700,0.007,False,Johnson V,CCD,BJAA,1.155,False
4238,SN 2014J,000-BLG-310,2456699.694358,10.717,0.007,False,Johnson V,CCD,BJAA,1.155,False
4239,SN 2014J,000-BLG-310,2456699.694774,10.708,0.007,False,Johnson V,CCD,BJAA,1.155,False
4240,SN 2014J,000-BLG-310,2456699.695203,10.721,0.007,False,Johnson V,CCD,BJAA,1.154,False
4241,SN 2014J,000-BLG-310,2456699.695573,10.706,0.007,False,Johnson V,CCD,BJAA,1.154,False
4242,SN 2014J,000-BLG-310,2456699.695978,10.705,0.007,False,Johnson V,CCD,BJAA,1.153,False
4243,SN 2014J,000-BLG-310,2456699.696418,10.696,0.007,False,Johnson V,CCD,BJAA,1.153,False
4244,SN 2014J,000-BLG-310,2456699.696823,10.728,0.007,False,Johnson V,CCD,BJAA,1.153,False
4245,SN 2014J,000-BLG-310,2456699.697228,10.697,0.007,False,Johnson V,CCD,BJAA,1.152,False
4246,SN 2014J,000-BLG-310,2456699.697656,10.711,0.007,False,Johnson V,CCD,BJAA,1.152,False
4247,SN 2014J,000-BLG-310,2456699.698073,10.720,0.007,False,Johnson V,CCD,BJAA,1.151,False
4248,SN 2014J,000-BLG-310,2456699.698490,10.729,0.007,False,Johnson V,CCD,BJAA,1.151,False
4249,SN 2014J,000-BLG-310,2456699.698906,10.701,0.007,False,Johnson V,CCD,BJAA,1.150,False
4250,SN 2014J,000-BLG-310,2456699.699288,10.715,0.007,False,Johnson V,CCD,BJAA,1.150,False
4251,SN 2014J,000-BLG-310,2456699.699716,10.718,0.007,False,Johnson V,CCD,BJAA,1.150,False
4252,SN 2014J,000-BLG-310,2456699.700133,10.703,0.007,False,Johnson V,CCD,BJAA,1.149,False
4253,SN 2014J,000-BLG-310,2456699.700550,10.724,0.007,False,Johnson V,CCD,BJAA,1.149,False
4254,SN 2014J,000-BLG-310,2456699.700955,10.708,0.007,False,Johnson V,CCD,BJAA,1.149,False
4255,SN 2014J,000-BLG-310,2456699.701371,10.696,0.007,False,Johnson V,CCD,BJAA,1.148,False
4256,SN 2014J,000-BLG-310,2456699.701777,10.711,0.007,False,Johnson V,CCD,BJAA,1.148,False
4257,SN 2014J,000-BLG-310,2456699.702205,10.703,0.007,False,Johnson V,CCD,BJAA,1.147,False
4258,SN 2014J,000-BLG-310,2456699.702622,10.707,0.007,False,Johnson V,CCD,BJAA,1.147,False
4259,SN 2014J,000-BLG-310,2456699.703061,10.710,0.007,False,Johnson V,CCD,BJAA,1.147,False
4260,SN 2014J,000-BLG-310,2456699.703466,10.713,0.007,False,Johnson V,CCD,BJAA,1.146,False
4261,SN 2014J,000-BLG-310,2456699.703895,10.710,0.007,False,Johnson V,CCD,BJAA,1.146,False
4262,SN 2014J,000-BLG-310,2456699.704311,10.704,0.007,False,Johnson V,CCD,BJAA,1.145,False
4263,SN 2014J,000-BLG-310,2456699.704716,10.725,0.007,False,Johnson V,CCD,BJAA,1.145,False
4264,SN 2014J,000-BLG-310,2456699.705145,10.717,0.007,False,Johnson V,CCD,BJAA,1.145,False
4265,SN 2014J,000-BLG-310,2456699.705573,10.719,0.007,False,Johnson V,CCD,BJAA,1.144,False
4266,SN 2014J,000-BLG-310,2456699.705978,10.686,0.007,False,Johnson V,CCD,BJAA,1.144,False
4267,SN 2014J,000-BLG-310,2456699.706395,10.713,0.007,False,Johnson V,CCD,BJAA,1.144,False
4268,SN 2014J,000-BLG-310,2456699.706823,10.716,0.007,False,Johnson V,CCD,BJAA,1.143,False
4269,SN 2014J,000-BLG-310,2456699.707251,10.709,0.007,False,Johnson V,CCD,BJAA,1.143,False
4270,SN 2014J,000-BLG-310,2456699.707679,10.713,0.007,False,Johnson V,CCD,BJAA,1.143,False
4271,SN 2014J,000-BLG-310,2456699.708096,10.701,0.007,False,Johnson V,CCD,BJAA,1.142,False
4272,SN 2014J,000-BLG-310,2456699.708513,10.708,0.007,False,Johnson V,CCD,BJAA,1.142,False
4273,SN 2014J,000-BLG-310,2456699.708918,10.712,0.007,False,Johnson V,CCD,BJAA,1.142,False
4274,SN 2014J,000-BLG-310,2456699.709323,10.718,0.007,False,Johnson V,CCD,BJAA,1.141,False
4275,SN 2014J,000-BLG-310,2456699.709740,10.712,0.007,False,Johnson V,CCD,BJAA,1.141,False
4276,SN 2014J,000-BLG-310,2456699.710145,10.703,0.007,False,Johnson V,CCD,BJAA,1.140,False
4277,SN 2014J,000-BLG-310,2456699.710550,10.718,0.007,False,Johnson V,CCD,BJAA,1.140,False
4278,SN 2014J,000-BLG-310,2456699.710955,10.715,0.007,False,Johnson V,CCD,BJAA,1.140,False
4279,SN 2014J,000-BLG-310,2456699.711372,10.709,0.007,False,Johnson V,CCD,BJAA,1.140,False
4280,SN 2014J,000-BLG-310,2456699.711777,10.719,0.007,False,Johnson V,CCD,BJAA,1.139,False
4281,SN 2014J,000-BLG-310,2456699.712193,10.704,0.007,False,Johnson V,CCD,BJAA,1.139,False
4282,SN 2014J,000-BLG-310,2456699.712587,10.690,0.007,False,Johnson V,CCD,BJAA,1.139,False
4283,SN 2014J,000-BLG-310,2456699.713003,10.705,0.007,False,Johnson V,CCD,BJAA,1.138,False
4284,SN 2014J,000-BLG-310,2456699.713432,10.695,0.007,False,Johnson V,CCD,BJAA,1.138,False
4285,SN 2014J,000-BLG-310,2456699.713871,10.703,0.007,False,Johnson V,CCD,BJAA,1.138,False
4286,SN 2014J,000-BLG-310,2456699.714300,10.717,0.007,False,Johnson V,CCD,BJAA,1.137,False
4287,SN 2014J,000-BLG-310,2456699.714670,10.712,0.007,False,Johnson V,CCD,BJAA,1.137,False
4288,SN 2014J,000-BLG-310,2456699.715075,10.713,0.007,False,Johnson V,CCD,BJAA,1.137,False
4289,SN 2014J,000-BLG-310,2456699.715492,10.723,0.007,False,Johnson V,CCD,BJAA,1.136,False
4290,SN 2014J,000-BLG-310,2456699.715885,10.705,0.007,False,Johnson V,CCD,BJAA,1.136,False
4291,SN 2014J,000-BLG-310,2456699.716314,10.708,0.007,False,Johnson V,CCD,BJAA,1.136,False
4292,SN 2014J,000-BLG-310,2456699.716730,10.711,0.007,False,Johnson V,CCD,BJAA,1.135,False
4293,SN 2014J,000-BLG-310,2456699.717135,10.700,0.007,False,Johnson V,CCD,BJAA,1.135,False
4294,SN 2014J,000-BLG-310,2456699.717575,10.694,0.007,False,Johnson V,CCD,BJAA,1.135,False
4295,SN 2014J,000-BLG-310,2456699.717957,10.714,0.007,False,Johnson V,CCD,BJAA,1.135,False
4296,SN 2014J,000-BLG-310,2456699.718374,10.715,0.007,False,Johnson V,CCD,BJAA,1.134,False
4297,SN 2014J,000-BLG-310,2456699.718802,10.710,0.007,False,Johnson V,CCD,BJAA,1.134,False
4298,SN 2014J,000-BLG-310,2456699.719219,10.684,0.007,False,Johnson V,CCD,BJAA,1.134,False
4299,SN 2014J,000-BLG-310,2456699.719601,10.686,0.007,False,Johnson V,CCD,BJAA,1.133,False
4300,SN 2014J,000-BLG-310,2456699.720006,10.704,0.007,False,Johnson V,CCD,BJAA,1.133,False
4301,SN 2014J,000-BLG-310,2456699.720411,10.711,0.007,False,Johnson V,CCD,BJAA,1.133,False
4302,SN 2014J,000-BLG-310,2456699.720816,10.694,0.007,False,Johnson V,CCD,BJAA,1.133,False
4303,SN 2014J,000-BLG-310,2456699.721233,10.710,0.007,False,Johnson V,CCD,BJAA,1.132,False
4304,SN 2014J,000-BLG-310,2456699.721638,10.705,0.007,False,Johnson V,CCD,BJAA,1.132,False
4305,SN 2014J,000-BLG-310,2456699.722054,10.696,0.007,False,Johnson V,CCD,BJAA,1.132,False
4306,SN 2014J,000-BLG-310,2456699.725133,10.710,0.007,False,Johnson V,CCD,BJAA,1.130,False
4307,SN 2014J,000-BLG-310,2456699.725550,10.736,0.007,False,Johnson V,CCD,BJAA,1.129,False
4308,SN 2014J,000-BLG-310,2456699.725943,10.717,0.007,False,Johnson V,CCD,BJAA,1.129,False
4309,SN 2014J,000-BLG-310,2456699.726360,10.713,0.007,False,Johnson V,CCD,BJAA,1.129,False
4310,SN 2014J,000-BLG-310,2456699.726765,10.703,0.007,False,Johnson V,CCD,BJAA,1.129,False
4311,SN 2014J,000-BLG-310,2456699.727182,10.707,0.007,False,Johnson V,CCD,BJAA,1.128,False
4312,SN 2014J,000-BLG-310,2456699.727598,10.706,0.007,False,Johnson V,CCD,BJAA,1.128,False
4313,SN 2014J,000-BLG-310,2456699.728015,10.716,0.007,False,Johnson V,CCD,BJAA,1.128,False
4314,SN 2014J,000-BLG-310,2456699.728432,10.709,0.007,False,Johnson V,CCD,BJAA,1.128,False
4315,SN 2014J,000-BLG-310,2456699.728825,10.712,0.007,False,Johnson V,CCD,BJAA,1.128,False
4316,SN 2014J,000-BLG-310,2456699.729230,10.707,0.007,False,Johnson V,CCD,BJAA,1.127,False
4317,SN 2014J,000-BLG-310,2456699.729647,10.704,0.007,False,Johnson V,CCD,BJAA,1.127,False
4318,SN 2014J,000-BLG-310,2456699.730075,10.715,0.007,False,Johnson V,CCD,BJAA,1.127,False
4319,SN 2014J,000-BLG-310,2456699.730503,10.715,0.007,False,Johnson V,CCD,BJAA,1.127,False
4320,SN 2014J,000-BLG-310,2456699.730932,10.707,0.007,False,Johnson V,CCD,BJAA,1.126,False
4321,SN 2014J,000-BLG-310,2456699.731348,10.698,0.007,False,Johnson V,CCD,BJAA,1.126,False
4322,SN 2014J,000-BLG-310,2456699.731765,10.704,0.007,False,Johnson V,CCD,BJAA,1.126,False
4323,SN 2014J,000-BLG-310,2456699.732182,10.711,0.007,False,Johnson V,CCD,BJAA,1.126,False
4324,SN 2014J,000-BLG-310,2456699.732564,10.708,0.007,False,Johnson V,CCD,BJAA,1.125,False
4325,SN 2014J,000-BLG-310,2456699.732992,10.716,0.007,False,Johnson V,CCD,BJAA,1.125,False
4326,SN 2014J,000-BLG-310,2456699.733409,10.714,0.007,False,Johnson V,CCD,BJAA,1.125,False
4327,SN 2014J,000-BLG-310,2456699.733802,10.715,0.007,False,Johnson V,CCD,BJAA,1.125,False
4328,SN 2014J,000-BLG-310,2456699.734230,10.710,0.007,False,Johnson V,CCD,BJAA,1.125,False
4329,SN 2014J,000-BLG-310,2456699.734635,10.720,0.007,False,Johnson V,CCD,BJAA,1.124,False
4330,SN 2014J,000-BLG-310,2456699.735052,10.709,0.007,False,Johnson V,CCD,BJAA,1.124,False
4331,SN 2014J,000-BLG-310,2456699.735492,10.707,0.007,False,Johnson V,CCD,BJAA,1.124,False
4332,SN 2014J,000-BLG-310,2456699.735932,10.720,0.007,False,Johnson V,CCD,BJAA,1.124,False
4333,SN 2014J,000-BLG-310,2456699.736348,10.721,0.007,False,Johnson V,CCD,BJAA,1.124,False
4334,SN 2014J,000-BLG-310,2456699.736765,10.704,0.007,False,Johnson V,CCD,BJAA,1.123,False
4335,SN 2014J,000-BLG-310,2456699.737182,10.728,0.007,False,Johnson V,CCD,BJAA,1.123,False
4336,SN 2014J,000-BLG-310,2456699.737598,10.700,0.007,False,Johnson V,CCD,BJAA,1.123,False
4337,SN 2014J,000-BLG-310,2456699.738015,10.709,0.007,False,Johnson V,CCD,BJAA,1.123,False
4338,SN 2014J,000-BLG-310,2456699.738432,10.710,0.007,False,Johnson V,CCD,BJAA,1.123,False
4339,SN 2014J,000-BLG-310,2456699.738860,10.696,0.007,False,Johnson V,CCD,BJAA,1.122,False
4340,SN 2014J,000-BLG-310,2456699.739288,10.715,0.007,False,Johnson V,CCD,BJAA,1.122,False
4341,SN 2014J,000-BLG-310,2456699.739716,10.709,0.007,False,Johnson V,CCD,BJAA,1.122,False
4342,SN 2014J,000-BLG-310,2456699.740145,10.701,0.007,False,Johnson V,CCD,BJAA,1.122,False
4343,SN 2014J,000-BLG-310,2456699.740585,10.707,0.007,False,Johnson V,CCD,BJAA,1.122,False
4344,SN 2014J,000-BLG-310,2456699.741013,10.708,0.007,False,Johnson V,CCD,BJAA,1.121,False
4345,SN 2014J,000-BLG-310,2456699.741395,10.687,0.007,False,Johnson V,CCD,BJAA,1.121,False
4346,SN 2014J,000-BLG-310,2456699.741834,10.711,0.007,False,Johnson V,CCD,BJAA,1.121,False
4347,SN 2014J,000-BLG-310,2456699.742263,10.711,0.007,False,Johnson V,CCD,BJAA,1.121,False
4348,SN 2014J,000-BLG-310,2456699.742668,10.710,0.007,False,Johnson V,CCD,BJAA,1.121,False
4349,SN 2014J,000-BLG-310,2456699.743085,10.699,0.007,False,Johnson V,CCD,BJAA,1.121,False
4350,SN 2014J,000-BLG-310,2456699.743501,10.707,0.007,False,Johnson V,CCD,BJAA,1.120,False
4351,SN 2014J,000-BLG-310,2456699.743941,10.713,0.007,False,Johnson V,CCD,BJAA,1.120,False
4352,SN 2014J,000-BLG-310,2456699.744358,10.709,0.007,False,Johnson V,CCD,BJAA,1.120,False
4353,SN 2014J,000-BLG-310,2456699.744774,10.711,0.007,False,Johnson V,CCD,BJAA,1.120,False
4354,SN 2014J,000-BLG-310,2456699.745202,10.709,0.007,False,Johnson V,CCD,BJAA,1.120,False
4355,SN 2014J,000-BLG-310,2456699.745619,10.703,0.007,False,Johnson V,CCD,BJAA,1.120,False
4356,SN 2014J,000-BLG-310,2456699.746013,10.702,0.007,False,Johnson V,CCD,BJAA,1.120,False
4357,SN 2014J,000-BLG-310,2456699.746441,10.715,0.007,False,Johnson V,CCD,BJAA,1.119,False
4358,SN 2014J,000-BLG-310,2456699.746869,10.703,0.007,False,Johnson V,CCD,BJAA,1.119,False
4359,SN 2014J,000-BLG-310,2456699.747274,10.717,0.007,False,Johnson V,CCD,BJAA,1.119,False
4360,SN 2014J,000-BLG-310,2456699.747702,10.684,0.007,False,Johnson V,CCD,BJAA,1.119,False
4361,SN 2014J,000-BLG-310,2456699.748119,10.723,0.007,False,Johnson V,CCD,BJAA,1.119,False
4362,SN 2014J,000-BLG-310,2456699.748513,10.721,0.007,False,Johnson V,CCD,BJAA,1.119,False
4363,SN 2014J,000-BLG-310,2456699.748918,10.726,0.007,False,Johnson V,CCD,BJAA,1.119,False
4364,SN 2014J,000-BLG-310,2456699.749346,10.696,0.007,False,Johnson V,CCD,BJAA,1.118,False
4365,SN 2014J,000-BLG-310,2456699.749774,10.685,0.007,False,Johnson V,CCD,BJAA,1.118,False
4366,SN 2014J,000-BLG-310,2456699.750202,10.700,0.007,False,Johnson V,CCD,BJAA,1.118,False
4367,SN 2014J,000-BLG-310,2456699.750631,10.706,0.007,False,Johnson V,CCD,BJAA,1.118,False
4368,SN 2014J,000-BLG-310,2456699.751024,10.718,0.007,False,Johnson V,CCD,BJAA,1.118,False
4369,SN 2014J,000-BLG-310,2456699.751441,10.714,0.007,False,Johnson V,CCD,BJAA,1.118,False
4370,SN 2014J,000-BLG-310,2456699.751846,10.724,0.007,False,Johnson V,CCD,BJAA,1.118,False
4371,SN 2014J,000-BLG-310,2456699.752274,10.724,0.007,False,Johnson V,CCD,BJAA,1.118,False
4372,SN 2014J,000-BLG-310,2456699.752703,10.704,0.007,False,Johnson V,CCD,BJAA,1.117,False
4373,SN 2014J,000-BLG-310,2456699.753108,10.716,0.007,False,Johnson V,CCD,BJAA,1.117,False
4374,SN 2014J,000-BLG-310,2456699.753513,10.717,0.007,False,Johnson V,CCD,BJAA,1.117,False
4375,SN 2014J,000-BLG-310,2456699.753918,10.709,0.007,False,Johnson V,CCD,BJAA,1.117,False
4376,SN 2014J,000-BLG-310,2456699.754323,10.699,0.007,False,Johnson V,CCD,BJAA,1.117,False
4377,SN 2014J,000-BLG-310,2456699.754740,10.712,0.007,False,Johnson V,CCD,BJAA,1.117,False
4378,SN 2014J,000-BLG-310,2456699.755145,10.710,0.007,False,Johnson V,CCD,BJAA,1.117,False
4379,SN 2014J,000-BLG-310,2456699.755561,10.714,0.007,False,Johnson V,CCD,BJAA,1.117,False
4380,SN 2014J,000-BLG-310,2456699.755943,10.708,0.007,False,Johnson V,CCD,BJAA,1.117,False
4381,SN 2014J,000-BLG-310,2456699.756325,10.711,0.007,False,Johnson V,CCD,BJAA,1.117,False
4382,SN 2014J,000-BLG-310,2456699.756754,10.713,0.007,False,Johnson V,CCD,BJAA,1.116,False
4383,SN 2014J,000-BLG-310,2456699.757170,10.687,0.007,False,Johnson V,CCD,BJAA,1.116,False
4384,SN 2014J,000-BLG-310,2456699.757587,10.704,0.007,False,Johnson V,CCD,BJAA,1.116,False
4385,SN 2014J,000-BLG-310,2456699.758027,10.721,0.007,False,Johnson V,CCD,BJAA,1.116,False
4386,SN 2014J,000-BLG-310,2456699.758455,10.725,0.007,False,Johnson V,CCD,BJAA,1.116,False
4387,SN 2014J,000-BLG-310,2456699.758871,10.691,0.007,False,Johnson V,CCD,BJAA,1.116,False
4388,SN 2014J,000-BLG-310,2456699.759288,10.709,0.007,False,Johnson V,CCD,BJAA,1.116,False
4389,SN 2014J,000-BLG-310,2456699.759705,10.710,0.007,False,Johnson V,CCD,BJAA,1.116,False
4390,SN 2014J,000-BLG-310,2456699.760122,10.712,0.007,False,Johnson V,CCD,BJAA,1.116,False
4391,SN 2014J,000-BLG-310,2456699.760538,10.710,0.007,False,Johnson V,CCD,BJAA,1.116,False
4392,SN 2014J,000-BLG-310,2456699.760955,10.713,0.007,False,Johnson V,CCD,BJAA,1.116,False
4393,SN 2014J,000-BLG-310,2456699.761383,10.727,0.007,False,Johnson V,CCD,BJAA,1.116,False
4394,SN 2014J,000-BLG-310,2456699.761788,10.705,0.007,False,Johnson V,CCD,BJAA,1.115,False
4395,SN 2014J,000-BLG-310,2456699.762205,10.708,0.007,False,Johnson V,CCD,BJAA,1.115,False
4396,SN 2014J,000-BLG-310,2456699.762587,10.708,0.007,False,Johnson V,CCD,BJAA,1.115,False
4397,SN 2014J,000-BLG-310,2456699.762992,10.704,0.007,False,Johnson V,CCD,BJAA,1.115,False
4398,SN 2014J,000-BLG-310,2456699.763420,10.703,0.007,False,Johnson V,CCD,BJAA,1.115,False
4399,SN 2014J,000-BLG-310,2456699.763790,10.718,0.007,False,Johnson V,CCD,BJAA,1.115,False
4400,SN 2014J,000-BLG-310,2456699.764230,10.711,0.007,False,Johnson V,CCD,BJAA,1.115,False
4401,SN 2014J,000-BLG-310,2456699.764659,10.710,0.007,False,Johnson V,CCD,BJAA,1.115,False
4402,SN 2014J,000-BLG-310,2456699.765075,10.708,0.007,False,Johnson V,CCD,BJAA,1.115,False
4403,SN 2014J,000-BLG-310,2456699.765492,10.711,0.007,False,Johnson V,CCD,BJAA,1.115,False
4404,SN 2014J,000-BLG-310,2456699.765932,10.731,0.007,False,Johnson V,CCD,BJAA,1.115,False
4405,SN 2014J,000-BLG-310,2456699.769022,10.716,0.007,False,Johnson V,CCD,BJAA,1.115,False
4406,SN 2014J,000-BLG-310,2456699.769439,10.696,0.007,False,Johnson V,CCD,BJAA,1.115,False
4407,SN 2014J,000-BLG-310,2456699.769855,10.699,0.007,False,Johnson V,CCD,BJAA,1.115,False
4408,SN 2014J,000-BLG-310,2456699.770284,10.734,0.007,False,Johnson V,CCD,BJAA,1.115,False
4409,SN 2014J,000-BLG-310,2456699.770689,10.717,0.007,False,Johnson V,CCD,BJAA,1.115,False
4410,SN 2014J,000-BLG-310,2456699.771105,10.723,0.007,False,Johnson V,CCD,BJAA,1.115,False
4411,SN 2014J,000-BLG-310,2456699.771522,10.718,0.007,False,Johnson V,CCD,BJAA,1.114,False
4412,SN 2014J,000-BLG-310,2456699.771939,10.723,0.007,False,Johnson V,CCD,BJAA,1.114,False
4413,SN 2014J,000-BLG-310,2456699.772332,10.709,0.007,False,Johnson V,CCD,BJAA,1.114,False
4414,SN 2014J,000-BLG-310,2456699.772714,10.704,0.007,False,Johnson V,CCD,BJAA,1.114,False
4415,SN 2014J,000-BLG-310,2456699.773536,10.716,0.007,False,Johnson V,CCD,BJAA,1.114,False
4416,SN 2014J,000-BLG-310,2456699.773952,10.699,0.007,False,Johnson V,CCD,BJAA,1.114,False
4417,SN 2014J,000-BLG-310,2456699.774392,10.710,0.007,False,Johnson V,CCD,BJAA,1.114,False
4418,SN 2014J,000-BLG-310,2456699.774786,10.710,0.007,False,Johnson V,CCD,BJAA,1.114,False
4419,SN 2014J,000-BLG-310,2456699.775214,10.704,0.007,False,Johnson V,CCD,BJAA,1.114,False
4420,SN 2014J,000-BLG-310,2456699.775654,10.696,0.007,False,Johnson V,CCD,BJAA,1.114,False
4421,SN 2014J,000-BLG-310,2456699.776059,10.715,0.007,False,Johnson V,CCD,BJAA,1.114,False
4422,SN 2014J,000-BLG-310,2456699.776464,10.701,0.007,False,Johnson V,CCD,BJAA,1.114,False
4423,SN 2014J,000-BLG-310,2456699.776881,10.703,0.007,False,Johnson V,CCD,BJAA,1.114,False
4424,SN 2014J,000-BLG-310,2456699.777298,10.731,0.007,False,Johnson V,CCD,BJAA,1.114,False
4425,SN 2014J,000-BLG-310,2456699.777726,10.725,0.007,False,Johnson V,CCD,BJAA,1.114,False
4426,SN 2014J,000-BLG-310,2456699.778142,10.698,0.007,False,Johnson V,CCD,BJAA,1.115,False
4427,SN 2014J,000-BLG-310,2456699.778547,10.701,0.007,False,Johnson V,CCD,BJAA,1.115,False
4428,SN 2014J,000-BLG-310,2456699.778929,10.706,0.007,False,Johnson V,CCD,BJAA,1.115,False
4429,SN 2014J,000-BLG-310,2456699.779334,10.711,0.007,False,Johnson V,CCD,BJAA,1.115,False
4430,SN 2014J,000-BLG-310,2456699.779763,10.700,0.007,False,Johnson V,CCD,BJAA,1.115,False
4431,SN 2014J,000-BLG-310,2456699.780179,10.698,0.007,False,Johnson V,CCD,BJAA,1.115,False
4432,SN 2014J,000-BLG-310,2456699.780608,10.705,0.007,False,Johnson V,CCD,BJAA,1.115,False
4433,SN 2014J,000-BLG-310,2456699.781036,10.721,0.007,False,Johnson V,CCD,BJAA,1.115,False
4434,SN 2014J,000-BLG-310,2456699.781464,10.696,0.007,False,Johnson V,CCD,BJAA,1.115,False
4435,SN 2014J,000-BLG-310,2456699.781881,10.701,0.007,False,Johnson V,CCD,BJAA,1.115,False
4436,SN 2014J,000-BLG-310,2456699.782297,10.715,0.007,False,Johnson V,CCD,BJAA,1.115,False
4437,SN 2014J,000-BLG-310,2456699.782714,10.714,0.007,False,Johnson V,CCD,BJAA,1.115,False
4438,SN 2014J,000-BLG-310,2456699.783142,10.707,0.007,False,Johnson V,CCD,BJAA,1.115,False
4439,SN 2014J,000-BLG-310,2456699.783548,10.710,0.007,False,Johnson V,CCD,BJAA,1.115,False
4440,SN 2014J,000-BLG-310,2456699.783953,10.704,0.007,False,Johnson V,CCD,BJAA,1.115,False
4441,SN 2014J,000-BLG-310,2456699.784369,10.717,0.007,False,Johnson V,CCD,BJAA,1.115,False
4442,SN 2014J,000-BLG-310,2456699.784786,10.692,0.007,False,Johnson V,CCD,BJAA,1.115,False
4443,SN 2014J,000-BLG-310,2456699.785191,10.715,0.007,False,Johnson V,CCD,BJAA,1.115,False
4444,SN 2014J,000-BLG-310,2456699.785608,10.713,0.007,False,Johnson V,CCD,BJAA,1.115,False
4445,SN 2014J,000-BLG-310,2456699.786036,10.712,0.007,False,Johnson V,CCD,BJAA,1.115,False
4446,SN 2014J,000-BLG-310,2456699.786453,10.702,0.007,False,Johnson V,CCD,BJAA,1.115,False
4447,SN 2014J,000-BLG-310,2456699.786869,10.727,0.007,False,Johnson V,CCD,BJAA,1.115,False
4448,SN 2014J,000-BLG-310,2456699.787286,10.693,0.007,False,Johnson V,CCD,BJAA,1.115,False
4449,SN 2014J,000-BLG-310,2456699.787691,10.707,0.007,False,Johnson V,CCD,BJAA,1.115,False
4450,SN 2014J,000-BLG-310,2456699.788085,10.700,0.007,False,Johnson V,CCD,BJAA,1.116,False
4451,SN 2014J,000-BLG-310,2456699.788513,10.698,0.007,False,Johnson V,CCD,BJAA,1.116,False
4452,SN 2014J,000-BLG-310,2456699.788929,10.726,0.007,False,Johnson V,CCD,BJAA,1.116,False
4453,SN 2014J,000-BLG-310,2456699.789358,10.722,0.007,False,Johnson V,CCD,BJAA,1.116,False
4454,SN 2014J,000-BLG-310,2456699.789786,10.706,0.007,False,Johnson V,CCD,BJAA,1.116,False
4455,SN 2014J,000-BLG-310,2456699.790202,10.708,0.007,False,Johnson V,CCD,BJAA,1.116,False
4456,SN 2014J,000-BLG-310,2456699.790608,10.721,0.007,False,Johnson V,CCD,BJAA,1.116,False
4457,SN 2014J,000-BLG-310,2456699.791024,10.701,0.007,False,Johnson V,CCD,BJAA,1.116,False
4458,SN 2014J,000-BLG-310,2456699.791441,10.700,0.007,False,Johnson V,CCD,BJAA,1.116,False
4459,SN 2014J,000-BLG-310,2456699.791869,10.707,0.007,False,Johnson V,CCD,BJAA,1.116,False
4460,SN 2014J,000-BLG-310,2456699.792598,10.721,0.007,False,Johnson V,CCD,BJAA,1.116,False
4461,SN 2014J,000-BLG-310,2456714.40224,10.600,0.003,False,Cousins R,CCD,ELTA,1.176,False
4462,SN 2014J,000-BLG-310,2456714.40882,11.355,0.002,False,Johnson V,CCD,ELTA,1.169,False
4463,SN 2014J,000-BLG-310,2456698.567830,10.665,0.007,False,Johnson V,CCD,BJAA,1.412,False
4464,SN 2014J,000-BLG-310,2456698.568258,10.646,0.007,False,Johnson V,CCD,BJAA,1.411,False
4465,SN 2014J,000-BLG-310,2456698.568640,10.657,0.007,False,Johnson V,CCD,BJAA,1.410,False
4466,SN 2014J,000-BLG-310,2456698.569068,10.675,0.007,False,Johnson V,CCD,BJAA,1.408,False
4467,SN 2014J,000-BLG-310,2456698.569450,10.647,0.007,False,Johnson V,CCD,BJAA,1.407,False
4468,SN 2014J,000-BLG-310,2456698.569855,10.644,0.007,False,Johnson V,CCD,BJAA,1.406,False
4469,SN 2014J,000-BLG-310,2456698.570237,10.650,0.007,False,Johnson V,CCD,BJAA,1.405,False
4470,SN 2014J,000-BLG-310,2456698.570666,10.633,0.007,False,Johnson V,CCD,BJAA,1.404,False
4471,SN 2014J,000-BLG-310,2456698.571071,10.646,0.007,False,Johnson V,CCD,BJAA,1.402,False
4472,SN 2014J,000-BLG-310,2456698.571487,10.654,0.007,False,Johnson V,CCD,BJAA,1.401,False
4473,SN 2014J,000-BLG-310,2456698.571846,10.677,0.007,False,Johnson V,CCD,BJAA,1.400,False
4474,SN 2014J,000-BLG-310,2456698.572228,10.662,0.007,False,Johnson V,CCD,BJAA,1.399,False
4475,SN 2014J,000-BLG-310,2456698.572668,10.644,0.007,False,Johnson V,CCD,BJAA,1.398,False
4476,SN 2014J,000-BLG-310,2456698.573119,10.663,0.007,False,Johnson V,CCD,BJAA,1.396,False
4477,SN 2014J,000-BLG-310,2456698.573536,10.659,0.007,False,Johnson V,CCD,BJAA,1.395,False
4478,SN 2014J,000-BLG-310,2456698.573918,10.649,0.007,False,Johnson V,CCD,BJAA,1.394,False
4479,SN 2014J,000-BLG-310,2456698.574334,10.640,0.007,False,Johnson V,CCD,BJAA,1.393,False
4480,SN 2014J,000-BLG-310,2456698.574716,10.647,0.007,False,Johnson V,CCD,BJAA,1.392,False
4481,SN 2014J,000-BLG-310,2456698.575098,10.657,0.007,False,Johnson V,CCD,BJAA,1.390,False
4482,SN 2014J,000-BLG-310,2456698.575515,10.659,0.007,False,Johnson V,CCD,BJAA,1.389,False
4483,SN 2014J,000-BLG-310,2456698.575920,10.648,0.007,False,Johnson V,CCD,BJAA,1.388,False
4484,SN 2014J,000-BLG-310,2456698.576337,10.668,0.007,False,Johnson V,CCD,BJAA,1.387,False
4485,SN 2014J,000-BLG-310,2456698.576742,10.638,0.007,False,Johnson V,CCD,BJAA,1.386,False
4486,SN 2014J,000-BLG-310,2456698.577159,10.661,0.007,False,Johnson V,CCD,BJAA,1.384,False
4487,SN 2014J,000-BLG-310,2456698.577541,10.645,0.007,False,Johnson V,CCD,BJAA,1.383,False
4488,SN 2014J,000-BLG-310,2456698.577957,10.658,0.007,False,Johnson V,CCD,BJAA,1.382,False
4489,SN 2014J,000-BLG-310,2456698.578385,10.654,0.007,False,Johnson V,CCD,BJAA,1.381,False
4490,SN 2014J,000-BLG-310,2456698.578790,10.655,0.007,False,Johnson V,CCD,BJAA,1.380,False
4491,SN 2014J,000-BLG-310,2456698.579172,10.649,0.007,False,Johnson V,CCD,BJAA,1.379,False
4492,SN 2014J,000-BLG-310,2456698.579543,10.637,0.007,False,Johnson V,CCD,BJAA,1.378,False
4493,SN 2014J,000-BLG-310,2456698.579960,10.673,0.007,False,Johnson V,CCD,BJAA,1.376,False
4494,SN 2014J,000-BLG-310,2456698.580388,10.662,0.007,False,Johnson V,CCD,BJAA,1.375,False
4495,SN 2014J,000-BLG-310,2456698.580793,10.644,0.007,False,Johnson V,CCD,BJAA,1.374,False
4496,SN 2014J,000-BLG-310,2456698.581198,10.646,0.007,False,Johnson V,CCD,BJAA,1.373,False
4497,SN 2014J,000-BLG-310,2456698.581603,10.649,0.007,False,Johnson V,CCD,BJAA,1.372,False
4498,SN 2014J,000-BLG-310,2456698.581985,10.660,0.007,False,Johnson V,CCD,BJAA,1.371,False
4499,SN 2014J,000-BLG-310,2456698.582390,10.659,0.007,False,Johnson V,CCD,BJAA,1.370,False
4500,SN 2014J,000-BLG-310,2456698.582807,10.635,0.007,False,Johnson V,CCD,BJAA,1.368,False
4501,SN 2014J,000-BLG-310,2456698.583212,10.651,0.007,False,Johnson V,CCD,BJAA,1.367,False
4502,SN 2014J,000-BLG-310,2456698.583628,10.651,0.007,False,Johnson V,CCD,BJAA,1.366,False
4503,SN 2014J,000-BLG-310,2456698.584045,10.642,0.007,False,Johnson V,CCD,BJAA,1.365,False
4504,SN 2014J,000-BLG-310,2456698.584462,10.629,0.007,False,Johnson V,CCD,BJAA,1.364,False
4505,SN 2014J,000-BLG-310,2456698.584844,10.646,0.007,False,Johnson V,CCD,BJAA,1.363,False
4506,SN 2014J,000-BLG-310,2456698.585237,10.642,0.007,False,Johnson V,CCD,BJAA,1.362,False
4507,SN 2014J,000-BLG-310,2456698.585619,10.658,0.007,False,Johnson V,CCD,BJAA,1.361,False
4508,SN 2014J,000-BLG-310,2456698.586001,10.644,0.007,False,Johnson V,CCD,BJAA,1.360,False
4509,SN 2014J,000-BLG-310,2456698.586406,10.673,0.007,False,Johnson V,CCD,BJAA,1.358,False
4510,SN 2014J,000-BLG-310,2456698.586823,10.634,0.007,False,Johnson V,CCD,BJAA,1.357,False
4511,SN 2014J,000-BLG-310,2456698.587240,10.645,0.007,False,Johnson V,CCD,BJAA,1.356,False
4512,SN 2014J,000-BLG-310,2456698.587656,10.660,0.007,False,Johnson V,CCD,BJAA,1.355,False
4513,SN 2014J,000-BLG-310,2456698.588073,10.640,0.007,False,Johnson V,CCD,BJAA,1.354,False
4514,SN 2014J,000-BLG-310,2456698.588443,10.656,0.007,False,Johnson V,CCD,BJAA,1.353,False
4515,SN 2014J,000-BLG-310,2456698.588814,10.641,0.007,False,Johnson V,CCD,BJAA,1.352,False
4516,SN 2014J,000-BLG-310,2456698.589219,10.668,0.007,False,Johnson V,CCD,BJAA,1.351,False
4517,SN 2014J,000-BLG-310,2456698.589612,10.657,0.007,False,Johnson V,CCD,BJAA,1.350,False
4518,SN 2014J,000-BLG-310,2456698.590040,10.661,0.007,False,Johnson V,CCD,BJAA,1.349,False
4519,SN 2014J,000-BLG-310,2456698.590469,10.665,0.007,False,Johnson V,CCD,BJAA,1.348,False
4520,SN 2014J,000-BLG-310,2456698.590874,10.670,0.007,False,Johnson V,CCD,BJAA,1.346,False
4521,SN 2014J,000-BLG-310,2456698.591256,10.664,0.007,False,Johnson V,CCD,BJAA,1.345,False
4522,SN 2014J,000-BLG-310,2456698.591661,10.638,0.007,False,Johnson V,CCD,BJAA,1.344,False
4523,SN 2014J,000-BLG-310,2456698.592043,10.655,0.007,False,Johnson V,CCD,BJAA,1.343,False
4524,SN 2014J,000-BLG-310,2456698.592459,10.648,0.007,False,Johnson V,CCD,BJAA,1.342,False
4525,SN 2014J,000-BLG-310,2456698.592865,10.641,0.007,False,Johnson V,CCD,BJAA,1.341,False
4526,SN 2014J,000-BLG-310,2456698.593270,10.653,0.007,False,Johnson V,CCD,BJAA,1.340,False
4527,SN 2014J,000-BLG-310,2456698.593686,10.652,0.007,False,Johnson V,CCD,BJAA,1.339,False
4528,SN 2014J,000-BLG-310,2456698.594091,10.647,0.007,False,Johnson V,CCD,BJAA,1.338,False
4529,SN 2014J,000-BLG-310,2456698.594462,10.661,0.007,False,Johnson V,CCD,BJAA,1.337,False
4530,SN 2014J,000-BLG-310,2456698.594878,10.648,0.007,False,Johnson V,CCD,BJAA,1.336,False
4531,SN 2014J,000-BLG-310,2456698.595249,10.657,0.007,False,Johnson V,CCD,BJAA,1.335,False
4532,SN 2014J,000-BLG-310,2456698.595666,10.653,0.007,False,Johnson V,CCD,BJAA,1.334,False
4533,SN 2014J,000-BLG-310,2456698.596071,10.663,0.007,False,Johnson V,CCD,BJAA,1.333,False
4534,SN 2014J,000-BLG-310,2456698.596476,10.661,0.007,False,Johnson V,CCD,BJAA,1.332,False
4535,SN 2014J,000-BLG-310,2456698.596892,10.647,0.007,False,Johnson V,CCD,BJAA,1.331,False
4536,SN 2014J,000-BLG-310,2456698.597309,10.653,0.007,False,Johnson V,CCD,BJAA,1.330,False
4537,SN 2014J,000-BLG-310,2456698.597702,10.657,0.007,False,Johnson V,CCD,BJAA,1.329,False
4538,SN 2014J,000-BLG-310,2456698.598096,10.649,0.007,False,Johnson V,CCD,BJAA,1.328,False
4539,SN 2014J,000-BLG-310,2456698.598513,10.656,0.007,False,Johnson V,CCD,BJAA,1.327,False
4540,SN 2014J,000-BLG-310,2456698.598941,10.655,0.007,False,Johnson V,CCD,BJAA,1.326,False
4541,SN 2014J,000-BLG-310,2456698.599358,10.660,0.007,False,Johnson V,CCD,BJAA,1.325,False
4542,SN 2014J,000-BLG-310,2456698.599763,10.654,0.007,False,Johnson V,CCD,BJAA,1.324,False
4543,SN 2014J,000-BLG-310,2456698.600156,10.664,0.007,False,Johnson V,CCD,BJAA,1.323,False
4544,SN 2014J,000-BLG-310,2456698.600573,10.642,0.007,False,Johnson V,CCD,BJAA,1.322,False
4545,SN 2014J,000-BLG-310,2456698.600978,10.670,0.007,False,Johnson V,CCD,BJAA,1.321,False
4546,SN 2014J,000-BLG-310,2456698.601406,10.629,0.007,False,Johnson V,CCD,BJAA,1.319,False
4547,SN 2014J,000-BLG-310,2456698.601823,10.661,0.007,False,Johnson V,CCD,BJAA,1.318,False
4548,SN 2014J,000-BLG-310,2456698.602240,10.652,0.007,False,Johnson V,CCD,BJAA,1.317,False
4549,SN 2014J,000-BLG-310,2456698.602656,10.636,0.007,False,Johnson V,CCD,BJAA,1.316,False
4550,SN 2014J,000-BLG-310,2456698.603027,10.636,0.007,False,Johnson V,CCD,BJAA,1.316,False
4551,SN 2014J,000-BLG-310,2456698.603409,10.663,0.007,False,Johnson V,CCD,BJAA,1.315,False
4552,SN 2014J,000-BLG-310,2456698.603825,10.650,0.007,False,Johnson V,CCD,BJAA,1.314,False
4553,SN 2014J,000-BLG-310,2456698.604242,10.650,0.007,False,Johnson V,CCD,BJAA,1.313,False
4554,SN 2014J,000-BLG-310,2456698.604659,10.663,0.007,False,Johnson V,CCD,BJAA,1.312,False
4555,SN 2014J,000-BLG-310,2456698.605075,10.651,0.007,False,Johnson V,CCD,BJAA,1.311,False
4556,SN 2014J,000-BLG-310,2456698.605469,10.650,0.007,False,Johnson V,CCD,BJAA,1.310,False
4557,SN 2014J,000-BLG-310,2456698.605897,10.653,0.007,False,Johnson V,CCD,BJAA,1.309,False
4558,SN 2014J,000-BLG-310,2456698.606314,10.671,0.007,False,Johnson V,CCD,BJAA,1.308,False
4559,SN 2014J,000-BLG-310,2456698.606707,10.635,0.007,False,Johnson V,CCD,BJAA,1.307,False
4560,SN 2014J,000-BLG-310,2456698.607124,10.651,0.007,False,Johnson V,CCD,BJAA,1.306,False
4561,SN 2014J,000-BLG-310,2456698.607552,10.648,0.007,False,Johnson V,CCD,BJAA,1.305,False
4562,SN 2014J,000-BLG-310,2456698.607969,10.640,0.007,False,Johnson V,CCD,BJAA,1.304,False
4563,SN 2014J,000-BLG-310,2456698.608397,10.649,0.007,False,Johnson V,CCD,BJAA,1.303,False
4564,SN 2014J,000-BLG-310,2456698.608779,10.661,0.007,False,Johnson V,CCD,BJAA,1.302,False
4565,SN 2014J,000-BLG-310,2456698.609184,10.653,0.007,False,Johnson V,CCD,BJAA,1.301,False
4566,SN 2014J,000-BLG-310,2456698.609601,10.660,0.007,False,Johnson V,CCD,BJAA,1.300,False
4567,SN 2014J,000-BLG-310,2456698.609971,10.652,0.007,False,Johnson V,CCD,BJAA,1.299,False
4568,SN 2014J,000-BLG-310,2456698.610353,10.663,0.007,False,Johnson V,CCD,BJAA,1.298,False
4569,SN 2014J,000-BLG-310,2456698.610747,10.645,0.007,False,Johnson V,CCD,BJAA,1.297,False
4570,SN 2014J,000-BLG-310,2456698.611117,10.646,0.007,False,Johnson V,CCD,BJAA,1.296,False
4571,SN 2014J,000-BLG-310,2456698.611545,10.639,0.007,False,Johnson V,CCD,BJAA,1.295,False
4572,SN 2014J,000-BLG-310,2456698.611939,10.654,0.007,False,Johnson V,CCD,BJAA,1.294,False
4573,SN 2014J,000-BLG-310,2456698.612355,10.656,0.007,False,Johnson V,CCD,BJAA,1.293,False
4574,SN 2014J,000-BLG-310,2456698.612772,10.651,0.007,False,Johnson V,CCD,BJAA,1.293,False
4575,SN 2014J,000-BLG-310,2456698.613189,10.655,0.007,False,Johnson V,CCD,BJAA,1.292,False
4576,SN 2014J,000-BLG-310,2456698.613559,10.644,0.007,False,Johnson V,CCD,BJAA,1.291,False
4577,SN 2014J,000-BLG-310,2456698.613964,10.653,0.007,False,Johnson V,CCD,BJAA,1.290,False
4578,SN 2014J,000-BLG-310,2456698.614346,10.656,0.007,False,Johnson V,CCD,BJAA,1.289,False
4579,SN 2014J,000-BLG-310,2456698.614728,10.659,0.007,False,Johnson V,CCD,BJAA,1.288,False
4580,SN 2014J,000-BLG-310,2456698.615133,10.650,0.007,False,Johnson V,CCD,BJAA,1.287,False
4581,SN 2014J,000-BLG-310,2456698.615538,10.658,0.007,False,Johnson V,CCD,BJAA,1.286,False
4582,SN 2014J,000-BLG-310,2456698.615943,10.663,0.006,False,Johnson V,CCD,BJAA,1.285,False
4583,SN 2014J,000-BLG-310,2456698.616360,10.647,0.007,False,Johnson V,CCD,BJAA,1.284,False
4584,SN 2014J,000-BLG-310,2456698.616777,10.668,0.007,False,Johnson V,CCD,BJAA,1.284,False
4585,SN 2014J,000-BLG-310,2456698.617193,10.674,0.007,False,Johnson V,CCD,BJAA,1.283,False
4586,SN 2014J,000-BLG-310,2456698.617598,10.639,0.007,False,Johnson V,CCD,BJAA,1.282,False
4587,SN 2014J,000-BLG-310,2456698.618004,10.649,0.007,False,Johnson V,CCD,BJAA,1.281,False
4588,SN 2014J,000-BLG-310,2456698.618420,10.654,0.007,False,Johnson V,CCD,BJAA,1.280,False
4589,SN 2014J,000-BLG-310,2456698.618814,10.666,0.007,False,Johnson V,CCD,BJAA,1.279,False
4590,SN 2014J,000-BLG-310,2456698.619230,10.649,0.007,False,Johnson V,CCD,BJAA,1.278,False
4591,SN 2014J,000-BLG-310,2456698.619624,10.629,0.007,False,Johnson V,CCD,BJAA,1.277,False
4592,SN 2014J,000-BLG-310,2456698.620041,10.642,0.007,False,Johnson V,CCD,BJAA,1.276,False
4593,SN 2014J,000-BLG-310,2456698.620457,10.650,0.007,False,Johnson V,CCD,BJAA,1.275,False
4594,SN 2014J,000-BLG-310,2456698.620874,10.660,0.007,False,Johnson V,CCD,BJAA,1.275,False
4595,SN 2014J,000-BLG-310,2456698.621290,10.650,0.007,False,Johnson V,CCD,BJAA,1.274,False
4596,SN 2014J,000-BLG-310,2456698.621707,10.645,0.007,False,Johnson V,CCD,BJAA,1.273,False
4597,SN 2014J,000-BLG-310,2456698.622112,10.661,0.007,False,Johnson V,CCD,BJAA,1.272,False
4598,SN 2014J,000-BLG-310,2456698.622517,10.670,0.007,False,Johnson V,CCD,BJAA,1.271,False
4599,SN 2014J,000-BLG-310,2456698.622923,10.670,0.007,False,Johnson V,CCD,BJAA,1.270,False
4600,SN 2014J,000-BLG-310,2456698.623328,10.653,0.007,False,Johnson V,CCD,BJAA,1.269,False
4601,SN 2014J,000-BLG-310,2456698.623744,10.649,0.007,False,Johnson V,CCD,BJAA,1.268,False
4602,SN 2014J,000-BLG-310,2456698.624172,10.646,0.007,False,Johnson V,CCD,BJAA,1.268,False
4603,SN 2014J,000-BLG-310,2456698.624589,10.649,0.007,False,Johnson V,CCD,BJAA,1.267,False
4604,SN 2014J,000-BLG-310,2456698.624994,10.642,0.007,False,Johnson V,CCD,BJAA,1.266,False
4605,SN 2014J,000-BLG-310,2456698.625411,10.648,0.007,False,Johnson V,CCD,BJAA,1.265,False
4606,SN 2014J,000-BLG-310,2456698.625816,10.644,0.007,False,Johnson V,CCD,BJAA,1.264,False
4607,SN 2014J,000-BLG-310,2456698.626221,10.647,0.007,False,Johnson V,CCD,BJAA,1.263,False
4608,SN 2014J,000-BLG-310,2456698.626638,10.645,0.007,False,Johnson V,CCD,BJAA,1.262,False
4609,SN 2014J,000-BLG-310,2456698.627054,10.648,0.007,False,Johnson V,CCD,BJAA,1.262,False
4610,SN 2014J,000-BLG-310,2456698.627483,10.642,0.007,False,Johnson V,CCD,BJAA,1.261,False
4611,SN 2014J,000-BLG-310,2456698.627853,10.675,0.007,False,Johnson V,CCD,BJAA,1.260,False
4612,SN 2014J,000-BLG-310,2456698.628247,10.653,0.007,False,Johnson V,CCD,BJAA,1.259,False
4613,SN 2014J,000-BLG-310,2456698.628652,10.645,0.007,False,Johnson V,CCD,BJAA,1.258,False
4614,SN 2014J,000-BLG-310,2456698.629080,10.653,0.007,False,Johnson V,CCD,BJAA,1.258,False
4615,SN 2014J,000-BLG-310,2456698.629520,10.655,0.007,False,Johnson V,CCD,BJAA,1.257,False
4616,SN 2014J,000-BLG-310,2456698.629936,10.659,0.007,False,Johnson V,CCD,BJAA,1.256,False
4617,SN 2014J,000-BLG-310,2456698.630341,10.660,0.007,False,Johnson V,CCD,BJAA,1.255,False
4618,SN 2014J,000-BLG-310,2456698.630758,10.665,0.007,False,Johnson V,CCD,BJAA,1.254,False
4619,SN 2014J,000-BLG-310,2456698.631163,10.640,0.007,False,Johnson V,CCD,BJAA,1.253,False
4620,SN 2014J,000-BLG-310,2456698.631603,10.652,0.007,False,Johnson V,CCD,BJAA,1.252,False
4621,SN 2014J,000-BLG-310,2456698.632020,10.652,0.007,False,Johnson V,CCD,BJAA,1.252,False
4622,SN 2014J,000-BLG-310,2456698.632436,10.663,0.007,False,Johnson V,CCD,BJAA,1.251,False
4623,SN 2014J,000-BLG-310,2456698.632818,10.670,0.007,False,Johnson V,CCD,BJAA,1.250,False
4624,SN 2014J,000-BLG-310,2456698.633247,10.648,0.007,False,Johnson V,CCD,BJAA,1.249,False
4625,SN 2014J,000-BLG-310,2456698.633652,10.645,0.007,False,Johnson V,CCD,BJAA,1.248,False
4626,SN 2014J,000-BLG-310,2456698.634057,10.642,0.007,False,Johnson V,CCD,BJAA,1.248,False
4627,SN 2014J,000-BLG-310,2456698.634462,10.651,0.007,False,Johnson V,CCD,BJAA,1.247,False
4628,SN 2014J,000-BLG-310,2456698.634890,10.656,0.007,False,Johnson V,CCD,BJAA,1.246,False
4629,SN 2014J,000-BLG-310,2456698.635307,10.662,0.007,False,Johnson V,CCD,BJAA,1.245,False
4630,SN 2014J,000-BLG-310,2456698.635723,10.662,0.007,False,Johnson V,CCD,BJAA,1.244,False
4631,SN 2014J,000-BLG-310,2456698.636152,10.661,0.007,False,Johnson V,CCD,BJAA,1.244,False
4632,SN 2014J,000-BLG-310,2456698.636568,10.640,0.007,False,Johnson V,CCD,BJAA,1.243,False
4633,SN 2014J,000-BLG-310,2456698.636985,10.648,0.007,False,Johnson V,CCD,BJAA,1.242,False
4634,SN 2014J,000-BLG-310,2456698.637402,10.652,0.007,False,Johnson V,CCD,BJAA,1.241,False
4635,SN 2014J,000-BLG-310,2456698.637795,10.638,0.007,False,Johnson V,CCD,BJAA,1.241,False
4636,SN 2014J,000-BLG-310,2456698.638189,10.647,0.007,False,Johnson V,CCD,BJAA,1.240,False
4637,SN 2014J,000-BLG-310,2456698.638605,10.664,0.007,False,Johnson V,CCD,BJAA,1.239,False
4638,SN 2014J,000-BLG-310,2456698.639010,10.651,0.007,False,Johnson V,CCD,BJAA,1.238,False
4639,SN 2014J,000-BLG-310,2456698.639416,10.652,0.007,False,Johnson V,CCD,BJAA,1.238,False
4640,SN 2014J,000-BLG-310,2456698.639844,10.656,0.007,False,Johnson V,CCD,BJAA,1.237,False
4641,SN 2014J,000-BLG-310,2456698.640260,10.664,0.007,False,Johnson V,CCD,BJAA,1.236,False
4642,SN 2014J,000-BLG-310,2456698.640677,10.665,0.007,False,Johnson V,CCD,BJAA,1.235,False
4643,SN 2014J,000-BLG-310,2456698.641059,10.656,0.007,False,Johnson V,CCD,BJAA,1.234,False
4644,SN 2014J,000-BLG-310,2456698.641487,10.656,0.007,False,Johnson V,CCD,BJAA,1.234,False
4645,SN 2014J,000-BLG-310,2456698.641904,10.675,0.007,False,Johnson V,CCD,BJAA,1.233,False
4646,SN 2014J,000-BLG-310,2456698.642309,10.658,0.007,False,Johnson V,CCD,BJAA,1.232,False
4647,SN 2014J,000-BLG-310,2456698.642726,10.641,0.007,False,Johnson V,CCD,BJAA,1.231,False
4648,SN 2014J,000-BLG-310,2456698.643142,10.660,0.007,False,Johnson V,CCD,BJAA,1.231,False
4649,SN 2014J,000-BLG-310,2456698.643559,10.673,0.007,False,Johnson V,CCD,BJAA,1.230,False
4650,SN 2014J,000-BLG-310,2456698.643976,10.658,0.007,False,Johnson V,CCD,BJAA,1.229,False
4651,SN 2014J,000-BLG-310,2456698.644381,10.647,0.007,False,Johnson V,CCD,BJAA,1.228,False
4652,SN 2014J,000-BLG-310,2456698.644809,10.667,0.007,False,Johnson V,CCD,BJAA,1.228,False
4653,SN 2014J,000-BLG-310,2456698.645214,10.659,0.007,False,Johnson V,CCD,BJAA,1.227,False
4654,SN 2014J,000-BLG-310,2456698.645596,10.671,0.007,False,Johnson V,CCD,BJAA,1.226,False
4655,SN 2014J,000-BLG-310,2456698.646013,10.654,0.007,False,Johnson V,CCD,BJAA,1.226,False
4656,SN 2014J,000-BLG-310,2456698.646429,10.666,0.007,False,Johnson V,CCD,BJAA,1.225,False
4657,SN 2014J,000-BLG-310,2456698.646835,10.661,0.007,False,Johnson V,CCD,BJAA,1.224,False
4658,SN 2014J,000-BLG-310,2456698.647228,10.641,0.007,False,Johnson V,CCD,BJAA,1.223,False
4659,SN 2014J,000-BLG-310,2456698.647645,10.664,0.007,False,Johnson V,CCD,BJAA,1.223,False
4660,SN 2014J,000-BLG-310,2456698.648038,10.680,0.007,False,Johnson V,CCD,BJAA,1.222,False
4661,SN 2014J,000-BLG-310,2456698.648455,10.666,0.007,False,Johnson V,CCD,BJAA,1.221,False
4662,SN 2014J,000-BLG-310,2456698.648860,10.646,0.007,False,Johnson V,CCD,BJAA,1.221,False
4663,SN 2014J,000-BLG-310,2456698.649288,10.641,0.007,False,Johnson V,CCD,BJAA,1.220,False
4664,SN 2014J,000-BLG-310,2456698.649705,10.654,0.007,False,Johnson V,CCD,BJAA,1.219,False
4665,SN 2014J,000-BLG-310,2456698.650133,10.666,0.007,False,Johnson V,CCD,BJAA,1.219,False
4666,SN 2014J,000-BLG-310,2456698.650550,10.655,0.007,False,Johnson V,CCD,BJAA,1.218,False
4667,SN 2014J,000-BLG-310,2456698.650943,10.657,0.007,False,Johnson V,CCD,BJAA,1.217,False
4668,SN 2014J,000-BLG-310,2456698.651360,10.656,0.007,False,Johnson V,CCD,BJAA,1.216,False
4669,SN 2014J,000-BLG-310,2456698.651777,10.673,0.007,False,Johnson V,CCD,BJAA,1.216,False
4670,SN 2014J,000-BLG-310,2456698.652205,10.655,0.007,False,Johnson V,CCD,BJAA,1.215,False
4671,SN 2014J,000-BLG-310,2456698.652622,10.662,0.007,False,Johnson V,CCD,BJAA,1.214,False
4672,SN 2014J,000-BLG-310,2456698.653038,10.657,0.007,False,Johnson V,CCD,BJAA,1.214,False
4673,SN 2014J,000-BLG-310,2456698.653455,10.654,0.007,False,Johnson V,CCD,BJAA,1.213,False
4674,SN 2014J,000-BLG-310,2456698.653860,10.661,0.007,False,Johnson V,CCD,BJAA,1.212,False
4675,SN 2014J,000-BLG-310,2456698.654242,10.669,0.007,False,Johnson V,CCD,BJAA,1.212,False
4676,SN 2014J,000-BLG-310,2456698.654647,10.650,0.007,False,Johnson V,CCD,BJAA,1.211,False
4677,SN 2014J,000-BLG-310,2456698.655064,10.645,0.007,False,Johnson V,CCD,BJAA,1.210,False
4678,SN 2014J,000-BLG-310,2456698.655446,10.663,0.007,False,Johnson V,CCD,BJAA,1.210,False
4679,SN 2014J,000-BLG-310,2456698.655851,10.655,0.007,False,Johnson V,CCD,BJAA,1.209,False
4680,SN 2014J,000-BLG-310,2456698.656221,10.679,0.007,False,Johnson V,CCD,BJAA,1.208,False
4681,SN 2014J,000-BLG-310,2456698.656638,10.653,0.007,False,Johnson V,CCD,BJAA,1.208,False
4682,SN 2014J,000-BLG-310,2456698.657020,10.656,0.007,False,Johnson V,CCD,BJAA,1.207,False
4683,SN 2014J,000-BLG-310,2456698.657448,10.682,0.007,False,Johnson V,CCD,BJAA,1.207,False
4684,SN 2014J,000-BLG-310,2456698.657853,10.648,0.007,False,Johnson V,CCD,BJAA,1.206,False
4685,SN 2014J,000-BLG-310,2456698.658270,10.655,0.007,False,Johnson V,CCD,BJAA,1.205,False
4686,SN 2014J,000-BLG-310,2456698.658663,10.669,0.007,False,Johnson V,CCD,BJAA,1.205,False
4687,SN 2014J,000-BLG-310,2456698.659091,10.660,0.007,False,Johnson V,CCD,BJAA,1.204,False
4688,SN 2014J,000-BLG-310,2456698.659473,10.667,0.007,False,Johnson V,CCD,BJAA,1.203,False
4689,SN 2014J,000-BLG-310,2456698.659902,10.646,0.007,False,Johnson V,CCD,BJAA,1.203,False
4690,SN 2014J,000-BLG-310,2456698.660318,10.645,0.007,False,Johnson V,CCD,BJAA,1.202,False
4691,SN 2014J,000-BLG-310,2456698.660746,10.646,0.007,False,Johnson V,CCD,BJAA,1.201,False
4692,SN 2014J,000-BLG-310,2456698.661152,10.679,0.007,False,Johnson V,CCD,BJAA,1.201,False
4693,SN 2014J,000-BLG-310,2456698.661522,10.652,0.007,False,Johnson V,CCD,BJAA,1.200,False
4694,SN 2014J,000-BLG-310,2456698.661962,10.656,0.007,False,Johnson V,CCD,BJAA,1.200,False
4695,SN 2014J,000-BLG-310,2456698.662379,10.657,0.007,False,Johnson V,CCD,BJAA,1.199,False
4696,SN 2014J,000-BLG-310,2456698.662760,10.652,0.007,False,Johnson V,CCD,BJAA,1.198,False
4697,SN 2014J,000-BLG-310,2456698.663189,10.653,0.007,False,Johnson V,CCD,BJAA,1.198,False
4698,SN 2014J,000-BLG-310,2456698.663617,10.654,0.007,False,Johnson V,CCD,BJAA,1.197,False
4699,SN 2014J,000-BLG-310,2456698.664022,10.665,0.007,False,Johnson V,CCD,BJAA,1.196,False
4700,SN 2014J,000-BLG-310,2456698.664439,10.616,0.007,False,Johnson V,CCD,BJAA,1.196,False
4701,SN 2014J,000-BLG-310,2456698.664821,10.650,0.007,False,Johnson V,CCD,BJAA,1.195,False
4702,SN 2014J,000-BLG-310,2456698.665202,10.661,0.007,False,Johnson V,CCD,BJAA,1.195,False
4703,SN 2014J,000-BLG-310,2456698.665619,10.619,0.007,False,Johnson V,CCD,BJAA,1.194,False
4704,SN 2014J,000-BLG-310,2456698.666001,10.640,0.007,False,Johnson V,CCD,BJAA,1.194,False
4705,SN 2014J,000-BLG-310,2456698.666418,10.669,0.007,False,Johnson V,CCD,BJAA,1.193,False
4706,SN 2014J,000-BLG-310,2456698.666823,10.654,0.007,False,Johnson V,CCD,BJAA,1.192,False
4707,SN 2014J,000-BLG-310,2456698.667216,10.651,0.007,False,Johnson V,CCD,BJAA,1.192,False
4708,SN 2014J,000-BLG-310,2456698.667645,10.667,0.007,False,Johnson V,CCD,BJAA,1.191,False
4709,SN 2014J,000-BLG-310,2456698.668061,10.657,0.007,False,Johnson V,CCD,BJAA,1.191,False
4710,SN 2014J,000-BLG-310,2456698.668455,10.664,0.007,False,Johnson V,CCD,BJAA,1.190,False
4711,SN 2014J,000-BLG-310,2456698.668825,10.658,0.007,False,Johnson V,CCD,BJAA,1.189,False
4712,SN 2014J,000-BLG-310,2456698.669242,10.666,0.007,False,Johnson V,CCD,BJAA,1.189,False
4713,SN 2014J,000-BLG-310,2456698.669659,10.665,0.007,False,Johnson V,CCD,BJAA,1.188,False
4714,SN 2014J,000-BLG-310,2456698.670075,10.641,0.007,False,Johnson V,CCD,BJAA,1.188,False
4715,SN 2014J,000-BLG-310,2456698.670492,10.656,0.007,False,Johnson V,CCD,BJAA,1.187,False
4716,SN 2014J,000-BLG-310,2456698.670885,10.639,0.007,False,Johnson V,CCD,BJAA,1.187,False
4717,SN 2014J,000-BLG-310,2456698.671302,10.666,0.007,False,Johnson V,CCD,BJAA,1.186,False
4718,SN 2014J,000-BLG-310,2456698.671719,10.645,0.007,False,Johnson V,CCD,BJAA,1.185,False
4719,SN 2014J,000-BLG-310,2456698.672124,10.664,0.007,False,Johnson V,CCD,BJAA,1.185,False
4720,SN 2014J,000-BLG-310,2456698.672494,10.636,0.007,False,Johnson V,CCD,BJAA,1.184,False
4721,SN 2014J,000-BLG-310,2456698.672922,10.657,0.007,False,Johnson V,CCD,BJAA,1.184,False
4722,SN 2014J,000-BLG-310,2456698.673293,10.668,0.007,False,Johnson V,CCD,BJAA,1.183,False
4723,SN 2014J,000-BLG-310,2456698.673698,10.657,0.007,False,Johnson V,CCD,BJAA,1.183,False
4724,SN 2014J,000-BLG-310,2456698.674103,10.664,0.007,False,Johnson V,CCD,BJAA,1.182,False
4725,SN 2014J,000-BLG-310,2456698.674520,10.642,0.007,False,Johnson V,CCD,BJAA,1.182,False
4726,SN 2014J,000-BLG-310,2456698.674925,10.652,0.007,False,Johnson V,CCD,BJAA,1.181,False
4727,SN 2014J,000-BLG-310,2456698.675341,10.646,0.007,False,Johnson V,CCD,BJAA,1.181,False
4728,SN 2014J,000-BLG-310,2456698.675758,10.647,0.007,False,Johnson V,CCD,BJAA,1.180,False
4729,SN 2014J,000-BLG-310,2456698.676175,10.658,0.007,False,Johnson V,CCD,BJAA,1.179,False
4730,SN 2014J,000-BLG-310,2456698.676580,10.675,0.007,False,Johnson V,CCD,BJAA,1.179,False
4731,SN 2014J,000-BLG-310,2456698.677008,10.648,0.007,False,Johnson V,CCD,BJAA,1.178,False
4732,SN 2014J,000-BLG-310,2456698.677390,10.664,0.007,False,Johnson V,CCD,BJAA,1.178,False
4733,SN 2014J,000-BLG-310,2456698.677807,10.666,0.007,False,Johnson V,CCD,BJAA,1.177,False
4734,SN 2014J,000-BLG-310,2456698.678223,10.644,0.007,False,Johnson V,CCD,BJAA,1.177,False
4735,SN 2014J,000-BLG-310,2456698.678652,10.658,0.007,False,Johnson V,CCD,BJAA,1.176,False
4736,SN 2014J,000-BLG-310,2456698.679068,10.662,0.007,False,Johnson V,CCD,BJAA,1.176,False
4737,SN 2014J,000-BLG-310,2456698.679497,10.651,0.007,False,Johnson V,CCD,BJAA,1.175,False
4738,SN 2014J,000-BLG-310,2456698.679925,10.649,0.007,False,Johnson V,CCD,BJAA,1.175,False
4739,SN 2014J,000-BLG-310,2456698.680330,10.652,0.007,False,Johnson V,CCD,BJAA,1.174,False
4740,SN 2014J,000-BLG-310,2456698.680758,10.634,0.007,False,Johnson V,CCD,BJAA,1.174,False
4741,SN 2014J,000-BLG-310,2456698.681163,10.656,0.007,False,Johnson V,CCD,BJAA,1.173,False
4742,SN 2014J,000-BLG-310,2456698.681557,10.638,0.007,False,Johnson V,CCD,BJAA,1.173,False
4743,SN 2014J,000-BLG-310,2456698.681962,10.649,0.007,False,Johnson V,CCD,BJAA,1.172,False
4744,SN 2014J,000-BLG-310,2456698.682378,10.646,0.007,False,Johnson V,CCD,BJAA,1.172,False
4745,SN 2014J,000-BLG-310,2456698.682737,10.653,0.007,False,Johnson V,CCD,BJAA,1.171,False
4746,SN 2014J,000-BLG-310,2456698.683165,10.861,0.006,False,Johnson V,CCD,BJAA,1.171,False
4747,SN 2014J,000-BLG-310,2456698.683548,10.650,0.007,False,Johnson V,CCD,BJAA,1.170,False
4748,SN 2014J,000-BLG-310,2456698.683964,10.645,0.007,False,Johnson V,CCD,BJAA,1.170,False
4749,SN 2014J,000-BLG-310,2456698.684358,10.654,0.007,False,Johnson V,CCD,BJAA,1.169,False
4750,SN 2014J,000-BLG-310,2456698.684751,10.641,0.007,False,Johnson V,CCD,BJAA,1.169,False
4751,SN 2014J,000-BLG-310,2456698.685168,10.602,0.007,False,Johnson V,CCD,BJAA,1.168,False
4752,SN 2014J,000-BLG-310,2456698.685596,10.650,0.007,False,Johnson V,CCD,BJAA,1.168,False
4753,SN 2014J,000-BLG-310,2456698.686013,10.654,0.007,False,Johnson V,CCD,BJAA,1.167,False
4754,SN 2014J,000-BLG-310,2456698.686418,10.658,0.007,False,Johnson V,CCD,BJAA,1.167,False
4755,SN 2014J,000-BLG-310,2456698.686800,10.660,0.007,False,Johnson V,CCD,BJAA,1.166,False
4756,SN 2014J,000-BLG-310,2456698.687205,10.655,0.007,False,Johnson V,CCD,BJAA,1.166,False
4757,SN 2014J,000-BLG-310,2456698.687633,10.645,0.007,False,Johnson V,CCD,BJAA,1.165,False
4758,SN 2014J,000-BLG-310,2456698.688073,10.652,0.007,False,Johnson V,CCD,BJAA,1.165,False
4759,SN 2014J,000-BLG-310,2456698.688478,10.645,0.007,False,Johnson V,CCD,BJAA,1.164,False
4760,SN 2014J,000-BLG-310,2456698.688895,10.671,0.007,False,Johnson V,CCD,BJAA,1.164,False
4761,SN 2014J,000-BLG-310,2456698.689323,10.658,0.007,False,Johnson V,CCD,BJAA,1.163,False
4762,SN 2014J,000-BLG-310,2456698.689705,10.665,0.007,False,Johnson V,CCD,BJAA,1.163,False
4763,SN 2014J,000-BLG-310,2456698.690121,10.648,0.007,False,Johnson V,CCD,BJAA,1.162,False
4764,SN 2014J,000-BLG-310,2456698.690527,10.668,0.007,False,Johnson V,CCD,BJAA,1.162,False
4765,SN 2014J,000-BLG-310,2456698.690932,10.662,0.007,False,Johnson V,CCD,BJAA,1.162,False
4766,SN 2014J,000-BLG-310,2456698.691314,10.673,0.007,False,Johnson V,CCD,BJAA,1.161,False
4767,SN 2014J,000-BLG-310,2456698.691730,10.653,0.007,False,Johnson V,CCD,BJAA,1.161,False
4768,SN 2014J,000-BLG-310,2456698.692147,10.672,0.007,False,Johnson V,CCD,BJAA,1.160,False
4769,SN 2014J,000-BLG-310,2456698.692529,10.648,0.007,False,Johnson V,CCD,BJAA,1.160,False
4770,SN 2014J,000-BLG-310,2456698.692922,10.587,0.007,False,Johnson V,CCD,BJAA,1.159,False
4771,SN 2014J,000-BLG-310,2456698.693339,10.643,0.007,False,Johnson V,CCD,BJAA,1.159,False
4772,SN 2014J,000-BLG-310,2456698.693756,10.661,0.007,False,Johnson V,CCD,BJAA,1.159,False
4773,SN 2014J,000-BLG-310,2456698.694161,10.668,0.007,False,Johnson V,CCD,BJAA,1.158,False
4774,SN 2014J,000-BLG-310,2456698.694566,10.644,0.007,False,Johnson V,CCD,BJAA,1.158,False
4775,SN 2014J,000-BLG-310,2456698.694936,10.676,0.007,False,Johnson V,CCD,BJAA,1.157,False
4776,SN 2014J,000-BLG-310,2456698.695341,10.686,0.007,False,Johnson V,CCD,BJAA,1.157,False
4777,SN 2014J,000-BLG-310,2456698.695758,10.654,0.007,False,Johnson V,CCD,BJAA,1.156,False
4778,SN 2014J,000-BLG-310,2456698.696140,10.650,0.007,False,Johnson V,CCD,BJAA,1.156,False
4779,SN 2014J,000-BLG-310,2456698.696568,10.647,0.007,False,Johnson V,CCD,BJAA,1.156,False
4780,SN 2014J,000-BLG-310,2456698.696973,10.662,0.007,False,Johnson V,CCD,BJAA,1.155,False
4781,SN 2014J,000-BLG-310,2456698.697344,10.657,0.007,False,Johnson V,CCD,BJAA,1.155,False
4782,SN 2014J,000-BLG-310,2456698.697737,10.655,0.007,False,Johnson V,CCD,BJAA,1.154,False
4783,SN 2014J,000-BLG-310,2456698.698154,10.649,0.007,False,Johnson V,CCD,BJAA,1.154,False
4784,SN 2014J,000-BLG-310,2456698.698548,10.657,0.007,False,Johnson V,CCD,BJAA,1.154,False
4785,SN 2014J,000-BLG-310,2456698.698929,10.659,0.007,False,Johnson V,CCD,BJAA,1.153,False
4786,SN 2014J,000-BLG-310,2456698.699358,10.670,0.007,False,Johnson V,CCD,BJAA,1.153,False
4787,SN 2014J,000-BLG-310,2456698.699763,10.671,0.007,False,Johnson V,CCD,BJAA,1.152,False
4788,SN 2014J,000-BLG-310,2456698.700179,10.650,0.007,False,Johnson V,CCD,BJAA,1.152,False
4789,SN 2014J,000-BLG-310,2456698.700561,10.633,0.007,False,Johnson V,CCD,BJAA,1.152,False
4790,SN 2014J,000-BLG-310,2456698.700966,10.637,0.007,False,Johnson V,CCD,BJAA,1.151,False
4791,SN 2014J,000-BLG-310,2456698.701325,10.632,0.007,False,Johnson V,CCD,BJAA,1.151,False
4792,SN 2014J,000-BLG-310,2456698.701730,10.661,0.007,False,Johnson V,CCD,BJAA,1.150,False
4793,SN 2014J,000-BLG-310,2456698.702159,10.653,0.007,False,Johnson V,CCD,BJAA,1.150,False
4794,SN 2014J,000-BLG-310,2456698.702564,10.642,0.007,False,Johnson V,CCD,BJAA,1.150,False
4795,SN 2014J,000-BLG-310,2456698.702969,10.676,0.007,False,Johnson V,CCD,BJAA,1.149,False
4796,SN 2014J,000-BLG-310,2456698.703374,10.672,0.007,False,Johnson V,CCD,BJAA,1.149,False
4797,SN 2014J,000-BLG-310,2456698.703779,10.685,0.007,False,Johnson V,CCD,BJAA,1.148,False
4798,SN 2014J,000-BLG-310,2456698.704138,10.659,0.007,False,Johnson V,CCD,BJAA,1.148,False
4799,SN 2014J,000-BLG-310,2456698.704554,10.660,0.007,False,Johnson V,CCD,BJAA,1.148,False
4800,SN 2014J,000-BLG-310,2456698.704960,10.637,0.007,False,Johnson V,CCD,BJAA,1.147,False
4801,SN 2014J,000-BLG-310,2456698.705341,10.639,0.007,False,Johnson V,CCD,BJAA,1.147,False
4802,SN 2014J,000-BLG-310,2456698.705758,10.656,0.007,False,Johnson V,CCD,BJAA,1.147,False
4803,SN 2014J,000-BLG-310,2456698.706163,10.665,0.007,False,Johnson V,CCD,BJAA,1.146,False
4804,SN 2014J,000-BLG-310,2456698.706557,10.644,0.007,False,Johnson V,CCD,BJAA,1.146,False
4805,SN 2014J,000-BLG-310,2456698.706985,10.661,0.007,False,Johnson V,CCD,BJAA,1.146,False
4806,SN 2014J,000-BLG-310,2456698.707402,10.638,0.007,False,Johnson V,CCD,BJAA,1.145,False
4807,SN 2014J,000-BLG-310,2456698.707807,10.647,0.007,False,Johnson V,CCD,BJAA,1.145,False
4808,SN 2014J,000-BLG-310,2456698.708165,10.660,0.007,False,Johnson V,CCD,BJAA,1.144,False
4809,SN 2014J,000-BLG-310,2456698.708559,10.658,0.007,False,Johnson V,CCD,BJAA,1.144,False
4810,SN 2014J,000-BLG-310,2456698.708964,10.650,0.007,False,Johnson V,CCD,BJAA,1.144,False
4811,SN 2014J,000-BLG-310,2456698.709381,10.670,0.007,False,Johnson V,CCD,BJAA,1.143,False
4812,SN 2014J,000-BLG-310,2456698.709798,10.653,0.007,False,Johnson V,CCD,BJAA,1.143,False
4813,SN 2014J,000-BLG-310,2456698.710156,10.629,0.007,False,Johnson V,CCD,BJAA,1.143,False
4814,SN 2014J,000-BLG-310,2456698.710515,10.604,0.007,False,Johnson V,CCD,BJAA,1.142,False
4815,SN 2014J,000-BLG-310,2456698.710874,10.663,0.007,False,Johnson V,CCD,BJAA,1.142,False
4816,SN 2014J,000-BLG-310,2456698.711256,10.694,0.007,False,Johnson V,CCD,BJAA,1.142,False
4817,SN 2014J,000-BLG-310,2456698.711603,10.669,0.007,False,Johnson V,CCD,BJAA,1.142,False
4818,SN 2014J,000-BLG-310,2456698.712043,10.600,0.007,False,Johnson V,CCD,BJAA,1.141,False
4819,SN 2014J,000-BLG-310,2456698.712413,10.650,0.007,False,Johnson V,CCD,BJAA,1.141,False
4820,SN 2014J,000-BLG-310,2456698.712772,10.640,0.007,False,Johnson V,CCD,BJAA,1.141,False
4821,SN 2014J,000-BLG-310,2456698.713131,10.657,0.007,False,Johnson V,CCD,BJAA,1.140,False
4822,SN 2014J,000-BLG-310,2456698.713513,10.663,0.007,False,Johnson V,CCD,BJAA,1.140,False
4823,SN 2014J,000-BLG-310,2456698.713871,10.814,0.008,False,Johnson V,CCD,BJAA,1.140,False
4824,SN 2014J,000-BLG-310,2456698.714242,10.642,0.007,False,Johnson V,CCD,BJAA,1.139,False
4825,SN 2014J,000-BLG-310,2456698.714601,10.676,0.007,False,Johnson V,CCD,BJAA,1.139,False
4826,SN 2014J,000-BLG-310,2456698.714983,10.636,0.007,False,Johnson V,CCD,BJAA,1.139,False
4827,SN 2014J,000-BLG-310,2456698.715365,10.703,0.007,False,Johnson V,CCD,BJAA,1.139,False
4828,SN 2014J,000-BLG-310,2456698.715735,10.669,0.007,False,Johnson V,CCD,BJAA,1.138,False
4829,SN 2014J,000-BLG-310,2456698.716105,10.652,0.007,False,Johnson V,CCD,BJAA,1.138,False
4830,SN 2014J,000-BLG-310,2456698.716487,10.649,0.007,False,Johnson V,CCD,BJAA,1.138,False
4831,SN 2014J,000-BLG-310,2456698.716869,10.639,0.007,False,Johnson V,CCD,BJAA,1.137,False
4832,SN 2014J,000-BLG-310,2456698.717228,10.657,0.007,False,Johnson V,CCD,BJAA,1.137,False
4833,SN 2014J,000-BLG-310,2456698.717598,10.679,0.007,False,Johnson V,CCD,BJAA,1.137,False
4834,SN 2014J,000-BLG-310,2456698.717980,10.648,0.007,False,Johnson V,CCD,BJAA,1.137,False
4835,SN 2014J,000-BLG-310,2456698.718351,10.664,0.007,False,Johnson V,CCD,BJAA,1.136,False
4836,SN 2014J,000-BLG-310,2456698.718710,10.653,0.007,False,Johnson V,CCD,BJAA,1.136,False
4837,SN 2014J,000-BLG-310,2456698.719080,10.658,0.007,False,Johnson V,CCD,BJAA,1.136,False
4838,SN 2014J,000-BLG-310,2456698.719462,10.656,0.007,False,Johnson V,CCD,BJAA,1.135,False
4839,SN 2014J,000-BLG-310,2456698.719821,10.484,0.007,False,Johnson V,CCD,BJAA,1.135,False
4840,SN 2014J,000-BLG-310,2456698.720191,10.661,0.007,False,Johnson V,CCD,BJAA,1.135,False
4841,SN 2014J,000-BLG-310,2456698.720550,10.654,0.007,False,Johnson V,CCD,BJAA,1.135,False
4842,SN 2014J,000-BLG-310,2456698.720966,10.646,0.008,False,Johnson V,CCD,BJAA,1.134,False
4843,SN 2014J,000-BLG-310,2456698.721325,10.667,0.007,False,Johnson V,CCD,BJAA,1.134,False
4844,SN 2014J,000-BLG-310,2456698.721684,10.668,0.007,False,Johnson V,CCD,BJAA,1.134,False
4845,SN 2014J,000-BLG-310,2456698.722043,10.666,0.007,False,Johnson V,CCD,BJAA,1.134,False
4846,SN 2014J,000-BLG-310,2456698.722425,10.666,0.007,False,Johnson V,CCD,BJAA,1.133,False
4847,SN 2014J,000-BLG-310,2456698.722807,10.626,0.007,False,Johnson V,CCD,BJAA,1.133,False
4848,SN 2014J,000-BLG-310,2456698.723165,10.690,0.007,False,Johnson V,CCD,BJAA,1.133,False
4849,SN 2014J,000-BLG-310,2456698.723536,10.640,0.007,False,Johnson V,CCD,BJAA,1.133,False
4850,SN 2014J,000-BLG-310,2456698.723906,10.672,0.007,False,Johnson V,CCD,BJAA,1.132,False
4851,SN 2014J,000-BLG-310,2456698.724277,10.645,0.007,False,Johnson V,CCD,BJAA,1.132,False
4852,SN 2014J,000-BLG-310,2456698.724647,10.650,0.007,False,Johnson V,CCD,BJAA,1.132,False
4853,SN 2014J,000-BLG-310,2456698.725006,10.653,0.007,False,Johnson V,CCD,BJAA,1.132,False
4854,SN 2014J,000-BLG-310,2456698.725376,10.697,0.007,False,Johnson V,CCD,BJAA,1.131,False
4855,SN 2014J,000-BLG-310,2456698.725746,10.672,0.007,False,Johnson V,CCD,BJAA,1.131,False
4856,SN 2014J,000-BLG-310,2456698.726105,10.665,0.007,False,Johnson V,CCD,BJAA,1.131,False
4857,SN 2014J,000-BLG-310,2456698.726464,10.684,0.007,False,Johnson V,CCD,BJAA,1.131,False
4858,SN 2014J,000-BLG-310,2456698.726823,10.653,0.007,False,Johnson V,CCD,BJAA,1.130,False
4859,SN 2014J,000-BLG-310,2456698.727193,10.665,0.007,False,Johnson V,CCD,BJAA,1.130,False
4860,SN 2014J,000-BLG-310,2456698.727564,10.674,0.007,False,Johnson V,CCD,BJAA,1.130,False
4861,SN 2014J,000-BLG-310,2456698.727934,10.666,0.007,False,Johnson V,CCD,BJAA,1.130,False
4862,SN 2014J,000-BLG-310,2456698.728304,10.643,0.007,False,Johnson V,CCD,BJAA,1.129,False
4863,SN 2014J,000-BLG-310,2456698.728663,10.597,0.007,False,Johnson V,CCD,BJAA,1.129,False
4864,SN 2014J,000-BLG-310,2456698.729045,10.655,0.007,False,Johnson V,CCD,BJAA,1.129,False
4865,SN 2014J,000-BLG-310,2456698.729404,10.649,0.007,False,Johnson V,CCD,BJAA,1.129,False
4866,SN 2014J,000-BLG-310,2456698.729786,10.673,0.007,False,Johnson V,CCD,BJAA,1.129,False
4867,SN 2014J,000-BLG-310,2456698.730156,10.646,0.007,False,Johnson V,CCD,BJAA,1.128,False
4868,SN 2014J,000-BLG-310,2456698.730527,10.656,0.007,False,Johnson V,CCD,BJAA,1.128,False
4869,SN 2014J,000-BLG-310,2456698.730909,10.659,0.007,False,Johnson V,CCD,BJAA,1.128,False
4870,SN 2014J,000-BLG-310,2456698.731279,10.612,0.007,False,Johnson V,CCD,BJAA,1.128,False
4871,SN 2014J,000-BLG-310,2456698.731638,10.661,0.007,False,Johnson V,CCD,BJAA,1.127,False
4872,SN 2014J,000-BLG-310,2456698.731996,10.623,0.007,False,Johnson V,CCD,BJAA,1.127,False
4873,SN 2014J,000-BLG-310,2456698.732379,10.656,0.007,False,Johnson V,CCD,BJAA,1.127,False
4874,SN 2014J,000-BLG-310,2456698.732749,10.665,0.007,False,Johnson V,CCD,BJAA,1.127,False
4875,SN 2014J,000-BLG-310,2456698.733131,10.651,0.007,False,Johnson V,CCD,BJAA,1.127,False
4876,SN 2014J,000-BLG-310,2456698.733536,10.599,0.007,False,Johnson V,CCD,BJAA,1.126,False
4877,SN 2014J,000-BLG-310,2456698.733918,10.619,0.007,False,Johnson V,CCD,BJAA,1.126,False
4878,SN 2014J,000-BLG-310,2456698.734288,10.659,0.007,False,Johnson V,CCD,BJAA,1.126,False
4879,SN 2014J,000-BLG-310,2456698.734647,10.654,0.007,False,Johnson V,CCD,BJAA,1.126,False
4880,SN 2014J,000-BLG-310,2456698.735006,10.647,0.007,False,Johnson V,CCD,BJAA,1.126,False
4881,SN 2014J,000-BLG-310,2456698.735376,10.637,0.007,False,Johnson V,CCD,BJAA,1.125,False
4882,SN 2014J,000-BLG-310,2456698.735747,10.553,0.007,False,Johnson V,CCD,BJAA,1.125,False
4883,SN 2014J,000-BLG-310,2456698.736129,10.708,0.007,False,Johnson V,CCD,BJAA,1.125,False
4884,SN 2014J,000-BLG-310,2456698.736487,10.647,0.007,False,Johnson V,CCD,BJAA,1.125,False
4885,SN 2014J,000-BLG-310,2456698.736858,10.666,0.007,False,Johnson V,CCD,BJAA,1.125,False
4886,SN 2014J,000-BLG-310,2456698.737240,10.669,0.007,False,Johnson V,CCD,BJAA,1.124,False
4887,SN 2014J,000-BLG-310,2456698.737610,10.608,0.007,False,Johnson V,CCD,BJAA,1.124,False
4888,SN 2014J,000-BLG-310,2456698.737980,10.583,0.007,False,Johnson V,CCD,BJAA,1.124,False
4889,SN 2014J,000-BLG-310,2456698.738351,10.665,0.007,False,Johnson V,CCD,BJAA,1.124,False
4890,SN 2014J,000-BLG-310,2456698.738721,10.672,0.007,False,Johnson V,CCD,BJAA,1.124,False
4891,SN 2014J,000-BLG-310,2456698.739080,10.647,0.007,False,Johnson V,CCD,BJAA,1.124,False
4892,SN 2014J,000-BLG-310,2456698.739439,10.588,0.007,False,Johnson V,CCD,BJAA,1.123,False
4893,SN 2014J,000-BLG-310,2456698.739821,10.659,0.007,False,Johnson V,CCD,BJAA,1.123,False
4894,SN 2014J,000-BLG-310,2456698.740168,10.656,0.007,False,Johnson V,CCD,BJAA,1.123,False
4895,SN 2014J,000-BLG-310,2456698.740527,10.662,0.007,False,Johnson V,CCD,BJAA,1.123,False
4896,SN 2014J,000-BLG-310,2456698.740909,10.609,0.007,False,Johnson V,CCD,BJAA,1.123,False
4897,SN 2014J,000-BLG-310,2456698.741290,10.668,0.007,False,Johnson V,CCD,BJAA,1.123,False
4898,SN 2014J,000-BLG-310,2456698.741649,10.628,0.007,False,Johnson V,CCD,BJAA,1.122,False
4899,SN 2014J,000-BLG-310,2456698.742031,10.639,0.007,False,Johnson V,CCD,BJAA,1.122,False
4900,SN 2014J,000-BLG-310,2456698.742413,10.693,0.007,False,Johnson V,CCD,BJAA,1.122,False
4901,SN 2014J,000-BLG-310,2456698.742795,10.641,0.007,False,Johnson V,CCD,BJAA,1.122,False
4902,SN 2014J,000-BLG-310,2456698.743154,10.647,0.007,False,Johnson V,CCD,BJAA,1.122,False
4903,SN 2014J,000-BLG-310,2456698.743582,10.630,0.007,False,Johnson V,CCD,BJAA,1.122,False
4904,SN 2014J,000-BLG-310,2456698.743941,10.654,0.007,False,Johnson V,CCD,BJAA,1.121,False
4905,SN 2014J,000-BLG-310,2456698.744277,10.593,0.007,False,Johnson V,CCD,BJAA,1.121,False
4906,SN 2014J,000-BLG-310,2456698.744659,10.636,0.007,False,Johnson V,CCD,BJAA,1.121,False
4907,SN 2014J,000-BLG-310,2456698.745052,10.649,0.007,False,Johnson V,CCD,BJAA,1.121,False
4908,SN 2014J,000-BLG-310,2456698.745434,10.644,0.007,False,Johnson V,CCD,BJAA,1.121,False
4909,SN 2014J,000-BLG-310,2456698.746163,10.645,0.007,False,Johnson V,CCD,BJAA,1.120,False
4910,SN 2014J,000-BLG-310,2456698.746534,10.710,0.007,False,Johnson V,CCD,BJAA,1.120,False
4911,SN 2014J,000-BLG-310,2456698.746916,10.640,0.007,False,Johnson V,CCD,BJAA,1.120,False
4912,SN 2014J,000-BLG-310,2456698.747286,10.659,0.008,False,Johnson V,CCD,BJAA,1.120,False
4913,SN 2014J,000-BLG-310,2456698.747645,10.650,0.008,False,Johnson V,CCD,BJAA,1.120,False
4914,SN 2014J,000-BLG-310,2456698.748027,10.543,0.007,False,Johnson V,CCD,BJAA,1.120,False
4915,SN 2014J,000-BLG-310,2456698.748409,10.654,0.007,False,Johnson V,CCD,BJAA,1.120,False
4916,SN 2014J,000-BLG-310,2456698.748779,10.661,0.007,False,Johnson V,CCD,BJAA,1.120,False
4917,SN 2014J,000-BLG-310,2456698.749149,10.639,0.007,False,Johnson V,CCD,BJAA,1.119,False
4918,SN 2014J,000-BLG-310,2456698.749531,10.654,0.007,False,Johnson V,CCD,BJAA,1.119,False
4919,SN 2014J,000-BLG-310,2456698.749925,10.615,0.007,False,Johnson V,CCD,BJAA,1.119,False
4920,SN 2014J,000-BLG-310,2456698.750295,10.626,0.007,False,Johnson V,CCD,BJAA,1.119,False
4921,SN 2014J,000-BLG-310,2456698.750665,10.635,0.008,False,Johnson V,CCD,BJAA,1.119,False
4922,SN 2014J,000-BLG-310,2456698.751024,10.624,0.007,False,Johnson V,CCD,BJAA,1.119,False
4923,SN 2014J,000-BLG-310,2456698.751406,10.669,0.007,False,Johnson V,CCD,BJAA,1.119,False
4924,SN 2014J,000-BLG-310,2456698.751777,10.655,0.007,False,Johnson V,CCD,BJAA,1.119,False
4925,SN 2014J,000-BLG-310,2456698.752170,10.657,0.007,False,Johnson V,CCD,BJAA,1.118,False
4926,SN 2014J,000-BLG-310,2456698.752529,10.597,0.007,False,Johnson V,CCD,BJAA,1.118,False
4927,SN 2014J,000-BLG-310,2456698.752911,10.570,0.007,False,Johnson V,CCD,BJAA,1.118,False
4928,SN 2014J,000-BLG-310,2456698.753281,10.600,0.007,False,Johnson V,CCD,BJAA,1.118,False
4929,SN 2014J,000-BLG-310,2456698.753663,10.643,0.007,False,Johnson V,CCD,BJAA,1.118,False
4930,SN 2014J,000-BLG-310,2456698.754034,10.546,0.007,False,Johnson V,CCD,BJAA,1.118,False
4931,SN 2014J,000-BLG-310,2456698.754404,10.662,0.007,False,Johnson V,CCD,BJAA,1.118,False
4932,SN 2014J,000-BLG-310,2456698.754786,10.645,0.007,False,Johnson V,CCD,BJAA,1.118,False
4933,SN 2014J,000-BLG-310,2456698.755179,10.630,0.007,False,Johnson V,CCD,BJAA,1.117,False
4934,SN 2014J,000-BLG-310,2456698.755550,10.610,0.007,False,Johnson V,CCD,BJAA,1.117,False
4935,SN 2014J,000-BLG-310,2456698.755909,10.635,0.007,False,Johnson V,CCD,BJAA,1.117,False
4936,SN 2014J,000-BLG-310,2456698.756267,10.648,0.007,False,Johnson V,CCD,BJAA,1.117,False
4937,SN 2014J,000-BLG-310,2456698.756638,10.756,0.008,False,Johnson V,CCD,BJAA,1.117,False
4938,SN 2014J,000-BLG-310,2456698.757008,10.587,0.007,False,Johnson V,CCD,BJAA,1.117,False
4939,SN 2014J,000-BLG-310,2456698.757378,10.637,0.007,False,Johnson V,CCD,BJAA,1.117,False
4940,SN 2014J,000-BLG-310,2456698.757784,10.661,0.007,False,Johnson V,CCD,BJAA,1.117,False
4941,SN 2014J,000-BLG-310,2456698.758142,10.645,0.007,False,Johnson V,CCD,BJAA,1.117,False
4942,SN 2014J,000-BLG-310,2456698.758490,10.647,0.007,False,Johnson V,CCD,BJAA,1.117,False
4943,SN 2014J,000-BLG-310,2456698.758871,10.640,0.007,False,Johnson V,CCD,BJAA,1.117,False
4944,SN 2014J,000-BLG-310,2456698.759242,10.648,0.007,False,Johnson V,CCD,BJAA,1.116,False
4945,SN 2014J,000-BLG-310,2456698.759578,10.559,0.007,False,Johnson V,CCD,BJAA,1.116,False
4946,SN 2014J,000-BLG-310,2456698.759971,10.645,0.007,False,Johnson V,CCD,BJAA,1.116,False
4947,SN 2014J,000-BLG-310,2456698.760341,10.635,0.007,False,Johnson V,CCD,BJAA,1.116,False
4948,SN 2014J,000-BLG-310,2456698.760689,10.651,0.007,False,Johnson V,CCD,BJAA,1.116,False
4949,SN 2014J,000-BLG-310,2456698.761048,10.596,0.008,False,Johnson V,CCD,BJAA,1.116,False
4950,SN 2014J,000-BLG-310,2456698.761429,10.634,0.007,False,Johnson V,CCD,BJAA,1.116,False
4951,SN 2014J,000-BLG-310,2456698.761788,10.648,0.007,False,Johnson V,CCD,BJAA,1.116,False
4952,SN 2014J,000-BLG-310,2456698.762170,10.626,0.008,False,Johnson V,CCD,BJAA,1.116,False
4953,SN 2014J,000-BLG-310,2456698.762552,10.645,0.007,False,Johnson V,CCD,BJAA,1.116,False
4954,SN 2014J,000-BLG-310,2456698.762922,10.657,0.007,False,Johnson V,CCD,BJAA,1.116,False
4955,SN 2014J,000-BLG-310,2456698.763293,10.582,0.007,False,Johnson V,CCD,BJAA,1.116,False
4956,SN 2014J,000-BLG-310,2456698.763698,10.652,0.007,False,Johnson V,CCD,BJAA,1.116,False
4957,SN 2014J,000-BLG-310,2456698.764080,10.657,0.007,False,Johnson V,CCD,BJAA,1.116,False
4958,SN 2014J,000-BLG-310,2456698.764450,10.648,0.007,False,Johnson V,CCD,BJAA,1.115,False
4959,SN 2014J,000-BLG-310,2456698.764821,10.642,0.007,False,Johnson V,CCD,BJAA,1.115,False
4960,SN 2014J,000-BLG-310,2456698.765202,10.664,0.007,False,Johnson V,CCD,BJAA,1.115,False
4961,SN 2014J,000-BLG-310,2456698.765561,10.676,0.007,False,Johnson V,CCD,BJAA,1.115,False
4962,SN 2014J,000-BLG-310,2456698.765978,10.643,0.007,False,Johnson V,CCD,BJAA,1.115,False
4963,SN 2014J,000-BLG-310,2456698.766337,10.639,0.007,False,Johnson V,CCD,BJAA,1.115,False
4964,SN 2014J,000-BLG-310,2456698.766696,10.685,0.007,False,Johnson V,CCD,BJAA,1.115,False
4965,SN 2014J,000-BLG-310,2456698.767078,10.646,0.007,False,Johnson V,CCD,BJAA,1.115,False
4966,SN 2014J,000-BLG-310,2456698.767483,10.654,0.007,False,Johnson V,CCD,BJAA,1.115,False
4967,SN 2014J,000-BLG-310,2456698.767853,10.589,0.008,False,Johnson V,CCD,BJAA,1.115,False
4968,SN 2014J,000-BLG-310,2456698.768235,10.617,0.007,False,Johnson V,CCD,BJAA,1.115,False
4969,SN 2014J,000-BLG-310,2456698.768605,10.591,0.007,False,Johnson V,CCD,BJAA,1.115,False
4970,SN 2014J,000-BLG-310,2456698.768976,10.631,0.008,False,Johnson V,CCD,BJAA,1.115,False
4971,SN 2014J,000-BLG-310,2456698.769358,10.586,0.007,False,Johnson V,CCD,BJAA,1.115,False
4972,SN 2014J,000-BLG-310,2456698.769728,10.676,0.007,False,Johnson V,CCD,BJAA,1.115,False
4973,SN 2014J,000-BLG-310,2456698.770087,10.649,0.007,False,Johnson V,CCD,BJAA,1.115,False
4974,SN 2014J,000-BLG-310,2456698.770469,10.675,0.007,False,Johnson V,CCD,BJAA,1.115,False
4975,SN 2014J,000-BLG-310,2456698.770851,10.572,0.007,False,Johnson V,CCD,BJAA,1.115,False
4976,SN 2014J,000-BLG-310,2456698.771267,10.626,0.007,False,Johnson V,CCD,BJAA,1.115,False
4977,SN 2014J,000-BLG-310,2456698.771638,10.549,0.007,False,Johnson V,CCD,BJAA,1.115,False
4978,SN 2014J,000-BLG-310,2456698.772020,10.579,0.007,False,Johnson V,CCD,BJAA,1.115,False
4979,SN 2014J,000-BLG-310,2456698.772379,10.640,0.007,False,Johnson V,CCD,BJAA,1.115,False
4980,SN 2014J,000-BLG-310,2456698.772737,10.584,0.008,False,Johnson V,CCD,BJAA,1.115,False
4981,SN 2014J,000-BLG-310,2456698.773119,10.584,0.008,False,Johnson V,CCD,BJAA,1.115,False
4982,SN 2014J,000-BLG-310,2456698.773478,10.640,0.007,False,Johnson V,CCD,BJAA,1.115,False
4983,SN 2014J,000-BLG-310,2456698.773848,10.657,0.007,False,Johnson V,CCD,BJAA,1.115,False
4984,SN 2014J,000-BLG-310,2456698.774207,10.640,0.007,False,Johnson V,CCD,BJAA,1.114,False
4985,SN 2014J,000-BLG-310,2456698.774624,10.578,0.007,False,Johnson V,CCD,BJAA,1.114,False
4986,SN 2014J,000-BLG-310,2456698.775006,10.628,0.008,False,Johnson V,CCD,BJAA,1.114,False
4987,SN 2014J,000-BLG-310,2456698.775388,10.544,0.008,False,Johnson V,CCD,BJAA,1.114,False
4988,SN 2014J,000-BLG-310,2456698.775770,10.563,0.008,False,Johnson V,CCD,BJAA,1.114,False
4989,SN 2014J,000-BLG-310,2456698.776128,10.645,0.007,False,Johnson V,CCD,BJAA,1.114,False
4990,SN 2014J,000-BLG-310,2456698.776487,10.512,0.008,False,Johnson V,CCD,BJAA,1.114,False
4991,SN 2014J,000-BLG-310,2456698.776904,10.678,0.007,False,Johnson V,CCD,BJAA,1.114,False
4992,SN 2014J,000-BLG-310,2456698.777286,10.630,0.008,False,Johnson V,CCD,BJAA,1.114,False
4993,SN 2014J,000-BLG-310,2456698.777679,10.678,0.007,False,Johnson V,CCD,BJAA,1.114,False
4994,SN 2014J,000-BLG-310,2456698.778050,10.649,0.007,False,Johnson V,CCD,BJAA,1.114,False
4995,SN 2014J,000-BLG-310,2456698.778420,10.658,0.007,False,Johnson V,CCD,BJAA,1.114,False
4996,SN 2014J,000-BLG-310,2456698.778802,10.680,0.008,False,Johnson V,CCD,BJAA,1.114,False
4997,SN 2014J,000-BLG-310,2456698.779173,10.696,0.008,False,Johnson V,CCD,BJAA,1.114,False
4998,SN 2014J,000-BLG-310,2456698.779531,10.606,0.007,False,Johnson V,CCD,BJAA,1.114,False
4999,SN 2014J,000-BLG-310,2456698.779913,10.642,0.007,False,Johnson V,CCD,BJAA,1.114,False
5000,SN 2014J,000-BLG-310,2456698.780284,10.656,0.007,False,Johnson V,CCD,BJAA,1.114,False
5001,SN 2014J,000-BLG-310,2456698.780654,10.628,0.008,False,Johnson V,CCD,BJAA,1.114,False
5002,SN 2014J,000-BLG-310,2456698.781036,10.605,0.007,False,Johnson V,CCD,BJAA,1.115,False
5003,SN 2014J,000-BLG-310,2456698.781418,10.573,0.007,False,Johnson V,CCD,BJAA,1.115,False
5004,SN 2014J,000-BLG-310,2456698.781777,10.643,0.007,False,Johnson V,CCD,BJAA,1.115,False
5005,SN 2014J,000-BLG-310,2456698.782147,10.640,0.007,False,Johnson V,CCD,BJAA,1.115,False
5006,SN 2014J,000-BLG-310,2456698.782517,10.712,0.007,False,Johnson V,CCD,BJAA,1.115,False
5007,SN 2014J,000-BLG-310,2456698.782876,10.649,0.007,False,Johnson V,CCD,BJAA,1.115,False
5008,SN 2014J,000-BLG-310,2456698.783258,10.655,0.007,False,Johnson V,CCD,BJAA,1.115,False
5009,SN 2014J,000-BLG-310,2456698.783594,10.736,0.007,False,Johnson V,CCD,BJAA,1.115,False
5010,SN 2014J,000-BLG-310,2456698.783976,10.629,0.007,False,Johnson V,CCD,BJAA,1.115,False
5011,SN 2014J,000-BLG-310,2456698.784392,10.629,0.007,False,Johnson V,CCD,BJAA,1.115,False
5012,SN 2014J,000-BLG-310,2456698.784763,10.564,0.007,False,Johnson V,CCD,BJAA,1.115,False
5013,SN 2014J,000-BLG-310,2456698.785133,10.640,0.008,False,Johnson V,CCD,BJAA,1.115,False
5014,SN 2014J,000-BLG-310,2456698.785504,10.653,0.007,False,Johnson V,CCD,BJAA,1.115,False
5015,SN 2014J,000-BLG-310,2456698.785839,10.667,0.007,False,Johnson V,CCD,BJAA,1.115,False
5016,SN 2014J,000-BLG-310,2456698.786221,10.599,0.007,False,Johnson V,CCD,BJAA,1.115,False
5017,SN 2014J,000-BLG-310,2456698.786580,10.668,0.007,False,Johnson V,CCD,BJAA,1.115,False
5018,SN 2014J,000-BLG-310,2456698.786950,10.668,0.007,False,Johnson V,CCD,BJAA,1.115,False
5019,SN 2014J,000-BLG-310,2456698.787355,10.644,0.007,False,Johnson V,CCD,BJAA,1.115,False
5020,SN 2014J,000-BLG-310,2456698.787726,10.620,0.007,False,Johnson V,CCD,BJAA,1.115,False
5021,SN 2014J,000-BLG-310,2456698.788108,10.647,0.007,False,Johnson V,CCD,BJAA,1.115,False
5022,SN 2014J,000-BLG-310,2456698.788466,10.634,0.008,False,Johnson V,CCD,BJAA,1.115,False
5023,SN 2014J,000-BLG-310,2456698.788848,10.631,0.007,False,Johnson V,CCD,BJAA,1.115,False
5024,SN 2014J,000-BLG-310,2456698.789230,10.638,0.007,False,Johnson V,CCD,BJAA,1.115,False
5025,SN 2014J,000-BLG-310,2456698.789589,10.642,0.007,False,Johnson V,CCD,BJAA,1.115,False
5026,SN 2014J,000-BLG-310,2456698.789983,10.636,0.007,False,Johnson V,CCD,BJAA,1.115,False
5027,SN 2014J,000-BLG-310,2456698.790341,10.659,0.007,False,Johnson V,CCD,BJAA,1.115,False
5028,SN 2014J,000-BLG-310,2456698.790712,10.679,0.007,False,Johnson V,CCD,BJAA,1.116,False
5029,SN 2014J,000-BLG-310,2456698.791071,10.643,0.007,False,Johnson V,CCD,BJAA,1.116,False
5030,SN 2014J,000-BLG-310,2456698.791441,10.647,0.007,False,Johnson V,CCD,BJAA,1.116,False
5031,SN 2014J,000-BLG-310,2456698.791811,10.610,0.007,False,Johnson V,CCD,BJAA,1.116,False
5032,SN 2014J,000-BLG-310,2456698.792182,10.637,0.007,False,Johnson V,CCD,BJAA,1.116,False
5033,SN 2014J,000-BLG-310,2456698.792575,10.683,0.007,False,Johnson V,CCD,BJAA,1.116,False
5034,SN 2014J,000-BLG-310,2456698.792946,10.652,0.008,False,Johnson V,CCD,BJAA,1.116,False
5035,SN 2014J,000-BLG-310,2456698.793293,10.656,0.008,False,Johnson V,CCD,BJAA,1.116,False
5036,SN 2014J,000-BLG-310,2456698.793663,10.549,0.008,False,Johnson V,CCD,BJAA,1.116,False
5037,SN 2014J,000-BLG-310,2456698.794416,10.606,0.007,False,Johnson V,CCD,BJAA,1.116,False
5038,SN 2014J,000-BLG-310,2456698.794786,10.584,0.008,False,Johnson V,CCD,BJAA,1.116,False
5039,SN 2014J,000-BLG-310,2456698.795156,10.603,0.008,False,Johnson V,CCD,BJAA,1.116,False
5040,SN 2014J,000-BLG-310,2456698.795538,10.626,0.008,False,Johnson V,CCD,BJAA,1.116,False
5041,SN 2014J,000-BLG-310,2456698.795920,10.669,0.007,False,Johnson V,CCD,BJAA,1.117,False
5042,SN 2014J,000-BLG-310,2456698.796291,10.633,0.007,False,Johnson V,CCD,BJAA,1.117,False
5043,SN 2014J,000-BLG-310,2456698.796649,10.643,0.008,False,Johnson V,CCD,BJAA,1.117,False
5044,SN 2014J,000-BLG-310,2456698.797031,10.567,0.007,False,Johnson V,CCD,BJAA,1.117,False
5045,SN 2014J,000-BLG-310,2456698.797413,10.626,0.007,False,Johnson V,CCD,BJAA,1.117,False
5046,SN 2014J,000-BLG-310,2456698.797784,10.674,0.008,False,Johnson V,CCD,BJAA,1.117,False
5047,SN 2014J,000-BLG-310,2456698.798166,10.648,0.007,False,Johnson V,CCD,BJAA,1.117,False
5048,SN 2014J,000-BLG-310,2456698.798536,10.649,0.007,False,Johnson V,CCD,BJAA,1.117,False
5049,SN 2014J,000-BLG-310,2456698.798883,10.615,0.008,False,Johnson V,CCD,BJAA,1.117,False
5050,SN 2014J,000-BLG-310,2456698.799265,10.693,0.008,False,Johnson V,CCD,BJAA,1.117,False
5051,SN 2014J,000-BLG-310,2456698.799635,10.630,0.008,False,Johnson V,CCD,BJAA,1.117,False
5052,SN 2014J,000-BLG-310,2456698.799994,10.666,0.008,False,Johnson V,CCD,BJAA,1.118,False
5053,SN 2014J,000-BLG-310,2456698.800376,10.587,0.008,False,Johnson V,CCD,BJAA,1.118,False
5054,SN 2014J,000-BLG-310,2456698.800747,10.684,0.008,False,Johnson V,CCD,BJAA,1.118,False
5055,SN 2014J,000-BLG-310,2456698.801105,10.641,0.008,False,Johnson V,CCD,BJAA,1.118,False
5056,SN 2014J,000-BLG-310,2456698.801487,10.535,0.008,False,Johnson V,CCD,BJAA,1.118,False
5057,SN 2014J,000-BLG-310,2456698.801858,10.652,0.008,False,Johnson V,CCD,BJAA,1.118,False
5058,SN 2014J,000-BLG-310,2456698.802216,10.598,0.008,False,Johnson V,CCD,BJAA,1.118,False
5059,SN 2014J,000-BLG-310,2456698.802552,10.574,0.008,False,Johnson V,CCD,BJAA,1.118,False
5060,SN 2014J,000-BLG-310,2456698.802934,10.646,0.008,False,Johnson V,CCD,BJAA,1.118,False
5061,SN 2014J,000-BLG-310,2456708.0047,11.16,0.056,False,Johnson V,CCD,KTHA,,False
5062,SN 2014J,000-BLG-310,2456710.6224,11.239,0.032,False,Johnson V,CCD,KTHA,,False
5063,SN 2014J,000-BLG-310,2456714.47094,11.379,0.0057,False,Johnson V,CCD,NLZ,,False
5064,SN 2014J,000-BLG-310,2456686.97950,10.68,0.05,False,Johnson V,CCD,BLP,,False
5065,SN 2014J,000-BLG-310,2456715.33006,10.661,0.004,False,Cousins R,CCD,NRNA,1.274,False
5066,SN 2014J,000-BLG-310,2456715.33952,9.906,0.003,False,Cousins I,CCD,NRNA,1.255,False
5067,SN 2014J,000-BLG-310,2456715.35449,11.355,0.004,False,Johnson V,CCD,NRNA,1.228,False
5068,SN 2014J,000-BLG-310,2456715.38159,13.763,0.008,False,Johnson B,CCD,NRNA,1.189,False
5069,SN 2014J,000-BLG-310,2456715.393032,13.746,0.024,False,Johnson B,CCD,VLYA,1.072,False
5070,SN 2014J,000-BLG-310,2456715.395394,13.756,0.025,False,Johnson B,CCD,VLYA,1.070,False
5071,SN 2014J,000-BLG-310,2456715.396181,13.763,0.031,False,Johnson B,CCD,VLYA,1.069,False
5072,SN 2014J,000-BLG-310,2456715.405162,13.750,0.017,False,Johnson B,CCD,VLYA,1.064,False
5073,SN 2014J,000-BLG-310,2456715.400104,11.489,0.014,False,Johnson V,CCD,VLYA,1.067,False
5074,SN 2014J,000-BLG-310,2456715.411076,11.491,0.009,False,Johnson V,CCD,VLYA,1.061,False
5075,SN 2014J,000-BLG-310,2456715.400891,10.574,0.006,False,Cousins R,CCD,VLYA,1.066,False
5076,SN 2014J,000-BLG-310,2456715.401667,10.578,0.006,False,Cousins R,CCD,VLYA,1.066,False
5077,SN 2014J,000-BLG-310,2456715.403241,10.572,0.006,False,Cousins R,CCD,VLYA,1.065,False
5078,SN 2014J,000-BLG-310,2456715.404028,10.575,0.006,False,Cousins R,CCD,VLYA,1.065,False
5079,SN 2014J,000-BLG-310,2456715.414028,10.575,0.005,False,Cousins R,CCD,VLYA,1.060,False
5080,SN 2014J,000-BLG-310,2456715.341563,11.459,0.029,False,Johnson V,CCD,BPO,,False
5081,SN 2014J,000-BLG-310,2456716.34145,10.694,0.004,False,Cousins R,CCD,NRNA,1.246,False
5082,SN 2014J,000-BLG-310,2456716.34921,11.416,0.004,False,Johnson V,CCD,NRNA,1.232,False
5083,SN 2014J,000-BLG-310,2456716.35748,9.924,0.003,False,Cousins I,CCD,NRNA,1.219,False
5084,SN 2014J,000-BLG-310,2456716.37256,13.809,0.034,False,Johnson B,CCD,NRNA,1.197,False
5085,SN 2014J,000-BLG-310,2456715.44197,10.611,0.003,False,Cousins R,CCD,ELTA,1.144,False
5086,SN 2014J,000-BLG-310,2456715.45950,11.390,0.002,False,Johnson V,CCD,ELTA,1.138,False
5087,SN 2014J,000-BLG-310,2456713.64972,11.409,0.029,False,Johnson V,CCD,HJA,1.417,True
5088,SN 2014J,000-BLG-310,2456713.66222,10.650,0.071,False,Cousins R,CCD,HJA,1.380,True
5089,SN 2014J,000-BLG-310,2456716.608391,10.738,0.011,False,Cousins R,CCD,CABB,,False
5090,SN 2014J,000-BLG-310,2456716.603576,11.574,0.007,False,Johnson V,CCD,CABB,,False
5091,SN 2014J,000-BLG-310,2456716.607419,13.866,0.019,False,Johnson B,CCD,CABB,,False
5092,SN 2014J,000-BLG-310,2456716.491563,13.825,0.029,False,Johnson B,CCD,MJOD,1.143,False
5093,SN 2014J,000-BLG-310,2456716.493663,13.846,0.031,False,Johnson B,CCD,MJOD,1.143,False
5094,SN 2014J,000-BLG-310,2456716.495774,13.817,0.032,False,Johnson B,CCD,MJOD,1.143,False
5095,SN 2014J,000-BLG-310,2456716.49087,10.033,0.011,False,Cousins I,CCD,MJOD,1.143,False
5096,SN 2014J,000-BLG-310,2456716.49299,10.016,0.011,False,Cousins I,CCD,MJOD,1.143,False
5097,SN 2014J,000-BLG-310,2456716.49510,10.018,0.011,False,Cousins I,CCD,MJOD,1.143,False
5098,SN 2014J,000-BLG-310,2456716.489983,10.703,0.014,False,Cousins R,CCD,MJOD,1.142,False
5099,SN 2014J,000-BLG-310,2456716.492113,10.726,0.015,False,Cousins R,CCD,MJOD,1.143,False
5100,SN 2014J,000-BLG-310,2456716.494223,10.719,0.015,False,Cousins R,CCD,MJOD,1.143,False
5101,SN 2014J,000-BLG-310,2456716.490373,11.535,0.012,False,Johnson V,CCD,MJOD,1.143,False
5102,SN 2014J,000-BLG-310,2456716.492493,11.545,0.013,False,Johnson V,CCD,MJOD,1.143,False
5103,SN 2014J,000-BLG-310,2456716.494603,11.534,0.013,False,Johnson V,CCD,MJOD,1.143,False
5104,SN 2014J,000-BLG-310,2456716.52639,13.613,0.011,False,Johnson B,CCD,BDGA,1.026,False
5105,SN 2014J,000-BLG-310,2456716.52070,11.437,0.023,False,Johnson V,CCD,BDGA,1.025,False
5106,SN 2014J,000-BLG-310,2456716.51735,10.625,0.012,False,Cousins R,CCD,BDGA,1.024,False
5107,SN 2014J,000-BLG-310,2456716.51889,9.952,0.015,False,Cousins I,CCD,BDGA,1.024,False
5108,SN 2014J,000-BLG-310,2456715.29729,9.977,0.030,False,Cousins I,CCD,BDGA,1.170,False
5109,SN 2014J,000-BLG-310,2456715.29577,10.605,0.029,False,Cousins R,CCD,BDGA,1.170,False
5110,SN 2014J,000-BLG-310,2456715.29931,11.376,0.018,False,Johnson V,CCD,BDGA,1.164,False
5111,SN 2014J,000-BLG-310,2456715.30147,13.529,0.022,False,Johnson B,CCD,BDGA,1.159,False
5112,SN 2014J,000-BLG-310,2456714.48170,13.463,0.017,False,Johnson B,CCD,BDGA,1.022,False
5113,SN 2014J,000-BLG-310,2456714.47963,11.329,0.017,False,Johnson V,CCD,BDGA,1.022,False
5114,SN 2014J,000-BLG-310,2456714.47077,10.588,0.033,False,Cousins R,CCD,BDGA,1.024,False
5115,SN 2014J,000-BLG-310,2456714.47233,9.992,0.034,False,Cousins I,CCD,BDGA,1.023,False
5116,SN 2014J,000-BLG-310,2456718.568692,14.082,0.038,False,Johnson B,CCD,CABB,,False
5117,SN 2014J,000-BLG-310,2456718.570625,11.720,0.006,False,Johnson V,CCD,CABB,,False
5118,SN 2014J,000-BLG-310,2456718.568229,10.790,0.009,False,Cousins R,CCD,CABB,,False
5119,SN 2014J,000-BLG-310,2456718.28264,11.633,0.019,False,Johnson V,CCD,JNDA,,False
5120,SN 2014J,000-BLG-310,2456718.28611,10.741,0.050,False,Cousins R,CCD,JNDA,,False
5121,SN 2014J,000-BLG-310,2456718.28958,9.905,0.029,False,Cousins I,CCD,JNDA,,False
5122,SN 2014J,000-BLG-310,2456718.47885,10.687,0.002,False,Cousins R,CCD,ELTA,1.137,False
5123,SN 2014J,000-BLG-310,2456718.48544,11.531,0.003,False,Johnson V,CCD,ELTA,1.139,False
5124,SN 2014J,000-BLG-310,2456708.336193,12.984,0.011,False,Johnson B,CCD,CFRA,1.308,False
5125,SN 2014J,000-BLG-310,2456708.328313,10.076,0.011,False,Cousins I,CCD,CFRA,1.327,False
5126,SN 2014J,000-BLG-310,2456708.324183,10.552,0.005,False,Cousins R,CCD,CFRA,1.337,False
5127,SN 2014J,000-BLG-310,2456708.321343,11.195,0.016,False,Johnson V,CCD,CFRA,1.344,False
5128,SN 2014J,000-BLG-310,2456708.322953,11.186,0.008,False,Johnson V,CCD,CFRA,1.340,False
5129,SN 2014J,000-BLG-310,2456716.301936,13.688,0.006,False,Johnson B,CCD,CFRA,1.339,False
5130,SN 2014J,000-BLG-310,2456717.339577,13.761,0.018,False,Johnson B,CCD,CFRA,1.249,False
5131,SN 2014J,000-BLG-310,2456717.345887,9.935,0.008,False,Cousins I,CCD,CFRA,1.238,False
5132,SN 2014J,000-BLG-310,2456716.296156,10.669,0.009,False,Cousins R,CCD,CFRA,1.353,False
5133,SN 2014J,000-BLG-310,2456717.335667,10.708,0.009,False,Cousins R,CCD,CFRA,1.256,False
5134,SN 2014J,000-BLG-310,2456716.293606,11.533,0.005,False,Johnson V,CCD,CFRA,1.360,False
5135,SN 2014J,000-BLG-310,2456717.334077,11.565,0.015,False,Johnson V,CCD,CFRA,1.259,False
5136,SN 2014J,000-BLG-310,2456718.378472,10.900,0.004,False,Cousins R,CCD,AAUA,1.129,False
5137,SN 2014J,000-BLG-310,2456718.368484,11.663,0.007,False,Johnson V,CCD,AAUA,1.140,False
5138,SN 2014J,000-BLG-310,2456708.41016,10.57,0.01,False,Cousins R,CCD,CEMB,,False
5139,SN 2014J,000-BLG-310,2456710.36510,10.57,0.03,False,Cousins R,CCD,CEMB,,False
5140,SN 2014J,000-BLG-310,2456711.39619,10.57,0.06,False,Cousins R,CCD,CEMB,,False
5141,SN 2014J,000-BLG-310,2456713.35923,10.55,0.08,False,Cousins R,CCD,CEMB,,False
5142,SN 2014J,000-BLG-310,2456714.41948,10.52,0.03,False,Cousins R,CCD,CEMB,,False
5143,SN 2014J,000-BLG-310,2456717.48421,10.64,0.04,False,Cousins R,CCD,CEMB,,False
5144,SN 2014J,000-BLG-310,2456708.41063,11.21,0.02,False,Johnson V,CCD,CEMB,,False
5145,SN 2014J,000-BLG-310,2456710.36557,11.32,0.05,False,Johnson V,CCD,CEMB,,False
5146,SN 2014J,000-BLG-310,2456711.39669,11.36,0.08,False,Johnson V,CCD,CEMB,,False
5147,SN 2014J,000-BLG-310,2456713.35973,11.43,0.08,False,Johnson V,CCD,CEMB,,False
5148,SN 2014J,000-BLG-310,2456714.41996,11.44,0.02,False,Johnson V,CCD,CEMB,,False
5149,SN 2014J,000-BLG-310,2456717.48469,11.56,0.01,False,Johnson V,CCD,CEMB,,False
5150,SN 2014J,000-BLG-310,2456708.41112,12.86,0.02,False,Johnson B,CCD,CEMB,,False
5151,SN 2014J,000-BLG-310,2456710.36605,13.06,0.01,False,Johnson B,CCD,CEMB,,False
5152,SN 2014J,000-BLG-310,2456711.39720,13.13,0.05,False,Johnson B,CCD,CEMB,,False
5153,SN 2014J,000-BLG-310,2456713.36022,13.29,0.04,False,Johnson B,CCD,CEMB,,False
5154,SN 2014J,000-BLG-310,2456714.42045,13.38,0.04,False,Johnson B,CCD,CEMB,,False
5155,SN 2014J,000-BLG-310,2456717.48518,13.58,0.01,False,Johnson B,CCD,CEMB,,False
5156,SN 2014J,000-BLG-310,2456717.18403,11.50,,False,Johnson V,CCD,TYGA,,False
5157,SN 2014J,000-BLG-310,2456717.18750,13.60,,False,Johnson B,CCD,TYGA,,False
5158,SN 2014J,000-BLG-310,2456717.18819,10.67,,False,Cousins R,CCD,TYGA,,False
5159,SN 2014J,000-BLG-310,2456685.922697,11.779,0.005,False,Johnson B,CCD,FJQ,1.239,False
5160,SN 2014J,000-BLG-310,2456685.924977,11.785,0.005,False,Johnson B,CCD,FJQ,1.240,False
5161,SN 2014J,000-BLG-310,2456685.930336,10.724,0.004,False,Johnson V,CCD,FJQ,1.244,False
5162,SN 2014J,000-BLG-310,2456685.932604,10.725,0.004,False,Johnson V,CCD,FJQ,1.246,False
5163,SN 2014J,000-BLG-310,2456685.937928,9.703,0.002,False,Cousins I,CCD,FJQ,1.250,False
5164,SN 2014J,000-BLG-310,2456685.940197,9.694,0.002,False,Cousins I,CCD,FJQ,1.252,False
5165,SN 2014J,000-BLG-310,2456685.945463,10.098,0.008,False,Cousins R,CCD,FJQ,1.257,False
5166,SN 2014J,000-BLG-310,2456685.947731,10.091,0.007,False,Cousins R,CCD,FJQ,1.259,False
5167,SN 2014J,000-BLG-310,2456685.95,10.092,0.007,False,Cousins R,CCD,FJQ,1.262,False
5168,SN 2014J,000-BLG-310,2456686.905984,11.946,0.031,False,Johnson B,CCD,FJQ,2.435,False
5169,SN 2014J,000-BLG-310,2456686.908264,11.934,0.036,False,Johnson B,CCD,FJQ,2.489,False
5170,SN 2014J,000-BLG-310,2456686.910544,11.938,0.025,False,Johnson B,CCD,FJQ,2.547,False
5171,SN 2014J,000-BLG-310,2456686.913333,10.643,0.019,False,Johnson V,CCD,FJQ,2.621,False
5172,SN 2014J,000-BLG-310,2456686.915602,10.640,0.014,False,Johnson V,CCD,FJQ,2.686,False
5173,SN 2014J,000-BLG-310,2456686.920856,9.673,0.008,False,Cousins I,CCD,FJQ,2.852,False
5174,SN 2014J,000-BLG-310,2456686.923125,9.665,0.012,False,Cousins I,CCD,FJQ,2.931,False
5175,SN 2014J,000-BLG-310,2456686.925394,9.667,0.010,False,Cousins I,CCD,FJQ,3.016,False
5176,SN 2014J,000-BLG-310,2456686.928553,10.043,0.012,False,Cousins R,CCD,FJQ,3.144,False
5177,SN 2014J,000-BLG-310,2456686.930822,10.044,0.009,False,Cousins R,CCD,FJQ,3.244,False
5178,SN 2014J,000-BLG-310,2456686.93309,10.050,0.010,False,Cousins R,CCD,FJQ,3.351,False
5179,SN 2014J,000-BLG-310,2456690.900787,11.895,0.014,False,Johnson B,CCD,FJQ,1.234,False
5180,SN 2014J,000-BLG-310,2456690.903079,11.913,0.013,False,Johnson B,CCD,FJQ,1.235,False
5181,SN 2014J,000-BLG-310,2456690.90537,11.907,0.016,False,Johnson B,CCD,FJQ,1.237,False
5182,SN 2014J,000-BLG-310,2456690.908391,10.535,0.023,False,Johnson V,CCD,FJQ,1.238,False
5183,SN 2014J,000-BLG-310,2456690.910671,10.522,0.019,False,Johnson V,CCD,FJQ,1.240,False
5184,SN 2014J,000-BLG-310,2456690.912951,10.532,0.018,False,Johnson V,CCD,FJQ,1.241,False
5185,SN 2014J,000-BLG-310,2456690.916169,9.734,0.016,False,Cousins I,CCD,FJQ,1.243,False
5186,SN 2014J,000-BLG-310,2456690.918449,9.734,0.014,False,Cousins I,CCD,FJQ,1.245,False
5187,SN 2014J,000-BLG-310,2456690.923947,9.990,0.011,False,Cousins R,CCD,FJQ,1.249,False
5188,SN 2014J,000-BLG-310,2456690.926227,9.983,0.010,False,Cousins R,CCD,FJQ,1.251,False
5189,SN 2014J,000-BLG-310,2456690.928519,9.979,0.009,False,Cousins R,CCD,FJQ,1.253,False
5190,SN 2014J,000-BLG-310,2456719.77488,11.689,0.098,False,Johnson V,CCD,DDJ,1.266,False
5191,SN 2014J,000-BLG-310,2456720.32708,11.738,0.018,False,Johnson V,CCD,JNDA,,False
5192,SN 2014J,000-BLG-310,2456720.33056,10.849,0.044,False,Cousins R,CCD,JNDA,,False
5193,SN 2014J,000-BLG-310,2456720.33403,9.942,0.028,False,Cousins I,CCD,JNDA,,False
5194,SN 2014J,000-BLG-310,2456720.35334,9.949,0.005,False,Cousins I,CCD,NRNA,1.208,False
5195,SN 2014J,000-BLG-310,2456720.32963,10.812,0.004,False,Cousins R,CCD,NRNA,1.248,False
5196,SN 2014J,000-BLG-310,2456720.34056,11.602,0.005,False,Johnson V,CCD,NRNA,1.228,False
5197,SN 2014J,000-BLG-310,2456697.831539,12.198,0.029,False,Johnson B,CCD,FJQ,1.234,False
5198,SN 2014J,000-BLG-310,2456697.833843,12.192,0.024,False,Johnson B,CCD,FJQ,1.233,False
5199,SN 2014J,000-BLG-310,2456697.836134,12.188,0.023,False,Johnson B,CCD,FJQ,1.232,False
5200,SN 2014J,000-BLG-310,2456697.841597,10.601,0.077,False,Johnson V,CCD,FJQ,1.231,False
5201,SN 2014J,000-BLG-310,2456697.843889,10.630,0.095,False,Johnson V,CCD,FJQ,1.230,False
5202,SN 2014J,000-BLG-310,2456697.846991,9.959,0.201,False,Cousins I,CCD,FJQ,1.230,False
5203,SN 2014J,000-BLG-310,2456699.862269,12.306,0.028,False,Johnson B,CCD,FJQ,1.231,False
5204,SN 2014J,000-BLG-310,2456699.86456,12.334,0.016,False,Johnson B,CCD,FJQ,1.232,False
5205,SN 2014J,000-BLG-310,2456699.866852,12.323,0.017,False,Johnson B,CCD,FJQ,1.232,False
5206,SN 2014J,000-BLG-310,2456699.870023,10.740,0.013,False,Johnson V,CCD,FJQ,1.233,False
5207,SN 2014J,000-BLG-310,2456699.872303,10.737,0.015,False,Johnson V,CCD,FJQ,1.234,False
5208,SN 2014J,000-BLG-310,2456699.880069,10.107,0.020,False,Cousins I,CCD,FJQ,1.238,False
5209,SN 2014J,000-BLG-310,2456699.88235,10.122,0.012,False,Cousins I,CCD,FJQ,1.239,False
5210,SN 2014J,000-BLG-310,2456699.88566,10.302,0.010,False,Cousins R,CCD,FJQ,1.241,False
5211,SN 2014J,000-BLG-310,2456699.88794,10.300,0.011,False,Cousins R,CCD,FJQ,1.242,False
5212,SN 2014J,000-BLG-310,2456699.89022,10.308,0.010,False,Cousins R,CCD,FJQ,1.244,False
5213,SN 2014J,000-BLG-310,2456700.85735,12.408,0.025,False,Johnson B,CCD,FJQ,1.231,False
5214,SN 2014J,000-BLG-310,2456700.859641,12.414,0.021,False,Johnson B,CCD,FJQ,1.231,False
5215,SN 2014J,000-BLG-310,2456700.862789,10.800,0.015,False,Johnson V,CCD,FJQ,1.232,False
5216,SN 2014J,000-BLG-310,2456700.865081,10.807,0.014,False,Johnson V,CCD,FJQ,1.233,False
5217,SN 2014J,000-BLG-310,2456700.867361,10.798,0.015,False,Johnson V,CCD,FJQ,1.233,False
5218,SN 2014J,000-BLG-310,2456700.872813,10.178,0.026,False,Cousins I,CCD,FJQ,1.235,False
5219,SN 2014J,000-BLG-310,2456700.875093,10.174,0.022,False,Cousins I,CCD,FJQ,1.236,False
5220,SN 2014J,000-BLG-310,2456700.878356,10.367,0.012,False,Cousins R,CCD,FJQ,1.238,False
5221,SN 2014J,000-BLG-310,2456700.880637,10.361,0.010,False,Cousins R,CCD,FJQ,1.239,False
5222,SN 2014J,000-BLG-310,2456700.882917,10.359,0.010,False,Cousins R,CCD,FJQ,1.240,False
5223,SN 2014J,000-BLG-310,2456701.852616,12.471,0.023,False,Johnson B,CCD,FJQ,1.231,False
5224,SN 2014J,000-BLG-310,2456701.854907,12.494,0.025,False,Johnson B,CCD,FJQ,1.231,False
5225,SN 2014J,000-BLG-310,2456701.858079,10.868,0.010,False,Johnson V,CCD,FJQ,1.232,False
5226,SN 2014J,000-BLG-310,2456701.860359,10.867,0.009,False,Johnson V,CCD,FJQ,1.232,False
5227,SN 2014J,000-BLG-310,2456701.862639,10.870,0.008,False,Johnson V,CCD,FJQ,1.233,False
5228,SN 2014J,000-BLG-310,2456701.868102,10.235,0.007,False,Cousins I,CCD,FJQ,1.235,False
5229,SN 2014J,000-BLG-310,2456701.870382,10.237,0.006,False,Cousins I,CCD,FJQ,1.236,False
5230,SN 2014J,000-BLG-310,2456701.873623,10.440,0.007,False,Cousins R,CCD,FJQ,1.237,False
5231,SN 2014J,000-BLG-310,2456701.875891,10.443,0.008,False,Cousins R,CCD,FJQ,1.238,False
5232,SN 2014J,000-BLG-310,2456701.878171,10.444,0.008,False,Cousins R,CCD,FJQ,1.240,False
5233,SN 2014J,000-BLG-310,2456702.850322,12.571,0.015,False,Johnson B,CCD,FJQ,1.231,False
5234,SN 2014J,000-BLG-310,2456702.852712,12.573,0.013,False,Johnson B,CCD,FJQ,1.231,False
5235,SN 2014J,000-BLG-310,2456702.855094,12.582,0.017,False,Johnson B,CCD,FJQ,1.232,False
5236,SN 2014J,000-BLG-310,2456702.858064,10.939,0.012,False,Johnson V,CCD,FJQ,1.232,False
5237,SN 2014J,000-BLG-310,2456702.860424,10.937,0.011,False,Johnson V,CCD,FJQ,1.233,False
5238,SN 2014J,000-BLG-310,2456702.862789,10.938,0.011,False,Johnson V,CCD,FJQ,1.234,False
5239,SN 2014J,000-BLG-310,2456702.866079,10.279,0.007,False,Cousins I,CCD,FJQ,1.235,False
5240,SN 2014J,000-BLG-310,2456702.868427,10.273,0.008,False,Cousins I,CCD,FJQ,1.236,False
5241,SN 2014J,000-BLG-310,2456702.870777,10.273,0.008,False,Cousins I,CCD,FJQ,1.237,False
5242,SN 2014J,000-BLG-310,2456702.874083,10.513,0.008,False,Cousins R,CCD,FJQ,1.239,False
5243,SN 2014J,000-BLG-310,2456702.876454,10.511,0.007,False,Cousins R,CCD,FJQ,1.240,False
5244,SN 2014J,000-BLG-310,2456702.878817,10.513,0.007,False,Cousins R,CCD,FJQ,1.241,False
5245,SN 2014J,000-BLG-310,2456703.850406,12.654,0.016,False,Johnson B,CCD,FJQ,1.232,False
5246,SN 2014J,000-BLG-310,2456703.852758,12.658,0.015,False,Johnson B,CCD,FJQ,1.232,False
5247,SN 2014J,000-BLG-310,2456703.855112,12.664,0.016,False,Johnson B,CCD,FJQ,1.233,False
5248,SN 2014J,000-BLG-310,2456703.858276,11.002,0.010,False,Johnson V,CCD,FJQ,1.234,False
5249,SN 2014J,000-BLG-310,2456703.86063,11.002,0.011,False,Johnson V,CCD,FJQ,1.234,False
5250,SN 2014J,000-BLG-310,2456703.862983,11.006,0.011,False,Johnson V,CCD,FJQ,1.235,False
5251,SN 2014J,000-BLG-310,2456703.866228,10.293,0.009,False,Cousins I,CCD,FJQ,1.237,False
5252,SN 2014J,000-BLG-310,2456703.868582,10.287,0.009,False,Cousins I,CCD,FJQ,1.238,False
5253,SN 2014J,000-BLG-310,2456703.870937,10.292,0.009,False,Cousins I,CCD,FJQ,1.239,False
5254,SN 2014J,000-BLG-310,2456703.874228,10.576,0.010,False,Cousins R,CCD,FJQ,1.241,False
5255,SN 2014J,000-BLG-310,2456703.876574,10.570,0.010,False,Cousins R,CCD,FJQ,1.242,False
5256,SN 2014J,000-BLG-310,2456703.878925,10.576,0.009,False,Cousins R,CCD,FJQ,1.244,False
5257,SN 2014J,000-BLG-310,2456705.850623,12.844,0.010,False,Johnson B,CCD,FJQ,1.233,False
5258,SN 2014J,000-BLG-310,2456705.85293,12.844,0.011,False,Johnson B,CCD,FJQ,1.233,False
5259,SN 2014J,000-BLG-310,2456705.855246,12.840,0.011,False,Johnson B,CCD,FJQ,1.235,False
5260,SN 2014J,000-BLG-310,2456705.85832,11.112,0.010,False,Johnson V,CCD,FJQ,1.235,False
5261,SN 2014J,000-BLG-310,2456705.860625,11.116,0.009,False,Johnson V,CCD,FJQ,1.236,False
5262,SN 2014J,000-BLG-310,2456705.862931,11.117,0.010,False,Johnson V,CCD,FJQ,1.237,False
5263,SN 2014J,000-BLG-310,2456705.866116,10.297,0.006,False,Cousins I,CCD,FJQ,1.239,False
5264,SN 2014J,000-BLG-310,2456705.868424,10.296,0.006,False,Cousins I,CCD,FJQ,1.239,False
5265,SN 2014J,000-BLG-310,2456705.87073,10.297,0.006,False,Cousins I,CCD,FJQ,1.241,False
5266,SN 2014J,000-BLG-310,2456705.873882,10.655,0.006,False,Cousins R,CCD,FJQ,1.243,False
5267,SN 2014J,000-BLG-310,2456705.876176,10.656,0.006,False,Cousins R,CCD,FJQ,1.246,False
5268,SN 2014J,000-BLG-310,2456705.878472,10.660,0.006,False,Cousins R,CCD,FJQ,1.246,False
5269,SN 2014J,000-BLG-310,2456708.839884,13.106,0.031,False,Johnson B,CCD,FJQ,1.230,False
5270,SN 2014J,000-BLG-310,2456708.842685,13.096,0.035,False,Johnson B,CCD,FJQ,1.231,False
5271,SN 2014J,000-BLG-310,2456708.845567,11.240,0.022,False,Johnson V,CCD,FJQ,1.232,False
5272,SN 2014J,000-BLG-310,2456708.84853,11.252,0.024,False,Johnson V,CCD,FJQ,1.233,False
5273,SN 2014J,000-BLG-310,2456708.851505,11.243,0.017,False,Johnson V,CCD,FJQ,1.234,False
5274,SN 2014J,000-BLG-310,2456708.854572,10.222,0.010,False,Cousins I,CCD,FJQ,1.235,False
5275,SN 2014J,000-BLG-310,2456708.857639,10.216,0.011,False,Cousins I,CCD,FJQ,1.237,False
5276,SN 2014J,000-BLG-310,2456708.860602,10.206,0.015,False,Cousins I,CCD,FJQ,1.238,False
5277,SN 2014J,000-BLG-310,2456708.863715,10.697,0.011,False,Cousins R,CCD,FJQ,1.240,False
5278,SN 2014J,000-BLG-310,2456708.866563,10.682,0.010,False,Cousins R,CCD,FJQ,1.242,False
5279,SN 2014J,000-BLG-310,2456708.869363,10.695,0.010,False,Cousins R,CCD,FJQ,1.244,False
5280,SN 2014J,000-BLG-310,2456709.879988,13.181,0.020,False,Johnson B,CCD,FJQ,1.256,False
5281,SN 2014J,000-BLG-310,2456709.88235,13.190,0.019,False,Johnson B,CCD,FJQ,1.258,False
5282,SN 2014J,000-BLG-310,2456709.884745,13.189,0.017,False,Johnson B,CCD,FJQ,1.261,False
5283,SN 2014J,000-BLG-310,2456709.887269,11.287,0.016,False,Johnson V,CCD,FJQ,1.264,False
5284,SN 2014J,000-BLG-310,2456709.889618,11.288,0.016,False,Johnson V,CCD,FJQ,1.266,False
5285,SN 2014J,000-BLG-310,2456709.891968,11.284,0.013,False,Johnson V,CCD,FJQ,1.269,False
5286,SN 2014J,000-BLG-310,2456709.894572,10.192,0.015,False,Cousins I,CCD,FJQ,1.272,False
5287,SN 2014J,000-BLG-310,2456709.896921,10.185,0.019,False,Cousins I,CCD,FJQ,1.275,False
5288,SN 2014J,000-BLG-310,2456709.899271,10.190,0.017,False,Cousins I,CCD,FJQ,1.278,False
5289,SN 2014J,000-BLG-310,2456709.901944,10.690,0.017,False,Cousins R,CCD,FJQ,1.282,False
5290,SN 2014J,000-BLG-310,2456709.904306,10.691,0.020,False,Cousins R,CCD,FJQ,1.286,False
5291,SN 2014J,000-BLG-310,2456709.906655,10.688,0.023,False,Cousins R,CCD,FJQ,1.289,False
5292,SN 2014J,000-BLG-310,2456710.85197,13.255,0.011,False,Johnson B,CCD,FJQ,1.237,False
5293,SN 2014J,000-BLG-310,2456710.854336,13.246,0.012,False,Johnson B,CCD,FJQ,1.239,False
5294,SN 2014J,000-BLG-310,2456710.856704,13.252,0.012,False,Johnson B,CCD,FJQ,1.239,False
5295,SN 2014J,000-BLG-310,2456710.860049,11.316,0.008,False,Johnson V,CCD,FJQ,1.241,False
5296,SN 2014J,000-BLG-310,2456710.862422,11.318,0.008,False,Johnson V,CCD,FJQ,1.243,False
5297,SN 2014J,000-BLG-310,2456710.864783,11.317,0.009,False,Johnson V,CCD,FJQ,1.245,False
5298,SN 2014J,000-BLG-310,2456710.868278,10.160,0.006,False,Cousins I,CCD,FJQ,1.248,False
5299,SN 2014J,000-BLG-310,2456710.870654,10.158,0.006,False,Cousins I,CCD,FJQ,1.248,False
5300,SN 2014J,000-BLG-310,2456710.873026,10.154,0.007,False,Cousins I,CCD,FJQ,1.251,False
5301,SN 2014J,000-BLG-310,2456710.876245,10.695,0.007,False,Cousins R,CCD,FJQ,1.254,False
5302,SN 2014J,000-BLG-310,2456710.878587,10.691,0.006,False,Cousins R,CCD,FJQ,1.258,False
5303,SN 2014J,000-BLG-310,2456710.880948,10.691,0.007,False,Cousins R,CCD,FJQ,1.258,False
5304,SN 2014J,000-BLG-310,2456711.88043,13.371,0.009,False,Johnson B,CCD,FJQ,1.261,False
5305,SN 2014J,000-BLG-310,2456711.882803,13.353,0.009,False,Johnson B,CCD,FJQ,1.265,False
5306,SN 2014J,000-BLG-310,2456711.886102,11.359,0.008,False,Johnson V,CCD,FJQ,1.269,False
5307,SN 2014J,000-BLG-310,2456711.888442,11.356,0.007,False,Johnson V,CCD,FJQ,1.269,False
5308,SN 2014J,000-BLG-310,2456711.890793,11.355,0.008,False,Johnson V,CCD,FJQ,1.273,False
5309,SN 2014J,000-BLG-310,2456711.894141,10.135,0.006,False,Cousins I,CCD,FJQ,1.278,False
5310,SN 2014J,000-BLG-310,2456711.896497,10.137,0.006,False,Cousins I,CCD,FJQ,1.283,False
5311,SN 2014J,000-BLG-310,2456711.898864,10.139,0.006,False,Cousins I,CCD,FJQ,1.283,False
5312,SN 2014J,000-BLG-310,2456711.902211,10.701,0.008,False,Cousins R,CCD,FJQ,1.288,False
5313,SN 2014J,000-BLG-310,2456711.904581,10.700,0.010,False,Cousins R,CCD,FJQ,1.293,False
5314,SN 2014J,000-BLG-310,2456711.906931,10.702,0.011,False,Cousins R,CCD,FJQ,1.299,False
5315,SN 2014J,000-BLG-310,2456712.83598,13.456,0.017,False,Johnson B,CCD,FJQ,1.234,False
5316,SN 2014J,000-BLG-310,2456712.838339,13.450,0.018,False,Johnson B,CCD,FJQ,1.235,False
5317,SN 2014J,000-BLG-310,2456712.8407,13.450,0.021,False,Johnson B,CCD,FJQ,1.236,False
5318,SN 2014J,000-BLG-310,2456712.844001,11.388,0.012,False,Johnson V,CCD,FJQ,1.238,False
5319,SN 2014J,000-BLG-310,2456712.846362,11.390,0.013,False,Johnson V,CCD,FJQ,1.238,False
5320,SN 2014J,000-BLG-310,2456712.848723,11.394,0.011,False,Johnson V,CCD,FJQ,1.240,False
5321,SN 2014J,000-BLG-310,2456712.852056,10.116,0.006,False,Cousins I,CCD,FJQ,1.242,False
5322,SN 2014J,000-BLG-310,2456712.854416,10.110,0.006,False,Cousins I,CCD,FJQ,1.244,False
5323,SN 2014J,000-BLG-310,2456712.856776,10.113,0.007,False,Cousins I,CCD,FJQ,1.244,False
5324,SN 2014J,000-BLG-310,2456712.860166,10.718,0.009,False,Cousins R,CCD,FJQ,1.247,False
5325,SN 2014J,000-BLG-310,2456712.862528,10.714,0.008,False,Cousins R,CCD,FJQ,1.249,False
5326,SN 2014J,000-BLG-310,2456712.864884,10.712,0.010,False,Cousins R,CCD,FJQ,1.252,False
5327,SN 2014J,000-BLG-310,2456719.40623,10.66,0.03,False,Cousins R,CCD,CEMB,,False
5328,SN 2014J,000-BLG-310,2456720.39651,10.68,0.01,False,Cousins R,CCD,CEMB,,False
5329,SN 2014J,000-BLG-310,2456719.40671,11.66,0.06,False,Johnson V,CCD,CEMB,,False
5330,SN 2014J,000-BLG-310,2456720.39699,11.73,0.01,False,Johnson V,CCD,CEMB,,False
5331,SN 2014J,000-BLG-310,2456719.40720,13.77,0.02,False,Johnson B,CCD,CEMB,,False
5332,SN 2014J,000-BLG-310,2456720.39748,13.80,0.03,False,Johnson B,CCD,CEMB,,False
5333,SN 2014J,000-BLG-310,2456720.36514,13.761,0.025,False,Johnson B,CCD,BDGA,1.070,False
5334,SN 2014J,000-BLG-310,2456720.36304,11.609,0.026,False,Johnson V,CCD,BDGA,1.073,False
5335,SN 2014J,000-BLG-310,2456720.35598,10.762,0.022,False,Cousins R,CCD,BDGA,1.076,False
5336,SN 2014J,000-BLG-310,2456720.36141,9.987,0.042,False,Cousins I,CCD,BDGA,1.073,False
5337,SN 2014J,000-BLG-310,2456721.45128,13.861,0.011,False,Johnson B,CCD,BDGA,1.023,False
5338,SN 2014J,000-BLG-310,2456721.44920,11.656,0.011,False,Johnson V,CCD,BDGA,1.024,False
5339,SN 2014J,000-BLG-310,2456721.44509,10.795,0.021,False,Cousins R,CCD,BDGA,1.024,False
5340,SN 2014J,000-BLG-310,2456721.44750,9.976,0.024,False,Cousins I,CCD,BDGA,1.024,False
5341,SN 2014J,000-BLG-310,2456682.59271,11.085,0.002,False,Johnson V,CCD,KPK,,False
5342,SN 2014J,000-BLG-310,2456682.59557,11.103,0.002,False,Johnson V,CCD,KPK,,False
5343,SN 2014J,000-BLG-310,2456682.59841,11.109,0.002,False,Johnson V,CCD,KPK,,False
5344,SN 2014J,000-BLG-310,2456682.60142,11.101,0.002,False,Johnson V,CCD,KPK,,False
5345,SN 2014J,000-BLG-310,2456682.60426,11.087,0.002,False,Johnson V,CCD,KPK,,False
5346,SN 2014J,000-BLG-310,2456685.68522,10.830,0.002,False,Johnson V,CCD,KPK,,False
5347,SN 2014J,000-BLG-310,2456685.68786,10.791,0.002,False,Johnson V,CCD,KPK,,False
5348,SN 2014J,000-BLG-310,2456685.69051,10.801,0.002,False,Johnson V,CCD,KPK,,False
5349,SN 2014J,000-BLG-310,2456685.69316,10.806,0.002,False,Johnson V,CCD,KPK,,False
5350,SN 2014J,000-BLG-310,2456685.69580,10.802,0.002,False,Johnson V,CCD,KPK,,False
5351,SN 2014J,000-BLG-310,2456687.61898,10.650,0.002,False,Johnson V,CCD,KPK,,False
5352,SN 2014J,000-BLG-310,2456687.62211,10.652,0.002,False,Johnson V,CCD,KPK,,False
5353,SN 2014J,000-BLG-310,2456687.62477,10.659,0.002,False,Johnson V,CCD,KPK,,False
5354,SN 2014J,000-BLG-310,2456687.62771,10.650,0.002,False,Johnson V,CCD,KPK,,False
5355,SN 2014J,000-BLG-310,2456687.63039,10.638,0.004,False,Johnson V,CCD,KPK,,False
5356,SN 2014J,000-BLG-310,2456692.61228,10.525,0.001,False,Johnson V,CCD,KPK,1.199,False
5357,SN 2014J,000-BLG-310,2456700.67434,10.880,0.002,False,Johnson V,CCD,KPK,1.114,False
5358,SN 2014J,000-BLG-310,2456700.67715,10.900,0.002,False,Johnson V,CCD,KPK,1.113,False
5359,SN 2014J,000-BLG-310,2456700.67998,10.896,0.002,False,Johnson V,CCD,KPK,1.112,False
5360,SN 2014J,000-BLG-310,2456700.68280,10.915,0.002,False,Johnson V,CCD,KPK,1.111,False
5361,SN 2014J,000-BLG-310,2456700.68563,10.931,0.002,False,Johnson V,CCD,KPK,1.110,False
5362,SN 2014J,000-BLG-310,2456714.58780,11.470,0.002,False,Johnson V,CCD,KPK,1.152,False
5363,SN 2014J,000-BLG-310,2456714.59041,11.474,0.002,False,Johnson V,CCD,KPK,1.149,False
5364,SN 2014J,000-BLG-310,2456714.59294,11.477,0.002,False,Johnson V,CCD,KPK,1.146,False
5365,SN 2014J,000-BLG-310,2456714.59547,11.478,0.002,False,Johnson V,CCD,KPK,1.144,False
5366,SN 2014J,000-BLG-310,2456714.59799,11.465,0.002,False,Johnson V,CCD,KPK,1.141,False
5367,SN 2014J,000-BLG-310,2456722.33096,10.928,0.002,False,Cousins R,CCD,NRNA,1.235,False
5368,SN 2014J,000-BLG-310,2456722.33869,11.720,0.004,False,Johnson V,CCD,NRNA,1.222,False
5369,SN 2014J,000-BLG-310,2456722.295934,11.841,0.008,False,Johnson V,CCD,CFRA,1.312,False
5370,SN 2014J,000-BLG-310,2456722.300804,14.135,0.018,False,Johnson B,CCD,CFRA,1.300,False
5371,SN 2014J,000-BLG-310,2456722.297814,10.914,0.013,False,Cousins R,CCD,CFRA,1.307,False
5372,SN 2014J,000-BLG-310,2456722.305494,10.022,0.006,False,Cousins I,CCD,CFRA,1.290,False
5373,SN 2014J,000-BLG-310,2456722.34745,10.018,0.005,False,Cousins I,CCD,NRNA,1.209,False
5374,SN 2014J,000-BLG-310,2456722.37151,14.261,0.037,False,Johnson B,CCD,NRNA,1.178,False
5375,SN 2014J,000-BLG-310,2456721.37778,11.794,0.015,False,Johnson V,CCD,JNDA,,False
5376,SN 2014J,000-BLG-310,2456721.38125,10.922,0.05,False,Cousins R,CCD,JNDA,,False
5377,SN 2014J,000-BLG-310,2456721.38542,9.958,0.04,False,Cousins I,CCD,JNDA,,False
5378,SN 2014J,000-BLG-310,2456722.40683,10.888,0.004,False,Cousins R,CCD,ELTA,1.153,False
5379,SN 2014J,000-BLG-310,2456722.40556,11.833,0.023,False,Johnson V,CCD,JNDA,,False
5380,SN 2014J,000-BLG-310,2456722.40972,10.990,0.055,False,Cousins R,CCD,JNDA,,False
5381,SN 2014J,000-BLG-310,2456722.41335,11.735,0.003,False,Johnson V,CCD,ELTA,1.149,False
5382,SN 2014J,000-BLG-310,2456722.43264,10.019,0.024,False,Cousins I,CCD,JNDA,,False
5383,SN 2014J,000-BLG-310,2456722.38194,14.13,0.02,False,Johnson B,CCD,NOT,1.08,False
5384,SN 2014J,000-BLG-310,2456722.38194,10.08,0.03,False,Cousins I,CCD,NOT,1.08,False
5385,SN 2014J,000-BLG-310,2456722.38194,11.80,0.02,False,Johnson V,CCD,NOT,1.08,False
5386,SN 2014J,000-BLG-310,2456722.55989,13.840,0.021,False,Johnson B,CCD,BDGA,1.051,False
5387,SN 2014J,000-BLG-310,2456722.55773,11.719,0.018,False,Johnson V,CCD,BDGA,1.048,False
5388,SN 2014J,000-BLG-310,2456722.55457,10.852,0.015,False,Cousins R,CCD,BDGA,1.046,False
5389,SN 2014J,000-BLG-310,2456722.55607,10.032,0.011,False,Cousins I,CCD,BDGA,1.048,False
5390,SN 2014J,000-BLG-310,2456722.38062,13.288,0.016,False,Johnson B,CCD,MJOD,,False
5391,SN 2014J,000-BLG-310,2456722.38527,13.281,0.016,False,Johnson B,CCD,MJOD,,False
5392,SN 2014J,000-BLG-310,2456722.37841,11.827,0.013,False,Johnson V,CCD,MJOD,,False
5393,SN 2014J,000-BLG-310,2456722.38305,11.839,0.013,False,Johnson V,CCD,MJOD,,False
5394,SN 2014J,000-BLG-310,2456722.37790,10.946,0.009,False,Cousins R,CCD,MJOD,,False
5395,SN 2014J,000-BLG-310,2456722.38255,10.946,0.009,False,Cousins R,CCD,MJOD,,False
5396,SN 2014J,000-BLG-310,2456722.37890,10.071,0.010,False,Cousins I,CCD,MJOD,,False
5397,SN 2014J,000-BLG-310,2456722.38354,10.084,0.010,False,Cousins I,CCD,MJOD,,False
5398,SN 2014J,000-BLG-310,2456722.3858,14.276,0.032,False,Johnson B,CCD,MMN,,False
5399,SN 2014J,000-BLG-310,2456722.3866,11.812,0.016,False,Johnson V,CCD,MMN,,False
5400,SN 2014J,000-BLG-310,2456722.3874,10.085,0.020,False,Cousins I,CCD,MMN,,False
5401,SN 2014J,000-BLG-310,2456723.39004,10.978,0.006,False,Cousins R,CCD,ELTA,1.164,False
5402,SN 2014J,000-BLG-310,2456723.38227,11.842,0.006,False,Johnson V,CCD,ELTA,1.171,False
5403,SN 2014J,000-BLG-310,2456723.4594,14.319,0.032,False,Johnson B,CCD,MMN,,False
5404,SN 2014J,000-BLG-310,2456723.4603,11.878,0.018,False,Johnson V,CCD,MMN,,False
5405,SN 2014J,000-BLG-310,2456723.4611,10.155,0.019,False,Cousins I,CCD,MMN,,False
5406,SN 2014J,000-BLG-310,2456722.301144,11.856,0.007,False,Johnson V,CCD,ATE,1.343,False
5407,SN 2014J,000-BLG-310,2456722.301994,11.857,0.011,False,Johnson V,CCD,ATE,1.341,False
5408,SN 2014J,000-BLG-310,2456722.302784,11.861,0.006,False,Johnson V,CCD,ATE,1.339,False
5409,SN 2014J,000-BLG-310,2456722.303584,11.854,0.010,False,Johnson V,CCD,ATE,1.337,False
5410,SN 2014J,000-BLG-310,2456722.304394,11.862,0.012,False,Johnson V,CCD,ATE,1.335,False
5411,SN 2014J,000-BLG-310,2456723.38581,11.897,0.017,False,Johnson V,CCD,BPO,,False
5412,SN 2014J,000-BLG-310,2456723.628819,14.356,0.033,False,Johnson B,CCD,CABB,,False
5413,SN 2014J,000-BLG-310,2456723.624988,11.968,0.010,False,Johnson V,CCD,CABB,,False
5414,SN 2014J,000-BLG-310,2456723.619711,11.066,0.004,False,Cousins R,CCD,CABB,,False
5415,PSN J09554214+6940260,000-BLG-310,2456723.42074,11.775,0.014,False,Johnson V,CCD,AFSA,,False
5416,PSN J09554214+6940260,000-BLG-310,2456723.42098,11.764,0.014,False,Johnson V,CCD,AFSA,,False
5417,PSN J09554214+6940260,000-BLG-310,2456723.42124,11.768,0.014,False,Johnson V,CCD,AFSA,,False
5418,PSN J09554214+6940260,000-BLG-310,2456723.42148,11.776,0.014,False,Johnson V,CCD,AFSA,,False
5419,PSN J09554214+6940260,000-BLG-310,2456723.42174,11.806,0.014,False,Johnson V,CCD,AFSA,,False
5420,PSN J09554214+6940260,000-BLG-310,2456723.42198,11.771,0.014,False,Johnson V,CCD,AFSA,,False
5421,PSN J09554214+6940260,000-BLG-310,2456723.42949,10.911,0.011,False,Cousins R,CCD,AFSA,,False
5422,PSN J09554214+6940260,000-BLG-310,2456723.42975,10.964,0.011,False,Cousins R,CCD,AFSA,,False
5423,PSN J09554214+6940260,000-BLG-310,2456723.42999,10.933,0.011,False,Cousins R,CCD,AFSA,,False
5424,PSN J09554214+6940260,000-BLG-310,2456723.43023,10.946,0.011,False,Cousins R,CCD,AFSA,,False
5425,PSN J09554214+6940260,000-BLG-310,2456723.43048,10.952,0.011,False,Cousins R,CCD,AFSA,,False
5426,PSN J09554214+6940260,000-BLG-310,2456723.42776,10.022,0.016,False,Cousins I,CCD,AFSA,,False
5427,PSN J09554214+6940260,000-BLG-310,2456723.42801,9.998,0.016,False,Cousins I,CCD,AFSA,,False
5428,PSN J09554214+6940260,000-BLG-310,2456723.42825,10.012,0.016,False,Cousins I,CCD,AFSA,,False
5429,PSN J09554214+6940260,000-BLG-310,2456723.42850,10.014,0.016,False,Cousins I,CCD,AFSA,,False
5430,PSN J09554214+6940260,000-BLG-310,2456723.42874,9.997,0.016,False,Cousins I,CCD,AFSA,,False
5431,PSN J09554214+6940260,000-BLG-310,2456723.43144,14.024,0.046,False,Johnson B,CCD,AFSA,,False
5432,PSN J09554214+6940260,000-BLG-310,2456723.43168,13.902,0.044,False,Johnson B,CCD,AFSA,,False
5433,PSN J09554214+6940260,000-BLG-310,2456723.43193,13.936,0.044,False,Johnson B,CCD,AFSA,,False
5434,PSN J09554214+6940260,000-BLG-310,2456723.43218,13.893,0.044,False,Johnson B,CCD,AFSA,,False
5435,PSN J09554214+6940260,000-BLG-310,2456723.43242,13.933,0.045,False,Johnson B,CCD,AFSA,,False
5436,SN 2014J,000-BLG-310,2456724.35191,11.056,0.006,False,Cousins R,CCD,NRNA,1.195,False
5437,SN 2014J,000-BLG-310,2456724.36243,10.121,0.004,False,Cousins I,CCD,NRNA,1.182,False
5438,SN 2014J,000-BLG-310,2456724.37314,11.853,0.004,False,Johnson V,CCD,NRNA,1.170,False
5439,SN 2014J,000-BLG-310,2456724.38827,11.061,0.002,False,Cousins R,CCD,ELTA,1.163,False
5440,SN 2014J,000-BLG-310,2456724.39497,11.896,0.003,False,Johnson V,CCD,ELTA,1.158,False
5441,SN 2014J,000-BLG-310,2456723.46944,11.026,0.023,False,Cousins R,CCD,JNDA,,False
5442,SN 2014J,000-BLG-310,2456723.47292,10.081,0.031,False,Cousins I,CCD,JNDA,,False
5443,SN 2014J,000-BLG-310,2456723.47708,11.908,0.010,False,Johnson V,CCD,JNDA,,False
5444,SN 2014J,000-BLG-310,2456724.32292,11.118,0.033,False,Cousins R,CCD,JNDA,,False
5445,SN 2014J,000-BLG-310,2456724.32639,10.105,0.019,False,Cousins I,CCD,JNDA,,False
5446,SN 2014J,000-BLG-310,2456724.32986,11.982,0.011,False,Johnson V,CCD,JNDA,,False
5447,SN 2014J,000-BLG-310,2456724.39523,14.388,0.021,False,Johnson B,CCD,NRNA,1.152,False
5448,SN 2014J,000-BLG-310,2456723.40405,14.19,0.05,False,Johnson B,CCD,NOT,1.07,False
5449,SN 2014J,000-BLG-310,2456723.40405,11.83,0.02,False,Johnson V,CCD,NOT,1.07,False
5450,SN 2014J,000-BLG-310,2456723.40405,10.20,0.03,False,Cousins I,CCD,NOT,1.07,False
5451,SN 2014J,000-BLG-310,2456723.76380,11.954,0.030,False,Johnson V,CCD,DDJ,1.266,False
5452,SN 2014J,000-BLG-310,2456724.4715,14.359,0.028,False,Johnson B,CCD,MMN,,False
5453,SN 2014J,000-BLG-310,2456724.4723,11.912,0.016,False,Johnson V,CCD,MMN,,False
5454,SN 2014J,000-BLG-310,2456724.4731,10.211,0.021,False,Cousins I,CCD,MMN,,False
5455,SN 2014J,000-BLG-310,2456724.45682,14.29,0.05,False,Johnson B,CCD,NOT,1.07,False
5456,SN 2014J,000-BLG-310,2456724.45682,10.29,0.05,False,Cousins I,CCD,NOT,1.07,False
5457,SN 2014J,000-BLG-310,2456724.45682,12.00,0.04,False,Johnson V,CCD,NOT,1.07,False
5458,SN 2014J,000-BLG-310,2456724.313113,14.204,0.024,False,Johnson B,CCD,CFRA,1.262,False
5459,SN 2014J,000-BLG-310,2456724.317853,10.147,0.004,False,Cousins I,CCD,CFRA,1.253,False
5460,SN 2014J,000-BLG-310,2456724.307843,11.046,0.006,False,Cousins R,CCD,CFRA,1.273,False
5461,SN 2014J,000-BLG-310,2456724.305113,11.964,0.003,False,Johnson V,CCD,CFRA,1.279,False
5462,SN 2014J,000-BLG-310,2456725.31500,10.180,0.004,False,Cousins I,CCD,NRNA,1.249,False
5463,SN 2014J,000-BLG-310,2456725.29970,11.114,0.003,False,Cousins R,CCD,NRNA,1.280,False
5464,SN 2014J,000-BLG-310,2456725.30690,11.886,0.004,False,Johnson V,CCD,NRNA,1.265,False
5465,SN 2014J,000-BLG-310,2456725.32268,14.367,0.027,False,Johnson B,CCD,NRNA,1.236,False
5466,SN 2014J,000-BLG-310,2456725.33918,14.480,0.037,False,Johnson B,CCD,BDG,1.117,True
5467,SN 2014J,000-BLG-310,2456725.34076,14.460,0.036,False,Johnson B,CCD,BDG,1.115,True
5468,SN 2014J,000-BLG-310,2456725.34391,14.470,0.036,False,Johnson B,CCD,BDG,1.111,True
5469,SN 2014J,000-BLG-310,2456725.34549,14.475,0.037,False,Johnson B,CCD,BDG,1.110,True
5470,SN 2014J,000-BLG-310,2456725.34707,14.468,0.036,False,Johnson B,CCD,BDG,1.108,True
5471,SN 2014J,000-BLG-310,2456725.33957,12.047,0.013,False,Johnson V,CCD,BDG,1.116,True
5472,SN 2014J,000-BLG-310,2456725.34115,12.044,0.013,False,Johnson V,CCD,BDG,1.114,True
5473,SN 2014J,000-BLG-310,2456725.34431,12.032,0.013,False,Johnson V,CCD,BDG,1.111,True
5474,SN 2014J,000-BLG-310,2456725.34589,12.045,0.013,False,Johnson V,CCD,BDG,1.109,True
5475,SN 2014J,000-BLG-310,2456725.34746,12.037,0.017,False,Johnson V,CCD,BDG,1.108,True
5476,SN 2014J,000-BLG-310,2456725.33985,11.096,0.017,False,Cousins R,CCD,BDG,1.116,True
5477,SN 2014J,000-BLG-310,2456725.34301,11.095,0.018,False,Cousins R,CCD,BDG,1.112,True
5478,SN 2014J,000-BLG-310,2456725.34459,11.101,0.022,False,Cousins R,CCD,BDG,1.111,True
5479,SN 2014J,000-BLG-310,2456725.34616,11.089,0.017,False,Cousins R,CCD,BDG,1.109,True
5480,SN 2014J,000-BLG-310,2456725.34932,11.068,0.016,False,Cousins R,CCD,BDG,1.106,True
5481,SN 2014J,000-BLG-310,2456725.34025,10.279,0.007,False,Cousins I,CCD,BDG,1.115,True
5482,SN 2014J,000-BLG-310,2456725.34340,10.285,0.018,False,Cousins I,CCD,BDG,1.112,True
5483,SN 2014J,000-BLG-310,2456725.34498,10.287,0.017,False,Cousins I,CCD,BDG,1.110,True
5484,SN 2014J,000-BLG-310,2456725.34656,10.287,0.010,False,Cousins I,CCD,BDG,1.109,True
5485,SN 2014J,000-BLG-310,2456725.34814,10.276,0.015,False,Cousins I,CCD,BDG,1.107,True
5486,PSN J09554214+6940260,000-BLG-310,2456725.36269,14.225,0.052,False,Johnson B,CCD,OAR,1.009,False
5487,SN 2014J,000-BLG-310,2456725.37237,12.044,0.024,False,Johnson V,CCD,OAR,1.008,False
5488,SN 2014J,000-BLG-310,2456725.37999,11.117,0.026,False,Cousins R,CCD,OAR,1.008,False
5489,SN 2014J,000-BLG-310,2456725.38719,10.100,0.035,False,Cousins I,CCD,OAR,1.008,False
5490,SN 2014J,000-BLG-310,2456725.335104,12.058,0.015,False,Johnson V,CCD,BPO,,False
5491,PSN J09554214+6940260,000-BLG-310,2456722.47453,11.492,0.003,False,Johnson V,CCD,CDZ,1.140,False
5492,PSN J09554214+6940260,000-BLG-310,2456722.47479,11.521,0.003,False,Johnson V,CCD,CDZ,1.140,False
5493,PSN J09554214+6940260,000-BLG-310,2456722.47505,11.517,0.003,False,Johnson V,CCD,CDZ,1.140,False
5494,PSN J09554214+6940260,000-BLG-310,2456722.47531,11.518,0.003,False,Johnson V,CCD,CDZ,1.140,False
5495,PSN J09554214+6940260,000-BLG-310,2456722.47557,11.523,0.003,False,Johnson V,CCD,CDZ,1.140,False
5496,PSN J09554214+6940260,000-BLG-310,2456722.47658,14.055,0.011,False,Johnson B,CCD,CDZ,1.140,False
5497,PSN J09554214+6940260,000-BLG-310,2456722.47805,14.218,0.012,False,Johnson B,CCD,CDZ,1.141,False
5498,PSN J09554214+6940260,000-BLG-310,2456722.47952,14.244,0.013,False,Johnson B,CCD,CDZ,1.141,False
5499,PSN J09554214+6940260,000-BLG-310,2456722.48100,14.252,0.013,False,Johnson B,CCD,CDZ,1.141,False
5500,PSN J09554214+6940260,000-BLG-310,2456722.48247,14.266,0.013,False,Johnson B,CCD,CDZ,1.141,False
5501,PSN J09554214+6940260,000-BLG-310,2456722.48356,11.913,0.005,False,Johnson V,CCD,CDZ,1.142,False
5502,PSN J09554214+6940260,000-BLG-310,2456722.48399,11.953,0.005,False,Johnson V,CCD,CDZ,1.142,False
5503,PSN J09554214+6940260,000-BLG-310,2456722.48443,11.909,0.004,False,Johnson V,CCD,CDZ,1.142,False
5504,PSN J09554214+6940260,000-BLG-310,2456722.48486,11.926,0.005,False,Johnson V,CCD,CDZ,1.142,False
5505,PSN J09554214+6940260,000-BLG-310,2456722.48529,11.930,0.004,False,Johnson V,CCD,CDZ,1.142,False
5506,SN 2014J,000-BLG-310,2456725.32211,14.281,0.025,False,Johnson B,CCD,CFRA,1.241,False
5507,SN 2014J,000-BLG-310,2456725.32862,10.214,0.006,False,Cousins I,CCD,CFRA,1.230,False
5508,SN 2014J,000-BLG-310,2456725.31715,11.098,0.012,False,Cousins R,CCD,CFRA,1.250,False
5509,SN 2014J,000-BLG-310,2456725.31363,12.014,0.009,False,Johnson V,CCD,CFRA,1.256,False
5510,SN 2014J,000-BLG-310,2456726.30785,14.338,0.035,False,Johnson B,CCD,CFRA,1.263,False
5511,SN 2014J,000-BLG-310,2456726.32009,10.273,0.009,False,Cousins I,CCD,CFRA,1.240,False
5512,SN 2014J,000-BLG-310,2456726.31416,11.167,0.013,False,Cousins R,CCD,CFRA,1.251,False
5513,SN 2014J,000-BLG-310,2456726.31228,12.080,0.013,False,Johnson V,CCD,CFRA,1.254,False
5514,SN 2014J,000-BLG-310,2456726.35156,10.293,0.004,False,Cousins I,CCD,NRNA,1.188,False
5515,SN 2014J,000-BLG-310,2456726.33538,11.208,0.004,False,Cousins R,CCD,NRNA,1.211,False
5516,SN 2014J,000-BLG-310,2456726.34303,11.979,0.006,False,Johnson V,CCD,NRNA,1.200,False
5517,PSN J09554214+6940260,000-BLG-310,2456722.48583,10.927,0.005,False,Cousins R,CCD,CDZ,1.142,False
5518,PSN J09554214+6940260,000-BLG-310,2456722.48621,10.933,0.005,False,Cousins R,CCD,CDZ,1.142,False
5519,PSN J09554214+6940260,000-BLG-310,2456722.48658,10.941,0.005,False,Cousins R,CCD,CDZ,1.142,False
5520,PSN J09554214+6940260,000-BLG-310,2456722.48696,10.914,0.005,False,Cousins R,CCD,CDZ,1.142,False
5521,PSN J09554214+6940260,000-BLG-310,2456722.48733,10.931,0.005,False,Cousins R,CCD,CDZ,1.142,False
5522,PSN J09554214+6940260,000-BLG-310,2456722.48795,10.143,0.006,False,Cousins I,CCD,CDZ,1.143,False
5523,PSN J09554214+6940260,000-BLG-310,2456722.48856,10.127,0.006,False,Cousins I,CCD,CDZ,1.143,False
5524,PSN J09554214+6940260,000-BLG-310,2456722.48917,10.133,0.006,False,Cousins I,CCD,CDZ,1.143,False
5525,PSN J09554214+6940260,000-BLG-310,2456722.48977,10.132,0.006,False,Cousins I,CCD,CDZ,1.143,False
5526,PSN J09554214+6940260,000-BLG-310,2456722.49038,10.120,0.006,False,Cousins I,CCD,CDZ,1.143,False
5527,SN 2014J,000-BLG-310,2456726.37769,14.482,0.010,False,Johnson B,CCD,NRNA,1.161,False
5528,SN 2014J,000-BLG-310,2456725.348056,12.032,0.01,False,Johnson V,CCD,SBX,1.11,False
5529,SN 2014J,000-BLG-310,2456725.39939,11.93,0.03,False,Johnson V,CCD,NOT,1.07,False
5530,SN 2014J,000-BLG-310,2456725.39939,14.29,0.05,False,Johnson B,CCD,NOT,1.07,False
5531,SN 2014J,000-BLG-310,2456725.39939,10.30,0.05,False,Cousins I,CCD,NOT,1.07,False
5532,SN 2014J,000-BLG-310,2456724.46066,13.946,0.007,False,Johnson B,CCD,BDGA,1.021,False
5533,SN 2014J,000-BLG-310,2456724.45304,11.834,0.012,False,Johnson V,CCD,BDGA,1.022,False
5534,SN 2014J,000-BLG-310,2456724.45595,10.976,0.017,False,Cousins R,CCD,BDGA,1.021,False
5535,SN 2014J,000-BLG-310,2456724.45805,10.125,0.020,False,Cousins I,CCD,BDGA,1.021,False
5536,SN 2014J,000-BLG-310,2456726.53503,13.970,0.029,False,Johnson B,CCD,BDGA,1.024,False
5537,SN 2014J,000-BLG-310,2456726.53182,11.938,0.023,False,Johnson V,CCD,BDGA,1.041,False
5538,SN 2014J,000-BLG-310,2456726.53035,11.097,0.014,False,Cousins R,CCD,BDGA,1.039,False
5539,SN 2014J,000-BLG-310,2456726.52744,10.382,0.027,False,Cousins I,CCD,BDGA,1.037,False
5540,SN 2014J,000-BLG-310,2456727.36564,12.130,0.011,False,Johnson V,CCD,WTHB,,True
5541,SN 2014J,000-BLG-310,2456727.36661,11.205,0.018,False,Cousins R,CCD,WTHB,,True
5542,SN 2014J,000-BLG-310,2456727.36434,14.407,0.046,False,Johnson B,CCD,WTHB,,True
5543,SN 2014J,000-BLG-310,2456727.554896,14.605,0.036,False,Johnson B,CCD,CABB,,False
5544,SN 2014J,000-BLG-310,2456727.551563,11.368,0.009,False,Cousins R,CCD,CABB,,False
5545,SN 2014J,000-BLG-310,2456727.552512,12.230,0.010,False,Johnson V,CCD,CABB,,False
5546,SN 2014J,000-BLG-310,2456727.31533,14.421,0.046,False,Johnson B,CCD,NRNA,1.239,False
5547,SN 2014J,000-BLG-310,2456727.30372,10.314,0.003,False,Cousins I,CCD,NRNA,1.261,False
5548,SN 2014J,000-BLG-310,2456727.28800,11.249,0.002,False,Cousins R,CCD,NRNA,1.293,False
5549,SN 2014J,000-BLG-310,2456727.29447,11.997,0.004,False,Johnson V,CCD,NRNA,1.279,False
5550,SN 2014J,000-BLG-310,2456727.25818,14.207,0.064,False,Johnson B,CCD,OAR,1.050,False
5551,SN 2014J,000-BLG-310,2456727.26804,12.144,0.019,False,Johnson V,CCD,OAR,1.043,False
5552,SN 2014J,000-BLG-310,2456727.27497,11.234,0.029,False,Cousins R,CCD,OAR,1.039,False
5553,SN 2014J,000-BLG-310,2456727.28117,10.251,0.087,False,Cousins I,CCD,OAR,1.035,False
5554,PSN J09554214+6940260,000-BLG-310,2456727.339367,12.085,0.03,False,Johnson V,CCD,MJHN,,False
5555,SN 2014J,000-BLG-310,2456727.75315,12.217,0.009,False,Johnson V,CCD,DDJ,1.266,False
5556,SN 2014J,000-BLG-310,2456726.31189,11.182,0.003,False,Cousins R,CCD,ELTA,1.263,False
5557,SN 2014J,000-BLG-310,2456726.37428,12.030,0.009,False,Johnson V,CCD,ELTA,1.184,False
5558,SN 2014J,000-BLG-310,2456723.43571,10.85,0.01,False,Cousins R,CCD,CEMB,,False
5559,SN 2014J,000-BLG-310,2456724.45558,10.89,0.07,False,Cousins R,CCD,CEMB,,False
5560,SN 2014J,000-BLG-310,2456725.41731,10.98,0.01,False,Cousins R,CCD,CEMB,,False
5561,SN 2014J,000-BLG-310,2456723.43618,11.85,0.01,False,Johnson V,CCD,CEMB,,False
5562,SN 2014J,000-BLG-310,2456724.45606,11.93,0.10,False,Johnson V,CCD,CEMB,,False
5563,SN 2014J,000-BLG-310,2456725.41779,12.02,0.10,False,Johnson V,CCD,CEMB,,False
5564,SN 2014J,000-BLG-310,2456724.45654,13.99,0.07,False,Johnson B,CCD,CEMB,,False
5565,SN 2014J,000-BLG-310,2456723.43666,14.00,0.01,False,Johnson B,CCD,CEMB,,False
5566,SN 2014J,000-BLG-310,2456725.41828,14.06,0.07,False,Johnson B,CCD,CEMB,,False
5567,SN 2014J,000-BLG-310,2456728.38275,14.597,0.034,False,Johnson B,CCD,BDG,1.072,True
5568,SN 2014J,000-BLG-310,2456728.38314,12.194,0.009,False,Johnson V,CCD,BDG,1.071,True
5569,SN 2014J,000-BLG-310,2456728.38342,11.276,0.012,False,Cousins R,CCD,BDG,1.071,True
5570,SN 2014J,000-BLG-310,2456728.38381,10.487,0.008,False,Cousins I,CCD,BDG,1.071,True
5571,SN 2014J,000-BLG-310,2456728.549826,12.263,0.012,False,Johnson V,CCD,CABB,,False
5572,SN 2014J,000-BLG-310,2456728.5539,11.391,0.011,False,Cousins R,CCD,CABB,,False
5573,SN 2014J,000-BLG-310,2456728.562269,14.572,0.030,False,Johnson B,CCD,CABB,,False
5574,SN 2014J,000-BLG-310,2456728.34375,14.43,0.05,False,Johnson B,CCD,NOT,1.10,False
5575,SN 2014J,000-BLG-310,2456728.34375,12.14,0.02,False,Johnson V,CCD,NOT,1.10,False
5576,SN 2014J,000-BLG-310,2456728.34375,10.54,0.05,False,Cousins I,CCD,NOT,1.10,False
5577,SN 2014J,000-BLG-310,2456726.31778,14.32,0.05,False,Johnson B,CCD,NOT,1.12,False
5578,SN 2014J,000-BLG-310,2456724.6202,11.942,0.051,False,Johnson V,CCD,KTHA,,False
5579,SN 2014J,000-BLG-310,2456726.31778,12.01,0.02,False,Johnson V,CCD,NOT,1.12,False
5580,SN 2014J,000-BLG-310,2456726.31778,10.39,0.03,False,Cousins I,CCD,NOT,1.12,False
5581,SN 2014J,000-BLG-310,2456727.312852,12.145,0.007,False,Johnson V,CCD,ATE,1.284,False
5582,SN 2014J,000-BLG-310,2456727.313692,12.142,0.010,False,Johnson V,CCD,ATE,1.282,False
5583,SN 2014J,000-BLG-310,2456727.314512,12.136,0.005,False,Johnson V,CCD,ATE,1.281,False
5584,SN 2014J,000-BLG-310,2456727.315502,12.137,0.012,False,Johnson V,CCD,ATE,1.279,False
5585,SN 2014J,000-BLG-310,2456727.316532,12.139,0.007,False,Johnson V,CCD,ATE,1.276,False
5586,SN 2014J,000-BLG-310,2456727.435857,12.163,0.019,False,Johnson V,CCD,RZD,1.200,False
5587,SN 2014J,000-BLG-310,2456727.434297,10.433,0.045,False,Cousins I,CCD,RZD,1.147,False
5588,SN 2014J,000-BLG-310,2456727.36309,14.36,0.05,False,Johnson B,CCD,NOT,1.08,False
5589,SN 2014J,000-BLG-310,2456727.36309,12.07,0.02,False,Johnson V,CCD,NOT,1.08,False
5590,SN 2014J,000-BLG-310,2456727.36309,10.43,0.03,False,Cousins I,CCD,NOT,1.08,False
5591,SN 2014J,000-BLG-310,2456727.42669,14.045,0.024,False,Johnson B,CCD,BDGA,1.025,False
5592,SN 2014J,000-BLG-310,2456727.42351,11.977,0.023,False,Johnson V,CCD,BDGA,1.026,False
5593,SN 2014J,000-BLG-310,2456727.41907,11.161,0.021,False,Cousins R,CCD,BDGA,1.027,False
5594,SN 2014J,000-BLG-310,2456727.42124,10.321,0.037,False,Cousins I,CCD,BDGA,1.027,False
5595,SN 2014J,000-BLG-310,2456728.43454,14.083,0.011,False,Johnson B,CCD,BDGA,1.021,False
5596,SN 2014J,000-BLG-310,2456728.43142,12.018,0.019,False,Johnson V,CCD,BDGA,1.023,False
5597,SN 2014J,000-BLG-310,2456728.42707,11.180,0.021,False,Cousins R,CCD,BDGA,1.025,False
5598,SN 2014J,000-BLG-310,2456728.42916,10.279,0.028,False,Cousins I,CCD,BDGA,1.024,False
5599,SN 2014J,000-BLG-310,2456729.30333,14.50,0.05,False,Johnson B,CCD,NOT,1.13,False
5600,SN 2014J,000-BLG-310,2456729.30333,12.20,0.02,False,Johnson V,CCD,NOT,1.13,False
5601,SN 2014J,000-BLG-310,2456729.30333,10.60,0.03,False,Cousins I,CCD,NOT,1.13,False
5602,SN 2014J,000-BLG-310,2456727.42267,11.234,0.007,False,Cousins R,CCD,ELTA,1.141,False
5603,SN 2014J,000-BLG-310,2456727.42876,12.046,0.003,False,Johnson V,CCD,ELTA,1.140,False
5604,PSN J09554214+6940260,000-BLG-310,2456712.31861,11.505,0.002,False,Johnson V,CCD,TRF,1.202,False
5605,SN 2014J,000-BLG-310,2456730.301759,12.223,0.01,False,Johnson V,CCD,SBX,1.15,False
5606,SN 2014J,000-BLG-310,2456730.326467,12.275,0.012,False,Johnson V,CCD,MJOD,1.248,False
5607,SN 2014J,000-BLG-310,2456730.328387,10.633,0.010,False,Cousins I,CCD,MJOD,1.245,False
5608,SN 2014J,000-BLG-310,2456729.42261,11.350,0.006,False,Cousins R,CCD,ELTA,1.138,False
5609,SN 2014J,000-BLG-310,2456729.42972,12.172,0.003,False,Johnson V,CCD,ELTA,1.137,False
5610,SN 2014J,000-BLG-310,2456724.31798,14.270,0.031,False,Johnson B,CCD,LJUA,1.320,False
5611,SN 2014J,000-BLG-310,2456726.41833,14.395,0.032,False,Johnson B,CCD,LJUA,1.178,False
5612,SN 2014J,000-BLG-310,2456724.29147,11.036,0.010,False,Cousins R,CCD,LJUA,1.389,False
5613,SN 2014J,000-BLG-310,2456726.36344,11.171,0.010,False,Cousins R,CCD,LJUA,1.228,False
5614,SN 2014J,000-BLG-310,2456724.29877,11.911,0.014,False,Johnson V,CCD,LJUA,1.368,False
5615,SN 2014J,000-BLG-310,2456726.38138,12.025,0.014,False,Johnson V,CCD,LJUA,1.206,False
5616,SN 2014J,000-BLG-310,2456729.4355,14.548,0.041,False,Johnson B,CCD,MMN,,False
5617,SN 2014J,000-BLG-310,2456729.4364,12.121,0.031,False,Johnson V,CCD,MMN,,False
5618,SN 2014J,000-BLG-310,2456729.4372,10.531,0.036,False,Cousins I,CCD,MMN,,False
5619,SN 2014J,000-BLG-310,2456730.4208,14.630,0.092,False,Johnson B,CCD,MMN,,False
5620,SN 2014J,000-BLG-310,2456730.4216,12.203,0.041,False,Johnson V,CCD,MMN,,False
5621,SN 2014J,000-BLG-310,2456730.4224,10.601,0.030,False,Cousins I,CCD,MMN,,False
5622,SN 2014J,000-BLG-310,2456724.66880,11.015,0.046,False,Cousins R,CCD,HJA,1.293,True
5623,SN 2014J,000-BLG-310,2456724.66215,11.945,0.056,False,Johnson V,CCD,HJA,1.306,True
5624,SN 2014J,000-BLG-310,2456731.648727,12.376,0.017,False,Johnson V,CCD,CABB,,False
5625,SN 2014J,000-BLG-310,2456731.648229,14.669,0.055,False,Johnson B,CCD,CABB,,False
5626,SN 2014J,000-BLG-310,2456731.650648,11.545,0.059,False,Cousins R,CCD,CABB,,False
5627,SN 2014J,000-BLG-310,2456731.35958,14.543,0.021,False,Johnson B,CCD,NRNA,1.165,False
5628,SN 2014J,000-BLG-310,2456731.34469,10.567,0.003,False,Cousins I,CCD,NRNA,1.180,False
5629,SN 2014J,000-BLG-310,2456731.32938,11.451,0.004,False,Cousins R,CCD,NRNA,1.200,False
5630,SN 2014J,000-BLG-310,2456731.33658,12.166,0.005,False,Johnson V,CCD,NRNA,1.190,False
5631,SN 2014J,000-BLG-310,2456731.390399,14.563,0.018,False,Johnson B,CCD,CFRA,1.146,False
5632,SN 2014J,000-BLG-310,2456731.406690,10.618,0.006,False,Cousins I,CCD,CFRA,1.139,False
5633,SN 2014J,000-BLG-310,2456731.400960,11.455,0.013,False,Cousins R,CCD,CFRA,1.141,False
5634,SN 2014J,000-BLG-310,2456731.397459,12.319,0.017,False,Johnson V,CCD,CFRA,1.143,False
5635,SN 2014J,000-BLG-310,2456729.37331,11.21,0.02,False,Cousins R,CCD,CEMB,,False
5636,SN 2014J,000-BLG-310,2456731.44174,11.27,0.05,False,Cousins R,CCD,CEMB,,False
5637,SN 2014J,000-BLG-310,2456729.37379,12.19,0.03,False,Johnson V,CCD,CEMB,,False
5638,SN 2014J,000-BLG-310,2456731.44222,12.31,0.02,False,Johnson V,CCD,CEMB,,False
5639,SN 2014J,000-BLG-310,2456729.37428,14.15,0.04,False,Johnson B,CCD,CEMB,,False
5640,SN 2014J,000-BLG-310,2456731.44271,14.19,0.02,False,Johnson B,CCD,CEMB,,False
5641,SN 2014J,000-BLG-310,2456732.42030,14.577,0.032,False,Johnson B,CCD,NRNA,1.133,False
5642,SN 2014J,000-BLG-310,2456732.37227,10.585,0.014,False,Cousins I,CCD,NRNA,1.153,False
5643,SN 2014J,000-BLG-310,2456732.34756,11.493,0.010,False,Cousins R,CCD,NRNA,1.174,False
5644,SN 2014J,000-BLG-310,2456732.35477,12.226,0.009,False,Johnson V,CCD,NRNA,1.167,False
5645,SN 2014J,000-BLG-310,2456732.46111,12.352,0.020,False,Johnson V,CCD,JNDA,,False
5646,SN 2014J,000-BLG-310,2456732.46458,11.528,0.030,False,Cousins R,CCD,JNDA,,False
5647,SN 2014J,000-BLG-310,2456732.46806,10.606,0.033,False,Cousins I,CCD,JNDA,,False
5648,SN 2014J,000-BLG-310,2456732.35423,14.555,0.038,False,Johnson B,CCD,LJUA,1.219,False
5649,SN 2014J,000-BLG-310,2456732.31695,11.498,0.013,False,Cousins R,CCD,LJUA,1.277,False
5650,SN 2014J,000-BLG-310,2456732.32688,12.295,0.015,False,Johnson V,CCD,LJUA,1.259,False
5651,SN 2014J,000-BLG-310,2456730.41447,14.54,0.05,False,Johnson B,CCD,NOT,1.06,False
5652,SN 2014J,000-BLG-310,2456730.41447,12.25,0.04,False,Johnson V,CCD,NOT,1.06,False
5653,SN 2014J,000-BLG-310,2456730.41447,10.68,0.05,False,Cousins I,CCD,NOT,1.06,False
5654,SN 2014J,000-BLG-310,2456731.40352,14.48,0.04,False,Johnson B,CCD,NOT,1.06,False
5655,SN 2014J,000-BLG-310,2456731.40352,12.25,0.02,False,Johnson V,CCD,NOT,1.06,False
5656,SN 2014J,000-BLG-310,2456731.40352,10.66,0.03,False,Cousins I,CCD,NOT,1.06,False
5657,SN 2014J,000-BLG-310,2456731.284944,12.341,0.005,False,Johnson V,CCD,KTU,1.169,False
5658,SN 2014J,000-BLG-310,2456733.30044,14.54,0.04,False,Johnson B,CCD,NOT,1.12,False
5659,SN 2014J,000-BLG-310,2456733.30044,12.35,0.02,False,Johnson V,CCD,NOT,1.12,False
5660,SN 2014J,000-BLG-310,2456733.30044,10.83,0.03,False,Cousins I,CCD,NOT,1.12,False
5661,SN 2014J,000-BLG-310,2456730.571019,12.343,0.014,False,Johnson V,CCD,CABB,,False
5662,SN 2014J,000-BLG-310,2456730.555116,14.677,0.029,False,Johnson B,CCD,CABB,,False
5663,SN 2014J,000-BLG-310,2456730.569028,11.472,0.006,False,Cousins R,CCD,CABB,,False
5664,SN 2014J,000-BLG-310,2456733.32454,14.626,0.008,False,Johnson B,CCD,NRNA,1.199,False
5665,SN 2014J,000-BLG-310,2456733.29884,10.662,0.004,False,Cousins I,CCD,NRNA,1.239,False
5666,SN 2014J,000-BLG-310,2456733.28354,11.541,0.003,False,Cousins R,CCD,NRNA,1.268,False
5667,SN 2014J,000-BLG-310,2456733.29075,12.244,0.007,False,Johnson V,CCD,NRNA,1.254,False
5668,SN 2014J,000-BLG-310,2456733.382801,12.394,0.020,False,Johnson V,CCD,BPO,,False
5669,SN 2014J,000-BLG-310,2456733.90269,12.267,0.043,False,Johnson V,CCD,HGUA,1.576,False
5670,SN 2014J,000-BLG-310,2456734.37353,10.724,0.012,False,Cousins I,CCD,NRNA,1.148,False
5671,SN 2014J,000-BLG-310,2456734.35700,11.579,0.003,False,Cousins R,CCD,NRNA,1.160,False
5672,SN 2014J,000-BLG-310,2456734.36741,12.291,0.005,False,Johnson V,CCD,NRNA,1.152,False
5673,SN 2014J,000-BLG-310,2456732.37100,11.35,0.03,False,Cousins R,CCD,CEMB,,False
5674,SN 2014J,000-BLG-310,2456733.35248,11.41,0.04,False,Cousins R,CCD,CEMB,,False
5675,SN 2014J,000-BLG-310,2456732.37148,12.34,0.04,False,Johnson V,CCD,CEMB,,False
5676,SN 2014J,000-BLG-310,2456733.35296,12.36,0.06,False,Johnson V,CCD,CEMB,,False
5677,SN 2014J,000-BLG-310,2456734.464445,12.301,0.027,False,Johnson V,CCD,RZD,1.148,False
5678,SN 2014J,000-BLG-310,2456734.461195,11.509,0.037,False,Cousins R,CCD,RZD,1.194,False
5679,SN 2014J,000-BLG-310,2456734.293472,12.323,0.01,False,Johnson V,CCD,SBX,1.13,False
5680,SN 2014J,000-BLG-310,2456734.90066,12.496,0.028,False,Johnson V,CCD,CABB,,False
5681,SN 2014J,000-BLG-310,2456734.904734,11.659,0.024,False,Cousins R,CCD,CABB,,False
5682,SN 2014J,000-BLG-310,2456734.9,14.698,0.082,False,Johnson B,CCD,CABB,,False
5683,SN 2014J,000-BLG-310,2456734.547975,12.485,0.022,False,Johnson V,CCD,CABB,,False
5684,SN 2014J,000-BLG-310,2456734.552789,11.637,0.017,False,Cousins R,CCD,CABB,,False
5685,SN 2014J,000-BLG-310,2456734.553252,14.717,0.061,False,Johnson B,CCD,CABB,,False
5686,SN 2014J,000-BLG-310,2456733.309036,12.324,0.006,False,Johnson V,CCD,ATE,1.260,False
5687,SN 2014J,000-BLG-310,2456733.310086,12.333,0.004,False,Johnson V,CCD,ATE,1.258,False
5688,SN 2014J,000-BLG-310,2456733.311286,12.341,0.009,False,Johnson V,CCD,ATE,1.255,False
5689,SN 2014J,000-BLG-310,2456733.312286,12.340,0.005,False,Johnson V,CCD,ATE,1.253,False
5690,SN 2014J,000-BLG-310,2456733.313296,12.335,0.004,False,Johnson V,CCD,ATE,1.251,False
5691,SN 2014J,000-BLG-310,2456731.50688,11.463,0.009,False,Cousins R,CCD,ELTA,1.174,False
5692,SN 2014J,000-BLG-310,2456731.49504,12.280,0.001,False,Johnson V,CCD,ELTA,1.166,False
5693,SN 2014J,000-BLG-310,2456735.63684,14.735,0.109,False,Johnson B,CCD,CABB,,False
5694,SN 2014J,000-BLG-310,2456735.634444,12.513,0.015,False,Johnson V,CCD,CABB,,False
5695,SN 2014J,000-BLG-310,2456735.633495,11.692,0.014,False,Cousins R,CCD,CABB,,False
5696,SN 2014J,000-BLG-310,2456733.29931,12.369,0.018,False,Johnson V,CCD,JNDA,,False
5697,SN 2014J,000-BLG-310,2456733.30278,11.544,0.05,False,Cousins R,CCD,JNDA,,False
5698,SN 2014J,000-BLG-310,2456733.30278,10.657,0.029,False,Cousins I,CCD,JNDA,,False
5699,SN 2014J,000-BLG-310,2456735.32014,12.414,0.019,False,Johnson V,CCD,JNDA,,False
5700,SN 2014J,000-BLG-310,2456735.32361,11.625,0.053,False,Cousins R,CCD,JNDA,,False
5701,SN 2014J,000-BLG-310,2456735.32708,10.739,0.039,False,Cousins I,CCD,JNDA,,False
5702,SN 2014J,000-BLG-310,2456736.4684,14.722,0.065,False,Johnson B,CCD,MMN,,False
5703,SN 2014J,000-BLG-310,2456736.4692,12.421,0.027,False,Johnson V,CCD,MMN,,False
5704,SN 2014J,000-BLG-310,2456736.4700,10.991,0.020,False,Cousins I,CCD,MMN,,False
5705,SN 2014J,000-BLG-310,2456736.551597,12.558,0.063,False,Johnson V,CCD,CABB,,False
5706,SN 2014J,000-BLG-310,2456736.550706,14.705,0.086,False,Johnson B,CCD,CABB,,False
5707,SN 2014J,000-BLG-310,2456736.43003,14.644,0.012,False,Johnson B,CCD,NRNA,1.135,False
5708,SN 2014J,000-BLG-310,2456736.45103,10.802,0.004,False,Cousins I,CCD,NRNA,1.142,False
5709,SN 2014J,000-BLG-310,2456736.45751,11.615,0.002,False,Cousins R,CCD,NRNA,1.146,False
5710,SN 2014J,000-BLG-310,2456736.46629,12.308,0.009,False,Johnson V,CCD,NRNA,1.151,False
5711,SN 2014J,000-BLG-310,2456736.43465,12.47,0.05,False,Johnson V,CCD,NOT,1.07,False
5712,SN 2014J,000-BLG-310,2456736.43465,14.63,0.08,False,Johnson B,CCD,NOT,1.07,False
5713,SN 2014J,000-BLG-310,2456736.43465,11.03,0.05,False,Cousins I,CCD,NOT,1.07,False
5714,SN 2014J,000-BLG-310,2456737.87628,12.371,0.053,False,Johnson V,CCD,HGUA,1.516,False
5715,SN 2014J,000-BLG-310,2456737.41991,14.66,0.05,False,Johnson B,CCD,NOT,1.07,False
5716,SN 2014J,000-BLG-310,2456737.41991,11.01,0.05,False,Cousins I,CCD,NOT,1.07,False
5717,SN 2014J,000-BLG-310,2456737.41991,12.47,0.02,False,Johnson V,CCD,NOT,1.07,False
5718,SN 2014J,000-BLG-310,2456737.394097,12.519,0.023,False,Johnson V,CCD,BPO,,False
5719,SN 2014J,000-BLG-310,2456737.561632,12.586,0.025,False,Johnson V,CCD,CABB,,False
5720,SN 2014J,000-BLG-310,2456737.560625,14.742,0.044,False,Johnson B,CCD,CABB,,False
5721,SN 2014J,000-BLG-310,2456737.552164,11.762,0.027,False,Cousins R,CCD,CABB,,False
5722,PSN J09554214+6940260,000-BLG-310,2456738.38190,14.373,0.061,False,Johnson B,CCD,AFSA,,False
5723,PSN J09554214+6940260,000-BLG-310,2456738.38214,14.219,0.055,False,Johnson B,CCD,AFSA,,False
5724,PSN J09554214+6940260,000-BLG-310,2456738.38239,14.362,0.057,False,Johnson B,CCD,AFSA,,False
5725,PSN J09554214+6940260,000-BLG-310,2456738.38267,14.316,0.057,False,Johnson B,CCD,AFSA,,False
5726,PSN J09554214+6940260,000-BLG-310,2456738.38291,14.159,0.053,False,Johnson B,CCD,AFSA,,False
5727,PSN J09554214+6940260,000-BLG-310,2456738.38315,14.557,0.063,False,Johnson B,CCD,AFSA,,False
5728,PSN J09554214+6940260,000-BLG-310,2456738.37947,10.775,0.023,False,Cousins I,CCD,AFSA,,False
5729,PSN J09554214+6940260,000-BLG-310,2456738.37971,10.729,0.023,False,Cousins I,CCD,AFSA,,False
5730,PSN J09554214+6940260,000-BLG-310,2456738.37996,10.718,0.024,False,Cousins I,CCD,AFSA,,False
5731,PSN J09554214+6940260,000-BLG-310,2456738.38059,11.617,0.016,False,Cousins R,CCD,AFSA,,False
5732,PSN J09554214+6940260,000-BLG-310,2456738.38085,11.607,0.016,False,Cousins R,CCD,AFSA,,False
5733,PSN J09554214+6940260,000-BLG-310,2456738.38109,11.546,0.015,False,Cousins R,CCD,AFSA,,False
5734,PSN J09554214+6940260,000-BLG-310,2456738.38395,12.324,0.019,False,Johnson V,CCD,AFSA,,False
5735,PSN J09554214+6940260,000-BLG-310,2456738.38419,12.349,0.019,False,Johnson V,CCD,AFSA,,False
5736,PSN J09554214+6940260,000-BLG-310,2456738.38445,12.338,0.019,False,Johnson V,CCD,AFSA,,False
5737,SN 2014J,000-BLG-310,2456737.36716,10.923,0.025,False,Cousins I,CCD,BDGA,1.037,False
5738,SN 2014J,000-BLG-310,2456737.37758,14.789,0.059,False,Johnson B,CCD,BDGA,1.032,False
5739,SN 2014J,000-BLG-310,2456737.37015,11.633,0.040,False,Cousins R,CCD,BDGA,1.035,False
5740,SN 2014J,000-BLG-310,2456737.37334,12.381,0.044,False,Johnson V,CCD,BDGA,1.034,False
5741,SN 2014J,000-BLG-310,2456738.44255,14.575,0.056,False,Johnson B,CCD,OAR,1.041,False
5742,SN 2014J,000-BLG-310,2456738.45352,12.515,0.022,False,Johnson V,CCD,OAR,1.048,False
5743,SN 2014J,000-BLG-310,2456738.46601,11.631,0.040,False,Cousins R,CCD,OAR,1.059,False
5744,SN 2014J,000-BLG-310,2456739.337712,10.849,0.013,False,Cousins I,CCD,CFRA,1.168,False
5745,SN 2014J,000-BLG-310,2456739.329052,14.504,0.028,False,Johnson B,CCD,CFRA,1.177,False
5746,SN 2014J,000-BLG-310,2456739.332382,12.502,0.014,False,Johnson V,CCD,CFRA,1.174,False
5747,SN 2014J,000-BLG-310,2456739.334092,11.980,0.017,False,Cousins R,CCD,CFRA,1.172,False
5748,SN 2014J,000-BLG-310,2456739.53679,14.755,0.039,False,Johnson B,CCD,BDGA,1.069,False
5749,SN 2014J,000-BLG-310,2456739.52523,12.326,0.017,False,Johnson V,CCD,BDGA,1.058,False
5750,SN 2014J,000-BLG-310,2456739.51833,11.525,0.074,False,Cousins R,CCD,BDGA,1.053,False
5751,SN 2014J,000-BLG-310,2456739.52129,10.830,0.010,False,Cousins I,CCD,BDGA,1.055,False
5752,SN 2014J,000-BLG-310,2456736.35417,12.432,0.02,False,Johnson V,CCD,JNDA,,False
5753,SN 2014J,000-BLG-310,2456736.35694,11.611,0.052,False,Cousins R,CCD,JNDA,,False
5754,SN 2014J,000-BLG-310,2456736.36042,10.791,0.032,False,Cousins I,CCD,JNDA,,False
5755,SN 2014J,000-BLG-310,2456738.29653,12.518,0.02,False,Johnson V,CCD,JNDA,,False
5756,SN 2014J,000-BLG-310,2456738.29931,11.698,0.034,False,Cousins R,CCD,JNDA,,False
5757,SN 2014J,000-BLG-310,2456738.30278,10.879,0.042,False,Cousins I,CCD,JNDA,,False
5758,SN 2014J,000-BLG-310,2456739.31389,12.534,0.022,False,Johnson V,CCD,JNDA,,False
5759,SN 2014J,000-BLG-310,2456739.31736,11.716,0.047,False,Cousins R,CCD,JNDA,,False
5760,SN 2014J,000-BLG-310,2456739.32083,10.887,0.036,False,Cousins I,CCD,JNDA,,False
5761,SN 2014J,000-BLG-310,2456740.35278,12.541,0.015,False,Johnson V,CCD,JNDA,,False
5762,SN 2014J,000-BLG-310,2456740.35694,11.744,0.052,False,Cousins R,CCD,JNDA,,False
5763,SN 2014J,000-BLG-310,2456740.36042,10.938,0.025,False,Cousins I,CCD,JNDA,,False
5764,SN 2014J,000-BLG-310,2456739.72028,12.687,0.037,False,Johnson V,CCD,DDJ,1.266,False
5765,SN 2014J,000-BLG-310,2456739.53752,12.409,,False,Johnson V,CCD,MBAC,,False
5766,SN 2014J,000-BLG-310,2456740.91966,12.291,0.042,False,Johnson V,CCD,HGUA,1.750,False
5767,SN 2014J,000-BLG-310,2456735.49483,11.43,0.03,False,Cousins R,CCD,CEMB,,False
5768,SN 2014J,000-BLG-310,2456740.60813,11.59,0.04,False,Cousins R,CCD,CEMB,,False
5769,SN 2014J,000-BLG-310,2456735.49532,12.45,0.04,False,Johnson V,CCD,CEMB,,False
5770,SN 2014J,000-BLG-310,2456740.60861,12.47,0.03,False,Johnson V,CCD,CEMB,,False
5771,SN 2014J,000-BLG-310,2456740.60911,14.34,0.06,False,Johnson B,CCD,CEMB,,False
5772,SN 2014J,000-BLG-310,2456735.49581,14.29,0.04,False,Johnson B,CCD,CEMB,,False
5773,SN 2014J,000-BLG-310,2456732.37196,14.24,0.03,False,Johnson B,CCD,CEMB,,False
5774,SN 2014J,000-BLG-310,2456733.35345,14.28,0.05,False,Johnson B,CCD,CEMB,,False
5775,SN 2014J,000-BLG-310,2456740.57969,14.754,0.045,False,Johnson B,CCD,BDGA,1.116,False
5776,SN 2014J,000-BLG-310,2456740.57548,12.323,0.024,False,Johnson V,CCD,BDGA,1.112,False
5777,SN 2014J,000-BLG-310,2456740.57234,11.573,0.013,False,Cousins R,CCD,BDGA,1.103,False
5778,SN 2014J,000-BLG-310,2456740.56932,10.869,0.019,False,Cousins I,CCD,BDGA,1.107,False
5779,SN 2014J,000-BLG-310,2456739.54270,12.455,0.059,False,Johnson V,CCD,ONJ,,False
5780,SN 2014J,000-BLG-310,2456736.549838,11.718,0.014,False,Cousins R,CCD,CABB,,False
5781,SN 2014J,000-BLG-310,2456738.568507,12.576,0.091,False,Johnson V,CCD,CABB,,False
5782,SN 2014J,000-BLG-310,2456738.5889,11.796,0.029,False,Cousins R,CCD,CABB,,False
5783,SN 2014J,000-BLG-310,2456741.555475,12.627,0.079,False,Johnson V,CCD,CABB,,False
5784,SN 2014J,000-BLG-310,2456741.555972,11.991,0.072,False,Cousins R,CCD,CABB,,False
5785,SN 2014J,000-BLG-310,2456741.30453,14.93,0.05,False,Johnson B,CCD,NOT,1.09,False
5786,SN 2014J,000-BLG-310,2456741.30453,12.62,0.03,False,Johnson V,CCD,NOT,1.09,False
5787,SN 2014J,000-BLG-310,2456741.30453,11.21,0.05,False,Cousins I,CCD,NOT,1.09,False
5788,SN 2014J,000-BLG-310,2456686.155,10.816,0.007,False,Johnson V,CCD,LMEA,,False
5789,SN 2014J,000-BLG-310,2456678.539097,12.266,0.0373,False,Johnson V,DSLR,VCEA,,True
5790,SN 2014J,000-BLG-310,2456678.546435,12.230,0.0373,False,Johnson V,DSLR,VCEA,,True
5791,SN 2014J,000-BLG-310,2456678.553773,12.246,0.0373,False,Johnson V,DSLR,VCEA,,True
5792,SN 2014J,000-BLG-310,2456678.563171,12.259,0.0373,False,Johnson V,DSLR,VCEA,,True
5793,SN 2014J,000-BLG-310,2456741.46342,14.743,0.043,False,Johnson B,CCD,BDGA,1.027,False
5794,SN 2014J,000-BLG-310,2456741.45923,12.459,0.024,False,Johnson V,CCD,BDGA,1.026,False
5795,SN 2014J,000-BLG-310,2456741.45287,11.705,0.009,False,Cousins R,CCD,BDGA,1.024,False
5796,SN 2014J,000-BLG-310,2456741.46587,11.058,0.005,False,Cousins I,CCD,BDGA,"1,025",False
5797,SN 2014J,000-BLG-310,2456742.54897,11.934,0.019,False,Cousins R,CCD,CABB,,False
5798,SN 2014J,000-BLG-310,2456742.562407,14.903,0.071,False,Johnson B,CCD,CABB,,False
5799,SN 2014J,000-BLG-310,2456742.549942,12.799,0.025,False,Johnson V,CCD,CABB,,False
5800,SN 2014J,000-BLG-310,2456742.32565,14.603,0.058,False,Johnson B,CCD,OAR,1.008,False
5801,SN 2014J,000-BLG-310,2456742.33742,12.615,0.025,False,Johnson V,CCD,OAR,1.008,False
5802,SN 2014J,000-BLG-310,2456742.34200,11.744,0.048,False,Cousins R,CCD,OAR,1.008,False
5803,SN 2014J,000-BLG-310,2456742.35291,14.88,0.03,False,Johnson B,CCD,NOT,1.07,False
5804,SN 2014J,000-BLG-310,2456742.35291,12.54,0.02,False,Johnson V,CCD,NOT,1.07,False
5805,SN 2014J,000-BLG-310,2456742.35291,11.24,0.02,False,Cousins I,CCD,NOT,1.07,False
5806,SN 2014J,000-BLG-310,2456743.53215,11.697,0.029,False,Cousins R,CCD,HGUA,,False
5807,SN 2014J,000-BLG-310,2456743.53215,14.638,0.104,False,Johnson B,CCD,HGUA,,False
5808,SN 2014J,000-BLG-310,2456743.53215,12.592,0.028,False,Johnson V,CCD,HGUA,,False
5809,SN 2014J,000-BLG-310,2456743.39071,10.976,0.041,False,Cousins I,CCD,OAR,1.020,False
5810,SN 2014J,000-BLG-310,2456743.38493,11.835,0.034,False,Cousins R,CCD,OAR,1.018,False
5811,SN 2014J,000-BLG-310,2456743.37927,12.687,0.023,False,Johnson V,CCD,OAR,1.016,False
5812,SN 2014J,000-BLG-310,2456743.37066,14.756,0.070,False,Johnson B,CCD,OAR,1.014,False
5813,SN 2014J,000-BLG-310,2456744.37208,14.800,0.027,False,Johnson B,CCD,NRNA,1.136,False
5814,SN 2014J,000-BLG-310,2456744.40093,11.179,0.004,False,Cousins I,CCD,NRNA,1.134,False
5815,SN 2014J,000-BLG-310,2456744.41194,11.913,0.004,False,Cousins R,CCD,NRNA,1.136,False
5816,SN 2014J,000-BLG-310,2456744.42271,12.563,0.003,False,Johnson V,CCD,NRNA,1.140,False
5817,SN 2014J,000-BLG-310,2456744.34490,10.975,0.075,False,Cousins I,CCD,OAR,1.009,False
5818,SN 2014J,000-BLG-310,2456744.33853,11.789,0.048,False,Cousins R,CCD,OAR,1.008,False
5819,SN 2014J,000-BLG-310,2456744.33260,12.652,0.024,False,Johnson V,CCD,OAR,1.008,False
5820,SN 2014J,000-BLG-310,2456744.32220,14.674,0.062,False,Johnson B,CCD,OAR,1.009,False
5821,SN 2014J,000-BLG-310,2456744.40477,14.80,0.05,False,Johnson B,CCD,NOT,1.07,False
5822,SN 2014J,000-BLG-310,2456744.40477,12.69,0.02,False,Johnson V,CCD,NOT,1.07,False
5823,SN 2014J,000-BLG-310,2456744.40477,11.29,0.02,False,Cousins I,CCD,NOT,1.07,False
5824,SN 2014J,000-BLG-310,2456745.3418,14.863,0.039,False,Johnson B,CCD,MMN,,False
5825,SN 2014J,000-BLG-310,2456745.3426,12.691,0.021,False,Johnson V,CCD,MMN,,False
5826,SN 2014J,000-BLG-310,2456745.3434,11.342,0.031,False,Cousins I,CCD,MMN,,False
5827,SN 2014J,000-BLG-310,2456746.35300,11.119,0.069,False,Cousins I,CCD,OAR,1.011,False
5828,SN 2014J,000-BLG-310,2456746.34664,11.914,0.051,False,Cousins R,CCD,OAR,1.010,False
5829,SN 2014J,000-BLG-310,2456746.34039,12.772,0.035,False,Johnson V,CCD,OAR,1.009,False
5830,SN 2014J,000-BLG-310,2456746.33182,14.645,0.061,False,Johnson B,CCD,OAR,1.008,False
5831,SN 2014J,000-BLG-310,2456733.777456,14.597,0.025,False,Johnson B,CCD,FJQ,1.233,False
5832,SN 2014J,000-BLG-310,2456733.779737,14.607,0.029,False,Johnson B,CCD,FJQ,1.233,False
5833,SN 2014J,000-BLG-310,2456733.782013,14.595,0.032,False,Johnson B,CCD,FJQ,1.235,False
5834,SN 2014J,000-BLG-310,2456734.761828,14.654,0.038,False,Johnson B,CCD,FJQ,1.231,False
5835,SN 2014J,000-BLG-310,2456734.764091,14.642,0.036,False,Johnson B,CCD,FJQ,1.231,False
5836,SN 2014J,000-BLG-310,2456734.766374,14.655,0.038,False,Johnson B,CCD,FJQ,1.232,False
5837,SN 2014J,000-BLG-310,2456735.77758,14.653,0.024,False,Johnson B,CCD,FJQ,1.236,False
5838,SN 2014J,000-BLG-310,2456735.779839,14.663,0.025,False,Johnson B,CCD,FJQ,1.236,False
5839,SN 2014J,000-BLG-310,2456735.782097,14.640,0.025,False,Johnson B,CCD,FJQ,1.237,False
5840,SN 2014J,000-BLG-310,2456737.798357,14.751,0.044,False,Johnson B,CCD,FJQ,1.253,False
5841,SN 2014J,000-BLG-310,2456737.800649,14.686,0.046,False,Johnson B,CCD,FJQ,1.253,False
5842,SN 2014J,000-BLG-310,2456737.80294,14.686,0.046,False,Johnson B,CCD,FJQ,1.256,False
5843,SN 2014J,000-BLG-310,2456738.782108,14.685,0.033,False,Johnson B,CCD,FJQ,1.242,False
5844,SN 2014J,000-BLG-310,2456738.785441,14.669,0.028,False,Johnson B,CCD,FJQ,1.244,False
5845,SN 2014J,000-BLG-310,2456738.78874,14.699,0.031,False,Johnson B,CCD,FJQ,1.247,False
5846,SN 2014J,000-BLG-310,2456724.788438,14.357,0.033,False,Johnson B,CCD,FJQ,1.227,False
5847,SN 2014J,000-BLG-310,2456724.790833,14.351,0.023,False,Johnson B,CCD,FJQ,1.228,False
5848,SN 2014J,000-BLG-310,2456724.793229,14.351,0.025,False,Johnson B,CCD,FJQ,1.228,False
5849,SN 2014J,000-BLG-310,2456726.808854,14.484,0.059,False,Johnson B,CCD,FJQ,1.238,False
5850,SN 2014J,000-BLG-310,2456726.81125,14.443,0.035,False,Johnson B,CCD,FJQ,1.239,False
5851,SN 2014J,000-BLG-310,2456726.813634,14.477,0.026,False,Johnson B,CCD,FJQ,1.240,False
5852,SN 2014J,000-BLG-310,2456728.771979,14.537,0.027,False,Johnson B,CCD,FJQ,1.229,False
5853,SN 2014J,000-BLG-310,2456728.782095,14.558,0.028,False,Johnson B,CCD,FJQ,1.230,False
5854,SN 2014J,000-BLG-310,2456728.784491,14.544,0.024,False,Johnson B,CCD,FJQ,1.230,False
5855,SN 2014J,000-BLG-310,2456729.770752,14.575,0.028,False,Johnson B,CCD,FJQ,1.229,False
5856,SN 2014J,000-BLG-310,2456729.773148,14.563,0.028,False,Johnson B,CCD,FJQ,1.229,False
5857,SN 2014J,000-BLG-310,2456729.775544,14.585,0.022,False,Johnson B,CCD,FJQ,1.229,False
5858,SN 2014J,000-BLG-310,2456730.818495,14.611,0.029,False,Johnson B,CCD,FJQ,1.253,False
5859,SN 2014J,000-BLG-310,2456730.820891,14.614,0.030,False,Johnson B,CCD,FJQ,1.255,False
5860,SN 2014J,000-BLG-310,2456730.823275,14.634,0.030,False,Johnson B,CCD,FJQ,1.257,False
5861,SN 2014J,000-BLG-310,2456731.790243,14.610,0.089,False,Johnson B,CCD,FJQ,1.236,False
5862,SN 2014J,000-BLG-310,2456731.792627,14.608,0.054,False,Johnson B,CCD,FJQ,1.237,False
5863,SN 2014J,000-BLG-310,2456731.795012,14.631,0.041,False,Johnson B,CCD,FJQ,1.238,False
5864,SN 2014J,000-BLG-310,2456732.794942,14.588,0.083,False,Johnson B,CCD,FJQ,1.239,False
5865,SN 2014J,000-BLG-310,2456732.797338,14.629,0.047,False,Johnson B,CCD,FJQ,1.240,False
5866,SN 2014J,000-BLG-310,2456732.799722,14.660,0.039,False,Johnson B,CCD,FJQ,1.242,False
5867,SN 2014J,000-BLG-310,2456744.772245,14.747,0.041,False,Johnson B,CCD,FJQ,1.247,False
5868,SN 2014J,000-BLG-310,2456744.774641,14.783,0.035,False,Johnson B,CCD,FJQ,1.248,False
5869,SN 2014J,000-BLG-310,2456744.777025,14.805,0.041,False,Johnson B,CCD,FJQ,1.250,False
5870,SN 2014J,000-BLG-310,2456745.747106,14.838,0.031,False,Johnson B,CCD,FJQ,1.235,False
5871,SN 2014J,000-BLG-310,2456745.749468,14.846,0.023,False,Johnson B,CCD,FJQ,1.236,False
5872,SN 2014J,000-BLG-310,2456745.751829,14.847,0.022,False,Johnson B,CCD,FJQ,1.237,False
5873,SN 2014J,000-BLG-310,2456747.73934,14.860,0.026,False,Johnson B,CCD,FJQ,1.233,False
5874,SN 2014J,000-BLG-310,2456747.74169,14.873,0.024,False,Johnson B,CCD,FJQ,1.234,False
5875,SN 2014J,000-BLG-310,2456747.744051,14.908,0.017,False,Johnson B,CCD,FJQ,1.235,False
5876,SN 2014J,000-BLG-310,2456733.785196,12.386,0.019,False,Johnson V,CCD,FJQ,1.236,False
5877,SN 2014J,000-BLG-310,2456733.787457,12.390,0.017,False,Johnson V,CCD,FJQ,1.236,False
5878,SN 2014J,000-BLG-310,2456733.789714,12.385,0.018,False,Johnson V,CCD,FJQ,1.238,False
5879,SN 2014J,000-BLG-310,2456734.769537,12.421,0.037,False,Johnson V,CCD,FJQ,1.233,False
5880,SN 2014J,000-BLG-310,2456734.771796,12.426,0.039,False,Johnson V,CCD,FJQ,1.233,False
5881,SN 2014J,000-BLG-310,2456734.774071,12.427,0.026,False,Johnson V,CCD,FJQ,1.233,False
5882,SN 2014J,000-BLG-310,2456735.785025,12.424,0.019,False,Johnson V,CCD,FJQ,1.239,False
5883,SN 2014J,000-BLG-310,2456735.787276,12.426,0.021,False,Johnson V,CCD,FJQ,1.241,False
5884,SN 2014J,000-BLG-310,2456735.789533,12.412,0.019,False,Johnson V,CCD,FJQ,1.241,False
5885,SN 2014J,000-BLG-310,2456737.806184,12.507,0.031,False,Johnson V,CCD,FJQ,1.260,False
5886,SN 2014J,000-BLG-310,2456737.808438,12.503,0.026,False,Johnson V,CCD,FJQ,1.263,False
5887,SN 2014J,000-BLG-310,2456737.810709,12.496,0.029,False,Johnson V,CCD,FJQ,1.263,False
5888,SN 2014J,000-BLG-310,2456738.792062,12.510,0.021,False,Johnson V,CCD,FJQ,1.249,False
5889,SN 2014J,000-BLG-310,2456738.795245,12.525,0.023,False,Johnson V,CCD,FJQ,1.252,False
5890,SN 2014J,000-BLG-310,2456738.798395,12.522,0.023,False,Johnson V,CCD,FJQ,1.256,False
5891,SN 2014J,000-BLG-310,2456724.795926,11.997,0.018,False,Johnson V,CCD,FJQ,1.228,False
5892,SN 2014J,000-BLG-310,2456724.798287,12.001,0.018,False,Johnson V,CCD,FJQ,1.229,False
5893,SN 2014J,000-BLG-310,2456724.800683,12.003,0.020,False,Johnson V,CCD,FJQ,1.230,False
5894,SN 2014J,000-BLG-310,2456726.816319,12.139,0.017,False,Johnson V,CCD,FJQ,1.242,False
5895,SN 2014J,000-BLG-310,2456726.818715,12.132,0.016,False,Johnson V,CCD,FJQ,1.244,False
5896,SN 2014J,000-BLG-310,2456726.821111,12.122,0.017,False,Johnson V,CCD,FJQ,1.246,False
5897,SN 2014J,000-BLG-310,2456728.787188,12.236,0.020,False,Johnson V,CCD,FJQ,1.231,False
5898,SN 2014J,000-BLG-310,2456728.789549,12.237,0.018,False,Johnson V,CCD,FJQ,1.231,False
5899,SN 2014J,000-BLG-310,2456728.79191,12.236,0.018,False,Johnson V,CCD,FJQ,1.232,False
5900,SN 2014J,000-BLG-310,2456729.778229,12.256,0.019,False,Johnson V,CCD,FJQ,1.230,False
5901,SN 2014J,000-BLG-310,2456729.780625,12.263,0.019,False,Johnson V,CCD,FJQ,1.230,False
5902,SN 2014J,000-BLG-310,2456729.783009,12.265,0.015,False,Johnson V,CCD,FJQ,1.231,False
5903,SN 2014J,000-BLG-310,2456730.825972,12.308,0.022,False,Johnson V,CCD,FJQ,1.260,False
5904,SN 2014J,000-BLG-310,2456730.828356,12.312,0.021,False,Johnson V,CCD,FJQ,1.262,False
5905,SN 2014J,000-BLG-310,2456730.830741,12.301,0.021,False,Johnson V,CCD,FJQ,1.265,False
5906,SN 2014J,000-BLG-310,2456731.797708,12.333,0.026,False,Johnson V,CCD,FJQ,1.240,False
5907,SN 2014J,000-BLG-310,2456731.800093,12.333,0.030,False,Johnson V,CCD,FJQ,1.241,False
5908,SN 2014J,000-BLG-310,2456731.802477,12.330,0.042,False,Johnson V,CCD,FJQ,1.243,False
5909,SN 2014J,000-BLG-310,2456732.802419,12.380,0.026,False,Johnson V,CCD,FJQ,1.243,False
5910,SN 2014J,000-BLG-310,2456732.804815,12.378,0.024,False,Johnson V,CCD,FJQ,1.245,False
5911,SN 2014J,000-BLG-310,2456732.807199,12.370,0.028,False,Johnson V,CCD,FJQ,1.247,False
5912,SN 2014J,000-BLG-310,2456744.779549,12.679,0.028,False,Johnson V,CCD,FJQ,1.253,False
5913,SN 2014J,000-BLG-310,2456744.781887,12.687,0.023,False,Johnson V,CCD,FJQ,1.255,False
5914,SN 2014J,000-BLG-310,2456744.784236,12.689,0.022,False,Johnson V,CCD,FJQ,1.257,False
5915,SN 2014J,000-BLG-310,2456745.754375,12.735,0.016,False,Johnson V,CCD,FJQ,1.238,False
5916,SN 2014J,000-BLG-310,2456745.756725,12.735,0.019,False,Johnson V,CCD,FJQ,1.239,False
5917,SN 2014J,000-BLG-310,2456745.759086,12.738,0.018,False,Johnson V,CCD,FJQ,1.240,False
5918,SN 2014J,000-BLG-310,2456747.746597,12.822,0.013,False,Johnson V,CCD,FJQ,1.236,False
5919,SN 2014J,000-BLG-310,2456747.748947,12.816,0.013,False,Johnson V,CCD,FJQ,1.237,False
5920,SN 2014J,000-BLG-310,2456747.755822,12.813,0.013,False,Johnson V,CCD,FJQ,1.241,False
5921,SN 2014J,000-BLG-310,2456733.792988,10.776,0.014,False,Cousins I,CCD,FJQ,1.240,False
5922,SN 2014J,000-BLG-310,2456733.795262,10.778,0.014,False,Cousins I,CCD,FJQ,1.242,False
5923,SN 2014J,000-BLG-310,2456733.797534,10.773,0.017,False,Cousins I,CCD,FJQ,1.242,False
5924,SN 2014J,000-BLG-310,2456734.777312,10.836,0.030,False,Cousins I,CCD,FJQ,1.235,False
5925,SN 2014J,000-BLG-310,2456734.77958,10.823,0.029,False,Cousins I,CCD,FJQ,1.236,False
5926,SN 2014J,000-BLG-310,2456734.78186,10.856,0.042,False,Cousins I,CCD,FJQ,1.236,False
5927,SN 2014J,000-BLG-310,2456735.792584,10.862,0.014,False,Cousins I,CCD,FJQ,1.243,False
5928,SN 2014J,000-BLG-310,2456735.794823,10.872,0.016,False,Cousins I,CCD,FJQ,1.246,False
5929,SN 2014J,000-BLG-310,2456735.797075,10.867,0.015,False,Cousins I,CCD,FJQ,1.248,False
5930,SN 2014J,000-BLG-310,2456737.814008,10.967,0.022,False,Cousins I,CCD,FJQ,1.267,False
5931,SN 2014J,000-BLG-310,2456737.816273,10.959,0.025,False,Cousins I,CCD,FJQ,1.271,False
5932,SN 2014J,000-BLG-310,2456737.818542,10.963,0.027,False,Cousins I,CCD,FJQ,1.276,False
5933,SN 2014J,000-BLG-310,2456738.801784,11.011,0.018,False,Cousins I,CCD,FJQ,1.259,False
5934,SN 2014J,000-BLG-310,2456738.805051,11.013,0.019,False,Cousins I,CCD,FJQ,1.259,False
5935,SN 2014J,000-BLG-310,2456738.808404,11.017,0.020,False,Cousins I,CCD,FJQ,1.263,False
5936,SN 2014J,000-BLG-310,2456724.803368,10.250,0.018,False,Cousins I,CCD,FJQ,1.231,False
5937,SN 2014J,000-BLG-310,2456724.805718,10.254,0.014,False,Cousins I,CCD,FJQ,1.232,False
5938,SN 2014J,000-BLG-310,2456724.808079,10.245,0.020,False,Cousins I,CCD,FJQ,1.232,False
5939,SN 2014J,000-BLG-310,2456726.823785,10.421,0.016,False,Cousins I,CCD,FJQ,1.248,False
5940,SN 2014J,000-BLG-310,2456726.826146,10.427,0.013,False,Cousins I,CCD,FJQ,1.250,False
5941,SN 2014J,000-BLG-310,2456726.828495,10.420,0.014,False,Cousins I,CCD,FJQ,1.252,False
5942,SN 2014J,000-BLG-310,2456728.794595,10.569,0.013,False,Cousins I,CCD,FJQ,1.233,False
5943,SN 2014J,000-BLG-310,2456728.796979,10.562,0.014,False,Cousins I,CCD,FJQ,1.234,False
5944,SN 2014J,000-BLG-310,2456728.79934,10.562,0.014,False,Cousins I,CCD,FJQ,1.235,False
5945,SN 2014J,000-BLG-310,2456729.785694,10.622,0.013,False,Cousins I,CCD,FJQ,1.231,False
5946,SN 2014J,000-BLG-310,2456729.788079,10.618,0.013,False,Cousins I,CCD,FJQ,1.232,False
5947,SN 2014J,000-BLG-310,2456729.790463,10.618,0.013,False,Cousins I,CCD,FJQ,1.233,False
5948,SN 2014J,000-BLG-310,2456730.833426,10.682,0.016,False,Cousins I,CCD,FJQ,1.268,False
5949,SN 2014J,000-BLG-310,2456730.83581,10.679,0.014,False,Cousins I,CCD,FJQ,1.271,False
5950,SN 2014J,000-BLG-310,2456730.83816,10.677,0.012,False,Cousins I,CCD,FJQ,1.274,False
5951,SN 2014J,000-BLG-310,2456731.805162,10.719,0.032,False,Cousins I,CCD,FJQ,1.245,False
5952,SN 2014J,000-BLG-310,2456731.807512,10.730,0.044,False,Cousins I,CCD,FJQ,1.247,False
5953,SN 2014J,000-BLG-310,2456731.809907,10.710,0.027,False,Cousins I,CCD,FJQ,1.248,False
5954,SN 2014J,000-BLG-310,2456732.809873,10.784,0.021,False,Cousins I,CCD,FJQ,1.249,False
5955,SN 2014J,000-BLG-310,2456732.812269,10.787,0.016,False,Cousins I,CCD,FJQ,1.251,False
5956,SN 2014J,000-BLG-310,2456732.814618,10.793,0.015,False,Cousins I,CCD,FJQ,1.254,False
5957,SN 2014J,000-BLG-310,2456744.78684,11.280,0.019,False,Cousins I,CCD,FJQ,1.260,False
5958,SN 2014J,000-BLG-310,2456744.78919,11.292,0.020,False,Cousins I,CCD,FJQ,1.262,False
5959,SN 2014J,000-BLG-310,2456744.791528,11.291,0.019,False,Cousins I,CCD,FJQ,1.265,False
5960,SN 2014J,000-BLG-310,2456745.761713,11.373,0.012,False,Cousins I,CCD,FJQ,1.242,False
5961,SN 2014J,000-BLG-310,2456745.764074,11.372,0.012,False,Cousins I,CCD,FJQ,1.244,False
5962,SN 2014J,000-BLG-310,2456745.766435,11.369,0.013,False,Cousins I,CCD,FJQ,1.245,False
5963,SN 2014J,000-BLG-310,2456747.758438,11.475,0.011,False,Cousins I,CCD,FJQ,1.242,False
5964,SN 2014J,000-BLG-310,2456747.760787,11.474,0.012,False,Cousins I,CCD,FJQ,1.244,False
5965,SN 2014J,000-BLG-310,2456747.763137,11.470,0.010,False,Cousins I,CCD,FJQ,1.246,False
5966,SN 2014J,000-BLG-310,2456733.800651,11.616,0.015,False,Cousins R,CCD,FJQ,1.244,False
5967,SN 2014J,000-BLG-310,2456733.802922,11.615,0.015,False,Cousins R,CCD,FJQ,1.246,False
5968,SN 2014J,000-BLG-310,2456733.805177,11.617,0.014,False,Cousins R,CCD,FJQ,1.249,False
5969,SN 2014J,000-BLG-310,2456734.785153,11.685,0.023,False,Cousins R,CCD,FJQ,1.237,False
5970,SN 2014J,000-BLG-310,2456734.787419,11.661,0.018,False,Cousins R,CCD,FJQ,1.239,False
5971,SN 2014J,000-BLG-310,2456734.789704,11.669,0.019,False,Cousins R,CCD,FJQ,1.241,False
5972,SN 2014J,000-BLG-310,2456735.800081,11.669,0.014,False,Cousins R,CCD,FJQ,1.248,False
5973,SN 2014J,000-BLG-310,2456735.802329,11.669,0.015,False,Cousins R,CCD,FJQ,1.251,False
5974,SN 2014J,000-BLG-310,2456735.804586,11.677,0.013,False,Cousins R,CCD,FJQ,1.254,False
5975,SN 2014J,000-BLG-310,2456737.821852,11.770,0.031,False,Cousins R,CCD,FJQ,1.280,False
5976,SN 2014J,000-BLG-310,2456737.824098,11.764,0.031,False,Cousins R,CCD,FJQ,1.280,False
5977,SN 2014J,000-BLG-310,2456737.826373,11.766,0.037,False,Cousins R,CCD,FJQ,1.285,False
5978,SN 2014J,000-BLG-310,2456738.811763,11.770,0.016,False,Cousins R,CCD,FJQ,1.266,False
5979,SN 2014J,000-BLG-310,2456738.814805,11.785,0.016,False,Cousins R,CCD,FJQ,1.271,False
5980,SN 2014J,000-BLG-310,2456738.817802,11.779,0.019,False,Cousins R,CCD,FJQ,1.275,False
5981,SN 2014J,000-BLG-310,2456724.810764,11.145,0.010,False,Cousins R,CCD,FJQ,1.234,False
5982,SN 2014J,000-BLG-310,2456724.813113,11.156,0.008,False,Cousins R,CCD,FJQ,1.235,False
5983,SN 2014J,000-BLG-310,2456724.815475,11.151,0.008,False,Cousins R,CCD,FJQ,1.236,False
5984,SN 2014J,000-BLG-310,2456726.831169,11.325,0.008,False,Cousins R,CCD,FJQ,1.254,False
5985,SN 2014J,000-BLG-310,2456726.833553,11.321,0.008,False,Cousins R,CCD,FJQ,1.257,False
5986,SN 2014J,000-BLG-310,2456726.835903,11.320,0.009,False,Cousins R,CCD,FJQ,1.259,False
5987,SN 2014J,000-BLG-310,2456728.802025,11.436,0.013,False,Cousins R,CCD,FJQ,1.237,False
5988,SN 2014J,000-BLG-310,2456728.80441,11.452,0.014,False,Cousins R,CCD,FJQ,1.238,False
5989,SN 2014J,000-BLG-310,2456728.806794,11.438,0.015,False,Cousins R,CCD,FJQ,1.239,False
5990,SN 2014J,000-BLG-310,2456729.793137,11.492,0.009,False,Cousins R,CCD,FJQ,1.234,False
5991,SN 2014J,000-BLG-310,2456729.795521,11.495,0.009,False,Cousins R,CCD,FJQ,1.235,False
5992,SN 2014J,000-BLG-310,2456729.797917,11.486,0.009,False,Cousins R,CCD,FJQ,1.236,False
5993,SN 2014J,000-BLG-310,2456730.840833,11.539,0.011,False,Cousins R,CCD,FJQ,1.278,False
5994,SN 2014J,000-BLG-310,2456730.843218,11.543,0.011,False,Cousins R,CCD,FJQ,1.281,False
5995,SN 2014J,000-BLG-310,2456730.845613,11.533,0.013,False,Cousins R,CCD,FJQ,1.284,False
5996,SN 2014J,000-BLG-310,2456731.812581,11.582,0.015,False,Cousins R,CCD,FJQ,1.251,False
5997,SN 2014J,000-BLG-310,2456731.814965,11.600,0.020,False,Cousins R,CCD,FJQ,1.253,False
5998,SN 2014J,000-BLG-310,2456731.817326,11.593,0.016,False,Cousins R,CCD,FJQ,1.255,False
5999,SN 2014J,000-BLG-310,2456732.817292,11.620,0.009,False,Cousins R,CCD,FJQ,1.256,False
6000,SN 2014J,000-BLG-310,2456732.819688,11.614,0.010,False,Cousins R,CCD,FJQ,1.259,False
6001,SN 2014J,000-BLG-310,2456732.822072,11.633,0.011,False,Cousins R,CCD,FJQ,1.261,False
6002,SN 2014J,000-BLG-310,2456744.794213,12.016,0.013,False,Cousins R,CCD,FJQ,1.268,False
6003,SN 2014J,000-BLG-310,2456744.796563,12.027,0.013,False,Cousins R,CCD,FJQ,1.271,False
6004,SN 2014J,000-BLG-310,2456744.798912,12.023,0.013,False,Cousins R,CCD,FJQ,1.274,False
6005,SN 2014J,000-BLG-310,2456745.769155,12.076,0.007,False,Cousins R,CCD,FJQ,1.247,False
6006,SN 2014J,000-BLG-310,2456745.771516,12.076,0.007,False,Cousins R,CCD,FJQ,1.249,False
6007,SN 2014J,000-BLG-310,2456745.773877,12.075,0.007,False,Cousins R,CCD,FJQ,1.251,False
6008,SN 2014J,000-BLG-310,2456747.765856,12.142,0.007,False,Cousins R,CCD,FJQ,1.248,False
6009,SN 2014J,000-BLG-310,2456747.768206,12.133,0.006,False,Cousins R,CCD,FJQ,1.250,False
6010,SN 2014J,000-BLG-310,2456747.770556,12.140,0.006,False,Cousins R,CCD,FJQ,1.252,False
6011,SN 2014J,000-BLG-310,2456745.48948,15.01,0.06,False,Johnson B,CCD,NOT,1.13,False
6012,SN 2014J,000-BLG-310,2456745.48948,12.75,0.02,False,Johnson V,CCD,NOT,1.13,False
6013,SN 2014J,000-BLG-310,2456745.48948,11.36,0.02,False,Cousins I,CCD,NOT,1.13,False
6014,SN 2014J,000-BLG-310,2456746.34253,14.96,0.03,False,Johnson B,CCD,NOT,1.07,False
6015,SN 2014J,000-BLG-310,2456746.34253,12.74,0.02,False,Johnson V,CCD,NOT,1.07,False
6016,SN 2014J,000-BLG-310,2456746.34253,11.40,0.02,False,Cousins I,CCD,NOT,1.07,False
6017,SN 2014J,000-BLG-310,2456747.35399,14.99,0.03,False,Johnson B,CCD,NOT,1.06,False
6018,SN 2014J,000-BLG-310,2456747.35399,12.72,0.02,False,Johnson V,CCD,NOT,1.06,False
6019,SN 2014J,000-BLG-310,2456747.35399,11.44,0.02,False,Cousins I,CCD,NOT,1.06,False
6020,SN 2014J,000-BLG-310,2456747.636447,14.847,0.071,False,Johnson B,CCD,CABB,,False
6021,SN 2014J,000-BLG-310,2456747.640324,12.037,0.014,False,Cousins R,CCD,CABB,,False
6022,SN 2014J,000-BLG-310,2456747.634063,12.816,0.016,False,Johnson V,CCD,CABB,,False
6023,J09554214+6940260,000-BLG-310,2456725.66917,11.890,0.017,False,Johnson V,CCD,OJJ,1.188,False
6024,J09554214+6940260,000-BLG-310,2456725.66949,11.883,0.015,False,Johnson V,CCD,OJJ,1.188,False
6025,J09554214+6940260,000-BLG-310,2456725.67012,11.902,0.015,False,Johnson V,CCD,OJJ,1.187,False
6026,J09554214+6940260,000-BLG-310,2456725.68219,11.897,0.008,False,Johnson V,CCD,OJJ,1.176,False
6027,J09554214+6940260,000-BLG-310,2456725.68368,11.878,0.009,False,Johnson V,CCD,OJJ,1.174,False
6028,J09554214+6940260,000-BLG-310,2456725.68668,11.896,0.008,False,Johnson V,CCD,OJJ,1.172,False
6029,J09554214+6940260,000-BLG-310,2456725.69123,11.897,0.009,False,Johnson V,CCD,OJJ,1.169,False
6030,J09554214+6940260,000-BLG-310,2456725.69272,11.900,0.009,False,Johnson V,CCD,OJJ,1.167,False
6031,J09554214+6940260,000-BLG-310,2456725.69323,11.884,0.009,False,Johnson V,CCD,OJJ,1.167,False
6032,J09554214+6940260,000-BLG-310,2456725.69479,11.897,0.010,False,Johnson V,CCD,OJJ,1.166,False
6033,J09554214+6940260,000-BLG-310,2456725.69582,11.891,0.009,False,Johnson V,CCD,OJJ,1.165,False
6034,J09554214+6940260,000-BLG-310,2456725.69633,11.910,0.010,False,Johnson V,CCD,OJJ,1.165,False
6035,J09554214+6940260,000-BLG-310,2456725.69682,11.881,0.010,False,Johnson V,CCD,OJJ,1.165,False
6036,J09554214+6940260,000-BLG-310,2456725.70035,11.909,0.010,False,Johnson V,CCD,OJJ,1.163,False
6037,J09554214+6940260,000-BLG-310,2456725.71301,11.889,0.009,False,Johnson V,CCD,OJJ,1.156,False
6038,J09554214+6940260,000-BLG-310,2456725.71351,11.889,0.008,False,Johnson V,CCD,OJJ,1.156,False
6039,J09554214+6940260,000-BLG-310,2456725.71400,11.910,0.008,False,Johnson V,CCD,OJJ,1.156,False
6040,J09554214+6940260,000-BLG-310,2456725.71451,11.900,0.008,False,Johnson V,CCD,OJJ,1.156,False
6041,J09554214+6940260,000-BLG-310,2456725.71502,11.893,0.008,False,Johnson V,CCD,OJJ,1.156,False
6042,J09554214+6940260,000-BLG-310,2456725.71552,11.895,0.008,False,Johnson V,CCD,OJJ,1.155,False
6043,J09554214+6940260,000-BLG-310,2456725.71601,11.894,0.007,False,Johnson V,CCD,OJJ,1.155,False
6044,J09554214+6940260,000-BLG-310,2456725.71650,11.887,0.007,False,Johnson V,CCD,OJJ,1.155,False
6045,J09554214+6940260,000-BLG-310,2456725.71699,11.894,0.007,False,Johnson V,CCD,OJJ,1.155,False
6046,J09554214+6940260,000-BLG-310,2456725.71750,11.891,0.007,False,Johnson V,CCD,OJJ,1.155,False
6047,J09554214+6940260,000-BLG-310,2456725.71799,11.907,0.007,False,Johnson V,CCD,OJJ,1.154,False
6048,J09554214+6940260,000-BLG-310,2456725.71847,11.902,0.007,False,Johnson V,CCD,OJJ,1.154,False
6049,J09554214+6940260,000-BLG-310,2456725.71897,11.888,0.008,False,Johnson V,CCD,OJJ,1.154,False
6050,J09554214+6940260,000-BLG-310,2456725.71947,11.906,0.008,False,Johnson V,CCD,OJJ,1.154,False
6051,J09554214+6940260,000-BLG-310,2456725.71995,11.897,0.008,False,Johnson V,CCD,OJJ,1.154,False
6052,J09554214+6940260,000-BLG-310,2456725.72046,11.891,0.008,False,Johnson V,CCD,OJJ,1.154,False
6053,J09554214+6940260,000-BLG-310,2456725.72095,11.914,0.009,False,Johnson V,CCD,OJJ,1.154,False
6054,J09554214+6940260,000-BLG-310,2456725.72146,11.909,0.009,False,Johnson V,CCD,OJJ,1.153,False
6055,J09554214+6940260,000-BLG-310,2456725.72193,11.895,0.008,False,Johnson V,CCD,OJJ,1.153,False
6056,J09554214+6940260,000-BLG-310,2456725.72243,11.885,0.008,False,Johnson V,CCD,OJJ,1.153,False
6057,J09554214+6940260,000-BLG-310,2456725.72292,11.887,0.008,False,Johnson V,CCD,OJJ,1.153,False
6058,J09554214+6940260,000-BLG-310,2456725.72340,11.885,0.008,False,Johnson V,CCD,OJJ,1.153,False
6059,J09554214+6940260,000-BLG-310,2456725.72389,11.895,0.007,False,Johnson V,CCD,OJJ,1.153,False
6060,J09554214+6940260,000-BLG-310,2456725.72436,11.896,0.007,False,Johnson V,CCD,OJJ,1.153,False
6061,J09554214+6940260,000-BLG-310,2456725.72488,11.897,0.007,False,Johnson V,CCD,OJJ,1.153,False
6062,J09554214+6940260,000-BLG-310,2456725.72558,11.892,0.006,False,Johnson V,CCD,OJJ,1.152,False
6063,J09554214+6940260,000-BLG-310,2456725.72618,11.894,0.006,False,Johnson V,CCD,OJJ,1.152,False
6064,J09554214+6940260,000-BLG-310,2456725.72678,11.902,0.006,False,Johnson V,CCD,OJJ,1.152,False
6065,J09554214+6940260,000-BLG-310,2456725.72741,11.900,0.006,False,Johnson V,CCD,OJJ,1.152,False
6066,J09554214+6940260,000-BLG-310,2456725.72801,11.894,0.006,False,Johnson V,CCD,OJJ,1.152,False
6067,J09554214+6940260,000-BLG-310,2456725.72861,11.901,0.006,False,Johnson V,CCD,OJJ,1.152,False
6068,J09554214+6940260,000-BLG-310,2456725.72921,11.892,0.006,False,Johnson V,CCD,OJJ,1.152,False
6069,J09554214+6940260,000-BLG-310,2456725.72981,11.884,0.006,False,Johnson V,CCD,OJJ,1.152,False
6070,J09554214+6940260,000-BLG-310,2456725.73042,11.896,0.006,False,Johnson V,CCD,OJJ,1.151,False
6071,J09554214+6940260,000-BLG-310,2456725.73103,11.887,0.006,False,Johnson V,CCD,OJJ,1.151,False
6072,J09554214+6940260,000-BLG-310,2456725.73163,11.913,0.006,False,Johnson V,CCD,OJJ,1.151,False
6073,J09554214+6940260,000-BLG-310,2456725.73222,11.897,0.007,False,Johnson V,CCD,OJJ,1.151,False
6074,J09554214+6940260,000-BLG-310,2456725.73282,11.883,0.007,False,Johnson V,CCD,OJJ,1.151,False
6075,J09554214+6940260,000-BLG-310,2456725.73346,11.887,0.007,False,Johnson V,CCD,OJJ,1.151,False
6076,J09554214+6940260,000-BLG-310,2456725.73407,11.900,0.008,False,Johnson V,CCD,OJJ,1.151,False
6077,J09554214+6940260,000-BLG-310,2456725.73469,11.910,0.007,False,Johnson V,CCD,OJJ,1.151,False
6078,J09554214+6940260,000-BLG-310,2456725.73531,11.895,0.007,False,Johnson V,CCD,OJJ,1.151,False
6079,J09554214+6940260,000-BLG-310,2456725.73591,11.879,0.007,False,Johnson V,CCD,OJJ,1.151,False
6080,J09554214+6940260,000-BLG-310,2456725.73653,11.890,0.007,False,Johnson V,CCD,OJJ,1.151,False
6081,J09554214+6940260,000-BLG-310,2456725.73712,11.897,0.007,False,Johnson V,CCD,OJJ,1.151,False
6082,J09554214+6940260,000-BLG-310,2456725.73772,11.899,0.007,False,Johnson V,CCD,OJJ,1.151,False
6083,J09554214+6940260,000-BLG-310,2456725.73832,11.892,0.007,False,Johnson V,CCD,OJJ,1.151,False
6084,J09554214+6940260,000-BLG-310,2456725.73895,11.890,0.007,False,Johnson V,CCD,OJJ,1.151,False
6085,J09554214+6940260,000-BLG-310,2456725.73955,11.890,0.007,False,Johnson V,CCD,OJJ,1.151,False
6086,J09554214+6940260,000-BLG-310,2456725.74015,11.895,0.007,False,Johnson V,CCD,OJJ,1.151,False
6087,J09554214+6940260,000-BLG-310,2456725.74075,11.907,0.007,False,Johnson V,CCD,OJJ,1.151,False
6088,J09554214+6940260,000-BLG-310,2456725.74135,11.893,0.007,False,Johnson V,CCD,OJJ,1.151,False
6089,J09554214+6940260,000-BLG-310,2456725.74196,11.902,0.007,False,Johnson V,CCD,OJJ,1.151,False
6090,J09554214+6940260,000-BLG-310,2456725.74257,11.879,0.007,False,Johnson V,CCD,OJJ,1.151,False
6091,J09554214+6940260,000-BLG-310,2456725.74319,11.891,0.006,False,Johnson V,CCD,OJJ,1.151,False
6092,J09554214+6940260,000-BLG-310,2456725.74381,11.889,0.006,False,Johnson V,CCD,OJJ,1.151,False
6093,J09554214+6940260,000-BLG-310,2456725.74442,11.894,0.005,False,Johnson V,CCD,OJJ,1.151,False
6094,J09554214+6940260,000-BLG-310,2456725.74502,11.895,0.005,False,Johnson V,CCD,OJJ,1.151,False
6095,J09554214+6940260,000-BLG-310,2456725.74563,11.903,0.005,False,Johnson V,CCD,OJJ,1.151,False
6096,J09554214+6940260,000-BLG-310,2456725.74625,11.897,0.005,False,Johnson V,CCD,OJJ,1.151,False
6097,J09554214+6940260,000-BLG-310,2456725.74686,11.895,0.005,False,Johnson V,CCD,OJJ,1.151,False
6098,J09554214+6940260,000-BLG-310,2456725.74748,11.874,0.005,False,Johnson V,CCD,OJJ,1.151,False
6099,J09554214+6940260,000-BLG-310,2456725.74809,11.895,0.005,False,Johnson V,CCD,OJJ,1.151,False
6100,J09554214+6940260,000-BLG-310,2456725.74869,11.892,0.005,False,Johnson V,CCD,OJJ,1.151,False
6101,J09554214+6940260,000-BLG-310,2456725.74931,11.890,0.005,False,Johnson V,CCD,OJJ,1.151,False
6102,J09554214+6940260,000-BLG-310,2456725.74991,11.880,0.005,False,Johnson V,CCD,OJJ,1.151,False
6103,J09554214+6940260,000-BLG-310,2456725.75051,11.891,0.005,False,Johnson V,CCD,OJJ,1.151,False
6104,J09554214+6940260,000-BLG-310,2456725.75111,11.871,0.005,False,Johnson V,CCD,OJJ,1.151,False
6105,J09554214+6940260,000-BLG-310,2456725.75172,11.870,0.005,False,Johnson V,CCD,OJJ,1.151,False
6106,J09554214+6940260,000-BLG-310,2456725.75234,11.894,0.005,False,Johnson V,CCD,OJJ,1.151,False
6107,J09554214+6940260,000-BLG-310,2456725.75294,11.868,0.006,False,Johnson V,CCD,OJJ,1.151,False
6108,J09554214+6940260,000-BLG-310,2456725.75356,11.876,0.006,False,Johnson V,CCD,OJJ,1.151,False
6109,J09554214+6940260,000-BLG-310,2456725.75416,11.897,0.005,False,Johnson V,CCD,OJJ,1.152,False
6110,J09554214+6940260,000-BLG-310,2456725.75477,11.874,0.006,False,Johnson V,CCD,OJJ,1.152,False
6111,J09554214+6940260,000-BLG-310,2456725.75537,11.890,0.006,False,Johnson V,CCD,OJJ,1.152,False
6112,J09554214+6940260,000-BLG-310,2456725.75600,11.898,0.006,False,Johnson V,CCD,OJJ,1.152,False
6113,SN 2014J,000-BLG-310,2456748.33304,15.01,0.03,False,Johnson B,CCD,NOT,1.07,False
6114,SN 2014J,000-BLG-310,2456748.33304,12.78,0.03,False,Johnson V,CCD,NOT,1.07,False
6115,SN 2014J,000-BLG-310,2456748.33304,11.43,0.03,False,Cousins I,CCD,NOT,1.07,False
6116,SN 2014J,000-BLG-310,2456748.69574,12.944,0.019,False,Johnson V,CCD,DDJ,1.266,False
6117,SN 2014J,000-BLG-310,2456749.574375,12.100,0.060,False,Cousins R,CCD,CABB,,False
6118,SN 2014J,000-BLG-310,2456749.576238,12.822,0.061,False,Johnson V,CCD,CABB,,False
6119,SN 2014J,000-BLG-310,2456748.555336,12.189,0.018,False,Cousins R,CCD,CABB,,False
6120,SN 2014J,000-BLG-310,2456748.553403,12.895,0.024,False,Johnson V,CCD,CABB,,False
6121,J09554214+6940260,000-BLG-310,2456742.65722,12.312,0.005,False,Johnson V,CCD,OJJ,1.161,False
6122,J09554214+6940260,000-BLG-310,2456742.65782,12.298,0.005,False,Johnson V,CCD,OJJ,1.160,False
6123,J09554214+6940260,000-BLG-310,2456742.65843,12.306,0.005,False,Johnson V,CCD,OJJ,1.160,False
6124,J09554214+6940260,000-BLG-310,2456742.65905,12.320,0.005,False,Johnson V,CCD,OJJ,1.160,False
6125,J09554214+6940260,000-BLG-310,2456742.65965,12.320,0.005,False,Johnson V,CCD,OJJ,1.159,False
6126,J09554214+6940260,000-BLG-310,2456742.66028,12.310,0.005,False,Johnson V,CCD,OJJ,1.159,False
6127,J09554214+6940260,000-BLG-310,2456742.66090,12.324,0.005,False,Johnson V,CCD,OJJ,1.159,False
6128,J09554214+6940260,000-BLG-310,2456742.66152,12.327,0.006,False,Johnson V,CCD,OJJ,1.159,False
6129,J09554214+6940260,000-BLG-310,2456742.66214,12.319,0.005,False,Johnson V,CCD,OJJ,1.158,False
6130,J09554214+6940260,000-BLG-310,2456742.66277,12.332,0.006,False,Johnson V,CCD,OJJ,1.158,False
6131,J09554214+6940260,000-BLG-310,2456742.66338,12.336,0.006,False,Johnson V,CCD,OJJ,1.158,False
6132,J09554214+6940260,000-BLG-310,2456742.66412,12.331,0.005,False,Johnson V,CCD,OJJ,1.157,False
6133,J09554214+6940260,000-BLG-310,2456742.66473,12.337,0.006,False,Johnson V,CCD,OJJ,1.157,False
6134,J09554214+6940260,000-BLG-310,2456742.66536,12.338,0.006,False,Johnson V,CCD,OJJ,1.157,False
6135,J09554214+6940260,000-BLG-310,2456742.66597,12.342,0.006,False,Johnson V,CCD,OJJ,1.157,False
6136,J09554214+6940260,000-BLG-310,2456742.66660,12.328,0.006,False,Johnson V,CCD,OJJ,1.156,False
6137,J09554214+6940260,000-BLG-310,2456742.66721,12.325,0.006,False,Johnson V,CCD,OJJ,1.156,False
6138,J09554214+6940260,000-BLG-310,2456742.66782,12.330,0.006,False,Johnson V,CCD,OJJ,1.156,False
6139,J09554214+6940260,000-BLG-310,2456742.66845,12.325,0.005,False,Johnson V,CCD,OJJ,1.156,False
6140,J09554214+6940260,000-BLG-310,2456742.66907,12.345,0.006,False,Johnson V,CCD,OJJ,1.155,False
6141,J09554214+6940260,000-BLG-310,2456742.66970,12.341,0.006,False,Johnson V,CCD,OJJ,1.155,False
6142,J09554214+6940260,000-BLG-310,2456742.67032,12.343,0.006,False,Johnson V,CCD,OJJ,1.155,False
6143,J09554214+6940260,000-BLG-310,2456742.67095,12.326,0.006,False,Johnson V,CCD,OJJ,1.155,False
6144,J09554214+6940260,000-BLG-310,2456742.67155,12.351,0.006,False,Johnson V,CCD,OJJ,1.154,False
6145,J09554214+6940260,000-BLG-310,2456742.67216,12.329,0.006,False,Johnson V,CCD,OJJ,1.154,False
6146,J09554214+6940260,000-BLG-310,2456742.67279,12.334,0.006,False,Johnson V,CCD,OJJ,1.154,False
6147,J09554214+6940260,000-BLG-310,2456742.67341,12.330,0.006,False,Johnson V,CCD,OJJ,1.154,False
6148,J09554214+6940260,000-BLG-310,2456742.67404,12.330,0.006,False,Johnson V,CCD,OJJ,1.154,False
6149,J09554214+6940260,000-BLG-310,2456742.67466,12.327,0.006,False,Johnson V,CCD,OJJ,1.154,False
6150,J09554214+6940260,000-BLG-310,2456742.67529,12.336,0.006,False,Johnson V,CCD,OJJ,1.153,False
6151,J09554214+6940260,000-BLG-310,2456742.67590,12.324,0.006,False,Johnson V,CCD,OJJ,1.153,False
6152,J09554214+6940260,000-BLG-310,2456742.67654,12.327,0.006,False,Johnson V,CCD,OJJ,1.153,False
6153,J09554214+6940260,000-BLG-310,2456742.67716,12.328,0.006,False,Johnson V,CCD,OJJ,1.153,False
6154,J09554214+6940260,000-BLG-310,2456742.67778,12.335,0.006,False,Johnson V,CCD,OJJ,1.153,False
6155,J09554214+6940260,000-BLG-310,2456742.67840,12.331,0.006,False,Johnson V,CCD,OJJ,1.153,False
6156,J09554214+6940260,000-BLG-310,2456742.67902,12.324,0.006,False,Johnson V,CCD,OJJ,1.152,False
6157,J09554214+6940260,000-BLG-310,2456742.67964,12.337,0.006,False,Johnson V,CCD,OJJ,1.152,False
6158,J09554214+6940260,000-BLG-310,2456742.68025,12.323,0.005,False,Johnson V,CCD,OJJ,1.152,False
6159,J09554214+6940260,000-BLG-310,2456742.68086,12.330,0.005,False,Johnson V,CCD,OJJ,1.152,False
6160,J09554214+6940260,000-BLG-310,2456742.68148,12.343,0.006,False,Johnson V,CCD,OJJ,1.152,False
6161,J09554214+6940260,000-BLG-310,2456742.68211,12.339,0.006,False,Johnson V,CCD,OJJ,1.152,False
6162,J09554214+6940260,000-BLG-310,2456742.68271,12.331,0.006,False,Johnson V,CCD,OJJ,1.152,False
6163,J09554214+6940260,000-BLG-310,2456742.68331,12.349,0.006,False,Johnson V,CCD,OJJ,1.152,False
6164,J09554214+6940260,000-BLG-310,2456742.68394,12.334,0.006,False,Johnson V,CCD,OJJ,1.151,False
6165,J09554214+6940260,000-BLG-310,2456742.68454,12.345,0.006,False,Johnson V,CCD,OJJ,1.151,False
6166,J09554214+6940260,000-BLG-310,2456742.68513,12.332,0.006,False,Johnson V,CCD,OJJ,1.151,False
6167,J09554214+6940260,000-BLG-310,2456742.68575,12.319,0.005,False,Johnson V,CCD,OJJ,1.151,False
6168,J09554214+6940260,000-BLG-310,2456742.68635,12.342,0.006,False,Johnson V,CCD,OJJ,1.151,False
6169,J09554214+6940260,000-BLG-310,2456742.68697,12.346,0.005,False,Johnson V,CCD,OJJ,1.151,False
6170,J09554214+6940260,000-BLG-310,2456742.68756,12.326,0.006,False,Johnson V,CCD,OJJ,1.151,False
6171,J09554214+6940260,000-BLG-310,2456742.68816,12.347,0.006,False,Johnson V,CCD,OJJ,1.151,False
6172,J09554214+6940260,000-BLG-310,2456742.68878,12.332,0.006,False,Johnson V,CCD,OJJ,1.151,False
6173,J09554214+6940260,000-BLG-310,2456742.68939,12.348,0.006,False,Johnson V,CCD,OJJ,1.151,False
6174,J09554214+6940260,000-BLG-310,2456742.69001,12.333,0.005,False,Johnson V,CCD,OJJ,1.151,False
6175,J09554214+6940260,000-BLG-310,2456742.69061,12.343,0.006,False,Johnson V,CCD,OJJ,1.151,False
6176,J09554214+6940260,000-BLG-310,2456742.69124,12.339,0.005,False,Johnson V,CCD,OJJ,1.151,False
6177,J09554214+6940260,000-BLG-310,2456742.69184,12.330,0.006,False,Johnson V,CCD,OJJ,1.151,False
6178,J09554214+6940260,000-BLG-310,2456742.69247,12.332,0.006,False,Johnson V,CCD,OJJ,1.151,False
6179,J09554214+6940260,000-BLG-310,2456742.69309,12.339,0.005,False,Johnson V,CCD,OJJ,1.151,False
6180,J09554214+6940260,000-BLG-310,2456742.69369,12.327,0.005,False,Johnson V,CCD,OJJ,1.151,False
6181,J09554214+6940260,000-BLG-310,2456742.69431,12.326,0.005,False,Johnson V,CCD,OJJ,1.151,False
6182,J09554214+6940260,000-BLG-310,2456742.69491,12.343,0.006,False,Johnson V,CCD,OJJ,1.151,False
6183,J09554214+6940260,000-BLG-310,2456742.69552,12.320,0.005,False,Johnson V,CCD,OJJ,1.151,False
6184,J09554214+6940260,000-BLG-310,2456742.69612,12.331,0.006,False,Johnson V,CCD,OJJ,1.151,False
6185,J09554214+6940260,000-BLG-310,2456742.69672,12.335,0.006,False,Johnson V,CCD,OJJ,1.151,False
6186,J09554214+6940260,000-BLG-310,2456742.69734,12.339,0.006,False,Johnson V,CCD,OJJ,1.151,False
6187,J09554214+6940260,000-BLG-310,2456742.69796,12.328,0.005,False,Johnson V,CCD,OJJ,1.151,False
6188,J09554214+6940260,000-BLG-310,2456742.69856,12.344,0.005,False,Johnson V,CCD,OJJ,1.151,False
6189,J09554214+6940260,000-BLG-310,2456742.69919,12.330,0.005,False,Johnson V,CCD,OJJ,1.151,False
6190,J09554214+6940260,000-BLG-310,2456742.69978,12.344,0.006,False,Johnson V,CCD,OJJ,1.151,False
6191,J09554214+6940260,000-BLG-310,2456742.70038,12.323,0.005,False,Johnson V,CCD,OJJ,1.151,False
6192,J09554214+6940260,000-BLG-310,2456742.70098,12.333,0.005,False,Johnson V,CCD,OJJ,1.151,False
6193,J09554214+6940260,000-BLG-310,2456742.70161,12.338,0.006,False,Johnson V,CCD,OJJ,1.151,False
6194,J09554214+6940260,000-BLG-310,2456742.70221,12.348,0.006,False,Johnson V,CCD,OJJ,1.151,False
6195,J09554214+6940260,000-BLG-310,2456742.70281,12.332,0.005,False,Johnson V,CCD,OJJ,1.151,False
6196,J09554214+6940260,000-BLG-310,2456742.70341,12.325,0.006,False,Johnson V,CCD,OJJ,1.151,False
6197,J09554214+6940260,000-BLG-310,2456742.70403,12.328,0.006,False,Johnson V,CCD,OJJ,1.151,False
6198,J09554214+6940260,000-BLG-310,2456742.70464,12.335,0.006,False,Johnson V,CCD,OJJ,1.151,False
6199,J09554214+6940260,000-BLG-310,2456742.70528,12.351,0.006,False,Johnson V,CCD,OJJ,1.151,False
6200,J09554214+6940260,000-BLG-310,2456742.70588,12.327,0.005,False,Johnson V,CCD,OJJ,1.151,False
6201,J09554214+6940260,000-BLG-310,2456742.70650,12.332,0.005,False,Johnson V,CCD,OJJ,1.151,False
6202,J09554214+6940260,000-BLG-310,2456742.70713,12.339,0.006,False,Johnson V,CCD,OJJ,1.151,False
6203,J09554214+6940260,000-BLG-310,2456742.70774,12.337,0.006,False,Johnson V,CCD,OJJ,1.152,False
6204,J09554214+6940260,000-BLG-310,2456742.70834,12.320,0.005,False,Johnson V,CCD,OJJ,1.152,False
6205,J09554214+6940260,000-BLG-310,2456742.70896,12.330,0.006,False,Johnson V,CCD,OJJ,1.152,False
6206,J09554214+6940260,000-BLG-310,2456742.70958,12.335,0.006,False,Johnson V,CCD,OJJ,1.152,False
6207,J09554214+6940260,000-BLG-310,2456742.71017,12.332,0.006,False,Johnson V,CCD,OJJ,1.152,False
6208,J09554214+6940260,000-BLG-310,2456742.71078,12.344,0.006,False,Johnson V,CCD,OJJ,1.152,False
6209,J09554214+6940260,000-BLG-310,2456742.71140,12.334,0.006,False,Johnson V,CCD,OJJ,1.152,False
6210,J09554214+6940260,000-BLG-310,2456742.71203,12.330,0.006,False,Johnson V,CCD,OJJ,1.152,False
6211,J09554214+6940260,000-BLG-310,2456742.71265,12.328,0.006,False,Johnson V,CCD,OJJ,1.153,False
6212,J09554214+6940260,000-BLG-310,2456742.71326,12.326,0.006,False,Johnson V,CCD,OJJ,1.153,False
6213,J09554214+6940260,000-BLG-310,2456742.71389,12.337,0.006,False,Johnson V,CCD,OJJ,1.153,False
6214,J09554214+6940260,000-BLG-310,2456742.71451,12.325,0.005,False,Johnson V,CCD,OJJ,1.153,False
6215,J09554214+6940260,000-BLG-310,2456742.71514,12.342,0.006,False,Johnson V,CCD,OJJ,1.153,False
6216,J09554214+6940260,000-BLG-310,2456742.71576,12.339,0.005,False,Johnson V,CCD,OJJ,1.153,False
6217,J09554214+6940260,000-BLG-310,2456742.71638,12.325,0.006,False,Johnson V,CCD,OJJ,1.154,False
6218,J09554214+6940260,000-BLG-310,2456742.71700,12.337,0.006,False,Johnson V,CCD,OJJ,1.154,False
6219,J09554214+6940260,000-BLG-310,2456742.71763,12.327,0.006,False,Johnson V,CCD,OJJ,1.154,False
6220,J09554214+6940260,000-BLG-310,2456742.71823,12.332,0.005,False,Johnson V,CCD,OJJ,1.154,False
6221,J09554214+6940260,000-BLG-310,2456742.72258,12.342,0.005,False,Johnson V,CCD,OJJ,1.156,False
6222,J09554214+6940260,000-BLG-310,2456742.72318,12.349,0.005,False,Johnson V,CCD,OJJ,1.156,False
6223,J09554214+6940260,000-BLG-310,2456742.72380,12.347,0.005,False,Johnson V,CCD,OJJ,1.156,False
6224,J09554214+6940260,000-BLG-310,2456742.72441,12.340,0.005,False,Johnson V,CCD,OJJ,1.156,False
6225,J09554214+6940260,000-BLG-310,2456742.72501,12.346,0.005,False,Johnson V,CCD,OJJ,1.157,False
6226,J09554214+6940260,000-BLG-310,2456742.72564,12.355,0.005,False,Johnson V,CCD,OJJ,1.157,False
6227,J09554214+6940260,000-BLG-310,2456742.72624,12.353,0.005,False,Johnson V,CCD,OJJ,1.157,False
6228,J09554214+6940260,000-BLG-310,2456742.72685,12.351,0.005,False,Johnson V,CCD,OJJ,1.157,False
6229,J09554214+6940260,000-BLG-310,2456742.72747,12.339,0.005,False,Johnson V,CCD,OJJ,1.158,False
6230,J09554214+6940260,000-BLG-310,2456742.72807,12.354,0.005,False,Johnson V,CCD,OJJ,1.158,False
6231,J09554214+6940260,000-BLG-310,2456742.72868,12.341,0.005,False,Johnson V,CCD,OJJ,1.158,False
6232,J09554214+6940260,000-BLG-310,2456742.72929,12.343,0.005,False,Johnson V,CCD,OJJ,1.159,False
6233,J09554214+6940260,000-BLG-310,2456742.72991,12.350,0.005,False,Johnson V,CCD,OJJ,1.159,False
6234,J09554214+6940260,000-BLG-310,2456742.73052,12.341,0.005,False,Johnson V,CCD,OJJ,1.159,False
6235,J09554214+6940260,000-BLG-310,2456742.73115,12.345,0.005,False,Johnson V,CCD,OJJ,1.159,False
6236,J09554214+6940260,000-BLG-310,2456742.73176,12.337,0.005,False,Johnson V,CCD,OJJ,1.160,False
6237,J09554214+6940260,000-BLG-310,2456742.73237,12.346,0.005,False,Johnson V,CCD,OJJ,1.160,False
6238,J09554214+6940260,000-BLG-310,2456742.73297,12.359,0.006,False,Johnson V,CCD,OJJ,1.160,False
6239,J09554214+6940260,000-BLG-310,2456742.73360,12.359,0.006,False,Johnson V,CCD,OJJ,1.161,False
6240,J09554214+6940260,000-BLG-310,2456742.73420,12.347,0.005,False,Johnson V,CCD,OJJ,1.161,False
6241,J09554214+6940260,000-BLG-310,2456742.73481,12.355,0.005,False,Johnson V,CCD,OJJ,1.161,False
6242,J09554214+6940260,000-BLG-310,2456742.73542,12.347,0.005,False,Johnson V,CCD,OJJ,1.162,False
6243,J09554214+6940260,000-BLG-310,2456742.73604,12.340,0.005,False,Johnson V,CCD,OJJ,1.162,False
6244,J09554214+6940260,000-BLG-310,2456742.73666,12.338,0.005,False,Johnson V,CCD,OJJ,1.162,False
6245,J09554214+6940260,000-BLG-310,2456742.73727,12.359,0.006,False,Johnson V,CCD,OJJ,1.163,False
6246,J09554214+6940260,000-BLG-310,2456742.73788,12.346,0.005,False,Johnson V,CCD,OJJ,1.163,False
6247,J09554214+6940260,000-BLG-310,2456742.73851,12.335,0.005,False,Johnson V,CCD,OJJ,1.164,False
6248,J09554214+6940260,000-BLG-310,2456742.73912,12.349,0.006,False,Johnson V,CCD,OJJ,1.164,False
6249,J09554214+6940260,000-BLG-310,2456742.73973,12.342,0.006,False,Johnson V,CCD,OJJ,1.164,False
6250,J09554214+6940260,000-BLG-310,2456742.74034,12.350,0.006,False,Johnson V,CCD,OJJ,1.165,False
6251,J09554214+6940260,000-BLG-310,2456742.74095,12.350,0.006,False,Johnson V,CCD,OJJ,1.165,False
6252,J09554214+6940260,000-BLG-310,2456742.74156,12.342,0.005,False,Johnson V,CCD,OJJ,1.166,False
6253,J09554214+6940260,000-BLG-310,2456742.74218,12.356,0.006,False,Johnson V,CCD,OJJ,1.166,False
6254,J09554214+6940260,000-BLG-310,2456742.74279,12.341,0.005,False,Johnson V,CCD,OJJ,1.166,False
6255,J09554214+6940260,000-BLG-310,2456742.74340,12.347,0.005,False,Johnson V,CCD,OJJ,1.167,False
6256,J09554214+6940260,000-BLG-310,2456742.74402,12.349,0.005,False,Johnson V,CCD,OJJ,1.167,False
6257,J09554214+6940260,000-BLG-310,2456742.74463,12.350,0.005,False,Johnson V,CCD,OJJ,1.168,False
6258,J09554214+6940260,000-BLG-310,2456742.74524,12.350,0.006,False,Johnson V,CCD,OJJ,1.168,False
6259,J09554214+6940260,000-BLG-310,2456742.74586,12.347,0.006,False,Johnson V,CCD,OJJ,1.168,False
6260,J09554214+6940260,000-BLG-310,2456742.74647,12.347,0.005,False,Johnson V,CCD,OJJ,1.169,False
6261,J09554214+6940260,000-BLG-310,2456742.74709,12.349,0.006,False,Johnson V,CCD,OJJ,1.169,False
6262,J09554214+6940260,000-BLG-310,2456742.74771,12.346,0.005,False,Johnson V,CCD,OJJ,1.170,False
6263,J09554214+6940260,000-BLG-310,2456742.74832,12.347,0.005,False,Johnson V,CCD,OJJ,1.170,False
6264,J09554214+6940260,000-BLG-310,2456742.74894,12.349,0.005,False,Johnson V,CCD,OJJ,1.171,False
6265,J09554214+6940260,000-BLG-310,2456742.74955,12.361,0.005,False,Johnson V,CCD,OJJ,1.171,False
6266,J09554214+6940260,000-BLG-310,2456742.75017,12.343,0.005,False,Johnson V,CCD,OJJ,1.172,False
6267,J09554214+6940260,000-BLG-310,2456742.75079,12.344,0.005,False,Johnson V,CCD,OJJ,1.172,False
6268,J09554214+6940260,000-BLG-310,2456742.75140,12.338,0.005,False,Johnson V,CCD,OJJ,1.173,False
6269,J09554214+6940260,000-BLG-310,2456742.75200,12.340,0.006,False,Johnson V,CCD,OJJ,1.173,False
6270,J09554214+6940260,000-BLG-310,2456742.75264,12.346,0.006,False,Johnson V,CCD,OJJ,1.174,False
6271,J09554214+6940260,000-BLG-310,2456742.75325,12.339,0.005,False,Johnson V,CCD,OJJ,1.174,False
6272,J09554214+6940260,000-BLG-310,2456742.75388,12.342,0.005,False,Johnson V,CCD,OJJ,1.175,False
6273,J09554214+6940260,000-BLG-310,2456742.75450,12.348,0.006,False,Johnson V,CCD,OJJ,1.175,False
6274,J09554214+6940260,000-BLG-310,2456742.75512,12.344,0.005,False,Johnson V,CCD,OJJ,1.176,False
6275,J09554214+6940260,000-BLG-310,2456742.75574,12.342,0.005,False,Johnson V,CCD,OJJ,1.176,False
6276,J09554214+6940260,000-BLG-310,2456742.75638,12.346,0.006,False,Johnson V,CCD,OJJ,1.177,False
6277,J09554214+6940260,000-BLG-310,2456742.75700,12.346,0.005,False,Johnson V,CCD,OJJ,1.177,False
6278,J09554214+6940260,000-BLG-310,2456742.75763,12.342,0.006,False,Johnson V,CCD,OJJ,1.178,False
6279,J09554214+6940260,000-BLG-310,2456742.75825,12.330,0.006,False,Johnson V,CCD,OJJ,1.178,False
6280,J09554214+6940260,000-BLG-310,2456742.75887,12.344,0.006,False,Johnson V,CCD,OJJ,1.179,False
6281,J09554214+6940260,000-BLG-310,2456742.75948,12.333,0.005,False,Johnson V,CCD,OJJ,1.180,False
6282,J09554214+6940260,000-BLG-310,2456742.76012,12.348,0.005,False,Johnson V,CCD,OJJ,1.180,False
6283,J09554214+6940260,000-BLG-310,2456742.76074,12.335,0.006,False,Johnson V,CCD,OJJ,1.181,False
6284,J09554214+6940260,000-BLG-310,2456742.76135,12.325,0.005,False,Johnson V,CCD,OJJ,1.181,False
6285,J09554214+6940260,000-BLG-310,2456742.76199,12.330,0.005,False,Johnson V,CCD,OJJ,1.182,False
6286,J09554214+6940260,000-BLG-310,2456742.76258,12.344,0.006,False,Johnson V,CCD,OJJ,1.182,False
6287,J09554214+6940260,000-BLG-310,2456742.76321,12.346,0.005,False,Johnson V,CCD,OJJ,1.183,False
6288,J09554214+6940260,000-BLG-310,2456742.76384,12.357,0.006,False,Johnson V,CCD,OJJ,1.184,False
6289,J09554214+6940260,000-BLG-310,2456742.76443,12.339,0.006,False,Johnson V,CCD,OJJ,1.184,False
6290,J09554214+6940260,000-BLG-310,2456742.76507,12.357,0.006,False,Johnson V,CCD,OJJ,1.185,False
6291,J09554214+6940260,000-BLG-310,2456742.76571,12.350,0.006,False,Johnson V,CCD,OJJ,1.186,False
6292,J09554214+6940260,000-BLG-310,2456742.76631,12.337,0.005,False,Johnson V,CCD,OJJ,1.186,False
6293,J09554214+6940260,000-BLG-310,2456742.76694,12.352,0.006,False,Johnson V,CCD,OJJ,1.187,False
6294,J09554214+6940260,000-BLG-310,2456742.76757,12.340,0.006,False,Johnson V,CCD,OJJ,1.187,False
6295,J09554214+6940260,000-BLG-310,2456742.76821,12.351,0.006,False,Johnson V,CCD,OJJ,1.188,False
6296,J09554214+6940260,000-BLG-310,2456742.76883,12.358,0.006,False,Johnson V,CCD,OJJ,1.189,False
6297,J09554214+6940260,000-BLG-310,2456742.76943,12.351,0.006,False,Johnson V,CCD,OJJ,1.189,False
6298,J09554214+6940260,000-BLG-310,2456742.77007,12.339,0.005,False,Johnson V,CCD,OJJ,1.190,False
6299,J09554214+6940260,000-BLG-310,2456742.77067,12.347,0.006,False,Johnson V,CCD,OJJ,1.191,False
6300,J09554214+6940260,000-BLG-310,2456742.77130,12.348,0.006,False,Johnson V,CCD,OJJ,1.191,False
6301,J09554214+6940260,000-BLG-310,2456742.77190,12.346,0.005,False,Johnson V,CCD,OJJ,1.192,False
6302,J09554214+6940260,000-BLG-310,2456742.77252,12.349,0.006,False,Johnson V,CCD,OJJ,1.193,False
6303,J09554214+6940260,000-BLG-310,2456742.77315,12.335,0.006,False,Johnson V,CCD,OJJ,1.193,False
6304,J09554214+6940260,000-BLG-310,2456742.77376,12.339,0.006,False,Johnson V,CCD,OJJ,1.194,False
6305,J09554214+6940260,000-BLG-310,2456742.77436,12.338,0.005,False,Johnson V,CCD,OJJ,1.195,False
6306,J09554214+6940260,000-BLG-310,2456742.77500,12.339,0.006,False,Johnson V,CCD,OJJ,1.196,False
6307,J09554214+6940260,000-BLG-310,2456742.77563,12.343,0.006,False,Johnson V,CCD,OJJ,1.196,False
6308,J09554214+6940260,000-BLG-310,2456742.77623,12.355,0.006,False,Johnson V,CCD,OJJ,1.197,False
6309,J09554214+6940260,000-BLG-310,2456742.77686,12.339,0.006,False,Johnson V,CCD,OJJ,1.198,False
6310,J09554214+6940260,000-BLG-310,2456742.77749,12.339,0.006,False,Johnson V,CCD,OJJ,1.198,False
6311,J09554214+6940260,000-BLG-310,2456742.77811,12.349,0.006,False,Johnson V,CCD,OJJ,1.199,False
6312,J09554214+6940260,000-BLG-310,2456742.77872,12.349,0.006,False,Johnson V,CCD,OJJ,1.200,False
6313,J09554214+6940260,000-BLG-310,2456742.77932,12.355,0.006,False,Johnson V,CCD,OJJ,1.201,False
6314,J09554214+6940260,000-BLG-310,2456742.77995,12.347,0.006,False,Johnson V,CCD,OJJ,1.201,False
6315,J09554214+6940260,000-BLG-310,2456742.78058,12.339,0.006,False,Johnson V,CCD,OJJ,1.202,False
6316,J09554214+6940260,000-BLG-310,2456742.78119,12.336,0.006,False,Johnson V,CCD,OJJ,1.203,False
6317,J09554214+6940260,000-BLG-310,2456742.78179,12.339,0.006,False,Johnson V,CCD,OJJ,1.204,False
6318,J09554214+6940260,000-BLG-310,2456742.78240,12.338,0.006,False,Johnson V,CCD,OJJ,1.205,False
6319,J09554214+6940260,000-BLG-310,2456742.78301,12.337,0.006,False,Johnson V,CCD,OJJ,1.205,False
6320,J09554214+6940260,000-BLG-310,2456742.78363,12.338,0.006,False,Johnson V,CCD,OJJ,1.206,False
6321,J09554214+6940260,000-BLG-310,2456742.78427,12.338,0.005,False,Johnson V,CCD,OJJ,1.207,False
6322,J09554214+6940260,000-BLG-310,2456742.78491,12.353,0.006,False,Johnson V,CCD,OJJ,1.208,False
6323,J09554214+6940260,000-BLG-310,2456742.78550,12.328,0.006,False,Johnson V,CCD,OJJ,1.209,False
6324,J09554214+6940260,000-BLG-310,2456742.78613,12.340,0.006,False,Johnson V,CCD,OJJ,1.209,False
6325,J09554214+6940260,000-BLG-310,2456742.78737,12.327,0.005,False,Johnson V,CCD,OJJ,1.211,False
6326,J09554214+6940260,000-BLG-310,2456742.78860,12.342,0.006,False,Johnson V,CCD,OJJ,1.213,False
6327,SN 2014J,000-BLG-310,2456707.951,11.25,0.05,False,Johnson V,CCD,BLP,1.5,True
6328,SN 2014J,000-BLG-310,2456748.78258,12.575,0.050,False,Johnson V,CCD,HGUA,1.342,False
6329,SN 2014J,000-BLG-310,2456748.352014,12.903,0.024,False,Johnson V,CCD,AAUA,1.090,False
6330,SN 2014J,000-BLG-310,2456749.43016,14.678,0.022,False,Johnson B,CCD,BDGA,1.024,False
6331,SN 2014J,000-BLG-310,2456749.42167,12.672,0.011,False,Johnson V,CCD,BDGA,1.023,False
6332,SN 2014J,000-BLG-310,2456749.41555,11.885,0.075,False,Cousins R,CCD,BDGA,1.022,False
6333,SN 2014J,000-BLG-310,2456749.41848,11.311,0.024,False,Cousins I,CCD,BDGA,1.022,False
6334,SN 2014J,000-BLG-310,2456742.30278,12.608,0.011,False,Johnson V,CCD,JNDA,,False
6335,SN 2014J,000-BLG-310,2456742.30625,11.810,0.044,False,Cousins R,CCD,JNDA,,False
6336,SN 2014J,000-BLG-310,2456742.30972,11.034,0.028,False,Cousins I,CCD,JNDA,,False
6337,SN 2014J,000-BLG-310,2456744.40764,12.640,0.036,False,Johnson V,CCD,JNDA,,False
6338,SN 2014J,000-BLG-310,2456744.41111,11.904,0.022,False,Cousins R,CCD,JNDA,,False
6339,SN 2014J,000-BLG-310,2456744.41458,11.093,0.022,False,Cousins I,CCD,JNDA,,False
6340,SN 2014J,000-BLG-310,2456751.31432,12.861,0.056,False,Johnson V,CCD,OAR,1.008,False
6341,SN 2014J,000-BLG-310,2456737.335625,12.398,0.01,False,Johnson V,CCD,SBX,1.11,False
6342,SN 2014J,000-BLG-310,2456751.31817,11.951,0.054,False,Cousins R,CCD,OAR,1.008,False
6343,SN 2014J,000-BLG-310,2456751.32201,11.223,0.122,False,Cousins I,CCD,OAR,1.008,False
6344,SN 2014J,000-BLG-310,2456739.38515,12.557,0.01,False,Johnson V,CCD,SBX,1.11,False
6345,SN 2014J,000-BLG-310,2456744.225475,12.629,0.01,False,Johnson V,CCD,SBX,1.13,False
6346,SN 2014J,000-BLG-310,2456751.30738,14.718,0.079,False,Johnson B,CCD,OAR,1.009,False
6347,SN 2014J,000-BLG-310,2456751.243194,12.765,0.01,False,Johnson V,CCD,SBX,1.14,False
6348,SN 2014J,000-BLG-310,2456740.383359,14.589,0.024,False,Johnson B,CCD,CFRA,1.138,False
6349,SN 2014J,000-BLG-310,2456752.324069,14.650,0.037,False,Johnson B,CCD,CFRA,1.150,False
6350,SN 2014J,000-BLG-310,2456740.400010,10.916,0.013,False,Cousins I,CCD,CFRA,1.136,False
6351,SN 2014J,000-BLG-310,2456752.334350,11.268,0.010,False,Cousins I,CCD,CFRA,1.145,False
6352,SN 2014J,000-BLG-310,2456740.392790,11.687,0.012,False,Cousins R,CCD,CFRA,1.136,False
6353,SN 2014J,000-BLG-310,2456752.330300,11.970,0.005,False,Cousins R,CCD,CFRA,1.147,False
6354,SN 2014J,000-BLG-310,2456740.390720,12.515,0.025,False,Johnson V,CCD,CFRA,1.137,False
6355,SN 2014J,000-BLG-310,2456752.328209,12.770,0.021,False,Johnson V,CCD,CFRA,1.149,False
6356,SN 2014J,000-BLG-310,2456752.35613,11.439,0.003,False,Cousins I,CCD,NRNA,1.135,False
6357,SN 2014J,000-BLG-310,2456752.36525,12.155,0.014,False,Cousins R,CCD,NRNA,1.134,False
6358,SN 2014J,000-BLG-310,2456752.37846,12.768,0.006,False,Johnson V,CCD,NRNA,1.134,False
6359,SN 2014J,000-BLG-310,2456752.33223,14.872,0.013,False,Johnson B,CCD,NRNA,1.144,False
6360,SN 2014J,000-BLG-310,2456753.41109,11.431,0.003,False,Cousins I,CCD,NRNA,1.146,False
6361,SN 2014J,000-BLG-310,2456753.38796,14.831,0.009,False,Johnson B,CCD,NRNA,1.137,False
6362,SN 2014J,000-BLG-310,2456753.41953,12.069,0.006,False,Cousins R,CCD,NRNA,1.151,False
6363,SN 2014J,000-BLG-310,2456753.43081,12.718,0.006,False,Johnson V,CCD,NRNA,1.160,False
6364,SN 2014J,000-BLG-310,2456754.35103,14.824,0.030,False,Johnson B,CCD,NRNA,1.135,False
6365,SN 2014J,000-BLG-310,2456754.33808,11.563,0.003,False,Cousins I,CCD,NRNA,1.138,False
6366,SN 2014J,000-BLG-310,2456754.33289,12.196,0.004,False,Cousins R,CCD,NRNA,1.140,False
6367,SN 2014J,000-BLG-310,2456754.32578,12.802,0.007,False,Johnson V,CCD,NRNA,1.144,False
6368,SN 2014J,000-BLG-310,2456754.389954,12.886,0.030,False,Johnson V,CCD,BPO,,False
6369,SN 2014J,000-BLG-310,2456751.6236,12.722,0.054,False,Johnson V,CCD,KTHA,,False
6370,SN 2014J,000-BLG-310,2456754.36889,14.630,0.018,False,Johnson B,CCD,BDGA,1.022,False
6371,SN 2014J,000-BLG-310,2456754.36470,12.799,0.019,False,Johnson V,CCD,BDGA,1.023,False
6372,SN 2014J,000-BLG-310,2456754.35810,12.061,0.019,False,Cousins R,CCD,BDGA,1.024,False
6373,SN 2014J,000-BLG-310,2456754.36135,11.498,0.029,False,Cousins I,CCD,BDGA,1.023,False
6374,SN 2014J,000-BLG-310,2456752.655718,13.033,0.089,False,Johnson V,CCD,CABB,,False
6375,SN 2014J,000-BLG-310,2456752.655255,12.232,0.034,False,Cousins R,CCD,CABB,,False
6376,SN 2014J,000-BLG-310,2456755.568866,14.920,0.052,False,Johnson B,CCD,CABB,,False
6377,SN 2014J,000-BLG-310,2456755.565162,12.271,0.018,False,Cousins R,CCD,CABB,,False
6378,SN 2014J,000-BLG-310,2456755.567014,13.033,0.021,False,Johnson V,CCD,CABB,,False
6379,SN 2014J,000-BLG-310,2456755.67703,13.113,0.033,False,Johnson V,CCD,HGUA,1.266,False
6380,SN 2014J,000-BLG-310,2456756.34783,14.912,0.008,False,Johnson B,CCD,NRNA,1.135,False
6381,SN 2014J,000-BLG-310,2456756.38113,11.585,0.005,False,Cousins I,CCD,NRNA,1.136,False
6382,SN 2014J,000-BLG-310,2456756.31782,12.188,0.008,False,Cousins R,CCD,NRNA,1.145,False
6383,SN 2014J,000-BLG-310,2456756.37655,12.829,0.003,False,Johnson V,CCD,NRNA,1.135,False
6384,SN 2014J,000-BLG-310,2456748.83728,12.679,0.030,False,Johnson V,CCD,HBB,1.965,False
6385,SN 2014J,000-BLG-310,2456755.67653,13.163,0.028,False,Johnson V,CCD,DDJ,1.266,False
6386,PSN J09554214+6940260,000-BLG-310,2456754.40712,14.430,0.044,False,Johnson B,CCD,AFSA,,False
6387,PSN J09554214+6940260,000-BLG-310,2456754.40749,14.441,0.045,False,Johnson B,CCD,AFSA,,False
6388,PSN J09554214+6940260,000-BLG-310,2456754.40785,14.415,0.044,False,Johnson B,CCD,AFSA,,False
6389,PSN J09554214+6940260,000-BLG-310,2456754.40822,14.197,0.040,False,Johnson B,CCD,AFSA,,False
6390,PSN J09554214+6940260,000-BLG-310,2456754.40858,14.168,0.040,False,Johnson B,CCD,AFSA,,False
6391,PSN J09554214+6940260,000-BLG-310,2456754.40483,11.214,0.022,False,Cousins I,CCD,AFSA,,False
6392,PSN J09554214+6940260,000-BLG-310,2456754.40520,11.220,0.022,False,Cousins I,CCD,AFSA,,False
6393,PSN J09554214+6940260,000-BLG-310,2456754.40556,11.247,0.022,False,Cousins I,CCD,AFSA,,False
6394,PSN J09554214+6940260,000-BLG-310,2456754.40592,11.229,0.022,False,Cousins I,CCD,AFSA,,False
6395,PSN J09554214+6940260,000-BLG-310,2456754.40629,11.247,0.022,False,Cousins I,CCD,AFSA,,False
6396,PSN J09554214+6940260,000-BLG-310,2456754.40243,11.965,0.014,False,Cousins R,CCD,AFSA,,False
6397,PSN J09554214+6940260,000-BLG-310,2456754.40280,11.943,0.014,False,Cousins R,CCD,AFSA,,False
6398,PSN J09554214+6940260,000-BLG-310,2456754.40315,11.935,0.014,False,Cousins R,CCD,AFSA,,False
6399,PSN J09554214+6940260,000-BLG-310,2456754.40352,11.901,0.014,False,Cousins R,CCD,AFSA,,False
6400,PSN J09554214+6940260,000-BLG-310,2456754.40388,11.879,0.014,False,Cousins R,CCD,AFSA,,False
6401,PSN J09554214+6940260,000-BLG-310,2456754.39914,12.563,0.014,False,Johnson V,CCD,AFSA,,False
6402,PSN J09554214+6940260,000-BLG-310,2456754.39962,12.588,0.014,False,Johnson V,CCD,AFSA,,False
6403,PSN J09554214+6940260,000-BLG-310,2456754.40010,12.560,0.014,False,Johnson V,CCD,AFSA,,False
6404,PSN J09554214+6940260,000-BLG-310,2456754.40057,12.580,0.014,False,Johnson V,CCD,AFSA,,False
6405,PSN J09554214+6940260,000-BLG-310,2456754.40105,12.658,0.014,False,Johnson V,CCD,AFSA,,False
6406,SN 2014J,000-BLG-310,2456757.444444,13.007,0.024,False,Johnson V,CCD,BPO,,False
6407,SN 2014J,000-BLG-310,2456755.67718,12.775,0.064,False,Johnson V,CCD,HJA,1.181,True
6408,SN 2014J,000-BLG-310,2456755.67352,12.012,0.115,False,Cousins R,CCD,HJA,1.183,True
6409,SN 2014J,000-BLG-310,2456758.41354,15.01,0.03,False,Johnson B,CCD,NOT,1.09,False
6410,SN 2014J,000-BLG-310,2456758.41354,11.83,0.02,False,Cousins I,CCD,NOT,1.09,False
6411,SN 2014J,000-BLG-310,2456758.41354,13.12,0.02,False,Johnson V,CCD,NOT,1.09,False
6412,SN 2014J,000-BLG-310,2456758.39294,14.229,0.018,False,Johnson B,CCD,BDGA,1.022,False
6413,SN 2014J,000-BLG-310,2456758.38850,12.681,0.040,False,Johnson V,CCD,BDGA,1.022,False
6414,SN 2014J,000-BLG-310,2456758.38185,11.948,0.086,False,Cousins R,CCD,BDGA,1.021,False
6415,SN 2014J,000-BLG-310,2456758.38522,11.381,0.015,False,Cousins I,CCD,BDGA,1.021,False
6416,SN 2014J,000-BLG-310,2456758.566377,14.844,0.062,False,Johnson B,CCD,CABB,,False
6417,SN 2014J,000-BLG-310,2456758.56162,12.369,0.026,False,Cousins R,CCD,CABB,,False
6418,SN 2014J,000-BLG-310,2456758.565741,13.098,0.030,False,Johnson V,CCD,CABB,,False
6419,SN 2014J,000-BLG-310,2456759.602222,14.933,0.049,False,Johnson B,CCD,CABB,,False
6420,SN 2014J,000-BLG-310,2456759.602882,12.396,0.021,False,Cousins R,CCD,CABB,,False
6421,SN 2014J,000-BLG-310,2456759.603345,13.118,0.024,False,Johnson V,CCD,CABB,,False
6422,SN 2014J,000-BLG-310,2456753.47891,11.528,0.018,False,Cousins I,CCD,CFRA,1.217,False
6423,SN 2014J,000-BLG-310,2456753.46882,14.935,0.017,False,Johnson B,CCD,CFRA,1.202,False
6424,SN 2014J,000-BLG-310,2456753.47491,12.196,0.007,False,Cousins R,CCD,CFRA,1.211,False
6425,SN 2014J,000-BLG-310,2456753.47256,12.951,0.014,False,Johnson V,CCD,CFRA,1.207,False
6426,SN 2014J,000-BLG-310,2456760.36540,12.344,0.008,False,Cousins R,CCD,NRNA,1.135,False
6427,SN 2014J,000-BLG-310,2456760.42000,14.958,0.011,False,Johnson B,CCD,NRNA,1.168,False
6428,SN 2014J,000-BLG-310,2456760.44284,11.802,0.004,False,Cousins I,CCD,NRNA,1.193,False
6429,SN 2014J,000-BLG-310,2456760.45355,12.990,0.007,False,Johnson V,CCD,NRNA,1.208,False
6430,SN 2014J,000-BLG-310,2456759.587049,12.352,0.018,False,Cousins R,CCD,VLYA,,False
6431,SN 2014J,000-BLG-310,2456759.587523,12.338,0.018,False,Cousins R,CCD,VLYA,,False
6432,SN 2014J,000-BLG-310,2456759.584676,14.483,0.024,False,Johnson B,CCD,VLYA,,False
6433,SN 2014J,000-BLG-310,2456759.58515,14.532,0.027,False,Johnson B,CCD,VLYA,,False
6434,SN 2014J,000-BLG-310,2456759.5861,12.981,0.012,False,Johnson V,CCD,VLYA,,False
6435,SN 2014J,000-BLG-310,2456759.586574,12.980,0.012,False,Johnson V,CCD,VLYA,,False
6436,SN 2014J,000-BLG-310,2456758.325949,13.009,0.020,False,Johnson V,CCD,AAUA,1.089,False
6437,SN 2014J,000-BLG-310,2456758.335741,12.335,0.019,False,Cousins R,CCD,AAUA,1.085,False
6438,SN 2014J,000-BLG-310,2456758.42361,13.06,0.014,False,Johnson V,CCD,RZD,1.148,False
6439,SN 2014J,000-BLG-310,2456761.44036,13.18,0.02,False,Johnson V,CCD,NOT,1.13,False
6440,SN 2014J,000-BLG-310,2456761.44036,15.07,0.04,False,Johnson B,CCD,NOT,1.13,False
6441,SN 2014J,000-BLG-310,2456761.44036,11.95,0.03,False,Cousins I,CCD,NOT,1.13,False
6442,SN 2014J,000-BLG-310,2456762.582037,12.496,0.019,False,Cousins R,CCD,CABB,,False
6443,SN 2014J,000-BLG-310,2456762.575521,13.225,0.022,False,Johnson V,CCD,CABB,,False
6444,SN 2014J,000-BLG-310,2456762.581377,15.073,0.079,False,Johnson B,CCD,CABB,,False
6445,SN 2014J,000-BLG-310,2456763.38344,11.640,0.036,False,Cousins I,CCD,OAR,1.047,False
6446,SN 2014J,000-BLG-310,2456763.37922,12.335,0.042,False,Cousins R,CCD,OAR,1.044,False
6447,SN 2014J,000-BLG-310,2456763.37485,13.137,0.027,False,Johnson V,CCD,OAR,1.041,False
6448,SN 2014J,000-BLG-310,2456763.36916,14.576,0.070,False,Johnson B,CCD,OAR,1.038,False
6449,SN 2014J,000-BLG-310,2456762.6350,13.196,0.052,False,Johnson V,CCD,KTHA,,False
6450,SN 2014J,000-BLG-310,2456764.33030,14.960,0.024,False,Johnson B,CCD,NRNA,1.134,False
6451,SN 2014J,000-BLG-310,2456764.35544,11.894,0.003,False,Cousins I,CCD,NRNA,1.135,False
6452,SN 2014J,000-BLG-310,2456764.31418,12.453,0.009,False,Cousins R,CCD,NRNA,1.137,False
6453,SN 2014J,000-BLG-310,2456764.36387,13.050,0.004,False,Johnson V,CCD,NRNA,1.138,False
6454,SN 2014J,000-BLG-310,2456764.33904,15.33,0.04,False,Johnson B,CCD,NOT,1.06,False
6455,SN 2014J,000-BLG-310,2456764.33904,13.24,0.02,False,Johnson V,CCD,NOT,1.06,False
6456,SN 2014J,000-BLG-310,2456764.33904,12.06,0.03,False,Cousins I,CCD,NOT,1.06,False
6457,SN 2014J,000-BLG-310,2456763.576771,13.193,0.024,False,Johnson V,CCD,CABB,,False
6458,SN 2014J,000-BLG-310,2456764.626991,13.224,0.040,False,Johnson V,CCD,CABB,,False
6459,SN 2014J,000-BLG-310,2456763.577951,15.042,0.091,False,Johnson B,CCD,CABB,,False
6460,SN 2014J,000-BLG-310,2456763.568912,12.444,0.021,False,Cousins R,CCD,CABB,,False
6461,SN 2014J,000-BLG-310,2456764.626528,12.452,0.035,False,Cousins R,CCD,CABB,,False
6462,SN 2014J,000-BLG-310,2456765.403542,13.229,0.034,False,Johnson V,CCD,BPO,,False
6463,SN 2014J,000-BLG-310,2456766.572431,12.664,0.023,False,Cousins R,CCD,CABB,,False
6464,SN 2014J,000-BLG-310,2456766.59037,13.350,0.025,False,Johnson V,CCD,CABB,,False
6465,SN 2014J,000-BLG-310,2456766.573519,15.094,0.082,False,Johnson B,CCD,CABB,,False
6466,SN 2014J,000-BLG-310,2456767.569711,13.378,0.019,False,Johnson V,CCD,CABB,,False
6467,SN 2014J,000-BLG-310,2456767.570347,15.119,0.045,False,Johnson B,CCD,CABB,,False
6468,SN 2014J,000-BLG-310,2456767.569248,12.709,0.018,False,Cousins R,CCD,CABB,,False
6469,SN 2014J,000-BLG-310,2456768.567847,15.176,0.052,False,Johnson B,CCD,CABB,,False
6470,SN 2014J,000-BLG-310,2456768.568507,12.704,0.017,False,Cousins R,CCD,CABB,,False
6471,SN 2014J,000-BLG-310,2456768.568958,13.384,0.020,False,Johnson V,CCD,CABB,,False
6472,SN 2014J,000-BLG-310,2456769.5686,12.729,0.021,False,Cousins R,CCD,CABB,,False
6473,SN 2014J,000-BLG-310,2456769.567303,13.410,0.026,False,Johnson V,CCD,CABB,,False
6474,SN 2014J,000-BLG-310,2456769.569676,15.173,0.054,False,Johnson B,CCD,CABB,,False
6475,SN 2014J,000-BLG-310,2456769.433738,13.327,0.031,False,Johnson V,CCD,BPO,,False
6476,SN 2014J,000-BLG-310,2456770.573333,12.791,0.014,False,Cousins R,CCD,CABB,,False
6477,SN 2014J,000-BLG-310,2456770.574421,15.187,0.038,False,Johnson B,CCD,CABB,,False
6478,SN 2014J,000-BLG-310,2456770.573796,13.492,0.016,False,Johnson V,CCD,CABB,,False
6479,SN 2014J,000-BLG-310,2456765.52400,15.014,0.036,False,Johnson B,CCD,BDGA,1.131,False
6480,SN 2014J,000-BLG-310,2456765.51978,13.200,0.016,False,Johnson V,CCD,BDGA,1.126,False
6481,SN 2014J,000-BLG-310,2456765.51366,12.526,0.056,False,Cousins R,CCD,BDGA,1.118,False
6482,SN 2014J,000-BLG-310,2456765.51885,12.099,0.019,False,Cousins I,CCD,BDGA,1.126,False
6483,SN 2014J,000-BLG-310,2456766.42534,15.122,0.031,False,Johnson B,CCD,BDGA,1.041,False
6484,SN 2014J,000-BLG-310,2456766.42112,13.253,0.040,False,Johnson V,CCD,BDGA,1.039,False
6485,SN 2014J,000-BLG-310,2456766.41501,12.604,0.030,False,Cousins R,CCD,BDGA,1.035,False
6486,SN 2014J,000-BLG-310,2456766.41796,12.070,0.010,False,Cousins I,CCD,BDGA,1.037,False
6487,SN 2014J,000-BLG-310,2456767.45152,14.910,0.041,False,Johnson B,CCD,BDGA,1.055,False
6488,SN 2014J,000-BLG-310,2456767.44650,13.223,0.028,False,Johnson V,CCD,BDGA,1.060,False
6489,SN 2014J,000-BLG-310,2456767.44335,12.578,0.046,False,Cousins R,CCD,BDGA,1.052,False
6490,SN 2014J,000-BLG-310,2456767.44042,12.048,0.004,False,Cousins I,CCD,BDGA,1.055,False
6491,SN 2014J,000-BLG-310,2456768.41902,14.959,0.038,False,Johnson B,CCD,BDGA,1.040,False
6492,SN 2014J,000-BLG-310,2456768.41442,13.250,0.050,False,Johnson V,CCD,BDGA,1.038,False
6493,SN 2014J,000-BLG-310,2456768.40666,12.672,0.025,False,Cousins R,CCD,BDGA,1.035,False
6494,SN 2014J,000-BLG-310,2456768.41036,12.112,0.016,False,Cousins I,CCD,BDGA,1.036,False
6495,SN 2014J,000-BLG-310,2456769.50784,13.237,0.049,False,Johnson V,CCD,BDGA,1.125,False
6496,SN 2014J,000-BLG-310,2456769.49905,12.728,0.041,False,Cousins R,CCD,BDGA,1.112,False
6497,SN 2014J,000-BLG-310,2456769.50374,12.136,0.017,False,Cousins I,CCD,BDGA,1.121,False
6498,SN 2014J,000-BLG-310,2456770.35631,15.33,0.04,False,Johnson B,CCD,NOT,1.08,False
6499,SN 2014J,000-BLG-310,2456770.35631,13.44,0.02,False,Johnson V,CCD,NOT,1.08,False
6500,SN 2014J,000-BLG-310,2456770.35631,12.24,0.03,False,Cousins I,CCD,NOT,1.08,False
6501,SN 2014J,000-BLG-310,2456768.51497,13.27,0.05,False,Johnson V,CCD,GQR,,False
6502,SN 2014J,000-BLG-310,2456771.83183,13.016,0.076,False,Johnson V,CCD,HGUA,1.733,False
6503,SN 2014J,000-BLG-310,2456771.35278,15.44,0.04,False,Johnson B,CCD,NOT,1.08,False
6504,SN 2014J,000-BLG-310,2456771.35278,13.47,0.03,False,Johnson V,CCD,NOT,1.08,False
6505,SN 2014J,000-BLG-310,2456771.35278,12.28,0.03,False,Cousins I,CCD,NOT,1.08,False
6506,SN 2014J,000-BLG-310,2456772.36528,15.33,0.04,False,Johnson B,CCD,NOT,1.08,False
6507,SN 2014J,000-BLG-310,2456772.36528,13.49,0.03,False,Johnson V,CCD,NOT,1.08,False
6508,SN 2014J,000-BLG-310,2456772.36528,12.28,0.03,False,Cousins I,CCD,NOT,1.08,False
6509,SN 2014J,000-BLG-310,2456770.438333,13.343,0.024,False,Johnson V,CCD,AAUA,1.150,False
6510,SN 2014J,000-BLG-310,2456770.439896,13.348,0.024,False,Johnson V,CCD,AAUA,1.152,False
6511,SN 2014J,000-BLG-310,2456770.441447,13.344,0.024,False,Johnson V,CCD,AAUA,1.154,False
6512,SN 2014J,000-BLG-310,2456770.443009,13.333,0.024,False,Johnson V,CCD,AAUA,1.156,False
6513,SN 2014J,000-BLG-310,2456770.44456,13.337,0.025,False,Johnson V,CCD,AAUA,1.158,False
6514,SN 2014J,000-BLG-310,2456770.448102,12.722,0.026,False,Cousins R,CCD,AAUA,1.162,False
6515,SN 2014J,000-BLG-310,2456770.449664,12.722,0.025,False,Cousins R,CCD,AAUA,1.165,False
6516,SN 2014J,000-BLG-310,2456770.451215,12.727,0.025,False,Cousins R,CCD,AAUA,1.167,False
6517,SN 2014J,000-BLG-310,2456770.452766,12.731,0.025,False,Cousins R,CCD,AAUA,1.169,False
6518,SN 2014J,000-BLG-310,2456770.454317,12.735,0.026,False,Cousins R,CCD,AAUA,1.171,False
6519,SN 2014J,000-BLG-310,2456771.577882,15.156,0.038,False,Johnson B,CCD,CABB,,False
6520,SN 2014J,000-BLG-310,2456771.576794,12.799,0.015,False,Cousins R,CCD,CABB,,False
6521,SN 2014J,000-BLG-310,2456771.577245,13.505,0.017,False,Johnson V,CCD,CABB,,False
6522,SN 2014J,000-BLG-310,2456772.578785,12.864,0.017,False,Cousins R,CCD,CABB,,False
6523,SN 2014J,000-BLG-310,2456772.586852,15.197,0.040,False,Johnson B,CCD,CABB,,False
6524,SN 2014J,000-BLG-310,2456772.5775,13.519,0.018,False,Johnson V,CCD,CABB,,False
6525,SN 2014J,000-BLG-310,2456764.515371,14.986,0.030,False,Johnson B,CCD,CFRA,1.358,False
6526,SN 2014J,000-BLG-310,2456773.369728,15.159,0.023,False,Johnson B,CCD,CFRA,1.155,False
6527,SN 2014J,000-BLG-310,2456773.361348,13.485,0.010,False,Johnson V,CCD,CFRA,1.149,False
6528,SN 2014J,000-BLG-310,2456764.508720,13.250,0.013,False,Johnson V,CCD,CFRA,1.340,False
6529,SN 2014J,000-BLG-310,2456764.511531,12.503,0.025,False,Cousins R,CCD,CFRA,1.347,False
6530,SN 2014J,000-BLG-310,2456764.521681,11.927,0.015,False,Cousins I,CCD,CFRA,1.375,False
6531,SN 2014J,000-BLG-310,2456773.364648,12.713,0.025,False,Cousins R,CCD,CFRA,1.151,False
6532,SN 2014J,000-BLG-310,2456773.374438,12.038,0.010,False,Cousins I,CCD,CFRA,1.159,False
6533,SN 2014J,000-BLG-310,2456773.633345,15.205,0.050,False,Johnson B,CCD,CABB,,False
6534,SN 2014J,000-BLG-310,2456773.632257,12.852,0.018,False,Cousins R,CCD,CABB,,False
6535,SN 2014J,000-BLG-310,2456773.630961,13.537,0.019,False,Johnson V,CCD,CABB,,False
6536,SN 2014J,000-BLG-310,2456749.32662,12.877,0.015,False,Johnson V,CCD,JNDA,,False
6537,SN 2014J,000-BLG-310,2456749.33040,12.170,0.044,False,Cousins R,CCD,JNDA,,False
6538,SN 2014J,000-BLG-310,2456749.33416,11.444,0.033,False,Cousins I,CCD,JNDA,,False
6539,SN 2014J,000-BLG-310,2456752.59756,12.975,0.022,False,Johnson V,CCD,JNDA,,False
6540,SN 2014J,000-BLG-310,2456752.60135,12.230,0.037,False,Cousins R,CCD,JNDA,,False
6541,SN 2014J,000-BLG-310,2456752.60663,11.574,0.033,False,Cousins I,CCD,JNDA,,False
6542,SN 2014J,000-BLG-310,2456755.42974,13.018,0.020,False,Johnson V,CCD,JNDA,,False
6543,SN 2014J,000-BLG-310,2456755.43352,12.282,0.031,False,Cousins R,CCD,JNDA,,False
6544,SN 2014J,000-BLG-310,2456755.43728,11.689,0.034,False,Cousins I,CCD,JNDA,,False
6545,SN 2014J,000-BLG-310,2456756.37787,13.066,0.029,False,Johnson V,CCD,JNDA,,False
6546,SN 2014J,000-BLG-310,2456756.38167,12.323,0.045,False,Cousins R,CCD,JNDA,,False
6547,SN 2014J,000-BLG-310,2456756.38544,11.689,0.035,False,Cousins I,CCD,JNDA,,False
6548,SN 2014J,000-BLG-310,2456757.44968,13.076,0.030,False,Johnson V,CCD,JNDA,,False
6549,SN 2014J,000-BLG-310,2456757.45344,12.380,0.048,False,Cousins R,CCD,JNDA,,False
6550,SN 2014J,000-BLG-310,2456757.45719,11.755,0.036,False,Cousins I,CCD,JNDA,,False
6551,SN 2014J,000-BLG-310,2456761.33201,13.216,0.018,False,Johnson V,CCD,JNDA,,False
6552,SN 2014J,000-BLG-310,2456761.33431,12.549,0.058,False,Cousins R,CCD,JNDA,,False
6553,SN 2014J,000-BLG-310,2456761.33808,11.919,0.041,False,Cousins I,CCD,JNDA,,False
6554,SN 2014J,000-BLG-310,2456762.34447,13.243,0.024,False,Johnson V,CCD,JNDA,,False
6555,SN 2014J,000-BLG-310,2456762.34825,12.504,0.060,False,Cousins R,CCD,JNDA,,False
6556,SN 2014J,000-BLG-310,2456762.35201,11.955,0.033,False,Cousins I,CCD,JNDA,,False
6557,SN 2014J,000-BLG-310,2456763.35904,13.244,0.027,False,Johnson V,CCD,JNDA,,False
6558,SN 2014J,000-BLG-310,2456763.36282,12.575,0.051,False,Cousins R,CCD,JNDA,,False
6559,SN 2014J,000-BLG-310,2456763.36658,11.953,0.040,False,Cousins I,CCD,JNDA,,False
6560,SN 2014J,000-BLG-310,2456764.33523,13.292,0.014,False,Johnson V,CCD,JNDA,,False
6561,SN 2014J,000-BLG-310,2456764.33901,12.558,0.056,False,Cousins R,CCD,JNDA,,False
6562,SN 2014J,000-BLG-310,2456764.34277,11.979,0.030,False,Cousins I,CCD,JNDA,,False
6563,SN 2014J,000-BLG-310,2456770.41908,13.397,0.009,False,Johnson V,CCD,JNDA,,False
6564,SN 2014J,000-BLG-310,2456770.42285,12.692,0.025,False,Cousins R,CCD,JNDA,,False
6565,SN 2014J,000-BLG-310,2456770.42810,12.221,0.033,False,Cousins I,CCD,JNDA,,False
6566,SN 2014J,000-BLG-310,2456774.37111,13.523,0.020,False,Johnson V,CCD,JNDA,,False
6567,SN 2014J,000-BLG-310,2456774.37487,12.846,0.038,False,Cousins R,CCD,JNDA,,False
6568,SN 2014J,000-BLG-310,2456774.37863,12.292,0.031,False,Cousins I,CCD,JNDA,,False
6569,SN 2014J,000-BLG-310,2456770.6381,13.19,0.070,False,Johnson V,CCD,KTHA,,False
6570,SN 2014J,000-BLG-310,2456772.63027,13.379,0.289,False,Johnson V,CCD,DDJ,1.266,False
6571,SN 2014J,000-BLG-310,2456775.64485,13.528,0.040,False,Johnson V,CCD,DDJ,1.272,False
6572,SN 2014J,000-BLG-310,2456776.371539,13.721,0.017,False,Johnson V,CCD,RZD,1.148,False
6573,SN 2014J,000-BLG-310,2456776.583322,15.275,0.044,False,Johnson B,CCD,CABB,,False
6574,SN 2014J,000-BLG-310,2456776.580486,12.961,0.017,False,Cousins R,CCD,CABB,,False
6575,SN 2014J,000-BLG-310,2456776.579201,13.634,0.019,False,Johnson V,CCD,CABB,,False
6576,SN 2014J,000-BLG-310,2456711.629074,11.335,0.003,False,Johnson V,CCD,BJAA,1.196,False
6577,SN 2014J,000-BLG-310,2456711.630417,11.338,0.003,False,Johnson V,CCD,BJAA,1.194,False
6578,SN 2014J,000-BLG-310,2456711.631759,11.329,0.003,False,Johnson V,CCD,BJAA,1.192,False
6579,SN 2014J,000-BLG-310,2456711.633380,13.370,0.008,False,Johnson B,CCD,BJAA,1.189,False
6580,SN 2014J,000-BLG-310,2456711.635058,13.418,0.009,False,Johnson B,CCD,BJAA,1.187,False
6581,SN 2014J,000-BLG-310,2456711.638206,10.118,0.003,False,Cousins I,CCD,BJAA,1.183,False
6582,SN 2014J,000-BLG-310,2456711.639190,10.118,0.003,False,Cousins I,CCD,BJAA,1.181,False
6583,SN 2014J,000-BLG-310,2456711.642222,10.653,0.002,False,Cousins R,CCD,BJAA,1.177,False
6584,SN 2014J,000-BLG-310,2456777.584306,15.261,0.042,False,Johnson B,CCD,CABB,,False
6585,SN 2014J,000-BLG-310,2456777.591944,12.991,0.017,False,Cousins R,CCD,CABB,,False
6586,SN 2014J,000-BLG-310,2456777.574734,13.671,0.018,False,Johnson V,CCD,CABB,,False
6587,SN 2014J,000-BLG-310,2456778.579132,15.252,0.045,False,Johnson B,CCD,CABB,,False
6588,SN 2014J,000-BLG-310,2456778.580255,13.672,0.020,False,Johnson V,CCD,CABB,,False
6589,SN 2014J,000-BLG-310,2456776.6360,13.276,0.109,False,Johnson V,CCD,KTHA,,False
6590,SN 2014J,000-BLG-310,2456780.591516,15.294,0.042,False,Johnson B,CCD,CABB,,False
6591,SN 2014J,000-BLG-310,2456780.59044,13.061,0.017,False,Cousins R,CCD,CABB,,False
6592,SN 2014J,000-BLG-310,2456780.604873,13.684,0.019,False,Johnson V,CCD,CABB,,False
6593,SN 2014J,000-BLG-310,2456778.583299,13.004,0.016,False,Cousins R,CCD,CABB,,False
6594,SN 2014J,000-BLG-310,2456779.56659,15.133,0.030,False,Johnson B,CCD,BDGA,1.258,False
6595,SN 2014J,000-BLG-310,2456779.56239,13.514,0.049,False,Johnson V,CCD,BDGA,1.225,False
6596,SN 2014J,000-BLG-310,2456779.54525,12.910,0.068,False,Cousins R,CCD,BDGA,1.239,False
6597,SN 2014J,000-BLG-310,2456779.55918,12.445,0.022,False,Cousins I,CCD,BDGA,1.245,False
6598,SN 2014J,000-BLG-310,2456780.53585,15.068,0.063,False,Johnson B,CCD,BDGA,1.208,False
6599,SN 2014J,000-BLG-310,2456780.53167,13.575,0.053,False,Johnson V,CCD,BDGA,1.202,False
6600,SN 2014J,000-BLG-310,2456780.52535,12.986,0.038,False,Cousins R,CCD,BDGA,1.198,False
6601,SN 2014J,000-BLG-310,2456780.52850,12.573,0.023,False,Cousins I,CCD,BDGA,1.196,False
6602,SN 2014J,000-BLG-310,2456781.593727,13.077,0.020,False,Cousins R,CCD,CABB,,False
6603,SN 2014J,000-BLG-310,2456781.588947,13.679,0.021,False,Johnson V,CCD,CABB,,False
6604,SN 2014J,000-BLG-310,2456781.593067,15.266,0.046,False,Johnson B,CCD,CABB,,False
6605,SN 2014J,000-BLG-310,2456781.40637,13.75,0.03,False,Johnson V,CCD,NOT,1.15,False
6606,SN 2014J,000-BLG-310,2456781.40637,12.52,0.03,False,Cousins I,CCD,NOT,1.15,False
6607,SN 2014J,000-BLG-310,2456782.40101,13.70,0.03,False,Johnson V,CCD,NOT,1.15,False
6608,SN 2014J,000-BLG-310,2456782.40101,12.53,0.03,False,Cousins I,CCD,NOT,1.15,False
6609,SN 2014J,000-BLG-310,2456782.580197,15.329,0.053,False,Johnson B,CCD,CABB,,False
6610,SN 2014J,000-BLG-310,2456782.57912,13.105,0.020,False,Cousins R,CCD,CABB,,False
6611,SN 2014J,000-BLG-310,2456782.581319,13.742,0.023,False,Johnson V,CCD,CABB,,False
6612,SN 2014J,000-BLG-310,2456783.580486,15.337,0.055,False,Johnson B,CCD,CABB,,False
6613,SN 2014J,000-BLG-310,2456783.581157,13.075,0.023,False,Cousins R,CCD,CABB,,False
6614,SN 2014J,000-BLG-310,2456783.581609,13.745,0.026,False,Johnson V,CCD,CABB,,False
6615,SN 2014J,000-BLG-310,2456784.589375,15.300,0.051,False,Johnson B,CCD,CABB,,False
6616,SN 2014J,000-BLG-310,2456784.58875,13.760,0.024,False,Johnson V,CCD,CABB,,False
6617,SN 2014J,000-BLG-310,2456784.579572,13.126,0.023,False,Cousins R,CCD,CABB,,False
6618,SN 2014J,000-BLG-310,2456783.38343,13.73,0.03,False,Johnson V,CCD,NOT,1.13,False
6619,SN 2014J,000-BLG-310,2456783.38343,12.55,0.03,False,Cousins I,CCD,NOT,1.13,False
6620,PSN J09554214+6940260,000-BLG-310,2456783.36800,14.725,0.050,False,Johnson B,CCD,AFSA,,False
6621,PSN J09554214+6940260,000-BLG-310,2456783.36836,14.688,0.049,False,Johnson B,CCD,AFSA,,False
6622,PSN J09554214+6940260,000-BLG-310,2456783.36872,14.800,0.051,False,Johnson B,CCD,AFSA,,False
6623,PSN J09554214+6940260,000-BLG-310,2456783.36908,14.653,0.049,False,Johnson B,CCD,AFSA,,False
6624,PSN J09554214+6940260,000-BLG-310,2456783.36944,14.702,0.049,False,Johnson B,CCD,AFSA,,False
6625,PSN J09554214+6940260,000-BLG-310,2456783.37039,14.694,0.049,False,Johnson B,CCD,AFSA,,False
6626,PSN J09554214+6940260,000-BLG-310,2456783.37075,14.756,0.050,False,Johnson B,CCD,AFSA,,False
6627,PSN J09554214+6940260,000-BLG-310,2456783.37111,14.606,0.047,False,Johnson B,CCD,AFSA,,False
6628,PSN J09554214+6940260,000-BLG-310,2456783.37148,14.626,0.047,False,Johnson B,CCD,AFSA,,False
6629,PSN J09554214+6940260,000-BLG-310,2456783.37184,14.522,0.045,False,Johnson B,CCD,AFSA,,False
6630,PSN J09554214+6940260,000-BLG-310,2456783.36448,12.435,0.024,False,Cousins R,CCD,AFSA,,False
6631,PSN J09554214+6940260,000-BLG-310,2456783.36467,12.451,0.025,False,Cousins R,CCD,AFSA,,False
6632,PSN J09554214+6940260,000-BLG-310,2456783.36486,12.476,0.025,False,Cousins R,CCD,AFSA,,False
6633,PSN J09554214+6940260,000-BLG-310,2456783.36505,12.455,0.024,False,Cousins R,CCD,AFSA,,False
6634,PSN J09554214+6940260,000-BLG-310,2456783.36523,12.471,0.025,False,Cousins R,CCD,AFSA,,False
6635,PSN J09554214+6940260,000-BLG-310,2456783.36579,12.514,0.025,False,Cousins R,CCD,AFSA,,False
6636,PSN J09554214+6940260,000-BLG-310,2456783.36597,12.508,0.025,False,Cousins R,CCD,AFSA,,False
6637,PSN J09554214+6940260,000-BLG-310,2456783.36617,12.441,0.024,False,Cousins R,CCD,AFSA,,False
6638,PSN J09554214+6940260,000-BLG-310,2456783.36635,12.455,0.024,False,Cousins R,CCD,AFSA,,False
6639,PSN J09554214+6940260,000-BLG-310,2456783.36654,12.515,0.025,False,Cousins R,CCD,AFSA,,False
6640,PSN J09554214+6940260,000-BLG-310,2456783.36218,13.221,0.030,False,Johnson V,CCD,AFSA,,False
6641,PSN J09554214+6940260,000-BLG-310,2456783.36236,13.222,0.030,False,Johnson V,CCD,AFSA,,False
6642,PSN J09554214+6940260,000-BLG-310,2456783.36255,13.201,0.029,False,Johnson V,CCD,AFSA,,False
6643,PSN J09554214+6940260,000-BLG-310,2456783.36273,13.144,0.028,False,Johnson V,CCD,AFSA,,False
6644,PSN J09554214+6940260,000-BLG-310,2456783.36293,13.119,0.028,False,Johnson V,CCD,AFSA,,False
6645,PSN J09554214+6940260,000-BLG-310,2456783.36314,13.116,0.028,False,Johnson V,CCD,AFSA,,False
6646,PSN J09554214+6940260,000-BLG-310,2456783.36332,13.193,0.029,False,Johnson V,CCD,AFSA,,False
6647,PSN J09554214+6940260,000-BLG-310,2456783.36351,13.136,0.028,False,Johnson V,CCD,AFSA,,False
6648,PSN J09554214+6940260,000-BLG-310,2456783.36369,13.178,0.029,False,Johnson V,CCD,AFSA,,False
6649,PSN J09554214+6940260,000-BLG-310,2456783.36388,13.230,0.030,False,Johnson V,CCD,AFSA,,False
6650,SN 2014J,000-BLG-310,2456777.36061,13.576,0.019,False,Johnson V,CCD,JNDA,,False
6651,SN 2014J,000-BLG-310,2456777.36438,12.933,0.042,False,Cousins R,CCD,JNDA,,False
6652,SN 2014J,000-BLG-310,2456777.36665,12.399,0.034,False,Cousins I,CCD,JNDA,,False
6653,SN 2014J,000-BLG-310,2456780.44606,13.652,0.023,False,Johnson V,CCD,JNDA,,False
6654,SN 2014J,000-BLG-310,2456780.44985,13.022,0.042,False,Cousins R,CCD,JNDA,,False
6655,SN 2014J,000-BLG-310,2456780.45435,12.512,0.033,False,Cousins I,CCD,JNDA,,False
6656,SN 2014J,000-BLG-310,2456781.39297,13.700,0.013,False,Johnson V,CCD,JNDA,,False
6657,SN 2014J,000-BLG-310,2456781.39685,13.018,0.033,False,Cousins R,CCD,JNDA,,False
6658,SN 2014J,000-BLG-310,2456781.40052,12.473,0.030,False,Cousins I,CCD,JNDA,,False
6659,SN 2014J,000-BLG-310,2456785.45031,13.661,0.014,False,Johnson V,CCD,JNDA,,False
6660,SN 2014J,000-BLG-310,2456785.44233,13.039,0.039,False,Cousins R,CCD,JNDA,,False
6661,SN 2014J,000-BLG-310,2456785.46622,12.561,0.022,False,Cousins I,CCD,JNDA,,False
6662,SN 2014J,000-BLG-310,2456786.39449,13.769,0.019,False,Johnson V,CCD,JNDA,,False
6663,SN 2014J,000-BLG-310,2456786.39833,13.153,0.027,False,Cousins R,CCD,JNDA,,False
6664,SN 2014J,000-BLG-310,2456786.40216,12.472,0.018,False,Cousins I,CCD,JNDA,,False
6665,SN 2014J,000-BLG-310,2456790.377754,13.842,0.087,False,Johnson V,CCD,RZD,1.195,False
6666,SN 2014J,000-BLG-310,2456790.371224,13.408,0.088,False,Cousins R,CCD,RZD,1.195,False
6667,SN 2014J,000-BLG-310,2456790.381004,12.653,0.025,False,Cousins I,CCD,RZD,1.208,False
6668,SN 2014J,000-BLG-310,2456792.589537,15.358,0.079,False,Johnson B,CCD,CABB,,False
6669,SN 2014J,000-BLG-310,2456792.585417,13.802,0.037,False,Johnson V,CCD,CABB,,False
6670,SN 2014J,000-BLG-310,2456792.584965,13.113,0.035,False,Cousins R,CCD,CABB,,False
6671,SN 2014J,000-BLG-310,2456794.48079,15.641,0.043,False,Johnson B,CCD,CFRA,1.509,False
6672,SN 2014J,000-BLG-310,2456794.46259,13.896,0.031,False,Johnson V,CCD,CFRA,1.446,False
6673,SN 2014J,000-BLG-310,2456794.46548,13.153,0.016,False,Cousins R,CCD,CFRA,1.455,False
6674,SN 2014J,000-BLG-310,2456794.47191,12.718,0.033,False,Cousins I,CCD,CFRA,1.477,False
6675,SN 2014J,000-BLG-310,2456793.589826,15.477,0.054,False,Johnson B,CCD,CABB,,False
6676,SN 2014J,000-BLG-310,2456793.585255,13.316,0.027,False,Cousins R,CCD,CABB,,False
6677,SN 2014J,000-BLG-310,2456793.585706,13.963,0.029,False,Johnson V,CCD,CABB,,False
6678,SN 2014J,000-BLG-310,2456794.600613,15.467,0.050,False,Johnson B,CCD,CABB,,False
6679,SN 2014J,000-BLG-310,2456794.597778,13.354,0.028,False,Cousins R,CCD,CABB,,False
6680,SN 2014J,000-BLG-310,2456794.596481,13.992,0.027,False,Johnson V,CCD,CABB,,False
6681,SN 2014J,000-BLG-310,2456795.5886,15.490,0.059,False,Johnson B,CCD,CABB,,False
6682,SN 2014J,000-BLG-310,2456795.599734,13.395,0.028,False,Cousins R,CCD,CABB,,False
6683,SN 2014J,000-BLG-310,2456795.600185,14.027,0.029,False,Johnson V,CCD,CABB,,False
6684,SN 2014J,000-BLG-310,2456796.600544,15.512,0.055,False,Johnson B,CCD,CABB,,False
6685,SN 2014J,000-BLG-310,2456796.594213,13.420,0.029,False,Cousins R,CCD,CABB,,False
6686,SN 2014J,000-BLG-310,2456796.601655,14.051,0.030,False,Johnson V,CCD,CABB,,False
6687,SN 2014J,000-BLG-310,2456796.425775,13.712,0.068,False,Johnson V,CCD,BPO,,False
6688,SN 2014J,000-BLG-310,2456797.598495,15.570,0.061,False,Johnson B,CCD,CABB,,False
6689,SN 2014J,000-BLG-310,2456797.586944,13.434,0.031,False,Cousins R,CCD,CABB,,False
6690,SN 2014J,000-BLG-310,2456797.592639,14.045,0.034,False,Johnson V,CCD,CABB,,False
6691,SN 2014J,000-BLG-310,2456797.39485,14.13,0.07,False,Johnson V,CCD,NOT,1.20,False
6692,SN 2014J,000-BLG-310,2456797.39485,12.85,0.03,False,Cousins I,CCD,NOT,1.20,False
6693,SN 2014J,000-BLG-310,2456798.602627,15.479,0.051,False,Johnson B,CCD,CABB,,False
6694,SN 2014J,000-BLG-310,2456798.592813,13.474,0.029,False,Cousins R,CCD,CABB,,False
6695,SN 2014J,000-BLG-310,2456798.595023,14.053,0.029,False,Johnson V,CCD,CABB,,False
6696,SN 2014J,000-BLG-310,2456798.38806,14.10,0.07,False,Johnson V,CCD,NOT,1.20,False
6697,SN 2014J,000-BLG-310,2456798.38806,12.87,0.05,False,Cousins I,CCD,NOT,1.2,False
6698,SN 2014J,000-BLG-310,2456798.64786,13.959,0.041,False,Johnson V,CCD,DDJ,1.344,False
6699,SN 2014J,000-BLG-310,2456801.40442,14.16,0.07,False,Johnson V,CCD,NOT,1.24,False
6700,SN 2014J,000-BLG-310,2456801.40442,12.90,0.05,False,Cousins I,CCD,NOT,1.24,False
6701,SN 2014J,000-BLG-310,2456799.603715,15.582,0.063,False,Johnson B,CCD,CABB,,False
6702,SN 2014J,000-BLG-310,2456799.592176,13.472,0.031,False,Cousins R,CCD,CABB,,False
6703,SN 2014J,000-BLG-310,2456799.594375,14.071,0.031,False,Johnson V,CCD,CABB,,False
6704,SN 2014J,000-BLG-310,2456801.635208,15.454,0.071,False,Johnson B,CCD,CABB,,False
6705,SN 2014J,000-BLG-310,2456801.633356,13.567,0.042,False,Cousins R,CCD,CABB,,False
6706,SN 2014J,000-BLG-310,2456801.633819,14.107,0.041,False,Johnson V,CCD,CABB,,False
6707,SN 2014J,000-BLG-310,2456806.593333,15.659,0.067,False,Johnson B,CCD,CABB,,False
6708,SN 2014J,000-BLG-310,2456806.595741,13.821,0.035,False,Cousins R,CCD,CABB,,False
6709,SN 2014J,000-BLG-310,2456806.594456,14.205,0.034,False,Johnson V,CCD,CABB,,False
6710,SN 2014J,000-BLG-310,2456801.40442,15.90,0.13,False,Johnson B,CCD,NOT,1.24,False
6711,SN 2014J,000-BLG-310,2456798.38806,15.75,0.16,False,Johnson B,CCD,NOT,1.20,False
6712,SN 2014J,000-BLG-310,2456797.39485,15.80,0.17,False,Johnson B,CCD,NOT,1.20,False
6713,SN 2014J,000-BLG-310,2456783.38343,15.49,0.10,False,Johnson B,CCD,NOT,1.13,False
6714,SN 2014J,000-BLG-310,2456782.40101,15.49,0.10,False,Johnson B,CCD,NOT,1.15,False
6715,SN 2014J,000-BLG-310,2456781.40637,15.49,0.07,False,Johnson B,CCD,NOT,1.15,False
6716,SN 2014J,000-BLG-310,2456807.595671,15.666,0.071,False,Johnson B,CCD,CABB,,False
6717,SN 2014J,000-BLG-310,2456807.592836,13.694,0.038,False,Cousins R,CCD,CABB,,False
6718,SN 2014J,000-BLG-310,2456807.596782,14.265,0.037,False,Johnson V,CCD,CABB,,False
6719,SN 2014J,000-BLG-310,2456808.632442,15.598,0.096,False,Johnson B,CCD,CABB,,False
6720,SN 2014J,000-BLG-310,2456808.633553,14.316,0.055,False,Johnson V,CCD,CABB,,False
6721,SN 2014J,000-BLG-310,2456808.620914,13.693,0.048,False,Cousins R,CCD,CABB,,False
6722,SN 2014J,000-BLG-310,2456808.40546,15.80,0.12,False,Johnson B,CCD,NOT,1.28,False
6723,SN 2014J,000-BLG-310,2456808.40546,14.23,0.08,False,Johnson V,CCD,NOT,1.28,False
6724,SN 2014J,000-BLG-310,2456808.40546,13.20,0.18,False,Cousins I,CCD,NOT,1.28,False
6725,SN 2014J,000-BLG-310,2456809.618426,13.722,0.042,False,Cousins R,CCD,CABB,,False
6726,SN 2014J,000-BLG-310,2456809.610162,14.280,0.046,False,Johnson V,CCD,CABB,,False
6727,SN 2014J,000-BLG-310,2456809.610787,15.706,0.088,False,Johnson B,CCD,CABB,,False
6728,SN 2014J,000-BLG-310,2456810.600417,13.729,0.037,False,Cousins R,CCD,CABB,,False
6729,SN 2014J,000-BLG-310,2456810.602604,14.352,0.037,False,Johnson V,CCD,CABB,,False
6730,SN 2014J,000-BLG-310,2456810.611933,15.721,0.066,False,Johnson B,CCD,CABB,,False
6731,SN 2014J,000-BLG-310,2456811.60963,15.717,0.064,False,Johnson B,CCD,CABB,,False
6732,SN 2014J,000-BLG-310,2456811.606794,13.785,0.038,False,Cousins R,CCD,CABB,,False
6733,SN 2014J,000-BLG-310,2456811.612488,14.299,0.038,False,Johnson V,CCD,CABB,,False
6734,SN 2014J,000-BLG-310,2456812.597998,15.749,0.075,False,Johnson B,CCD,CABB,,False
6735,SN 2014J,000-BLG-310,2456812.612616,13.810,0.039,False,Cousins R,CCD,CABB,,False
6736,SN 2014J,000-BLG-310,2456812.613079,14.338,0.039,False,Johnson V,CCD,CABB,,False
6737,SN 2014J,000-BLG-310,2456813.60912,15.743,0.067,False,Johnson B,CCD,CABB,,False
6738,SN 2014J,000-BLG-310,2456813.60456,13.817,0.040,False,Cousins R,CCD,CABB,,False
6739,SN 2014J,000-BLG-310,2456813.606748,14.388,0.041,False,Johnson V,CCD,CABB,,False
6740,SN 2014J,000-BLG-310,2456814.613837,15.808,0.065,False,Johnson B,CCD,CABB,,False
6741,SN 2014J,000-BLG-310,2456814.607894,13.815,0.040,False,Cousins R,CCD,CABB,,False
6742,SN 2014J,000-BLG-310,2456814.616956,14.384,0.039,False,Johnson V,CCD,CABB,,False
6743,SN 2014J,000-BLG-310,2456814.428889,14.325,0.065,False,Johnson V,CCD,BPO,,False
6744,SN 2014J,000-BLG-310,2456818.64539,14.105,0.048,False,Johnson V,CCD,DDJ,1.470,False
6745,SN 2014J,000-BLG-310,2456817.607454,15.838,0.075,False,Johnson B,CCD,CABB,,False
6746,SN 2014J,000-BLG-310,2456817.604109,13.853,0.045,False,Cousins R,CCD,CABB,,False
6747,SN 2014J,000-BLG-310,2456817.598299,14.408,0.046,False,Johnson V,CCD,CABB,,False
6748,SN 2014J,000-BLG-310,2456818.601065,15.750,0.075,False,Johnson B,CCD,CABB,,False
6749,SN 2014J,000-BLG-310,2456818.603993,13.909,0.049,False,Cousins R,CCD,CABB,,False
6750,SN 2014J,000-BLG-310,2456818.600266,14.414,0.047,False,Johnson V,CCD,CABB,,False
6751,SN 2014J,000-BLG-310,2456815.667228,15.812,0.067,False,Johnson B,CCD,CABB,,False
6752,SN 2014J,000-BLG-310,2456815.673727,13.883,0.041,False,Cousins R,CCD,CABB,,False
6753,SN 2014J,000-BLG-310,2456815.652975,14.398,0.040,False,Johnson V,CCD,CABB,,False
6754,SN 2014J,000-BLG-310,2456816.644219,15.737,0.069,False,Johnson B,CCD,CABB,,False
6755,SN 2014J,000-BLG-310,2456816.631539,14.036,0.047,False,Cousins R,CCD,CABB,,False
6756,SN 2014J,000-BLG-310,2456816.626238,14.437,0.044,False,Johnson V,CCD,CABB,,False
6757,SN 2014J,000-BLG-310,2456819.606944,15.787,0.072,False,Johnson B,CCD,CABB,,False
6758,SN 2014J,000-BLG-310,2456819.59941,13.953,0.045,False,Cousins R,CCD,CABB,,False
6759,SN 2014J,000-BLG-310,2456819.597766,14.500,0.050,False,Johnson V,CCD,CABB,,False
6760,SN 2014J,000-BLG-310,2456820.606713,15.785,0.090,False,Johnson B,CCD,CABB,,False
6761,SN 2014J,000-BLG-310,2456820.602749,13.959,0.051,False,Cousins R,CCD,CABB,,False
6762,SN 2014J,000-BLG-310,2456820.605816,14.526,0.053,False,Johnson V,CCD,CABB,,False
6763,SN 2014J,000-BLG-310,2456761.769906,13.147,0.029,False,Johnson V,CCD,FJQ,1.295,False
6764,SN 2014J,000-BLG-310,2456761.77227,13.166,0.034,False,Johnson V,CCD,FJQ,1.300,False
6765,SN 2014J,000-BLG-310,2456761.774605,13.142,0.043,False,Johnson V,CCD,FJQ,1.306,False
6766,SN 2014J,000-BLG-310,2456762.752583,13.191,0.038,False,Johnson V,CCD,FJQ,1.275,False
6767,SN 2014J,000-BLG-310,2456762.754944,13.181,0.022,False,Johnson V,CCD,FJQ,1.279,False
6768,SN 2014J,000-BLG-310,2456762.757305,13.188,0.034,False,Johnson V,CCD,FJQ,1.284,False
6769,SN 2014J,000-BLG-310,2456764.745967,13.235,0.018,False,Johnson V,CCD,FJQ,1.270,False
6770,SN 2014J,000-BLG-310,2456764.748321,13.228,0.018,False,Johnson V,CCD,FJQ,1.275,False
6771,SN 2014J,000-BLG-310,2456764.750675,13.213,0.021,False,Johnson V,CCD,FJQ,1.279,False
6772,SN 2014J,000-BLG-310,2456767.721152,13.305,0.018,False,Johnson V,CCD,FJQ,1.254,False
6773,SN 2014J,000-BLG-310,2456767.724374,13.290,0.016,False,Johnson V,CCD,FJQ,1.258,False
6774,SN 2014J,000-BLG-310,2456767.727598,13.287,0.019,False,Johnson V,CCD,FJQ,1.261,False
6775,SN 2014J,000-BLG-310,2456768.748908,13.357,0.023,False,Johnson V,CCD,FJQ,1.291,False
6776,SN 2014J,000-BLG-310,2456768.752027,13.328,0.024,False,Johnson V,CCD,FJQ,1.297,False
6777,SN 2014J,000-BLG-310,2456770.715253,13.380,0.013,False,Johnson V,CCD,FJQ,1.257,False
6778,SN 2014J,000-BLG-310,2456770.718366,13.378,0.014,False,Johnson V,CCD,FJQ,1.261,False
6779,SN 2014J,000-BLG-310,2456772.722908,13.433,0.017,False,Johnson V,CCD,FJQ,1.273,False
6780,SN 2014J,000-BLG-310,2456772.726002,13.419,0.020,False,Johnson V,CCD,FJQ,1.277,False
6781,SN 2014J,000-BLG-310,2456777.361607,13.547,0.017,False,Johnson V,CCD,FJQ,1.231,False
6782,SN 2014J,000-BLG-310,2456777.363892,13.569,0.018,False,Johnson V,CCD,FJQ,1.232,False
6783,SN 2014J,000-BLG-310,2456781.356827,13.645,0.016,False,Johnson V,CCD,FJQ,1.232,False
6784,SN 2014J,000-BLG-310,2456781.359118,13.665,0.015,False,Johnson V,CCD,FJQ,1.234,False
6785,SN 2014J,000-BLG-310,2456785.356034,13.756,0.023,False,Johnson V,CCD,FJQ,1.239,False
6786,SN 2014J,000-BLG-310,2456785.358326,13.772,0.021,False,Johnson V,CCD,FJQ,1.239,False
6787,SN 2014J,000-BLG-310,2456789.371361,13.834,0.020,False,Johnson V,CCD,FJQ,1.256,False
6788,SN 2014J,000-BLG-310,2456789.373659,13.867,0.018,False,Johnson V,CCD,FJQ,1.259,False
6789,SN 2014J,000-BLG-310,2456761.763957,15.055,0.030,False,Johnson B,CCD,FJQ,1.290,False
6790,SN 2014J,000-BLG-310,2456761.766325,15.063,0.037,False,Johnson B,CCD,FJQ,1.295,False
6791,SN 2014J,000-BLG-310,2456762.746564,15.085,0.053,False,Johnson B,CCD,FJQ,1.271,False
6792,SN 2014J,000-BLG-310,2456762.74896,14.986,0.044,False,Johnson B,CCD,FJQ,1.271,False
6793,SN 2014J,000-BLG-310,2456764.740189,15.037,0.020,False,Johnson B,CCD,FJQ,1.266,False
6794,SN 2014J,000-BLG-310,2456764.742654,15.078,0.021,False,Johnson B,CCD,FJQ,1.266,False
6795,SN 2014J,000-BLG-310,2456767.71433,15.082,0.021,False,Johnson B,CCD,FJQ,1.248,False
6796,SN 2014J,000-BLG-310,2456767.717736,15.104,0.020,False,Johnson B,CCD,FJQ,1.251,False
6797,SN 2014J,000-BLG-310,2456768.742393,15.115,0.018,False,Johnson B,CCD,FJQ,1.281,False
6798,SN 2014J,000-BLG-310,2456768.745664,15.111,0.020,False,Johnson B,CCD,FJQ,1.286,False
6799,SN 2014J,000-BLG-310,2456770.708612,15.140,0.018,False,Johnson B,CCD,FJQ,1.250,False
6800,SN 2014J,000-BLG-310,2456770.711843,15.141,0.021,False,Johnson B,CCD,FJQ,1.254,False
6801,SN 2014J,000-BLG-310,2456772.716282,15.177,0.018,False,Johnson B,CCD,FJQ,1.264,False
6802,SN 2014J,000-BLG-310,2456772.719472,15.210,0.020,False,Johnson B,CCD,FJQ,1.268,False
6803,SN 2014J,000-BLG-310,2456777.355978,15.184,0.021,False,Johnson B,CCD,FJQ,1.231,False
6804,SN 2014J,000-BLG-310,2456777.358293,15.266,0.023,False,Johnson B,CCD,FJQ,1.231,False
6805,SN 2014J,000-BLG-310,2456781.351338,15.267,0.027,False,Johnson B,CCD,FJQ,1.232,False
6806,SN 2014J,000-BLG-310,2456781.353636,15.275,0.021,False,Johnson B,CCD,FJQ,1.232,False
6807,SN 2014J,000-BLG-310,2456785.350501,15.237,0.048,False,Johnson B,CCD,FJQ,1.235,False
6808,SN 2014J,000-BLG-310,2456785.352805,15.378,0.041,False,Johnson B,CCD,FJQ,1.237,False
6809,SN 2014J,000-BLG-310,2456789.36583,15.325,0.026,False,Johnson B,CCD,FJQ,1.253,False
6810,SN 2014J,000-BLG-310,2456789.368138,15.322,0.027,False,Johnson B,CCD,FJQ,1.253,False
6811,SN 2014J,000-BLG-310,2456761.778255,11.982,0.035,False,Cousins I,CCD,FJQ,1.312,False
6812,SN 2014J,000-BLG-310,2456761.780661,11.984,0.047,False,Cousins I,CCD,FJQ,1.318,False
6813,SN 2014J,000-BLG-310,2456761.783069,11.982,0.040,False,Cousins I,CCD,FJQ,1.318,False
6814,SN 2014J,000-BLG-310,2456762.760851,12.024,0.030,False,Cousins I,CCD,FJQ,1.289,False
6815,SN 2014J,000-BLG-310,2456762.765335,12.043,0.013,False,Cousins I,CCD,FJQ,1.294,False
6816,SN 2014J,000-BLG-310,2456762.767707,12.033,0.014,False,Cousins I,CCD,FJQ,1.300,False
6817,SN 2014J,000-BLG-310,2456764.75419,12.118,0.013,False,Cousins I,CCD,FJQ,1.284,False
6818,SN 2014J,000-BLG-310,2456764.756583,12.120,0.016,False,Cousins I,CCD,FJQ,1.284,False
6819,SN 2014J,000-BLG-310,2456764.758962,12.120,0.015,False,Cousins I,CCD,FJQ,1.289,False
6820,SN 2014J,000-BLG-310,2456767.731158,12.223,0.012,False,Cousins I,CCD,FJQ,1.265,False
6821,SN 2014J,000-BLG-310,2456767.734566,12.214,0.012,False,Cousins I,CCD,FJQ,1.269,False
6822,SN 2014J,000-BLG-310,2456768.75551,12.256,0.017,False,Cousins I,CCD,FJQ,1.302,False
6823,SN 2014J,000-BLG-310,2456770.721778,12.320,0.012,False,Cousins I,CCD,FJQ,1.265,False
6824,SN 2014J,000-BLG-310,2456770.72502,12.318,0.013,False,Cousins I,CCD,FJQ,1.269,False
6825,SN 2014J,000-BLG-310,2456772.729357,12.398,0.013,False,Cousins I,CCD,FJQ,1.282,False
6826,SN 2014J,000-BLG-310,2456772.732642,12.399,0.014,False,Cousins I,CCD,FJQ,1.287,False
6827,SN 2014J,000-BLG-310,2456777.367219,12.566,0.012,False,Cousins I,CCD,FJQ,1.233,False
6828,SN 2014J,000-BLG-310,2456777.369517,12.568,0.013,False,Cousins I,CCD,FJQ,1.234,False
6829,SN 2014J,000-BLG-310,2456781.362432,12.685,0.013,False,Cousins I,CCD,FJQ,1.235,False
6830,SN 2014J,000-BLG-310,2456781.364763,12.689,0.013,False,Cousins I,CCD,FJQ,1.237,False
6831,SN 2014J,000-BLG-310,2456785.361693,12.824,0.015,False,Cousins I,CCD,FJQ,1.241,False
6832,SN 2014J,000-BLG-310,2456785.364028,12.827,0.016,False,Cousins I,CCD,FJQ,1.243,False
6833,SN 2014J,000-BLG-310,2456789.377007,12.956,0.016,False,Cousins I,CCD,FJQ,1.263,False
6834,SN 2014J,000-BLG-310,2456789.379309,12.935,0.016,False,Cousins I,CCD,FJQ,1.267,False
6835,SN 2014J,000-BLG-310,2456762.77118,12.445,0.044,False,Cousins R,CCD,FJQ,1.305,False
6836,SN 2014J,000-BLG-310,2456762.773528,12.426,0.044,False,Cousins R,CCD,FJQ,1.311,False
6837,SN 2014J,000-BLG-310,2456762.775877,12.411,0.065,False,Cousins R,CCD,FJQ,1.311,False
6838,SN 2014J,000-BLG-310,2456823.678333,15.801,0.093,False,Johnson B,CCD,CABB,,False
6839,SN 2014J,000-BLG-310,2456823.686094,14.038,0.056,False,Cousins R,CCD,CABB,,False
6840,SN 2014J,000-BLG-310,2456823.680052,14.471,0.054,False,Johnson V,CCD,CABB,,False
6841,SN 2014J,000-BLG-310,2456816.40212,15.90,0.17,False,Johnson B,CCD,NOT,1.56,False
6842,SN 2014J,000-BLG-310,2456816.38604,14.41,0.10,False,Johnson V,CCD,NOT,1.56,False
6843,SN 2014J,000-BLG-310,2456813.40604,14.217,0.014,False,Johnson V,CCD,JNDA,,False
6844,SN 2014J,000-BLG-310,2456813.40983,13.710,0.022,False,Cousins R,CCD,JNDA,,False
6845,SN 2014J,000-BLG-310,2456813.41361,13.146,0.026,False,Cousins I,CCD,JNDA,,False
6846,SN 2014J,000-BLG-310,2456814.41375,14.209,0.021,False,Johnson V,CCD,JNDA,,False
6847,SN 2014J,000-BLG-310,2456814.41754,13.776,0.035,False,Cousins R,CCD,JNDA,,False
6848,SN 2014J,000-BLG-310,2456814.42131,13.185,0.032,False,Cousins I,CCD,JNDA,,False
6849,SN 2014J,000-BLG-310,2456817.41512,14.356,0.012,False,Johnson V,CCD,JNDA,,False
6850,SN 2014J,000-BLG-310,2456817.41890,13.770,0.040,False,Cousins R,CCD,JNDA,,False
6851,SN 2014J,000-BLG-310,2456817.42265,13.155,0.036,False,Cousins I,CCD,JNDA,,False
6852,SN 2014J,000-BLG-310,2456819.41303,14.342,0.022,False,Johnson V,CCD,JNDA,,False
6853,SN 2014J,000-BLG-310,2456819.40524,13.797,0.029,False,Cousins R,CCD,JNDA,,False
6854,SN 2014J,000-BLG-310,2456819.40902,13.207,0.035,False,Cousins I,CCD,JNDA,,False
6855,SN 2014J,000-BLG-310,2456821.42383,14.411,0.023,False,Johnson V,CCD,JNDA,,False
6856,SN 2014J,000-BLG-310,2456821.41609,13.921,0.050,False,Cousins R,CCD,JNDA,,False
6857,SN 2014J,000-BLG-310,2456821.41986,13.311,0.035,False,Cousins I,CCD,JNDA,,False
6858,SN 2014J,000-BLG-310,2456824.625203,14.180,0.063,False,Cousins R,CCD,CABB,,False
6859,SN 2014J,000-BLG-310,2456824.620457,14.558,0.062,False,Johnson V,CCD,CABB,,False
6860,SN 2014J,000-BLG-310,2456825.614329,15.829,0.084,False,Johnson B,CCD,CABB,,False
6861,SN 2014J,000-BLG-310,2456825.612025,14.062,0.049,False,Cousins R,CCD,CABB,,False
6862,SN 2014J,000-BLG-310,2456825.609005,14.598,0.051,False,Johnson V,CCD,CABB,,False
6863,SN 2014J,000-BLG-310,2456826.473796,14.530,0.121,False,Johnson V,CCD,BPO,,False
6864,SN 2014J,000-BLG-310,2456826.679792,15.805,0.087,False,Johnson B,CCD,CABB,,False
6865,SN 2014J,000-BLG-310,2456826.68897,14.045,0.056,False,Cousins R,CCD,CABB,,False
6866,SN 2014J,000-BLG-310,2456826.689769,14.609,0.053,False,Johnson V,CCD,CABB,,False
6867,SN 2014J,000-BLG-310,2456827.605891,15.893,0.063,False,Johnson B,CCD,CABB,,False
6868,SN 2014J,000-BLG-310,2456827.607419,14.082,0.048,False,Cousins R,CCD,CABB,,False
6869,SN 2014J,000-BLG-310,2456827.600579,14.616,0.044,False,Johnson V,CCD,CABB,,False
6870,SN 2014J,000-BLG-310,2456828.614769,14.705,0.073,False,Johnson V,CCD,CABB,,False
6871,SN 2014J,000-BLG-310,2456830.43398,14.69,0.10,False,Johnson V,CCD,NOT,1.52,False
6872,SN 2014J,000-BLG-310,2456830.42558,15.85,0.10,False,Johnson B,CCD,NOT,1.52,False
6873,SN 2014J,000-BLG-310,2456832.612882,15.942,0.083,False,Johnson B,CCD,CABB,,False
6874,SN 2014J,000-BLG-310,2456832.61441,14.159,0.060,False,Cousins R,CCD,CABB,,False
6875,SN 2014J,000-BLG-310,2456832.62287,14.661,0.058,False,Johnson V,CCD,CABB,,False
6876,SN 2014J,000-BLG-310,2456835.345972,14.454,0.1,False,Johnson V,CCD,SBX,1.59,False
6877,SN 2014J,000-BLG-310,2456838.609954,14.247,0.098,False,Cousins R,CCD,CABB,,False
6878,SN 2014J,000-BLG-310,2456839.610671,15.979,0.091,False,Johnson B,CCD,CABB,,False
6879,SN 2014J,000-BLG-310,2456839.608368,14.279,0.068,False,Cousins R,CCD,CABB,,False
6880,SN 2014J,000-BLG-310,2456839.605347,14.784,0.067,False,Johnson V,CCD,CABB,,False
6881,SN 2014J,000-BLG-310,2456840.603947,14.222,0.072,False,Cousins R,CCD,CABB,,False
6882,SN 2014J,000-BLG-310,2456840.600926,14.799,0.080,False,Johnson V,CCD,CABB,,False
6883,SN 2014J,000-BLG-310,2456841.611493,15.995,0.104,False,Johnson B,CCD,CABB,,False
6884,SN 2014J,000-BLG-310,2456841.613021,14.356,0.080,False,Cousins R,CCD,CABB,,False
6885,SN 2014J,000-BLG-310,2456841.60235,14.886,0.075,False,Johnson V,CCD,CABB,,False
6886,SN 2014J,000-BLG-310,2456844.640336,14.478,0.081,False,Cousins R,CCD,CABB,,False
6887,SN 2014J,000-BLG-310,2456844.615938,14.914,0.076,False,Johnson V,CCD,CABB,,False
6888,SN 2014J,000-BLG-310,2456845.599097,14.591,0.076,False,Cousins R,CCD,CABB,,False
6889,SN 2014J,000-BLG-310,2456845.597118,14.886,0.071,False,Johnson V,CCD,CABB,,False
6890,SN 2014J,000-BLG-310,2456846.604745,14.379,0.080,False,Cousins R,CCD,CABB,,False
6891,SN 2014J,000-BLG-310,2456846.600625,14.917,0.080,False,Johnson V,CCD,CABB,,False
6892,SN 2014J,000-BLG-310,2456848.606806,14.486,0.078,False,Cousins R,CCD,CABB,,False
6893,SN 2014J,000-BLG-310,2456848.603119,14.941,0.085,False,Johnson V,CCD,CABB,,False
6894,SN 2014J,000-BLG-310,2456854.40425,15.92,0.15,False,Johnson B,CCD,NOT,1.64,False
6895,SN 2014J,000-BLG-310,2456854.37733,15.04,0.20,False,Johnson V,CCD,NOT,1.55,False
6896,SN 2014J,000-BLG-310,2456853.637471,14.472,0.093,False,Cousins R,CCD,CABB,,False
6897,SN 2014J,000-BLG-310,2456853.633785,14.916,0.096,False,Johnson V,CCD,CABB,,False
6898,SN 2014J,000-BLG-310,2456850.60316,14.472,0.093,False,Cousins R,CCD,CABB,,False
6899,SN 2014J,000-BLG-310,2456850.606887,14.970,0.097,False,Johnson V,CCD,CABB,,False
6900,SN 2014J,000-BLG-310,2456863.604815,14.583,0.094,False,Cousins R,CCD,CABB,,False
6901,SN 2014J,000-BLG-310,2456863.605613,15.030,0.097,False,Johnson V,CCD,CABB,,False
6902,SN 2014J,000-BLG-310,2456801.423244,15.788,0.055,False,Johnson B,CCD,CFRA,1.384,False
6903,SN 2014J,000-BLG-310,2456801.446116,12.854,0.012,False,Cousins I,CCD,CFRA,1.454,False
6904,SN 2014J,000-BLG-310,2456801.434885,13.228,0.019,False,Cousins R,CCD,CFRA,1.418,False
6905,SN 2014J,000-BLG-310,2456801.429255,14.035,0.025,False,Johnson V,CCD,CFRA,1.401,False
6906,SN 2014J,000-BLG-310,2456808.393093,15.538,0.018,False,Johnson B,CCD,CFRA,1.353,False
6907,SN 2014J,000-BLG-310,2456808.404813,12.850,0.025,False,Cousins I,CCD,CFRA,1.385,False
6908,SN 2014J,000-BLG-310,2456808.400063,13.544,0.021,False,Cousins R,CCD,CFRA,1.372,False
6909,SN 2014J,000-BLG-310,2456808.397443,14.031,0.017,False,Johnson V,CCD,CFRA,1.365,False
6910,SN 2014J,000-BLG-310,2456816.505376,15.621,0.082,False,Johnson B,CCD,CFRA,1.891,False
6911,SN 2014J,000-BLG-310,2456816.521486,13.503,0.052,False,Cousins R,CCD,CFRA,1.980,False
6912,SN 2014J,000-BLG-310,2456816.515056,14.090,0.089,False,Johnson V,CCD,CFRA,1.944,False
6913,SN 2014J,000-BLG-310,2456861.38016,15.22,0.2,False,Johnson V,CCD,NOT,1.62,False
6914,SN 2014J,000-BLG-310,2456727.31043,14.3343,0.1580,False,Johnson B,CCD,NANB,1.045,False
6915,SN 2014J,000-BLG-310,2456727.29958,12.2950,0.1080,False,Johnson V,CCD,NANB,1.051,False
6916,SN 2014J,000-BLG-310,2456727.31275,14.3382,0.1521,False,Johnson B,CCD,NANB,1.045,False
6917,SN 2014J,000-BLG-310,2456727.30076,12.3076,0.1168,False,Johnson V,CCD,NANB,1.051,False
6918,SN 2014J,000-BLG-310,2456727.31509,14.3624,0.1287,False,Johnson B,CCD,NANB,1.040,False
6919,SN 2014J,000-BLG-310,2456727.30193,12.2998,0.1001,False,Johnson V,CCD,NANB,1.051,False
6920,SN 2014J,000-BLG-310,2456727.31742,14.3439,0.1367,False,Johnson B,CCD,NANB,1.040,False
6921,SN 2014J,000-BLG-310,2456727.30310,12.2858,0.1117,False,Johnson V,CCD,NANB,1.051,False
6922,SN 2014J,000-BLG-310,2456727.31975,14.3692,0.1215,False,Johnson B,CCD,NANB,1.040,False
6923,SN 2014J,000-BLG-310,2456727.29733,12.2852,0.1179,False,Johnson V,CCD,NANB,1.051,False
6924,SN 2014J,000-BLG-310,2456727.30545,12.2874,0.0977,False,Johnson V,CCD,NANB,1.045,False
6925,SN 2014J,000-BLG-310,2456727.30810,14.2931,0.1128,False,Johnson B,CCD,NANB,1.045,False
6926,SN 2014J,000-BLG-310,2456727.29841,12.2876,0.1026,False,Johnson V,CCD,NANB,1.051,False
6927,SN 2014J,000-BLG-310,2456754.45395,12.918,0.038,False,Johnson V,CCD,HGUA,,False
6928,SN 2014J,000-BLG-310,2456754.45395,14.737,0.066,False,Johnson B,CCD,HGUA,,False
6929,SN 2014J,000-BLG-310,2456754.45395,12.093,0.051,False,Cousins R,CCD,HGUA,,False
6930,SN 2014J,000-BLG-310,2456757.355,14.0,,False,Johnson B,PEP,LJX,,False
6931,SN 2014J,000-BLG-310,2456762.382,14.2,,False,Johnson B,PEP,LJX,,False
6932,SN 2014J,000-BLG-310,2456775.554,14.4,,False,Johnson B,PEP,LJX,,False
6933,SN 2014J,000-BLG-310,2456757.359,12.65,,False,Cousins R,CCD,LJX,,False
6934,SN 2014J,000-BLG-310,2456757.362,12.34,,False,Cousins I,CCD,LJX,,False
6935,SN 2014J,000-BLG-310,2456762.385,12.8,,False,Cousins R,CCD,LJX,,False
6936,SN 2014J,000-BLG-310,2456762.389,12.5,,False,Cousins I,CCD,LJX,,False
6937,SN 2014J,000-BLG-310,2456775.548,13.2,,False,Cousins R,CCD,LJX,,False
6938,SN 2014J,000-BLG-310,2456775.559,12.9,,False,Cousins I,CCD,LJX,,False
6939,SN 2014J,000-BLG-310,2456775.565,13.5,,False,Johnson V,CCD,LJX,,False
6940,SN 2014J,000-BLG-310,2456754.424,11.5,,False,Cousins I,CCD,NJL,,False
6941,SN 2014J,000-BLG-310,2456754.431,12.7,,False,Johnson V,CCD,NJL,,False
6942,SN 2014J,000-BLG-310,2456754.438,12.1,,False,Cousins R,CCD,NJL,,False
6943,SN 2014J,000-BLG-310,2456754.451,14.6,,False,Johnson B,CCD,NJL,,False
6944,SN 2014J,000-BLG-310,2456705.650,10.7,,False,Cousins R,CCD,LJX,,False
6945,SN 2014J,000-BLG-310,2456708.356,10.7,,False,Cousins R,CCD,LJX,,False
6946,SN 2014J,000-BLG-310,2456711.322,10.7,,False,Cousins R,CCD,LJX,,False
6947,SN 2014J,000-BLG-310,2456713.671,10.7,,False,Cousins R,CCD,LJX,,False
6948,SN 2014J,000-BLG-310,2456715.540,10.8,,False,Cousins R,CCD,LJX,,False
6949,SN 2014J,000-BLG-310,2456723.320,11.1,,False,Cousins R,CCD,LJX,,False
6950,SN 2014J,000-BLG-310,2456726.330,11.4,,False,Cousins R,CCD,LJX,,False
6951,SN 2014J,000-BLG-310,2456734.357,11.6,,False,Cousins R,CCD,LJX,,False
6952,SN 2014J,000-BLG-310,2456752.568,12.3,,False,Cousins R,CCD,LJX,,False
6953,SN 2014J,000-BLG-310,2456757.352,12.5,,False,Cousins R,CCD,LJX,,False
6954,SN 2014J,000-BLG-310,2456762.377,12.9,,False,Cousins R,CCD,LJX,,False
6955,SN 2014J,000-BLG-310,2456773.469,13.1,,False,Cousins R,CCD,LJX,,False
6956,SN 2014J,000-BLG-310,2456782.373,13.4,,False,Cousins R,CCD,LJX,,False
6957,SN 2014J,000-BLG-310,2456782.377,14.4,,False,Johnson B,PEP,LJX,,False
6958,SN 2014J,000-BLG-310,2456795.350,14.6,,False,Johnson B,PEP,LJX,,False
6959,SN 2014J,000-BLG-310,2456801.404,14.8,,False,Johnson B,PEP,LJX,,False
6960,SN 2014J,000-BLG-310,2456782.380,13.1,,False,Cousins I,CCD,LJX,,False
6961,SN 2014J,000-BLG-310,2456782.383,13.3,,False,Cousins R,CCD,LJX,,False
6962,SN 2014J,000-BLG-310,2456787.575,13.3,,False,Cousins R,CCD,LJX,,False
6963,SN 2014J,000-BLG-310,2456795.340,13.4,,False,Cousins R,CCD,LJX,,False
6964,SN 2014J,000-BLG-310,2456795.345,13.7,,False,Cousins R,CCD,LJX,,False
6965,SN 2014J,000-BLG-310,2456795.354,13.3,,False,Cousins I,CCD,LJX,,False
6966,SN 2014J,000-BLG-310,2456801.354,13.6,,False,Cousins R,CCD,LJX,,False
6967,SN 2014J,000-BLG-310,2456801.407,13.9,,False,Cousins R,CCD,LJX,,False
6968,SN 2014J,000-BLG-310,2456801.410,13.5,,False,Cousins I,CCD,LJX,,False
6969,SN 2014J,000-BLG-310,2456745.350,12.9,,False,Johnson V,CCD,SMRC,,False
6970,SN 2014J,000-BLG-310,2456745.356,12.1,,False,Cousins R,CCD,SMRC,,False
6971,SN 2014J,000-BLG-310,2456746.340,11.4,,False,Cousins I,CCD,SMRC,,False
6972,SN 2014J,000-BLG-310,2456748.322,14.8,,False,Johnson B,CCD,SMRC,,False
6973,SN 2014J,000-BLG-310,2456748.346,12.1,,False,Cousins R,CCD,SMRC,,False
6974,SN 2014J,000-BLG-310,2456748.350,13.0,,False,Johnson V,CCD,SMRC,,False
6975,SN 2014J,000-BLG-310,2456748.352,12.3,,False,Cousins R,CCD,SMRC,,False
6976,SN 2014J,000-BLG-310,2456748.355,11.4,,False,Cousins I,CCD,SMRC,,False
6977,SN 2014J,000-BLG-310,2456749.304,14.9,,False,Johnson B,CCD,SMRC,,False
6978,SN 2014J,000-BLG-310,2456757.327,11.9,,False,Cousins I,CCD,SMRC,,False
6979,SN 2014J,000-BLG-310,2456757.331,12.5,,False,Cousins R,CCD,SMRC,,False
6980,SN 2014J,000-BLG-310,2456757.337,15.0,,False,Johnson B,CCD,SMRC,,False
6981,SN 2014J,000-BLG-310,2456757.345,13.2,,False,Johnson V,CCD,SMRC,,False
6982,SN 2014J,000-BLG-310,2456758.336,12.7,,False,Cousins R,CCD,SMRC,,False
6983,SN 2014J,000-BLG-310,2456758.349,14.9,,False,Johnson B,CCD,SMRC,,False
6984,SN 2014J,000-BLG-310,2456758.380,13.3,,False,Johnson V,CCD,SMRC,,False
6985,SN 2014J,000-BLG-310,2456758.395,12.5,,False,Cousins R,CCD,SMRC,,False
6986,SN 2014J,000-BLG-310,2456762.365,15.0,,False,Johnson B,CCD,SMRC,,False
6987,SN 2014J,000-BLG-310,2456762.373,12.1,,False,Cousins I,CCD,SMRC,,False
6988,SN 2014J,000-BLG-310,2456762.378,12.6,,False,Cousins R,CCD,SMRC,,False
6989,SN 2014J,000-BLG-310,2456762.384,13.3,,False,Johnson V,CCD,SMRC,,False
6990,SN 2014J,000-BLG-310,2456766.379,15.1,,False,Johnson B,CCD,SMRC,,False
6991,SN 2014J,000-BLG-310,2456766.382,12.7,,False,Cousins R,CCD,SMRC,,False
6992,SN 2014J,000-BLG-310,2456766.385,13.4,,False,Johnson V,CCD,SMRC,,False
6993,SN 2014J,000-BLG-310,2456766.387,12.3,,False,Cousins I,CCD,SMRC,,False
6994,SN 2014J,000-BLG-310,2456766.392,12.9,,False,Cousins R,CCD,SMRC,,False
6995,SN 2014J,000-BLG-310,2456781.374,13.8,,False,Johnson V,CCD,SMRC,,False
6996,SN 2014J,000-BLG-310,2456781.376,15.4,,False,Johnson B,CCD,SMRC,,False
6997,SN 2014J,000-BLG-310,2456781.377,13.3,,False,Cousins R,CCD,SMRC,,False
6998,SN 2014J,000-BLG-310,2456781.381,13.2,,False,Cousins R,CCD,SMRC,,False
6999,SN 2014J,000-BLG-310,2456781.389,12.7,,False,Cousins I,CCD,SMRC,,False
7000,SN 2014J,000-BLG-310,2456814.357,13.8,,False,Cousins R,CCD,LJX,,False
7001,SN 2014J,000-BLG-310,2456814.367,14.1,,False,Cousins R,CCD,LJX,,False
7002,SN 2014J,000-BLG-310,2456814.370,13.8,,False,Cousins I,CCD,LJX,,False
7003,SN 2014J,000-BLG-310,2456723.334,11.30,,False,Cousins R,CCD,LJX,,False
7004,SN 2014J,000-BLG-310,2456723.339,10.75,,False,Cousins I,CCD,LJX,,False
7005,SN 2014J,000-BLG-310,2456726.343,11.55,,False,Cousins R,CCD,LJX,,False
7006,SN 2014J,000-BLG-310,2456726.348,11.00,,False,Cousins I,CCD,LJX,,False
7007,SN 2014J,000-BLG-310,2456730.606,11.79,,False,Cousins R,CCD,LJX,,False
7008,SN 2014J,000-BLG-310,2456730.609,11.29,,False,Cousins I,CCD,LJX,,False
7009,SN 2014J,000-BLG-310,2456734.369,11.90,,False,Cousins R,CCD,LJX,,False
7010,SN 2014J,000-BLG-310,2456734.374,11.44,,False,Cousins I,CCD,LJX,,False
7011,SN 2014J,000-BLG-310,2456744.666,12.0,,False,Cousins R,CCD,LJX,,False
7012,SN 2014J,000-BLG-310,2456718.350,9.9,,False,Cousins I,CCD,NJL,,False
7013,SN 2014J,000-BLG-310,2456718.358,11.56,,False,Johnson V,CCD,NJL,,False
7014,SN 2014J,000-BLG-310,2456718.364,10.73,,False,Cousins R,CCD,NJL,,False
7015,SN 2014J,000-BLG-310,2456718.377,13.5,,False,Johnson B,CCD,NJL,,False
7016,SN 2014J,000-BLG-310,2456721.521,10.0,,False,Cousins I,CCD,NJL,,False
7017,SN 2014J,000-BLG-310,2456721.526,11.74,,False,Johnson V,CCD,NJL,,False
7018,SN 2014J,000-BLG-310,2456721.530,10.8,,False,Cousins R,CCD,NJL,,False
7019,SN 2014J,000-BLG-310,2456721.536,13.58,,False,Johnson B,CCD,NJL,,False
7020,SN 2014J,000-BLG-310,2456722.317,12.0,,False,Johnson V,CCD,SMRC,,False
7021,SN 2014J,000-BLG-310,2456722.331,11.0,,False,Cousins R,CCD,SMRC,,False
7022,SN 2014J,000-BLG-310,2456722.339,10.1,,False,Cousins I,CCD,SMRC,,False
7023,SN 2014J,000-BLG-310,2456722.351,11.1,,False,Cousins R,CCD,SMRC,,False
7024,SN 2014J,000-BLG-310,2456726.348,10.1,,False,Cousins I,CCD,SMRC,,False
7025,SN 2014J,000-BLG-310,2456726.352,11.2,,False,Cousins R,CCD,SMRC,,False
7026,SN 2014J,000-BLG-310,2456726.357,12.1,,False,Johnson V,CCD,SMRC,,False
7027,SN 2014J,000-BLG-310,2456726.361,10.9,,False,Cousins R,CCD,SMRC,,False
7028,SN 2014J,000-BLG-310,2456729.380,11.5,,False,Cousins R,CCD,SMRC,,False
7029,SN 2014J,000-BLG-310,2456729.393,12.4,,False,Johnson V,CCD,SMRC,,False
7030,SN 2014J,000-BLG-310,2456729.405,11.5,,False,Cousins R,CCD,SMRC,,False
7031,SN 2014J,000-BLG-310,2456729.414,10.5,,False,Cousins I,CCD,SMRC,,False
7032,SN 2014J,000-BLG-310,2456737.364,11.9,,False,Cousins R,CCD,SMRC,,False
7033,SN 2014J,000-BLG-310,2456737.373,12.7,,False,Johnson V,CCD,SMRC,,False
7034,SN 2014J,000-BLG-310,2456737.389,11.8,,False,Cousins R,CCD,SMRC,,False
7035,SN 2014J,000-BLG-310,2456737.398,11.0,,False,Cousins I,CCD,SMRC,,False
7036,SN 2014J,000-BLG-310,2456819.368909,15.730,0.036,False,Johnson B,CCD,NRNA,1.368,False
7037,SN 2014J,000-BLG-310,2456819.389219,12.746,0.017,False,Cousins I,CCD,NRNA,1.429,False
7038,SN 2014J,000-BLG-310,2456819.379169,13.711,0.052,False,Cousins R,CCD,NRNA,1.398,False
7039,SN 2014J,000-BLG-310,2456819.397670,14.205,0.033,False,Johnson V,CCD,NRNA,1.457,False
7040,SN 2014J,000-BLG-310,2456809.360367,12.848,0.008,False,Cousins I,CCD,NRNA,1.281,False
7041,SN 2014J,000-BLG-310,2456809.351507,13.486,0.012,False,Cousins R,CCD,NRNA,1.262,False
7042,SN 2014J,000-BLG-310,2456809.368218,14.140,0.014,False,Johnson V,CCD,NRNA,1.298,False
7043,SN 2014J,000-BLG-310,2456801.416784,15.499,0.050,False,Johnson B,CCD,NRNA,1.365,False
7044,SN 2014J,000-BLG-310,2456801.362261,12.712,0.014,False,Cousins I,CCD,NRNA,1.242,False
7045,SN 2014J,000-BLG-310,2456801.353861,13.346,0.012,False,Cousins R,CCD,NRNA,1.227,False
7046,SN 2014J,000-BLG-310,2456801.370822,14.005,0.021,False,Johnson V,CCD,NRNA,1.257,False
7047,SN 2014J,000-BLG-310,2456792.372125,15.274,0.036,False,Johnson B,CCD,NRNA,1.217,False
7048,SN 2014J,000-BLG-310,2456792.383796,12.574,0.012,False,Cousins I,CCD,NRNA,1.236,False
7049,SN 2014J,000-BLG-310,2456792.339843,13.216,0.006,False,Cousins R,CCD,NRNA,1.175,False
7050,SN 2014J,000-BLG-310,2456792.392256,13.732,0.037,False,Johnson V,CCD,NRNA,1.251,False
7051,SN 2014J,000-BLG-310,2456785.357739,15.253,0.045,False,Johnson B,CCD,NRNA,1.174,False
7052,SN 2014J,000-BLG-310,2456785.381060,12.563,0.021,False,Cousins I,CCD,NRNA,1.202,False
7053,SN 2014J,000-BLG-310,2456785.331967,13.060,0.016,False,Cousins R,CCD,NRNA,1.151,False
7054,SN 2014J,000-BLG-310,2456785.389611,13.597,0.012,False,Johnson V,CCD,NRNA,1.214,False
7055,SN 2014J,000-BLG-310,2456773.335786,15.129,0.008,False,Johnson B,CCD,NRNA,1.137,False
7056,SN 2014J,000-BLG-310,2456773.353567,12.188,0.007,False,Cousins I,CCD,NRNA,1.144,False
7057,SN 2014J,000-BLG-310,2456773.324935,12.678,0.009,False,Cousins R,CCD,NRNA,1.134,False
7058,SN 2014J,000-BLG-310,2456773.361878,13.353,0.007,False,Johnson V,CCD,NRNA,1.149,False
7059,SN 2014J,000-BLG-310,2456730.301759,12.332,0.02,False,Johnson V,CCD,PELB,1.36,False
7060,SN 2014J,000-BLG-310,2456734.293472,12.506,0.02,False,Johnson V,CCD,PELB,1.24,False
7061,SN 2014J,000-BLG-310,2456737.330683,12.352,0.02,False,Johnson V,CCD,PELB,1.18,False
7062,SN 2014J,000-BLG-310,2456744.225475,12.801,0.03,False,Johnson V,CCD,PELB,1.34,False
7063,SN 2014J,000-BLG-310,2456751.243194,12.975,0.03,False,Johnson V,CCD,PELB,1.35,False
7064,SN 2014J,000-BLG-310,2456798.372095,13.884,0.08,False,Johnson V,CCD,PELB,1.12,False
7065,SN 2014J,000-BLG-310,2456803.306863,14.05,0.06,False,Johnson V,CCD,PELB,1.11,False
7066,SN 2014J,000-BLG-310,2456835.345972,14.203,0.10,False,Johnson V,CCD,PELB,1.12,False
7067,SN 2014J,000-BLG-310,2456723.37,11.07,,False,Cousins R,CCD,VPI,,False
7068,SN 2014J,000-BLG-310,2456690.360,10.53,,False,Johnson V,CCD,AAUA,,False
7069,SN 2014J,000-BLG-310,2456690.370,9.98,,False,Cousins R,CCD,AAUA,,False
7070,SN 2014J,000-BLG-310,2456707.347,11.18,,False,Johnson V,CCD,AAUA,,False
7071,SN 2014J,000-BLG-310,2456707.356,11.22,,False,Johnson V,CCD,AAUA,,False
7072,SN 2014J,000-BLG-310,2456707.367,10.71,,False,Cousins R,CCD,AAUA,,False
7073,SN 2014J,000-BLG-310,2456714.447,11.26,,False,Johnson V,CCD,AAUA,,False
7074,SN 2014J,000-BLG-310,2456689.591,10.2,,False,Cousins R,CCD,LJX,,False
7075,SN 2014J,000-BLG-310,2456689.595,10.4,,False,Johnson V,CCD,LJX,,False
7076,SN 2014J,000-BLG-310,2456689.6,9.83,,False,Cousins R,CCD,LJX,,False
7077,SN 2014J,000-BLG-310,2456711.337,10.91,,False,Cousins R,CCD,LJX,,False
7078,SN 2014J,000-BLG-310,2456711.340,10.77,,False,Cousins I,CCD,LJX,,False
7079,SN 2014J,000-BLG-310,2456713.665,10.93,,False,Cousins R,CCD,LJX,,False
7080,SN 2014J,000-BLG-310,2456713.668,10.75,,False,Cousins I,CCD,LJX,,False
7081,SN 2014J,000-BLG-310,2456715.556,10.93,,False,Cousins R,CCD,LJX,,False
7082,SN 2014J,000-BLG-310,2456715.562,10.75,,False,Cousins I,CCD,LJX,,False
7083,SN 2014J,000-BLG-310,2456689.394,9.60,,False,Cousins I,CCD,NJL,,False
7084,SN 2014J,000-BLG-310,2456689.4,10.54,,False,Johnson V,CCD,NJL,,False
7085,SN 2014J,000-BLG-310,2456689.405,9.93,,False,Cousins R,CCD,NJL,,False
7086,SN 2014J,000-BLG-310,2456689.414,11.71,,False,Johnson B,CCD,NJL,,False
7087,SN 2014J,000-BLG-310,2456710.422,10.0,,False,Cousins I,CCD,NJL,,False
7088,SN 2014J,000-BLG-310,2456710.428,11.23,,False,Johnson V,CCD,NJL,,False
7089,SN 2014J,000-BLG-310,2456710.433,10.55,,False,Cousins R,CCD,NJL,,False
7090,SN 2014J,000-BLG-310,2456710.440,12.93,,False,Johnson B,CCD,NJL,,False
7091,SN 2014J,000-BLG-310,2456712.364,10.0,,False,Cousins I,CCD,NJL,,False
7092,SN 2014J,000-BLG-310,2456712.371,11.36,,False,Johnson V,CCD,NJL,,False
7093,SN 2014J,000-BLG-310,2456712.375,10.64,,False,Cousins R,CCD,NJL,,False
7094,SN 2014J,000-BLG-310,2456712.391,13.25,,False,Johnson B,CCD,NJL,,False
7095,SN 2014J,000-BLG-310,2456710.449,10.9,,False,Cousins R,CCD,SMRC,,False
7096,SN 2014J,000-BLG-310,2456710.455,11.4,,False,Johnson V,CCD,SMRC,,False
7097,SN 2014J,000-BLG-310,2456710.466,10.7,,False,Cousins R,CCD,SMRC,,False
7098,SN 2014J,000-BLG-310,2456710.472,10.1,,False,Cousins I,CCD,SMRC,,False
7099,SN 2014J,000-BLG-310,2456682.43258,11.058,0.005,False,Johnson V,CCD,IPEA,,False
7100,SN 2014J,000-BLG-310,2456682.43953,11.065,0.005,False,Johnson V,CCD,IPEA,,False
7101,SN 2014J,000-BLG-310,2456682.49559,11.064,0.005,False,Johnson V,CCD,IPEA,,False
7102,SN 2014J,000-BLG-310,2456682.51247,11.035,0.005,False,Johnson V,CCD,IPEA,,False
7103,SN 2014J,000-BLG-310,2456682.51590,11.021,0.004,False,Johnson V,CCD,IPEA,,False
7104,SN 2014J,000-BLG-310,2456682.51942,11.058,0.005,False,Johnson V,CCD,IPEA,,False
7105,SN 2014J,000-BLG-310,2456682.53036,11.031,0.004,False,Johnson V,CCD,IPEA,,False
7106,SN 2014J,000-BLG-310,2456682.56125,11.076,0.004,False,Johnson V,CCD,IPEA,,False
7107,SN 2014J,000-BLG-310,2456682.56453,11.071,0.004,False,Johnson V,CCD,IPEA,,False
7108,SN 2014J,000-BLG-310,2456682.64814,11.055,0.004,False,Johnson V,CCD,IPEA,,False
7109,SN 2014J,000-BLG-310,2456684.41887,10.860,0.004,False,Johnson V,CCD,IPEA,,False
7110,SN 2014J,000-BLG-310,2456684.45013,10.888,0.003,False,Johnson V,CCD,IPEA,,False
7111,SN 2014J,000-BLG-310,2456684.45343,10.855,0.003,False,Johnson V,CCD,IPEA,,False
7112,SN 2014J,000-BLG-310,2456684.46752,10.831,0.003,False,Johnson V,CCD,IPEA,,False
7113,SN 2014J,000-BLG-310,2456684.47078,10.770,0.003,False,Johnson V,CCD,IPEA,,False
7114,SN 2014J,000-BLG-310,2456684.48830,10.842,0.003,False,Johnson V,CCD,IPEA,,False
7115,SN 2014J,000-BLG-310,2456684.49161,10.861,0.003,False,Johnson V,CCD,IPEA,,False
7116,SN 2014J,000-BLG-310,2456684.49508,10.835,0.003,False,Johnson V,CCD,IPEA,,False
7117,SN 2014J,000-BLG-310,2456684.49858,10.849,0.003,False,Johnson V,CCD,IPEA,,False
7118,SN 2014J,000-BLG-310,2456684.50203,10.888,0.003,False,Johnson V,CCD,IPEA,,False
7119,SN 2014J,000-BLG-310,2456684.50953,10.819,0.004,False,Johnson V,CCD,IPEA,,False
7120,SN 2014J,000-BLG-310,2456684.52306,10.836,0.004,False,Johnson V,CCD,IPEA,,False
7121,SN 2014J,000-BLG-310,2456684.53727,10.875,0.003,False,Johnson V,CCD,IPEA,,False
7122,SN 2014J,000-BLG-310,2456684.54027,10.793,0.003,False,Johnson V,CCD,IPEA,,False
7123,SN 2014J,000-BLG-310,2456684.74507,10.852,0.004,False,Johnson V,CCD,IPEA,,False
7124,SN 2014J,000-BLG-310,2456684.74854,10.759,0.004,False,Johnson V,CCD,IPEA,,False
7125,SN 2014J,000-BLG-310,2456685.39127,10.677,0.003,False,Johnson V,CCD,IPEA,,False
7126,SN 2014J,000-BLG-310,2456685.39444,10.792,0.004,False,Johnson V,CCD,IPEA,,False
7127,SN 2014J,000-BLG-310,2456685.40500,10.687,0.003,False,Johnson V,CCD,IPEA,,False
7128,SN 2014J,000-BLG-310,2456685.55510,10.701,0.004,False,Johnson V,CCD,IPEA,,False
7129,SN 2014J,000-BLG-310,2456685.65172,10.808,0.003,False,Johnson V,CCD,IPEA,,False
7130,SN 2014J,000-BLG-310,2456685.67953,10.705,0.003,False,Johnson V,CCD,IPEA,,False
7131,SN 2014J,000-BLG-310,2456685.68277,10.741,0.004,False,Johnson V,CCD,IPEA,,False
7132,SN 2014J,000-BLG-310,2456685.68616,10.774,0.004,False,Johnson V,CCD,IPEA,,False
7133,SN 2014J,000-BLG-310,2456685.70358,10.665,0.004,False,Johnson V,CCD,IPEA,,False
7134,SN 2014J,000-BLG-310,2456685.71045,10.728,0.004,False,Johnson V,CCD,IPEA,,False
7135,SN 2014J,000-BLG-310,2456685.71391,10.708,0.004,False,Johnson V,CCD,IPEA,,False
7136,SN 2014J,000-BLG-310,2456686.44993,10.770,0.004,False,Johnson V,CCD,IPEA,,False
7137,SN 2014J,000-BLG-310,2456686.53020,10.769,0.003,False,Johnson V,CCD,IPEA,,False
7138,SN 2014J,000-BLG-310,2456686.69657,10.684,0.003,False,Johnson V,CCD,IPEA,,False
7139,SN 2014J,000-BLG-310,2456686.70000,10.579,0.003,False,Johnson V,CCD,IPEA,,False
7140,SN 2014J,000-BLG-310,2456686.70348,10.729,0.003,False,Johnson V,CCD,IPEA,,False
7141,SN 2014J,000-BLG-310,2456694.38785,10.644,0.003,False,Johnson V,CCD,IPEA,,False
7142,SN 2014J,000-BLG-310,2456694.39094,10.437,0.003,False,Johnson V,CCD,IPEA,,False
7143,SN 2014J,000-BLG-310,2456694.39438,10.446,0.003,False,Johnson V,CCD,IPEA,,False
7144,SN 2014J,000-BLG-310,2456694.39789,10.570,0.003,False,Johnson V,CCD,IPEA,,False
7145,SN 2014J,000-BLG-310,2456694.41892,10.436,0.003,False,Johnson V,CCD,IPEA,,False
7146,SN 2014J,000-BLG-310,2456694.42942,10.466,0.003,False,Johnson V,CCD,IPEA,,False
7147,SN 2014J,000-BLG-310,2456694.45012,10.569,0.003,False,Johnson V,CCD,IPEA,,False
7148,SN 2014J,000-BLG-310,2456694.61691,10.621,0.003,False,Johnson V,CCD,IPEA,,False
7149,SN 2014J,000-BLG-310,2456694.62013,10.570,0.003,False,Johnson V,CCD,IPEA,,False
7150,SN 2014J,000-BLG-310,2456695.39808,10.577,0.003,False,Johnson V,CCD,IPEA,,False
7151,SN 2014J,000-BLG-310,2456695.42951,10.506,0.003,False,Johnson V,CCD,IPEA,,False
7152,SN 2014J,000-BLG-310,2456695.44346,10.456,0.003,False,Johnson V,CCD,IPEA,,False
7153,SN 2014J,000-BLG-310,2456695.53352,10.639,0.003,False,Johnson V,CCD,IPEA,,False
7154,SN 2014J,000-BLG-310,2456695.63078,10.525,0.003,False,Johnson V,CCD,IPEA,,False
7155,SN 2014J,000-BLG-310,2456695.64153,10.613,0.003,False,Johnson V,CCD,IPEA,,False
7156,SN 2014J,000-BLG-310,2456695.64438,10.598,0.003,False,Johnson V,CCD,IPEA,,False
7157,SN 2014J,000-BLG-310,2456695.64785,10.502,0.003,False,Johnson V,CCD,IPEA,,False
7158,SN 2014J,000-BLG-310,2456695.74553,10.604,0.003,False,Johnson V,CCD,IPEA,,False
7159,SN 2014J,000-BLG-310,2456695.77318,10.594,0.003,False,Johnson V,CCD,IPEA,,False
7160,SN 2014J,000-BLG-310,2456696.37031,10.506,0.003,False,Johnson V,CCD,IPEA,,False
7161,SN 2014J,000-BLG-310,2456696.47833,10.679,0.003,False,Johnson V,CCD,IPEA,,False
7162,SN 2014J,000-BLG-310,2456696.48119,10.619,0.003,False,Johnson V,CCD,IPEA,,False
7163,SN 2014J,000-BLG-310,2456696.51961,10.650,0.003,False,Johnson V,CCD,IPEA,,False
7164,SN 2014J,000-BLG-310,2456697.47791,10.677,0.003,False,Johnson V,CCD,IPEA,,False
7165,SN 2014J,000-BLG-310,2456697.54730,10.513,0.003,False,Johnson V,CCD,IPEA,,False
7166,SN 2014J,000-BLG-310,2456697.75235,10.599,0.003,False,Johnson V,CCD,IPEA,,False
7167,SN 2014J,000-BLG-310,2456698.50222,10.650,0.003,False,Johnson V,CCD,IPEA,,False
7168,SN 2014J,000-BLG-310,2456699.45399,10.798,0.003,False,Johnson V,CCD,IPEA,,False
7169,SN 2014J,000-BLG-310,2456699.49547,10.751,0.003,False,Johnson V,CCD,IPEA,,False
7170,SN 2014J,000-BLG-310,2456700.38421,10.813,0.004,False,Johnson V,CCD,IPEA,,False
7171,SN 2014J,000-BLG-310,2456700.40531,10.783,0.003,False,Johnson V,CCD,IPEA,,False
7172,SN 2014J,000-BLG-310,2456700.41544,10.780,0.004,False,Johnson V,CCD,IPEA,,False
7173,SN 2014J,000-BLG-310,2456700.43315,10.788,0.003,False,Johnson V,CCD,IPEA,,False
7174,SN 2014J,000-BLG-310,2456700.45699,10.758,0.003,False,Johnson V,CCD,IPEA,,False
7175,SN 2014J,000-BLG-310,2456700.47830,10.711,0.003,False,Johnson V,CCD,IPEA,,False
7176,SN 2014J,000-BLG-310,2456700.48465,10.800,0.003,False,Johnson V,CCD,IPEA,,False
7177,SN 2014J,000-BLG-310,2456700.50223,10.780,0.003,False,Johnson V,CCD,IPEA,,False
7178,SN 2014J,000-BLG-310,2456700.50547,10.779,0.003,False,Johnson V,CCD,IPEA,,False
7179,SN 2014J,000-BLG-310,2456700.66929,10.753,0.003,False,Johnson V,CCD,IPEA,,False
7180,SN 2014J,000-BLG-310,2456700.76626,10.775,0.004,False,Johnson V,CCD,IPEA,,False
7181,SN 2014J,000-BLG-310,2456700.77318,10.787,0.004,False,Johnson V,CCD,IPEA,,False
7182,SN 2014J,000-BLG-310,2456701.39787,10.901,0.004,False,Johnson V,CCD,IPEA,,False
7183,SN 2014J,000-BLG-310,2456701.40132,10.687,0.003,False,Johnson V,CCD,IPEA,,False
7184,SN 2014J,000-BLG-310,2456701.41542,10.789,0.003,False,Johnson V,CCD,IPEA,,False
7185,SN 2014J,000-BLG-310,2456701.43316,10.823,0.004,False,Johnson V,CCD,IPEA,,False
7186,SN 2014J,000-BLG-310,2456701.45398,10.951,0.004,False,Johnson V,CCD,IPEA,,False
7187,SN 2014J,000-BLG-310,2456701.48164,10.916,0.004,False,Johnson V,CCD,IPEA,,False
7188,SN 2014J,000-BLG-310,2456701.48465,10.884,0.004,False,Johnson V,CCD,IPEA,,False
7189,SN 2014J,000-BLG-310,2456701.48811,10.701,0.003,False,Johnson V,CCD,IPEA,,False
7190,SN 2014J,000-BLG-310,2456701.51609,10.829,0.004,False,Johnson V,CCD,IPEA,,False
7191,SN 2014J,000-BLG-310,2456702.37049,10.939,0.004,False,Johnson V,CCD,IPEA,,False
7192,SN 2014J,000-BLG-310,2456702.39132,10.971,0.004,False,Johnson V,CCD,IPEA,,False
7193,SN 2014J,000-BLG-310,2456702.45402,10.979,0.004,False,Johnson V,CCD,IPEA,,False
7194,SN 2014J,000-BLG-310,2456702.46751,10.965,0.004,False,Johnson V,CCD,IPEA,,False
7195,SN 2014J,000-BLG-310,2456703.39472,10.955,0.005,False,Johnson V,CCD,IPEA,,False
7196,SN 2014J,000-BLG-310,2456703.46446,10.963,0.005,False,Johnson V,CCD,IPEA,,False
7197,SN 2014J,000-BLG-310,2456708.35992,11.220,0.006,False,Johnson V,CCD,IPEA,,False
7198,SN 2014J,000-BLG-310,2456708.38412,11.188,0.005,False,Johnson V,CCD,IPEA,,False
7199,SN 2014J,000-BLG-310,2456708.48821,11.280,0.005,False,Johnson V,CCD,IPEA,,False
7200,SN 2014J,000-BLG-310,2456708.51615,11.218,0.005,False,Johnson V,CCD,IPEA,,False
7201,SN 2014J,000-BLG-310,2456708.71059,11.196,0.005,False,Johnson V,CCD,IPEA,,False
7202,SN 2014J,000-BLG-310,2456709.38078,11.299,0.005,False,Johnson V,CCD,IPEA,,False
7203,SN 2014J,000-BLG-310,2456709.43620,11.297,0.005,False,Johnson V,CCD,IPEA,,False
7204,SN 2014J,000-BLG-310,2456709.44660,11.392,0.005,False,Johnson V,CCD,IPEA,,False
7205,SN 2014J,000-BLG-310,2456709.59257,11.329,0.005,False,Johnson V,CCD,IPEA,,False
7206,SN 2014J,000-BLG-310,2456711.35645,11.253,0.005,False,Johnson V,CCD,IPEA,,False
7207,SN 2014J,000-BLG-310,2456711.37404,11.473,0.005,False,Johnson V,CCD,IPEA,,False
7208,SN 2014J,000-BLG-310,2456711.39500,11.456,0.005,False,Johnson V,CCD,IPEA,,False
7209,SN 2014J,000-BLG-310,2456711.40131,11.417,0.005,False,Johnson V,CCD,IPEA,,False
7210,SN 2014J,000-BLG-310,2456711.41890,11.445,0.005,False,Johnson V,CCD,IPEA,,False
7211,SN 2014J,000-BLG-310,2456711.43964,11.390,0.005,False,Johnson V,CCD,IPEA,,False
7212,SN 2014J,000-BLG-310,2456711.50228,11.383,0.005,False,Johnson V,CCD,IPEA,,False
7213,SN 2014J,000-BLG-310,2456713.34950,11.389,0.005,False,Johnson V,CCD,IPEA,,False
7214,SN 2014J,000-BLG-310,2456713.35640,11.366,0.005,False,Johnson V,CCD,IPEA,,False
7215,SN 2014J,000-BLG-310,2456713.35969,11.472,0.005,False,Johnson V,CCD,IPEA,,False
7216,SN 2014J,000-BLG-310,2456713.37035,11.466,0.005,False,Johnson V,CCD,IPEA,,False
7217,SN 2014J,000-BLG-310,2456714.39481,11.464,0.005,False,Johnson V,CCD,IPEA,,False
7218,SN 2014J,000-BLG-310,2456714.40486,11.408,0.005,False,Johnson V,CCD,IPEA,,False
7219,SN 2014J,000-BLG-310,2456714.41184,11.438,0.005,False,Johnson V,CCD,IPEA,,False
7220,SN 2014J,000-BLG-310,2456714.65487,11.623,0.006,False,Johnson V,CCD,IPEA,,False
7221,SN 2014J,000-BLG-310,2456717.41924,11.647,0.006,False,Johnson V,CCD,IPEA,,False
7222,SN 2014J,000-BLG-310,2456718.42912,11.673,0.006,False,Johnson V,CCD,IPEA,,False
7223,SN 2014J,000-BLG-310,2456719.38400,11.633,0.006,False,Johnson V,CCD,IPEA,,False
7224,SN 2014J,000-BLG-310,2456719.40140,11.630,0.006,False,Johnson V,CCD,IPEA,,False
7225,SN 2014J,000-BLG-310,2456719.41222,11.652,0.006,False,Johnson V,CCD,IPEA,,False
7226,SN 2014J,000-BLG-310,2456719.42969,11.765,0.006,False,Johnson V,CCD,IPEA,,False
7227,SN 2014J,000-BLG-310,2456719.46747,11.672,0.006,False,Johnson V,CCD,IPEA,,False
7228,SN 2014J,000-BLG-310,2456720.38792,11.726,0.007,False,Johnson V,CCD,IPEA,,False
7229,SN 2014J,000-BLG-310,2456720.39836,11.781,0.007,False,Johnson V,CCD,IPEA,,False
7230,SN 2014J,000-BLG-310,2456720.40503,11.775,0.007,False,Johnson V,CCD,IPEA,,False
7231,SN 2014J,000-BLG-310,2456721.64131,11.867,0.007,False,Johnson V,CCD,IPEA,,False
7232,SN 2014J,000-BLG-310,2456723.38054,11.898,0.007,False,Johnson V,CCD,IPEA,,False
7233,SN 2014J,000-BLG-310,2456723.39105,12.005,0.007,False,Johnson V,CCD,IPEA,,False
7234,SN 2014J,000-BLG-310,2456723.40184,11.979,0.007,False,Johnson V,CCD,IPEA,,False
7235,SN 2014J,000-BLG-310,2456723.41230,11.901,0.007,False,Johnson V,CCD,IPEA,,False
7236,SN 2014J,000-BLG-310,2456723.57844,11.890,0.006,False,Johnson V,CCD,IPEA,,False
7237,SN 2014J,000-BLG-310,2456724.40152,12.017,0.007,False,Johnson V,CCD,IPEA,,False
7238,SN 2014J,000-BLG-310,2456724.41579,11.885,0.007,False,Johnson V,CCD,IPEA,,False
7239,SN 2014J,000-BLG-310,2456724.42622,12.100,0.007,False,Johnson V,CCD,IPEA,,False
7240,SN 2014J,000-BLG-310,2456725.36360,11.916,0.007,False,Johnson V,CCD,IPEA,,False
7241,SN 2014J,000-BLG-310,2456725.37402,12.093,0.008,False,Johnson V,CCD,IPEA,,False
7242,SN 2014J,000-BLG-310,2456725.39109,12.119,0.008,False,Johnson V,CCD,IPEA,,False
7243,SN 2014J,000-BLG-310,2456725.40497,11.995,0.008,False,Johnson V,CCD,IPEA,,False
7244,SN 2014J,000-BLG-310,2456729.35647,12.195,0.010,False,Johnson V,CCD,IPEA,,False
7245,SN 2014J,000-BLG-310,2456729.36694,12.186,0.009,False,Johnson V,CCD,IPEA,,False
7246,SN 2014J,000-BLG-310,2456729.39830,12.320,0.009,False,Johnson V,CCD,IPEA,,False
7247,SN 2014J,000-BLG-310,2456729.40538,12.301,0.009,False,Johnson V,CCD,IPEA,,False
7248,SN 2014J,000-BLG-310,2456729.40824,12.371,0.009,False,Johnson V,CCD,IPEA,,False
7249,SN 2014J,000-BLG-310,2456729.59586,12.335,0.009,False,Johnson V,CCD,IPEA,,False
7250,SN 2014J,000-BLG-310,2456730.45002,12.405,0.010,False,Johnson V,CCD,IPEA,,False
7251,SN 2014J,000-BLG-310,2456731.43309,12.406,0.011,False,Johnson V,CCD,IPEA,,False
7252,SN 2014J,000-BLG-310,2456731.43999,12.434,0.010,False,Johnson V,CCD,IPEA,,False
7253,SN 2014J,000-BLG-310,2456732.38765,12.433,0.011,False,Johnson V,CCD,IPEA,,False
7254,SN 2014J,000-BLG-310,2456732.41529,12.386,0.010,False,Johnson V,CCD,IPEA,,False
7255,SN 2014J,000-BLG-310,2456732.56507,12.403,0.010,False,Johnson V,CCD,IPEA,,False
7256,SN 2014J,000-BLG-310,2456733.34610,12.342,0.011,False,Johnson V,CCD,IPEA,,False
7257,SN 2014J,000-BLG-310,2456733.35311,12.474,0.011,False,Johnson V,CCD,IPEA,,False
7258,SN 2014J,000-BLG-310,2456733.36001,12.482,0.010,False,Johnson V,CCD,IPEA,,False
7259,SN 2014J,000-BLG-310,2456734.57212,12.476,0.011,False,Johnson V,CCD,IPEA,,False
7260,SN 2014J,000-BLG-310,2456735.43971,12.485,0.011,False,Johnson V,CCD,IPEA,,False
7261,SN 2014J,000-BLG-310,2456735.44668,12.579,0.012,False,Johnson V,CCD,IPEA,,False
7262,SN 2014J,000-BLG-310,2456735.49885,12.624,0.011,False,Johnson V,CCD,IPEA,,False
7263,SN 2014J,000-BLG-310,2456735.54775,12.609,0.011,False,Johnson V,CCD,IPEA,,False
7264,SN 2014J,000-BLG-310,2456736.40883,12.552,0.012,False,Johnson V,CCD,IPEA,,False
7265,SN 2014J,000-BLG-310,2456736.43973,12.516,0.012,False,Johnson V,CCD,IPEA,,False
7266,SN 2014J,000-BLG-310,2456740.38103,12.639,0.013,False,Johnson V,CCD,IPEA,,False
7267,SN 2014J,000-BLG-310,2456740.41543,12.660,0.014,False,Johnson V,CCD,IPEA,,False
7268,SN 2014J,000-BLG-310,2456740.52289,12.615,0.012,False,Johnson V,CCD,IPEA,,False
7269,SN 2014J,000-BLG-310,2456740.62403,12.602,0.012,False,Johnson V,CCD,IPEA,,False
7270,SN 2014J,000-BLG-310,2456740.67926,12.573,0.012,False,Johnson V,CCD,IPEA,,False
7271,SN 2014J,000-BLG-310,2456751.37010,13.037,0.014,False,Johnson V,CCD,IPEA,,False
7272,SN 2014J,000-BLG-310,2456751.38412,13.039,0.015,False,Johnson V,CCD,IPEA,,False
7273,SN 2014J,000-BLG-310,2456751.39810,12.987,0.015,False,Johnson V,CCD,IPEA,,False
7274,SN 2014J,000-BLG-310,2456751.40131,12.994,0.014,False,Johnson V,CCD,IPEA,,False
7275,SN 2014J,000-BLG-310,2456752.37708,12.982,0.017,False,Johnson V,CCD,IPEA,,False
7276,SN 2014J,000-BLG-310,2456752.52684,13.010,0.016,False,Johnson V,CCD,IPEA,,False
7277,SN 2014J,000-BLG-310,2456753.38414,12.990,0.016,False,Johnson V,CCD,IPEA,,False
7278,SN 2014J,000-BLG-310,2456753.46443,13.076,0.018,False,Johnson V,CCD,IPEA,,False
7279,SN 2014J,000-BLG-310,2456772.43978,13.562,0.023,False,Johnson V,CCD,IPEA,,False
7280,SN 2014J,000-BLG-310,2456775.38471,13.491,0.023,False,Johnson V,CCD,IPEA,,False
7281,SN 2014J,000-BLG-310,2456775.40853,13.556,0.024,False,Johnson V,CCD,IPEA,,False
7282,SN 2014J,000-BLG-310,2456775.42586,13.663,0.025,False,Johnson V,CCD,IPEA,,False
7283,SN 2014J,000-BLG-310,2456780.50236,13.723,0.029,False,Johnson V,CCD,IPEA,,False
7284,SN 2014J,000-BLG-310,2456781.54411,13.655,0.032,False,Johnson V,CCD,IPEA,,False
7285,SN 2014J,000-BLG-310,2456781.54715,13.646,0.028,False,Johnson V,CCD,IPEA,,False
7286,SN 2014J,000-BLG-310,2456783.52649,13.775,0.030,False,Johnson V,CCD,IPEA,,False
7287,SN 2014J,000-BLG-310,2456784.53353,13.669,0.027,False,Johnson V,CCD,IPEA,,False
7288,SN 2014J,000-BLG-310,2456785.42966,13.878,0.033,False,Johnson V,CCD,IPEA,,False
7289,SN 2014J,000-BLG-310,2456787.37381,13.693,0.029,False,Johnson V,CCD,IPEA,,False
7290,SN 2014J,000-BLG-310,2456787.45712,13.855,0.033,False,Johnson V,CCD,IPEA,,False
7291,SN 2014J,000-BLG-310,2456788.48863,13.861,0.033,False,Johnson V,CCD,IPEA,,False
7292,SN 2014J,000-BLG-310,2456790.40881,13.841,0.033,False,Johnson V,CCD,IPEA,,False
7293,SN 2014J,000-BLG-310,2456790.41888,13.938,0.033,False,Johnson V,CCD,IPEA,,False
7294,SN 2014J,000-BLG-310,2456790.42216,13.860,0.031,False,Johnson V,CCD,IPEA,,False
7295,SN 2014J,000-BLG-310,2456790.42559,13.851,0.032,False,Johnson V,CCD,IPEA,,False
7296,SN 2014J,000-BLG-310,2456790.42910,14.004,0.038,False,Johnson V,CCD,IPEA,,False
7297,SN 2014J,000-BLG-310,2456790.43985,14.036,0.037,False,Johnson V,CCD,IPEA,,False
7298,SN 2014J,000-BLG-310,2456801.49891,14.124,0.036,False,Johnson V,CCD,IPEA,,False
7299,SN 2014J,000-BLG-310,2456682.39169,12.183,0.010,False,Johnson B,CCD,IPEA,,False
7300,SN 2014J,000-BLG-310,2456682.39848,12.054,0.010,False,Johnson B,CCD,IPEA,,False
7301,SN 2014J,000-BLG-310,2456682.41922,12.141,0.011,False,Johnson B,CCD,IPEA,,False
7302,SN 2014J,000-BLG-310,2456682.42630,12.184,0.010,False,Johnson B,CCD,IPEA,,False
7303,SN 2014J,000-BLG-310,2456682.49609,12.187,0.008,False,Johnson B,CCD,IPEA,,False
7304,SN 2014J,000-BLG-310,2456682.50999,12.257,0.008,False,Johnson B,CCD,IPEA,,False
7305,SN 2014J,000-BLG-310,2456682.51641,12.230,0.008,False,Johnson B,CCD,IPEA,,False
7306,SN 2014J,000-BLG-310,2456682.56176,12.132,0.007,False,Johnson B,CCD,IPEA,,False
7307,SN 2014J,000-BLG-310,2456682.57892,12.177,0.009,False,Johnson B,CCD,IPEA,,False
7308,SN 2014J,000-BLG-310,2456684.41938,11.788,0.005,False,Johnson B,CCD,IPEA,,False
7309,SN 2014J,000-BLG-310,2456684.45061,12.033,0.005,False,Johnson B,CCD,IPEA,,False
7310,SN 2014J,000-BLG-310,2456684.45392,11.975,0.006,False,Johnson B,CCD,IPEA,,False
7311,SN 2014J,000-BLG-310,2456684.46801,11.998,0.006,False,Johnson B,CCD,IPEA,,False
7312,SN 2014J,000-BLG-310,2456684.47128,11.936,0.005,False,Johnson B,CCD,IPEA,,False
7313,SN 2014J,000-BLG-310,2456684.48881,11.985,0.005,False,Johnson B,CCD,IPEA,,False
7314,SN 2014J,000-BLG-310,2456684.49211,12.023,0.006,False,Johnson B,CCD,IPEA,,False
7315,SN 2014J,000-BLG-310,2456684.49559,11.942,0.006,False,Johnson B,CCD,IPEA,,False
7316,SN 2014J,000-BLG-310,2456684.49909,11.933,0.005,False,Johnson B,CCD,IPEA,,False
7317,SN 2014J,000-BLG-310,2456684.50253,11.926,0.006,False,Johnson B,CCD,IPEA,,False
7318,SN 2014J,000-BLG-310,2456684.51001,11.972,0.006,False,Johnson B,CCD,IPEA,,False
7319,SN 2014J,000-BLG-310,2456684.53777,11.963,0.005,False,Johnson B,CCD,IPEA,,False
7320,SN 2014J,000-BLG-310,2456684.54078,11.881,0.006,False,Johnson B,CCD,IPEA,,False
7321,SN 2014J,000-BLG-310,2456684.74558,11.823,0.006,False,Johnson B,CCD,IPEA,,False
7322,SN 2014J,000-BLG-310,2456685.39175,11.937,0.006,False,Johnson B,CCD,IPEA,,False
7323,SN 2014J,000-BLG-310,2456685.39495,11.851,0.006,False,Johnson B,CCD,IPEA,,False
7324,SN 2014J,000-BLG-310,2456685.39840,11.731,0.006,False,Johnson B,CCD,IPEA,,False
7325,SN 2014J,000-BLG-310,2456685.40551,11.885,0.006,False,Johnson B,CCD,IPEA,,False
7326,SN 2014J,000-BLG-310,2456685.65222,11.889,0.005,False,Johnson B,CCD,IPEA,,False
7327,SN 2014J,000-BLG-310,2456685.68002,11.829,0.006,False,Johnson B,CCD,IPEA,,False
7328,SN 2014J,000-BLG-310,2456685.68328,11.796,0.006,False,Johnson B,CCD,IPEA,,False
7329,SN 2014J,000-BLG-310,2456685.68668,11.827,0.006,False,Johnson B,CCD,IPEA,,False
7330,SN 2014J,000-BLG-310,2456685.69387,11.835,0.006,False,Johnson B,CCD,IPEA,,False
7331,SN 2014J,000-BLG-310,2456685.70749,11.867,0.006,False,Johnson B,CCD,IPEA,,False
7332,SN 2014J,000-BLG-310,2456685.71442,11.772,0.006,False,Johnson B,CCD,IPEA,,False
7333,SN 2014J,000-BLG-310,2456685.74244,11.855,0.008,False,Johnson B,CCD,IPEA,,False
7334,SN 2014J,000-BLG-310,2456685.75961,11.791,0.007,False,Johnson B,CCD,IPEA,,False
7335,SN 2014J,000-BLG-310,2456686.45044,11.798,0.006,False,Johnson B,CCD,IPEA,,False
7336,SN 2014J,000-BLG-310,2456686.53069,11.810,0.005,False,Johnson B,CCD,IPEA,,False
7337,SN 2014J,000-BLG-310,2456686.69708,11.884,0.005,False,Johnson B,CCD,IPEA,,False
7338,SN 2014J,000-BLG-310,2456686.70399,11.816,0.005,False,Johnson B,CCD,IPEA,,False
7339,SN 2014J,000-BLG-310,2456694.38836,11.634,0.005,False,Johnson B,CCD,IPEA,,False
7340,SN 2014J,000-BLG-310,2456694.39145,11.818,0.005,False,Johnson B,CCD,IPEA,,False
7341,SN 2014J,000-BLG-310,2456694.39487,11.813,0.005,False,Johnson B,CCD,IPEA,,False
7342,SN 2014J,000-BLG-310,2456694.39839,11.801,0.005,False,Johnson B,CCD,IPEA,,False
7343,SN 2014J,000-BLG-310,2456694.40184,11.755,0.005,False,Johnson B,CCD,IPEA,,False
7344,SN 2014J,000-BLG-310,2456694.41942,11.677,0.005,False,Johnson B,CCD,IPEA,,False
7345,SN 2014J,000-BLG-310,2456694.42995,11.761,0.006,False,Johnson B,CCD,IPEA,,False
7346,SN 2014J,000-BLG-310,2456694.45060,11.670,0.005,False,Johnson B,CCD,IPEA,,False
7347,SN 2014J,000-BLG-310,2456694.62065,11.773,0.005,False,Johnson B,CCD,IPEA,,False
7348,SN 2014J,000-BLG-310,2456694.77020,11.793,0.007,False,Johnson B,CCD,IPEA,,False
7349,SN 2014J,000-BLG-310,2456695.37792,11.786,0.006,False,Johnson B,CCD,IPEA,,False
7350,SN 2014J,000-BLG-310,2456695.39856,11.733,0.005,False,Johnson B,CCD,IPEA,,False
7351,SN 2014J,000-BLG-310,2456695.43000,11.731,0.006,False,Johnson B,CCD,IPEA,,False
7352,SN 2014J,000-BLG-310,2456695.44395,11.679,0.005,False,Johnson B,CCD,IPEA,,False
7353,SN 2014J,000-BLG-310,2456695.53400,11.861,0.006,False,Johnson B,CCD,IPEA,,False
7354,SN 2014J,000-BLG-310,2456695.63127,11.885,0.005,False,Johnson B,CCD,IPEA,,False
7355,SN 2014J,000-BLG-310,2456695.64204,11.744,0.005,False,Johnson B,CCD,IPEA,,False
7356,SN 2014J,000-BLG-310,2456695.64488,11.900,0.005,False,Johnson B,CCD,IPEA,,False
7357,SN 2014J,000-BLG-310,2456695.64834,11.876,0.005,False,Johnson B,CCD,IPEA,,False
7358,SN 2014J,000-BLG-310,2456695.65186,11.860,0.005,False,Johnson B,CCD,IPEA,,False
7359,SN 2014J,000-BLG-310,2456695.74604,11.736,0.005,False,Johnson B,CCD,IPEA,,False
7360,SN 2014J,000-BLG-310,2456695.77367,11.778,0.006,False,Johnson B,CCD,IPEA,,False
7361,SN 2014J,000-BLG-310,2456696.37081,11.801,0.006,False,Johnson B,CCD,IPEA,,False
7362,SN 2014J,000-BLG-310,2456696.41968,11.706,0.005,False,Johnson B,CCD,IPEA,,False
7363,SN 2014J,000-BLG-310,2456696.47887,11.900,0.005,False,Johnson B,CCD,IPEA,,False
7364,SN 2014J,000-BLG-310,2456696.48170,11.922,0.006,False,Johnson B,CCD,IPEA,,False
7365,SN 2014J,000-BLG-310,2456696.52012,11.743,0.005,False,Johnson B,CCD,IPEA,,False
7366,SN 2014J,000-BLG-310,2456697.47840,11.933,0.005,False,Johnson B,CCD,IPEA,,False
7367,SN 2014J,000-BLG-310,2456697.54781,11.930,0.005,False,Johnson B,CCD,IPEA,,False
7368,SN 2014J,000-BLG-310,2456697.75284,11.930,0.006,False,Johnson B,CCD,IPEA,,False
7369,SN 2014J,000-BLG-310,2456698.50271,12.056,0.006,False,Johnson B,CCD,IPEA,,False
7370,SN 2014J,000-BLG-310,2456699.45447,12.092,0.006,False,Johnson B,CCD,IPEA,,False
7371,SN 2014J,000-BLG-310,2456699.49595,12.105,0.006,False,Johnson B,CCD,IPEA,,False
7372,SN 2014J,000-BLG-310,2456700.38471,12.100,0.007,False,Johnson B,CCD,IPEA,,False
7373,SN 2014J,000-BLG-310,2456700.40581,12.022,0.007,False,Johnson B,CCD,IPEA,,False
7374,SN 2014J,000-BLG-310,2456700.41595,12.142,0.006,False,Johnson B,CCD,IPEA,,False
7375,SN 2014J,000-BLG-310,2456700.43366,12.036,0.006,False,Johnson B,CCD,IPEA,,False
7376,SN 2014J,000-BLG-310,2456700.45748,12.151,0.007,False,Johnson B,CCD,IPEA,,False
7377,SN 2014J,000-BLG-310,2456700.47878,12.148,0.007,False,Johnson B,CCD,IPEA,,False
7378,SN 2014J,000-BLG-310,2456700.50272,12.088,0.006,False,Johnson B,CCD,IPEA,,False
7379,SN 2014J,000-BLG-310,2456700.66980,12.139,0.007,False,Johnson B,CCD,IPEA,,False
7380,SN 2014J,000-BLG-310,2456700.77368,12.174,0.007,False,Johnson B,CCD,IPEA,,False
7381,SN 2014J,000-BLG-310,2456701.39838,12.238,0.007,False,Johnson B,CCD,IPEA,,False
7382,SN 2014J,000-BLG-310,2456701.40183,12.065,0.006,False,Johnson B,CCD,IPEA,,False
7383,SN 2014J,000-BLG-310,2456701.41591,12.241,0.007,False,Johnson B,CCD,IPEA,,False
7384,SN 2014J,000-BLG-310,2456701.43366,12.272,0.007,False,Johnson B,CCD,IPEA,,False
7385,SN 2014J,000-BLG-310,2456701.45453,12.364,0.006,False,Johnson B,CCD,IPEA,,False
7386,SN 2014J,000-BLG-310,2456701.48214,12.044,0.006,False,Johnson B,CCD,IPEA,,False
7387,SN 2014J,000-BLG-310,2456701.48516,12.228,0.007,False,Johnson B,CCD,IPEA,,False
7388,SN 2014J,000-BLG-310,2456701.48862,12.276,0.007,False,Johnson B,CCD,IPEA,,False
7389,SN 2014J,000-BLG-310,2456701.51657,12.192,0.007,False,Johnson B,CCD,IPEA,,False
7390,SN 2014J,000-BLG-310,2456702.37100,12.216,0.007,False,Johnson B,CCD,IPEA,,False
7391,SN 2014J,000-BLG-310,2456702.37772,12.309,0.008,False,Johnson B,CCD,IPEA,,False
7392,SN 2014J,000-BLG-310,2456702.40190,12.313,0.008,False,Johnson B,CCD,IPEA,,False
7393,SN 2014J,000-BLG-310,2456702.41262,12.276,0.007,False,Johnson B,CCD,IPEA,,False
7394,SN 2014J,000-BLG-310,2456702.45451,12.288,0.008,False,Johnson B,CCD,IPEA,,False
7395,SN 2014J,000-BLG-310,2456702.46799,12.261,0.007,False,Johnson B,CCD,IPEA,,False
7396,SN 2014J,000-BLG-310,2456702.63164,12.408,0.008,False,Johnson B,CCD,IPEA,,False
7397,SN 2014J,000-BLG-310,2456702.64549,12.422,0.008,False,Johnson B,CCD,IPEA,,False
7398,SN 2014J,000-BLG-310,2456702.65248,12.328,0.007,False,Johnson B,CCD,IPEA,,False
7399,SN 2014J,000-BLG-310,2456708.36041,12.835,0.017,False,Johnson B,CCD,IPEA,,False
7400,SN 2014J,000-BLG-310,2456708.38462,12.770,0.015,False,Johnson B,CCD,IPEA,,False
7401,SN 2014J,000-BLG-310,2456708.48868,12.823,0.012,False,Johnson B,CCD,IPEA,,False
7402,SN 2014J,000-BLG-310,2456708.51662,12.924,0.013,False,Johnson B,CCD,IPEA,,False
7403,SN 2014J,000-BLG-310,2456708.71109,12.861,0.014,False,Johnson B,CCD,IPEA,,False
7404,SN 2014J,000-BLG-310,2456709.42282,12.946,0.012,False,Johnson B,CCD,IPEA,,False
7405,SN 2014J,000-BLG-310,2456709.45041,13.014,0.011,False,Johnson B,CCD,IPEA,,False
7406,SN 2014J,000-BLG-310,2456709.59307,12.924,0.011,False,Johnson B,CCD,IPEA,,False
7407,SN 2014J,000-BLG-310,2456711.37451,13.129,0.012,False,Johnson B,CCD,IPEA,,False
7408,SN 2014J,000-BLG-310,2456711.40182,12.956,0.011,False,Johnson B,CCD,IPEA,,False
7409,SN 2014J,000-BLG-310,2456711.41942,13.023,0.012,False,Johnson B,CCD,IPEA,,False
7410,SN 2014J,000-BLG-310,2456711.44015,13.163,0.012,False,Johnson B,CCD,IPEA,,False
7411,SN 2014J,000-BLG-310,2456711.50275,13.135,0.013,False,Johnson B,CCD,IPEA,,False
7412,SN 2014J,000-BLG-310,2456713.34998,13.291,0.014,False,Johnson B,CCD,IPEA,,False
7413,SN 2014J,000-BLG-310,2456713.35691,13.264,0.015,False,Johnson B,CCD,IPEA,,False
7414,SN 2014J,000-BLG-310,2456713.36020,13.278,0.015,False,Johnson B,CCD,IPEA,,False
7415,SN 2014J,000-BLG-310,2456713.37082,13.227,0.014,False,Johnson B,CCD,IPEA,,False
7416,SN 2014J,000-BLG-310,2456713.73890,13.239,0.014,False,Johnson B,CCD,IPEA,,False
7417,SN 2014J,000-BLG-310,2456714.35339,13.249,0.019,False,Johnson B,CCD,IPEA,,False
7418,SN 2014J,000-BLG-310,2456714.39531,13.436,0.015,False,Johnson B,CCD,IPEA,,False
7419,SN 2014J,000-BLG-310,2456714.40536,13.380,0.017,False,Johnson B,CCD,IPEA,,False
7420,SN 2014J,000-BLG-310,2456714.45405,13.439,0.014,False,Johnson B,CCD,IPEA,,False
7421,SN 2014J,000-BLG-310,2456715.46787,13.447,0.018,False,Johnson B,CCD,IPEA,,False
7422,SN 2014J,000-BLG-310,2456717.41971,13.668,0.018,False,Johnson B,CCD,IPEA,,False
7423,SN 2014J,000-BLG-310,2456718.42961,13.748,0.018,False,Johnson B,CCD,IPEA,,False
7424,SN 2014J,000-BLG-310,2456719.38450,13.849,0.020,False,Johnson B,CCD,IPEA,,False
7425,SN 2014J,000-BLG-310,2456719.40190,13.737,0.020,False,Johnson B,CCD,IPEA,,False
7426,SN 2014J,000-BLG-310,2456719.41270,13.829,0.023,False,Johnson B,CCD,IPEA,,False
7427,SN 2014J,000-BLG-310,2456719.43016,13.812,0.018,False,Johnson B,CCD,IPEA,,False
7428,SN 2014J,000-BLG-310,2456719.46794,13.792,0.019,False,Johnson B,CCD,IPEA,,False
7429,SN 2014J,000-BLG-310,2456720.38841,13.815,0.025,False,Johnson B,CCD,IPEA,,False
7430,SN 2014J,000-BLG-310,2456720.40551,13.797,0.021,False,Johnson B,CCD,IPEA,,False
7431,SN 2014J,000-BLG-310,2456721.64181,13.858,0.024,False,Johnson B,CCD,IPEA,,False
7432,SN 2014J,000-BLG-310,2456723.38102,14.096,0.024,False,Johnson B,CCD,IPEA,,False
7433,SN 2014J,000-BLG-310,2456723.39154,14.179,0.026,False,Johnson B,CCD,IPEA,,False
7434,SN 2014J,000-BLG-310,2456723.40234,13.954,0.023,False,Johnson B,CCD,IPEA,,False
7435,SN 2014J,000-BLG-310,2456723.41278,14.185,0.023,False,Johnson B,CCD,IPEA,,False
7436,SN 2014J,000-BLG-310,2456723.57894,13.950,0.021,False,Johnson B,CCD,IPEA,,False
7437,SN 2014J,000-BLG-310,2456724.40201,14.099,0.023,False,Johnson B,CCD,IPEA,,False
7438,SN 2014J,000-BLG-310,2456724.41626,14.105,0.025,False,Johnson B,CCD,IPEA,,False
7439,SN 2014J,000-BLG-310,2456724.42669,13.979,0.021,False,Johnson B,CCD,IPEA,,False
7440,SN 2014J,000-BLG-310,2456725.37451,14.056,0.024,False,Johnson B,CCD,IPEA,,False
7441,SN 2014J,000-BLG-310,2456725.39159,14.021,0.023,False,Johnson B,CCD,IPEA,,False
7442,SN 2014J,000-BLG-310,2456725.40546,14.114,0.026,False,Johnson B,CCD,IPEA,,False
7443,SN 2014J,000-BLG-310,2456729.36745,14.216,0.033,False,Johnson B,CCD,IPEA,,False
7444,SN 2014J,000-BLG-310,2456729.39880,14.385,0.033,False,Johnson B,CCD,IPEA,,False
7445,SN 2014J,000-BLG-310,2456729.40874,14.253,0.033,False,Johnson B,CCD,IPEA,,False
7446,SN 2014J,000-BLG-310,2456729.59637,14.346,0.027,False,Johnson B,CCD,IPEA,,False
7447,SN 2014J,000-BLG-310,2456731.44049,14.489,0.043,False,Johnson B,CCD,IPEA,,False
7448,SN 2014J,000-BLG-310,2456732.37091,14.324,0.035,False,Johnson B,CCD,IPEA,,False
7449,SN 2014J,000-BLG-310,2456732.38813,14.438,0.040,False,Johnson B,CCD,IPEA,,False
7450,SN 2014J,000-BLG-310,2456732.56557,14.326,0.032,False,Johnson B,CCD,IPEA,,False
7451,SN 2014J,000-BLG-310,2456733.34660,14.329,0.036,False,Johnson B,CCD,IPEA,,False
7452,SN 2014J,000-BLG-310,2456733.35359,14.348,0.031,False,Johnson B,CCD,IPEA,,False
7453,SN 2014J,000-BLG-310,2456733.36051,14.496,0.034,False,Johnson B,CCD,IPEA,,False
7454,SN 2014J,000-BLG-310,2456734.57263,14.577,0.040,False,Johnson B,CCD,IPEA,,False
7455,SN 2014J,000-BLG-310,2456734.73885,14.369,0.048,False,Johnson B,CCD,IPEA,,False
7456,SN 2014J,000-BLG-310,2456735.44019,14.594,0.042,False,Johnson B,CCD,IPEA,,False
7457,SN 2014J,000-BLG-310,2456735.44715,14.406,0.032,False,Johnson B,CCD,IPEA,,False
7458,SN 2014J,000-BLG-310,2456735.49935,14.510,0.034,False,Johnson B,CCD,IPEA,,False
7459,SN 2014J,000-BLG-310,2456735.54825,14.434,0.031,False,Johnson B,CCD,IPEA,,False
7460,SN 2014J,000-BLG-310,2456736.44021,14.443,0.039,False,Johnson B,CCD,IPEA,,False
7461,SN 2014J,000-BLG-310,2456740.52339,14.568,0.035,False,Johnson B,CCD,IPEA,,False
7462,SN 2014J,000-BLG-310,2456740.62453,14.601,0.037,False,Johnson B,CCD,IPEA,,False
7463,SN 2014J,000-BLG-310,2456740.67977,14.407,0.033,False,Johnson B,CCD,IPEA,,False
7464,SN 2014J,000-BLG-310,2456751.38459,14.622,0.037,False,Johnson B,CCD,IPEA,,False
7465,SN 2014J,000-BLG-310,2456751.39858,14.797,0.039,False,Johnson B,CCD,IPEA,,False
7466,SN 2014J,000-BLG-310,2456751.40181,14.769,0.037,False,Johnson B,CCD,IPEA,,False
7467,SN 2014J,000-BLG-310,2456752.37758,14.796,0.036,False,Johnson B,CCD,IPEA,,False
7468,SN 2014J,000-BLG-310,2456752.52734,14.758,0.038,False,Johnson B,CCD,IPEA,,False
7469,SN 2014J,000-BLG-310,2456753.46493,14.677,0.043,False,Johnson B,CCD,IPEA,,False
7470,SN 2014J,000-BLG-310,2456772.44028,14.811,0.041,False,Johnson B,CCD,IPEA,,False
7471,SN 2014J,000-BLG-310,2456775.40903,15.163,0.058,False,Johnson B,CCD,IPEA,,False
7472,SN 2014J,000-BLG-310,2456775.42635,15.114,0.056,False,Johnson B,CCD,IPEA,,False
7473,SN 2014J,000-BLG-310,2456780.50286,15.012,0.060,False,Johnson B,CCD,IPEA,,False
7474,SN 2014J,000-BLG-310,2456781.54765,15.068,0.066,False,Johnson B,CCD,IPEA,,False
7475,SN 2014J,000-BLG-310,2456783.52697,15.142,0.061,False,Johnson B,CCD,IPEA,,False
7476,SN 2014J,000-BLG-310,2456784.53403,15.025,0.058,False,Johnson B,CCD,IPEA,,False
7477,SN 2014J,000-BLG-310,2456787.45763,15.235,0.069,False,Johnson B,CCD,IPEA,,False
7478,SN 2014J,000-BLG-310,2456788.48913,15.145,0.065,False,Johnson B,CCD,IPEA,,False
7479,SN 2014J,000-BLG-310,2456790.40931,15.229,0.067,False,Johnson B,CCD,IPEA,,False
7480,SN 2014J,000-BLG-310,2456790.41938,15.070,0.063,False,Johnson B,CCD,IPEA,,False
7481,SN 2014J,000-BLG-310,2456790.42266,15.087,0.060,False,Johnson B,CCD,IPEA,,False
7482,SN 2014J,000-BLG-310,2456790.42609,15.356,0.079,False,Johnson B,CCD,IPEA,,False
7483,SN 2014J,000-BLG-310,2456790.42957,15.183,0.064,False,Johnson B,CCD,IPEA,,False
7484,SN 2014J,000-BLG-310,2456790.44035,15.276,0.068,False,Johnson B,CCD,IPEA,,False
7485,SN 2014J,000-BLG-310,2456801.49941,15.399,0.070,False,Johnson B,CCD,IPEA,,False
7486,SN 2014J,000-BLG-310,2456682.43209,10.292,0.004,False,Cousins R,CCD,IPEA,,False
7487,SN 2014J,000-BLG-310,2456682.48075,10.278,0.004,False,Cousins R,CCD,IPEA,,False
7488,SN 2014J,000-BLG-310,2456682.52988,10.258,0.003,False,Cousins R,CCD,IPEA,,False
7489,SN 2014J,000-BLG-310,2456682.56076,10.263,0.003,False,Cousins R,CCD,IPEA,,False
7490,SN 2014J,000-BLG-310,2456682.57471,10.253,0.003,False,Cousins R,CCD,IPEA,,False
7491,SN 2014J,000-BLG-310,2456684.41838,10.153,0.003,False,Cousins R,CCD,IPEA,,False
7492,SN 2014J,000-BLG-310,2456684.44964,10.162,0.003,False,Cousins R,CCD,IPEA,,False
7493,SN 2014J,000-BLG-310,2456684.45294,10.158,0.003,False,Cousins R,CCD,IPEA,,False
7494,SN 2014J,000-BLG-310,2456684.46704,10.114,0.003,False,Cousins R,CCD,IPEA,,False
7495,SN 2014J,000-BLG-310,2456684.47029,10.129,0.003,False,Cousins R,CCD,IPEA,,False
7496,SN 2014J,000-BLG-310,2456684.48782,10.150,0.003,False,Cousins R,CCD,IPEA,,False
7497,SN 2014J,000-BLG-310,2456684.49112,10.150,0.003,False,Cousins R,CCD,IPEA,,False
7498,SN 2014J,000-BLG-310,2456684.49459,10.130,0.003,False,Cousins R,CCD,IPEA,,False
7499,SN 2014J,000-BLG-310,2456684.49809,10.135,0.003,False,Cousins R,CCD,IPEA,,False
7500,SN 2014J,000-BLG-310,2456684.50154,10.124,0.003,False,Cousins R,CCD,IPEA,,False
7501,SN 2014J,000-BLG-310,2456684.50904,10.148,0.003,False,Cousins R,CCD,IPEA,,False
7502,SN 2014J,000-BLG-310,2456684.52257,10.110,0.003,False,Cousins R,CCD,IPEA,,False
7503,SN 2014J,000-BLG-310,2456684.53678,10.055,0.003,False,Cousins R,CCD,IPEA,,False
7504,SN 2014J,000-BLG-310,2456684.53976,10.161,0.003,False,Cousins R,CCD,IPEA,,False
7505,SN 2014J,000-BLG-310,2456684.64071,10.121,0.003,False,Cousins R,CCD,IPEA,,False
7506,SN 2014J,000-BLG-310,2456684.74458,10.082,0.003,False,Cousins R,CCD,IPEA,,False
7507,SN 2014J,000-BLG-310,2456684.74806,10.113,0.003,False,Cousins R,CCD,IPEA,,False
7508,SN 2014J,000-BLG-310,2456685.39079,10.156,0.003,False,Cousins R,CCD,IPEA,,False
7509,SN 2014J,000-BLG-310,2456685.55453,10.118,0.003,False,Cousins R,CCD,IPEA,,False
7510,SN 2014J,000-BLG-310,2456685.57130,10.048,0.003,False,Cousins R,CCD,IPEA,,False
7511,SN 2014J,000-BLG-310,2456685.65122,10.075,0.003,False,Cousins R,CCD,IPEA,,False
7512,SN 2014J,000-BLG-310,2456685.69285,10.016,0.003,False,Cousins R,CCD,IPEA,,False
7513,SN 2014J,000-BLG-310,2456685.70309,10.055,0.003,False,Cousins R,CCD,IPEA,,False
7514,SN 2014J,000-BLG-310,2456685.71344,10.104,0.003,False,Cousins R,CCD,IPEA,,False
7515,SN 2014J,000-BLG-310,2456686.44944,9.950,0.003,False,Cousins R,CCD,IPEA,,False
7516,SN 2014J,000-BLG-310,2456686.52971,10.062,0.003,False,Cousins R,CCD,IPEA,,False
7517,SN 2014J,000-BLG-310,2456686.69610,9.871,0.002,False,Cousins R,CCD,IPEA,,False
7518,SN 2014J,000-BLG-310,2456686.70299,10.075,0.003,False,Cousins R,CCD,IPEA,,False
7519,SN 2014J,000-BLG-310,2456694.39045,10.023,0.003,False,Cousins R,CCD,IPEA,,False
7520,SN 2014J,000-BLG-310,2456694.39389,9.910,0.002,False,Cousins R,CCD,IPEA,,False
7521,SN 2014J,000-BLG-310,2456694.39741,9.954,0.003,False,Cousins R,CCD,IPEA,,False
7522,SN 2014J,000-BLG-310,2456694.40086,10.054,0.003,False,Cousins R,CCD,IPEA,,False
7523,SN 2014J,000-BLG-310,2456694.41840,9.985,0.003,False,Cousins R,CCD,IPEA,,False
7524,SN 2014J,000-BLG-310,2456694.44963,10.033,0.003,False,Cousins R,CCD,IPEA,,False
7525,SN 2014J,000-BLG-310,2456694.61641,9.993,0.002,False,Cousins R,CCD,IPEA,,False
7526,SN 2014J,000-BLG-310,2456695.37689,10.065,0.003,False,Cousins R,CCD,IPEA,,False
7527,SN 2014J,000-BLG-310,2456695.39760,9.981,0.003,False,Cousins R,CCD,IPEA,,False
7528,SN 2014J,000-BLG-310,2456695.44297,10.062,0.003,False,Cousins R,CCD,IPEA,,False
7529,SN 2014J,000-BLG-310,2456695.53303,10.061,0.003,False,Cousins R,CCD,IPEA,,False
7530,SN 2014J,000-BLG-310,2456695.63027,10.070,0.003,False,Cousins R,CCD,IPEA,,False
7531,SN 2014J,000-BLG-310,2456695.64102,10.031,0.003,False,Cousins R,CCD,IPEA,,False
7532,SN 2014J,000-BLG-310,2456695.64390,10.004,0.003,False,Cousins R,CCD,IPEA,,False
7533,SN 2014J,000-BLG-310,2456695.64736,10.028,0.003,False,Cousins R,CCD,IPEA,,False
7534,SN 2014J,000-BLG-310,2456695.65088,10.107,0.003,False,Cousins R,CCD,IPEA,,False
7535,SN 2014J,000-BLG-310,2456695.74506,10.096,0.003,False,Cousins R,CCD,IPEA,,False
7536,SN 2014J,000-BLG-310,2456695.77270,10.047,0.003,False,Cousins R,CCD,IPEA,,False
7537,SN 2014J,000-BLG-310,2456696.36983,10.118,0.003,False,Cousins R,CCD,IPEA,,False
7538,SN 2014J,000-BLG-310,2456696.41863,10.067,0.003,False,Cousins R,CCD,IPEA,,False
7539,SN 2014J,000-BLG-310,2456696.47785,10.144,0.003,False,Cousins R,CCD,IPEA,,False
7540,SN 2014J,000-BLG-310,2456696.48072,10.117,0.003,False,Cousins R,CCD,IPEA,,False
7541,SN 2014J,000-BLG-310,2456696.51913,10.094,0.003,False,Cousins R,CCD,IPEA,,False
7542,SN 2014J,000-BLG-310,2456697.54682,10.027,0.003,False,Cousins R,CCD,IPEA,,False
7543,SN 2014J,000-BLG-310,2456698.33514,10.242,0.003,False,Cousins R,CCD,IPEA,,False
7544,SN 2014J,000-BLG-310,2456698.50172,10.250,0.003,False,Cousins R,CCD,IPEA,,False
7545,SN 2014J,000-BLG-310,2456699.45351,10.364,0.003,False,Cousins R,CCD,IPEA,,False
7546,SN 2014J,000-BLG-310,2456699.49499,10.397,0.003,False,Cousins R,CCD,IPEA,,False
7547,SN 2014J,000-BLG-310,2456700.40480,10.313,0.003,False,Cousins R,CCD,IPEA,,False
7548,SN 2014J,000-BLG-310,2456700.41495,10.334,0.003,False,Cousins R,CCD,IPEA,,False
7549,SN 2014J,000-BLG-310,2456700.43267,10.397,0.003,False,Cousins R,CCD,IPEA,,False
7550,SN 2014J,000-BLG-310,2456700.45650,10.379,0.004,False,Cousins R,CCD,IPEA,,False
7551,SN 2014J,000-BLG-310,2456700.47781,10.379,0.003,False,Cousins R,CCD,IPEA,,False
7552,SN 2014J,000-BLG-310,2456700.48418,10.381,0.003,False,Cousins R,CCD,IPEA,,False
7553,SN 2014J,000-BLG-310,2456700.50176,10.300,0.003,False,Cousins R,CCD,IPEA,,False
7554,SN 2014J,000-BLG-310,2456700.66878,10.464,0.004,False,Cousins R,CCD,IPEA,,False
7555,SN 2014J,000-BLG-310,2456700.77270,10.382,0.004,False,Cousins R,CCD,IPEA,,False
7556,SN 2014J,000-BLG-310,2456701.39737,10.479,0.003,False,Cousins R,CCD,IPEA,,False
7557,SN 2014J,000-BLG-310,2456701.40083,10.519,0.004,False,Cousins R,CCD,IPEA,,False
7558,SN 2014J,000-BLG-310,2456701.41493,10.484,0.004,False,Cousins R,CCD,IPEA,,False
7559,SN 2014J,000-BLG-310,2456701.43267,10.481,0.004,False,Cousins R,CCD,IPEA,,False
7560,SN 2014J,000-BLG-310,2456701.45351,10.504,0.004,False,Cousins R,CCD,IPEA,,False
7561,SN 2014J,000-BLG-310,2456701.48116,10.465,0.004,False,Cousins R,CCD,IPEA,,False
7562,SN 2014J,000-BLG-310,2456701.48417,10.472,0.004,False,Cousins R,CCD,IPEA,,False
7563,SN 2014J,000-BLG-310,2456701.48764,10.498,0.004,False,Cousins R,CCD,IPEA,,False
7564,SN 2014J,000-BLG-310,2456701.51561,10.444,0.004,False,Cousins R,CCD,IPEA,,False
7565,SN 2014J,000-BLG-310,2456702.37674,10.549,0.004,False,Cousins R,CCD,IPEA,,False
7566,SN 2014J,000-BLG-310,2456702.40093,10.516,0.004,False,Cousins R,CCD,IPEA,,False
7567,SN 2014J,000-BLG-310,2456702.41166,10.385,0.004,False,Cousins R,CCD,IPEA,,False
7568,SN 2014J,000-BLG-310,2456702.45353,10.503,0.004,False,Cousins R,CCD,IPEA,,False
7569,SN 2014J,000-BLG-310,2456702.46703,10.457,0.003,False,Cousins R,CCD,IPEA,,False
7570,SN 2014J,000-BLG-310,2456702.63061,10.560,0.004,False,Cousins R,CCD,IPEA,,False
7571,SN 2014J,000-BLG-310,2456702.64450,10.594,0.004,False,Cousins R,CCD,IPEA,,False
7572,SN 2014J,000-BLG-310,2456702.65147,10.559,0.004,False,Cousins R,CCD,IPEA,,False
7573,SN 2014J,000-BLG-310,2456703.46397,10.549,0.005,False,Cousins R,CCD,IPEA,,False
7574,SN 2014J,000-BLG-310,2456708.48773,10.632,0.004,False,Cousins R,CCD,IPEA,,False
7575,SN 2014J,000-BLG-310,2456708.71009,10.638,0.004,False,Cousins R,CCD,IPEA,,False
7576,SN 2014J,000-BLG-310,2456709.42185,10.657,0.004,False,Cousins R,CCD,IPEA,,False
7577,SN 2014J,000-BLG-310,2456709.43573,10.675,0.004,False,Cousins R,CCD,IPEA,,False
7578,SN 2014J,000-BLG-310,2456709.44612,10.662,0.004,False,Cousins R,CCD,IPEA,,False
7579,SN 2014J,000-BLG-310,2456709.44943,10.732,0.004,False,Cousins R,CCD,IPEA,,False
7580,SN 2014J,000-BLG-310,2456709.59207,10.664,0.004,False,Cousins R,CCD,IPEA,,False
7581,SN 2014J,000-BLG-310,2456711.35594,10.659,0.004,False,Cousins R,CCD,IPEA,,False
7582,SN 2014J,000-BLG-310,2456711.37356,10.746,0.004,False,Cousins R,CCD,IPEA,,False
7583,SN 2014J,000-BLG-310,2456711.39448,10.691,0.004,False,Cousins R,CCD,IPEA,,False
7584,SN 2014J,000-BLG-310,2456711.41843,10.548,0.004,False,Cousins R,CCD,IPEA,,False
7585,SN 2014J,000-BLG-310,2456711.43913,10.657,0.004,False,Cousins R,CCD,IPEA,,False
7586,SN 2014J,000-BLG-310,2456711.50176,10.633,0.004,False,Cousins R,CCD,IPEA,,False
7587,SN 2014J,000-BLG-310,2456713.34900,10.528,0.004,False,Cousins R,CCD,IPEA,,False
7588,SN 2014J,000-BLG-310,2456713.35593,10.620,0.004,False,Cousins R,CCD,IPEA,,False
7589,SN 2014J,000-BLG-310,2456713.35918,10.654,0.004,False,Cousins R,CCD,IPEA,,False
7590,SN 2014J,000-BLG-310,2456713.36986,10.689,0.004,False,Cousins R,CCD,IPEA,,False
7591,SN 2014J,000-BLG-310,2456713.73794,10.655,0.004,False,Cousins R,CCD,IPEA,,False
7592,SN 2014J,000-BLG-310,2456714.39433,10.515,0.004,False,Cousins R,CCD,IPEA,,False
7593,SN 2014J,000-BLG-310,2456714.40439,10.646,0.004,False,Cousins R,CCD,IPEA,,False
7594,SN 2014J,000-BLG-310,2456714.41135,10.649,0.004,False,Cousins R,CCD,IPEA,,False
7595,SN 2014J,000-BLG-310,2456714.45310,10.627,0.004,False,Cousins R,CCD,IPEA,,False
7596,SN 2014J,000-BLG-310,2456714.65440,10.632,0.004,False,Cousins R,CCD,IPEA,,False
7597,SN 2014J,000-BLG-310,2456715.46691,10.618,0.004,False,Cousins R,CCD,IPEA,,False
7598,SN 2014J,000-BLG-310,2456718.42862,10.633,0.004,False,Cousins R,CCD,IPEA,,False
7599,SN 2014J,000-BLG-310,2456719.42920,10.763,0.004,False,Cousins R,CCD,IPEA,,False
7600,SN 2014J,000-BLG-310,2456719.46699,10.676,0.004,False,Cousins R,CCD,IPEA,,False
7601,SN 2014J,000-BLG-310,2456720.38744,10.822,0.005,False,Cousins R,CCD,IPEA,,False
7602,SN 2014J,000-BLG-310,2456720.39788,10.764,0.005,False,Cousins R,CCD,IPEA,,False
7603,SN 2014J,000-BLG-310,2456720.40456,10.793,0.005,False,Cousins R,CCD,IPEA,,False
7604,SN 2014J,000-BLG-310,2456721.64083,10.771,0.005,False,Cousins R,CCD,IPEA,,False
7605,SN 2014J,000-BLG-310,2456723.38007,10.884,0.004,False,Cousins R,CCD,IPEA,,False
7606,SN 2014J,000-BLG-310,2456723.41183,11.005,0.005,False,Cousins R,CCD,IPEA,,False
7607,SN 2014J,000-BLG-310,2456723.57794,11.057,0.005,False,Cousins R,CCD,IPEA,,False
7608,SN 2014J,000-BLG-310,2456724.42573,10.948,0.005,False,Cousins R,CCD,IPEA,,False
7609,SN 2014J,000-BLG-310,2456725.36313,11.063,0.005,False,Cousins R,CCD,IPEA,,False
7610,SN 2014J,000-BLG-310,2456725.37354,11.091,0.005,False,Cousins R,CCD,IPEA,,False
7611,SN 2014J,000-BLG-310,2456729.36647,11.390,0.007,False,Cousins R,CCD,IPEA,,False
7612,SN 2014J,000-BLG-310,2456729.39782,11.340,0.007,False,Cousins R,CCD,IPEA,,False
7613,SN 2014J,000-BLG-310,2456729.40491,11.301,0.006,False,Cousins R,CCD,IPEA,,False
7614,SN 2014J,000-BLG-310,2456729.40777,11.357,0.007,False,Cousins R,CCD,IPEA,,False
7615,SN 2014J,000-BLG-310,2456729.59538,11.381,0.007,False,Cousins R,CCD,IPEA,,False
7616,SN 2014J,000-BLG-310,2456730.44955,11.422,0.007,False,Cousins R,CCD,IPEA,,False
7617,SN 2014J,000-BLG-310,2456731.40488,11.504,0.008,False,Cousins R,CCD,IPEA,,False
7618,SN 2014J,000-BLG-310,2456732.36994,11.544,0.008,False,Cousins R,CCD,IPEA,,False
7619,SN 2014J,000-BLG-310,2456732.56457,11.453,0.007,False,Cousins R,CCD,IPEA,,False
7620,SN 2014J,000-BLG-310,2456733.34563,11.508,0.008,False,Cousins R,CCD,IPEA,,False
7621,SN 2014J,000-BLG-310,2456733.35954,11.568,0.008,False,Cousins R,CCD,IPEA,,False
7622,SN 2014J,000-BLG-310,2456734.57162,11.639,0.008,False,Cousins R,CCD,IPEA,,False
7623,SN 2014J,000-BLG-310,2456734.73788,11.616,0.010,False,Cousins R,CCD,IPEA,,False
7624,SN 2014J,000-BLG-310,2456735.49836,11.662,0.008,False,Cousins R,CCD,IPEA,,False
7625,SN 2014J,000-BLG-310,2456735.54725,11.645,0.008,False,Cousins R,CCD,IPEA,,False
7626,SN 2014J,000-BLG-310,2456736.43926,11.616,0.008,False,Cousins R,CCD,IPEA,,False
7627,SN 2014J,000-BLG-310,2456740.41495,11.751,0.010,False,Cousins R,CCD,IPEA,,False
7628,SN 2014J,000-BLG-310,2456740.52241,11.869,0.010,False,Cousins R,CCD,IPEA,,False
7629,SN 2014J,000-BLG-310,2456740.62353,11.840,0.010,False,Cousins R,CCD,IPEA,,False
7630,SN 2014J,000-BLG-310,2456740.67878,11.771,0.009,False,Cousins R,CCD,IPEA,,False
7631,SN 2014J,000-BLG-310,2456751.36963,12.105,0.011,False,Cousins R,CCD,IPEA,,False
7632,SN 2014J,000-BLG-310,2456751.38365,12.304,0.013,False,Cousins R,CCD,IPEA,,False
7633,SN 2014J,000-BLG-310,2456751.39759,12.101,0.011,False,Cousins R,CCD,IPEA,,False
7634,SN 2014J,000-BLG-310,2456751.40083,12.246,0.013,False,Cousins R,CCD,IPEA,,False
7635,SN 2014J,000-BLG-310,2456752.37661,12.222,0.013,False,Cousins R,CCD,IPEA,,False
7636,SN 2014J,000-BLG-310,2456752.52637,12.132,0.013,False,Cousins R,CCD,IPEA,,False
7637,SN 2014J,000-BLG-310,2456772.43928,12.807,0.021,False,Cousins R,CCD,IPEA,,False
7638,SN 2014J,000-BLG-310,2456775.38421,12.859,0.022,False,Cousins R,CCD,IPEA,,False
7639,SN 2014J,000-BLG-310,2456775.42537,12.899,0.024,False,Cousins R,CCD,IPEA,,False
7640,SN 2014J,000-BLG-310,2456780.50189,12.997,0.026,False,Cousins R,CCD,IPEA,,False
7641,SN 2014J,000-BLG-310,2456781.54668,12.963,0.027,False,Cousins R,CCD,IPEA,,False
7642,SN 2014J,000-BLG-310,2456783.52602,12.957,0.026,False,Cousins R,CCD,IPEA,,False
7643,SN 2014J,000-BLG-310,2456784.53304,13.036,0.029,False,Cousins R,CCD,IPEA,,False
7644,SN 2014J,000-BLG-310,2456785.42919,13.044,0.028,False,Cousins R,CCD,IPEA,,False
7645,SN 2014J,000-BLG-310,2456787.37331,13.302,0.034,False,Cousins R,CCD,IPEA,,False
7646,SN 2014J,000-BLG-310,2456787.45662,13.247,0.034,False,Cousins R,CCD,IPEA,,False
7647,SN 2014J,000-BLG-310,2456790.40831,13.136,0.029,False,Cousins R,CCD,IPEA,,False
7648,SN 2014J,000-BLG-310,2456790.41838,13.154,0.031,False,Cousins R,CCD,IPEA,,False
7649,SN 2014J,000-BLG-310,2456790.42167,13.207,0.033,False,Cousins R,CCD,IPEA,,False
7650,SN 2014J,000-BLG-310,2456790.42512,13.269,0.036,False,Cousins R,CCD,IPEA,,False
7651,SN 2014J,000-BLG-310,2456790.42859,13.261,0.034,False,Cousins R,CCD,IPEA,,False
7652,SN 2014J,000-BLG-310,2456790.43935,13.266,0.032,False,Cousins R,CCD,IPEA,,False
7653,SN 2014J,000-BLG-310,2456801.49841,13.352,0.037,False,Cousins R,CCD,IPEA,,False
7654,SN 2014J,000-BLG-310,2456691.36698,10.543,0.005,False,Johnson V,CCD,JSJA,,
7655,SN 2014J,000-BLG-310,2456691.3671,10.548,0.014,False,Johnson V,CCD,JSJA,,
7656,SN 2014J,000-BLG-310,2456691.36721,10.523,0.015,False,Johnson V,CCD,JSJA,,
7657,SN 2014J,000-BLG-310,2456691.36733,10.544,0.008,False,Johnson V,CCD,JSJA,,
7658,SN 2014J,000-BLG-310,2456691.36745,10.546,0.011,False,Johnson V,CCD,JSJA,,
7659,SN 2014J,000-BLG-310,2456720.36631,11.682,0.012,False,Johnson V,CCD,JSJA,,
7660,SN 2014J,000-BLG-310,2456720.36643,11.658,0.012,False,Johnson V,CCD,JSJA,,
7661,SN 2014J,000-BLG-310,2456720.36655,11.677,0.013,False,Johnson V,CCD,JSJA,,
7662,SN 2014J,000-BLG-310,2456720.36667,11.644,0.012,False,Johnson V,CCD,JSJA,,
7663,SN 2014J,000-BLG-310,2456720.3668,11.695,0.012,False,Johnson V,CCD,JSJA,,
7664,SN 2014J,000-BLG-310,2456700.30827,10.728,0.172,False,Johnson V,CCD,JSJA,,
7665,SN 2014J,000-BLG-310,2456700.30838,10.72,0.172,False,Johnson V,CCD,JSJA,,
7666,SN 2014J,000-BLG-310,2456700.3085,10.759,0.174,False,Johnson V,CCD,JSJA,,
7667,SN 2014J,000-BLG-310,2456700.30862,10.754,0.172,False,Johnson V,CCD,JSJA,,
7668,SN 2014J,000-BLG-310,2456700.30874,10.757,0.176,False,Johnson V,CCD,JSJA,,
7669,SN 2014J,000-BLG-310,2456716.36626,11.442,0.169,False,Johnson V,CCD,JSJA,,
7670,SN 2014J,000-BLG-310,2456716.36638,11.42,0.168,False,Johnson V,CCD,JSJA,,
7671,SN 2014J,000-BLG-310,2456716.3665,11.461,0.172,False,Johnson V,CCD,JSJA,,
7672,SN 2014J,000-BLG-310,2456716.36662,11.404,0.175,False,Johnson V,CCD,JSJA,,
7673,SN 2014J,000-BLG-310,2456716.36674,11.434,0.166,False,Johnson V,CCD,JSJA,,
7674,SN 2014J,000-BLG-310,2456689.40651,10.577,0.009,False,Johnson V,CCD,JSJA,,
7675,SN 2014J,000-BLG-310,2456689.40663,10.591,0.006,False,Johnson V,CCD,JSJA,,
7676,SN 2014J,000-BLG-310,2456689.40674,10.566,0.013,False,Johnson V,CCD,JSJA,,
7677,SN 2014J,000-BLG-310,2456689.40686,10.582,0.005,False,Johnson V,CCD,JSJA,,
7678,SN 2014J,000-BLG-310,2456689.40698,10.567,0.02,False,Johnson V,CCD,JSJA,,
7679,SN 2014J,000-BLG-310,2456700.31314,10.787,0.008,False,Johnson V,CCD,JSJA,,
7680,SN 2014J,000-BLG-310,2456700.31326,10.822,0.011,False,Johnson V,CCD,JSJA,,
7681,SN 2014J,000-BLG-310,2456700.31338,10.815,0.007,False,Johnson V,CCD,JSJA,,
7682,SN 2014J,000-BLG-310,2456700.3135,10.815,0.008,False,Johnson V,CCD,JSJA,,
7683,SN 2014J,000-BLG-310,2456700.31362,10.801,0.009,False,Johnson V,CCD,JSJA,,
7684,SN 2014J,000-BLG-310,2456700.31816,10.808,0.023,False,Johnson V,CCD,JSJA,,
7685,SN 2014J,000-BLG-310,2456700.31828,10.807,0.021,False,Johnson V,CCD,JSJA,,
7686,SN 2014J,000-BLG-310,2456700.3184,10.826,0.029,False,Johnson V,CCD,JSJA,,
7687,SN 2014J,000-BLG-310,2456700.31852,10.802,0.022,False,Johnson V,CCD,JSJA,,
7688,SN 2014J,000-BLG-310,2456700.31864,10.818,0.012,False,Johnson V,CCD,JSJA,,
7689,SN 2014J,000-BLG-310,2456700.32422,10.808,0.012,False,Johnson V,CCD,JSJA,,
7690,SN 2014J,000-BLG-310,2456700.32452,10.824,0.011,False,Johnson V,CCD,JSJA,,
7691,SN 2014J,000-BLG-310,2456700.32464,10.766,0.015,False,Johnson V,CCD,JSJA,,
7692,SN 2014J,000-BLG-310,2456700.32476,10.786,0.007,False,Johnson V,CCD,JSJA,,
7693,SN 2014J,000-BLG-310,2456700.32488,10.822,0.02,False,Johnson V,CCD,JSJA,,
7694,SN 2014J,000-BLG-310,2456700.33258,10.789,0.016,False,Johnson V,CCD,JSJA,,
7695,SN 2014J,000-BLG-310,2456700.3327,10.767,0.007,False,Johnson V,CCD,JSJA,,
7696,SN 2014J,000-BLG-310,2456700.33281,10.764,0.009,False,Johnson V,CCD,JSJA,,
7697,SN 2014J,000-BLG-310,2456700.33293,10.77,0.009,False,Johnson V,CCD,JSJA,,
7698,SN 2014J,000-BLG-310,2456700.33305,10.783,0.014,False,Johnson V,CCD,JSJA,,
7699,SN 2014J,000-BLG-310,2456700.34349,10.759,0.009,False,Johnson V,CCD,JSJA,,
7700,SN 2014J,000-BLG-310,2456700.34361,10.764,0.01,False,Johnson V,CCD,JSJA,,
7701,SN 2014J,000-BLG-310,2456700.34372,10.772,0.007,False,Johnson V,CCD,JSJA,,
7702,SN 2014J,000-BLG-310,2456700.34384,10.787,0.008,False,Johnson V,CCD,JSJA,,
7703,SN 2014J,000-BLG-310,2456700.34396,10.785,0.008,False,Johnson V,CCD,JSJA,,
7704,SN 2014J,000-BLG-310,2456700.35402,10.797,0.009,False,Johnson V,CCD,JSJA,,
7705,SN 2014J,000-BLG-310,2456700.35413,10.767,0.013,False,Johnson V,CCD,JSJA,,
7706,SN 2014J,000-BLG-310,2456700.35425,10.787,0.018,False,Johnson V,CCD,JSJA,,
7707,SN 2014J,000-BLG-310,2456700.35437,10.789,0.008,False,Johnson V,CCD,JSJA,,
7708,SN 2014J,000-BLG-310,2456700.35449,10.807,0.009,False,Johnson V,CCD,JSJA,,
7709,SN 2014J,000-BLG-310,2456700.36542,10.771,0.01,False,Johnson V,CCD,JSJA,,
7710,SN 2014J,000-BLG-310,2456700.36554,10.805,0.01,False,Johnson V,CCD,JSJA,,
7711,SN 2014J,000-BLG-310,2456700.36566,10.785,0.009,False,Johnson V,CCD,JSJA,,
7712,SN 2014J,000-BLG-310,2456700.36578,10.777,0.012,False,Johnson V,CCD,JSJA,,
7713,SN 2014J,000-BLG-310,2456700.3659,10.769,0.006,False,Johnson V,CCD,JSJA,,
7714,SN 2014J,000-BLG-310,2456700.37415,10.813,0.007,False,Johnson V,CCD,JSJA,,
7715,SN 2014J,000-BLG-310,2456700.37427,10.806,0.012,False,Johnson V,CCD,JSJA,,
7716,SN 2014J,000-BLG-310,2456700.37451,10.826,0.012,False,Johnson V,CCD,JSJA,,
7717,SN 2014J,000-BLG-310,2456700.37463,10.826,0.016,False,Johnson V,CCD,JSJA,,
7718,SN 2014J,000-BLG-310,2456700.37475,10.813,0.012,False,Johnson V,CCD,JSJA,,
7719,SN 2014J,000-BLG-310,2456700.39532,10.776,0.006,False,Johnson V,CCD,JSJA,,
7720,SN 2014J,000-BLG-310,2456700.39544,10.785,0.007,False,Johnson V,CCD,JSJA,,
7721,SN 2014J,000-BLG-310,2456700.39556,10.77,0.01,False,Johnson V,CCD,JSJA,,
7722,SN 2014J,000-BLG-310,2456700.39568,10.768,0.009,False,Johnson V,CCD,JSJA,,
7723,SN 2014J,000-BLG-310,2456700.3958,10.777,0.009,False,Johnson V,CCD,JSJA,,
7724,SN 2014J,000-BLG-310,2456700.40485,10.805,0.01,False,Johnson V,CCD,JSJA,,
7725,SN 2014J,000-BLG-310,2456700.40497,10.826,0.009,False,Johnson V,CCD,JSJA,,
7726,SN 2014J,000-BLG-310,2456700.40509,10.818,0.007,False,Johnson V,CCD,JSJA,,
7727,SN 2014J,000-BLG-310,2456700.40521,10.815,0.007,False,Johnson V,CCD,JSJA,,
7728,SN 2014J,000-BLG-310,2456700.40533,10.83,0.006,False,Johnson V,CCD,JSJA,,
7729,SN 2014J,000-BLG-310,2456700.41716,10.809,0.011,False,Johnson V,CCD,JSJA,,
7730,SN 2014J,000-BLG-310,2456700.41727,10.791,0.013,False,Johnson V,CCD,JSJA,,
7731,SN 2014J,000-BLG-310,2456700.41739,10.798,0.007,False,Johnson V,CCD,JSJA,,
7732,SN 2014J,000-BLG-310,2456700.41751,10.782,0.008,False,Johnson V,CCD,JSJA,,
7733,SN 2014J,000-BLG-310,2456700.41884,10.782,0.008,False,Johnson V,CCD,JSJA,,
7734,SN 2014J,000-BLG-310,2456700.38787,10.794,0.012,False,Johnson V,CCD,JSJA,,
7735,SN 2014J,000-BLG-310,2456700.38799,10.77,0.008,False,Johnson V,CCD,JSJA,,
7736,SN 2014J,000-BLG-310,2456700.38811,10.781,0.009,False,Johnson V,CCD,JSJA,,
7737,SN 2014J,000-BLG-310,2456700.38863,10.783,0.011,False,Johnson V,CCD,JSJA,,
7738,SN 2014J,000-BLG-310,2456700.38875,10.77,0.007,False,Johnson V,CCD,JSJA,,
7739,SN 2014J,000-BLG-310,2456740.42856,12.485,0.04,False,Johnson V,CCD,MJHN,,
7740,SN 2014J,000-BLG-310,2456761.3567,13.051,0.03,False,Johnson V,CCD,MJHN,,
7741,SN 2014J,000-BLG-310,2456691.36619,10.576,0.01,False,Johnson V,CCD,RAEA,,
7742,SN 2014J,000-BLG-310,2456691.2954,10.563,0.017,False,Johnson V,CCD,RAEA,,
7743,SN 2014J,000-BLG-310,2456691.29149,10.563,0.027,False,Johnson V,CCD,RAEA,,
7744,SN 2014J,000-BLG-310,2456691.29905,10.574,0.026,False,Johnson V,CCD,RAEA,,
7745,SN 2014J,000-BLG-310,2456691.30686,10.558,0.014,False,Johnson V,CCD,RAEA,,
7746,SN 2014J,000-BLG-310,2456691.30295,10.584,0.017,False,Johnson V,CCD,RAEA,,
7747,SN 2014J,000-BLG-310,2456691.31077,10.547,0.014,False,Johnson V,CCD,RAEA,,
7748,SN 2014J,000-BLG-310,2456691.31468,10.575,0.013,False,Johnson V,CCD,RAEA,,
7749,SN 2014J,000-BLG-310,2456691.32716,10.573,0.015,False,Johnson V,CCD,RAEA,,
7750,SN 2014J,000-BLG-310,2456691.32326,10.568,0.015,False,Johnson V,CCD,RAEA,,
7751,SN 2014J,000-BLG-310,2456691.33107,10.563,0.008,False,Johnson V,CCD,RAEA,,
7752,SN 2014J,000-BLG-310,2456691.33889,10.567,0.007,False,Johnson V,CCD,RAEA,,
7753,SN 2014J,000-BLG-310,2456691.33498,10.565,0.011,False,Johnson V,CCD,RAEA,,
7754,SN 2014J,000-BLG-310,2456691.34281,10.552,0.009,False,Johnson V,CCD,RAEA,,
7755,SN 2014J,000-BLG-310,2456691.35059,10.572,0.011,False,Johnson V,CCD,RAEA,,
7756,SN 2014J,000-BLG-310,2456691.34672,10.563,0.01,False,Johnson V,CCD,RAEA,,
7757,SN 2014J,000-BLG-310,2456691.3545,10.563,0.016,False,Johnson V,CCD,RAEA,,
7758,SN 2014J,000-BLG-310,2456691.36229,10.567,0.009,False,Johnson V,CCD,RAEA,,
7759,SN 2014J,000-BLG-310,2456691.3584,10.57,0.011,False,Johnson V,CCD,RAEA,,
7760,SN 2014J,000-BLG-310,2456681.213888,12.636,0.010,False,Johnson B,CCD,GKOA,,False
7761,SN 2014J,000-BLG-310,2456681.221648,12.628,0.010,False,Johnson B,CCD,GKOA,,False
7762,SN 2014J,000-BLG-310,2456681.231608,12.611,0.010,False,Johnson B,CCD,GKOA,,False
7763,SN 2014J,000-BLG-310,2456681.241588,12.602,0.010,False,Johnson B,CCD,GKOA,,False
7764,SN 2014J,000-BLG-310,2456681.251548,12.615,0.009,False,Johnson B,CCD,GKOA,,False
7765,SN 2014J,000-BLG-310,2456681.261528,12.602,0.009,False,Johnson B,CCD,GKOA,,False
7766,SN 2014J,000-BLG-310,2456681.271508,12.473,0.009,False,Johnson B,CCD,GKOA,,False
7767,SN 2014J,000-BLG-310,2456681.281478,12.585,0.009,False,Johnson B,CCD,GKOA,,False
7768,SN 2014J,000-BLG-310,2456681.291448,12.598,0.009,False,Johnson B,CCD,GKOA,,False
7769,SN 2014J,000-BLG-310,2456682.495635,12.380,0.005,False,Johnson B,CCD,GKOA,,False
7770,SN 2014J,000-BLG-310,2456682.505615,12.384,0.005,False,Johnson B,CCD,GKOA,,False
7771,SN 2014J,000-BLG-310,2456682.515575,12.389,0.005,False,Johnson B,CCD,GKOA,,False
7772,SN 2014J,000-BLG-310,2456682.525555,12.378,0.005,False,Johnson B,CCD,GKOA,,False
7773,SN 2014J,000-BLG-310,2456682.535525,12.401,0.005,False,Johnson B,CCD,GKOA,,False
7774,SN 2014J,000-BLG-310,2456685.211894,12.122,0.015,False,Johnson B,CCD,GKOA,,False
7775,SN 2014J,000-BLG-310,2456685.218425,12.108,0.045,False,Johnson B,CCD,GKOA,,False
7776,SN 2014J,000-BLG-310,2456685.226315,12.101,0.020,False,Johnson B,CCD,GKOA,,False
7777,SN 2014J,000-BLG-310,2456685.234215,12.072,0.015,False,Johnson B,CCD,GKOA,,False
7778,SN 2014J,000-BLG-310,2456685.242105,12.107,0.013,False,Johnson B,CCD,GKOA,,False
7779,SN 2014J,000-BLG-310,2456686.588088,11.983,0.006,False,Johnson B,CCD,GKOA,,False
7780,SN 2014J,000-BLG-310,2456686.594688,11.970,0.006,False,Johnson B,CCD,GKOA,,False
7781,SN 2014J,000-BLG-310,2456686.600328,11.972,0.006,False,Johnson B,CCD,GKOA,,False
7782,SN 2014J,000-BLG-310,2456686.605958,11.964,0.017,False,Johnson B,CCD,GKOA,,False
7783,SN 2014J,000-BLG-310,2456686.611598,11.980,0.017,False,Johnson B,CCD,GKOA,,False
7784,SN 2014J,000-BLG-310,2456686.617238,11.978,0.006,False,Johnson B,CCD,GKOA,,False
7785,SN 2014J,000-BLG-310,2456686.622868,11.976,0.007,False,Johnson B,CCD,GKOA,,False
7786,SN 2014J,000-BLG-310,2456686.628508,11.963,0.007,False,Johnson B,CCD,GKOA,,False
7787,SN 2014J,000-BLG-310,2456686.634148,11.972,0.006,False,Johnson B,CCD,GKOA,,False
7788,SN 2014J,000-BLG-310,2456686.639778,11.981,0.006,False,Johnson B,CCD,GKOA,,False
7789,SN 2014J,000-BLG-310,2456686.645418,11.987,0.007,False,Johnson B,CCD,GKOA,,False
7790,SN 2014J,000-BLG-310,2456686.651058,11.988,0.006,False,Johnson B,CCD,GKOA,,False
7791,SN 2014J,000-BLG-310,2456686.656708,11.985,0.006,False,Johnson B,CCD,GKOA,,False
7792,SN 2014J,000-BLG-310,2456686.662338,12.018,0.007,False,Johnson B,CCD,GKOA,,False
7793,SN 2014J,000-BLG-310,2456686.667978,11.989,0.006,False,Johnson B,CCD,GKOA,,False
7794,SN 2014J,000-BLG-310,2456686.673608,11.996,0.006,False,Johnson B,CCD,GKOA,,False
7795,SN 2014J,000-BLG-310,2456686.679248,11.995,0.007,False,Johnson B,CCD,GKOA,,False
7796,SN 2014J,000-BLG-310,2456686.684889,11.985,0.007,False,Johnson B,CCD,GKOA,,False
7797,SN 2014J,000-BLG-310,2456686.690519,11.989,0.009,False,Johnson B,CCD,GKOA,,False
7798,SN 2014J,000-BLG-310,2456686.696169,11.991,0.014,False,Johnson B,CCD,GKOA,,False
7799,SN 2014J,000-BLG-310,2456687.481937,11.939,0.005,False,Johnson B,CCD,GKOA,,False
7800,SN 2014J,000-BLG-310,2456687.487597,11.934,0.005,False,Johnson B,CCD,GKOA,,False
7801,SN 2014J,000-BLG-310,2456687.492427,11.942,0.005,False,Johnson B,CCD,GKOA,,False
7802,SN 2014J,000-BLG-310,2456687.496677,11.922,0.005,False,Johnson B,CCD,GKOA,,False
7803,SN 2014J,000-BLG-310,2456687.500937,11.937,0.005,False,Johnson B,CCD,GKOA,,False
7804,SN 2014J,000-BLG-310,2456687.505187,11.937,0.005,False,Johnson B,CCD,GKOA,,False
7805,SN 2014J,000-BLG-310,2456687.509437,11.929,0.005,False,Johnson B,CCD,GKOA,,False
7806,SN 2014J,000-BLG-310,2456687.513677,11.937,0.005,False,Johnson B,CCD,GKOA,,False
7807,SN 2014J,000-BLG-310,2456689.318379,11.905,0.008,False,Johnson B,CCD,GKOA,,False
7808,SN 2014J,000-BLG-310,2456689.322629,11.903,0.008,False,Johnson B,CCD,GKOA,,False
7809,SN 2014J,000-BLG-310,2456689.326890,11.905,0.008,False,Johnson B,CCD,GKOA,,False
7810,SN 2014J,000-BLG-310,2456689.331140,11.902,0.008,False,Johnson B,CCD,GKOA,,False
7811,SN 2014J,000-BLG-310,2456689.335390,11.907,0.008,False,Johnson B,CCD,GKOA,,False
7812,SN 2014J,000-BLG-310,2456689.339630,11.910,0.008,False,Johnson B,CCD,GKOA,,False
7813,SN 2014J,000-BLG-310,2456696.243796,12.040,0.011,False,Johnson B,CCD,GKOA,,False
7814,SN 2014J,000-BLG-310,2456696.248046,12.063,0.010,False,Johnson B,CCD,GKOA,,False
7815,SN 2014J,000-BLG-310,2456696.252296,12.062,0.011,False,Johnson B,CCD,GKOA,,False
7816,SN 2014J,000-BLG-310,2456696.256536,12.061,0.011,False,Johnson B,CCD,GKOA,,False
7817,SN 2014J,000-BLG-310,2456696.260786,12.046,0.012,False,Johnson B,CCD,GKOA,,False
7818,SN 2014J,000-BLG-310,2456697.258537,12.143,0.012,False,Johnson B,CCD,GKOA,,False
7819,SN 2014J,000-BLG-310,2456697.262777,12.150,0.027,False,Johnson B,CCD,GKOA,,False
7820,SN 2014J,000-BLG-310,2456697.267027,12.193,0.066,False,Johnson B,CCD,GKOA,,False
7821,SN 2014J,000-BLG-310,2456697.277347,12.159,0.038,False,Johnson B,CCD,GKOA,,False
7822,SN 2014J,000-BLG-310,2456697.281597,12.115,0.017,False,Johnson B,CCD,GKOA,,False
7823,SN 2014J,000-BLG-310,2456697.285857,12.157,0.026,False,Johnson B,CCD,GKOA,,False
7824,SN 2014J,000-BLG-310,2456697.290107,12.158,0.030,False,Johnson B,CCD,GKOA,,False
7825,SN 2014J,000-BLG-310,2456697.294367,12.145,0.056,False,Johnson B,CCD,GKOA,,False
7826,SN 2014J,000-BLG-310,2456697.298618,12.147,0.036,False,Johnson B,CCD,GKOA,,False
7827,SN 2014J,000-BLG-310,2456697.302888,12.147,0.016,False,Johnson B,CCD,GKOA,,False
7828,SN 2014J,000-BLG-310,2456697.307128,12.117,0.013,False,Johnson B,CCD,GKOA,,False
7829,SN 2014J,000-BLG-310,2456697.311378,12.144,0.018,False,Johnson B,CCD,GKOA,,False
7830,SN 2014J,000-BLG-310,2456697.315638,12.041,0.069,False,Johnson B,CCD,GKOA,,False
7831,SN 2014J,000-BLG-310,2456697.319888,12.115,0.012,False,Johnson B,CCD,GKOA,,False
7832,SN 2014J,000-BLG-310,2456697.324138,12.131,0.013,False,Johnson B,CCD,GKOA,,False
7833,SN 2014J,000-BLG-310,2456697.328398,12.139,0.012,False,Johnson B,CCD,GKOA,,False
7834,SN 2014J,000-BLG-310,2456698.375511,12.195,0.008,False,Johnson B,CCD,GKOA,,False
7835,SN 2014J,000-BLG-310,2456698.379761,12.193,0.007,False,Johnson B,CCD,GKOA,,False
7836,SN 2014J,000-BLG-310,2456698.384011,12.206,0.007,False,Johnson B,CCD,GKOA,,False
7837,SN 2014J,000-BLG-310,2456698.388261,12.193,0.007,False,Johnson B,CCD,GKOA,,False
7838,SN 2014J,000-BLG-310,2456698.392512,12.203,0.007,False,Johnson B,CCD,GKOA,,False
7839,SN 2014J,000-BLG-310,2456698.396752,12.190,0.007,False,Johnson B,CCD,GKOA,,False
7840,SN 2014J,000-BLG-310,2456698.401002,12.192,0.007,False,Johnson B,CCD,GKOA,,False
7841,SN 2014J,000-BLG-310,2456698.405252,12.194,0.007,False,Johnson B,CCD,GKOA,,False
7842,SN 2014J,000-BLG-310,2456698.409502,12.185,0.007,False,Johnson B,CCD,GKOA,,False
7843,SN 2014J,000-BLG-310,2456698.413742,12.183,0.007,False,Johnson B,CCD,GKOA,,False
7844,SN 2014J,000-BLG-310,2456699.506517,12.264,0.008,False,Johnson B,CCD,GKOA,,False
7845,SN 2014J,000-BLG-310,2456699.510767,12.269,0.008,False,Johnson B,CCD,GKOA,,False
7846,SN 2014J,000-BLG-310,2456699.515027,12.284,0.008,False,Johnson B,CCD,GKOA,,False
7847,SN 2014J,000-BLG-310,2456699.519278,12.279,0.008,False,Johnson B,CCD,GKOA,,False
7848,SN 2014J,000-BLG-310,2456699.523538,12.279,0.008,False,Johnson B,CCD,GKOA,,False
7849,SN 2014J,000-BLG-310,2456699.527778,12.279,0.008,False,Johnson B,CCD,GKOA,,False
7850,SN 2014J,000-BLG-310,2456699.532028,12.281,0.008,False,Johnson B,CCD,GKOA,,False
7851,SN 2014J,000-BLG-310,2456699.536278,12.283,0.008,False,Johnson B,CCD,GKOA,,False
7852,SN 2014J,000-BLG-310,2456699.540538,12.287,0.008,False,Johnson B,CCD,GKOA,,False
7853,SN 2014J,000-BLG-310,2456699.544788,12.298,0.008,False,Johnson B,CCD,GKOA,,False
7854,SN 2014J,000-BLG-310,2456700.506601,12.365,0.010,False,Johnson B,CCD,GKOA,,False
7855,SN 2014J,000-BLG-310,2456700.510851,12.361,0.011,False,Johnson B,CCD,GKOA,,False
7856,SN 2014J,000-BLG-310,2456700.515102,12.356,0.008,False,Johnson B,CCD,GKOA,,False
7857,SN 2014J,000-BLG-310,2456700.519362,12.346,0.008,False,Johnson B,CCD,GKOA,,False
7858,SN 2014J,000-BLG-310,2456700.523602,12.365,0.008,False,Johnson B,CCD,GKOA,,False
7859,SN 2014J,000-BLG-310,2456701.483726,12.408,0.017,False,Johnson B,CCD,GKOA,,False
7860,SN 2014J,000-BLG-310,2456701.487986,12.427,0.059,False,Johnson B,CCD,GKOA,,False
7861,SN 2014J,000-BLG-310,2456701.492236,12.423,0.054,False,Johnson B,CCD,GKOA,,False
7862,SN 2014J,000-BLG-310,2456701.517737,12.444,0.173,False,Johnson B,CCD,GKOA,,False
7863,SN 2014J,000-BLG-310,2456701.521977,12.415,0.069,False,Johnson B,CCD,GKOA,,False
7864,SN 2014J,000-BLG-310,2456701.526237,12.492,0.062,False,Johnson B,CCD,GKOA,,False
7865,SN 2014J,000-BLG-310,2456701.530487,12.373,0.067,False,Johnson B,CCD,GKOA,,False
7866,SN 2014J,000-BLG-310,2456701.534737,12.421,0.023,False,Johnson B,CCD,GKOA,,False
7867,SN 2014J,000-BLG-310,2456701.538997,12.432,0.013,False,Johnson B,CCD,GKOA,,False
7868,SN 2014J,000-BLG-310,2456701.543247,12.426,0.013,False,Johnson B,CCD,GKOA,,False
7869,SN 2014J,000-BLG-310,2456701.547507,12.431,0.013,False,Johnson B,CCD,GKOA,,False
7870,SN 2014J,000-BLG-310,2456701.551748,12.423,0.027,False,Johnson B,CCD,GKOA,,False
7871,SN 2014J,000-BLG-310,2456702.500562,12.522,0.010,False,Johnson B,CCD,GKOA,,False
7872,SN 2014J,000-BLG-310,2456702.504812,12.516,0.010,False,Johnson B,CCD,GKOA,,False
7873,SN 2014J,000-BLG-310,2456702.509062,12.502,0.014,False,Johnson B,CCD,GKOA,,False
7874,SN 2014J,000-BLG-310,2456702.513313,12.522,0.014,False,Johnson B,CCD,GKOA,,False
7875,SN 2014J,000-BLG-310,2456702.517563,12.533,0.015,False,Johnson B,CCD,GKOA,,False
7876,SN 2014J,000-BLG-310,2456703.527520,12.615,0.012,False,Johnson B,CCD,GKOA,,False
7877,SN 2014J,000-BLG-310,2456703.531770,12.597,0.012,False,Johnson B,CCD,GKOA,,False
7878,SN 2014J,000-BLG-310,2456703.544520,12.605,0.016,False,Johnson B,CCD,GKOA,,False
7879,SN 2014J,000-BLG-310,2456703.548771,12.608,0.013,False,Johnson B,CCD,GKOA,,False
7880,SN 2014J,000-BLG-310,2456703.553021,12.451,0.013,False,Johnson B,CCD,GKOA,,False
7881,SN 2014J,000-BLG-310,2456704.196379,12.641,0.071,False,Johnson B,CCD,GKOA,,False
7882,SN 2014J,000-BLG-310,2456704.200629,12.662,0.028,False,Johnson B,CCD,GKOA,,False
7883,SN 2014J,000-BLG-310,2456704.204889,12.648,0.019,False,Johnson B,CCD,GKOA,,False
7884,SN 2014J,000-BLG-310,2456704.209139,12.671,0.016,False,Johnson B,CCD,GKOA,,False
7885,SN 2014J,000-BLG-310,2456704.213389,12.657,0.015,False,Johnson B,CCD,GKOA,,False
7886,SN 2014J,000-BLG-310,2456704.217619,12.642,0.014,False,Johnson B,CCD,GKOA,,False
7887,SN 2014J,000-BLG-310,2456704.221869,12.587,0.014,False,Johnson B,CCD,GKOA,,False
7888,SN 2014J,000-BLG-310,2456704.226119,12.676,0.013,False,Johnson B,CCD,GKOA,,False
7889,SN 2014J,000-BLG-310,2456704.230370,12.663,0.013,False,Johnson B,CCD,GKOA,,False
7890,SN 2014J,000-BLG-310,2456705.485226,12.814,0.011,False,Johnson B,CCD,GKOA,,False
7891,SN 2014J,000-BLG-310,2456705.489476,12.807,0.011,False,Johnson B,CCD,GKOA,,False
7892,SN 2014J,000-BLG-310,2456705.493726,12.792,0.011,False,Johnson B,CCD,GKOA,,False
7893,SN 2014J,000-BLG-310,2456705.497976,12.781,0.011,False,Johnson B,CCD,GKOA,,False
7894,SN 2014J,000-BLG-310,2456705.502226,12.776,0.011,False,Johnson B,CCD,GKOA,,False
7895,SN 2014J,000-BLG-310,2456707.492546,12.965,0.011,False,Johnson B,CCD,GKOA,,False
7896,SN 2014J,000-BLG-310,2456707.496807,12.978,0.011,False,Johnson B,CCD,GKOA,,False
7897,SN 2014J,000-BLG-310,2456707.501057,12.979,0.011,False,Johnson B,CCD,GKOA,,False
7898,SN 2014J,000-BLG-310,2456707.505317,13.022,0.011,False,Johnson B,CCD,GKOA,,False
7899,SN 2014J,000-BLG-310,2456707.509567,12.963,0.010,False,Johnson B,CCD,GKOA,,False
7900,SN 2014J,000-BLG-310,2456707.513807,12.980,0.011,False,Johnson B,CCD,GKOA,,False
7901,SN 2014J,000-BLG-310,2456708.528309,13.079,0.014,False,Johnson B,CCD,GKOA,,False
7902,SN 2014J,000-BLG-310,2456708.532549,13.060,0.012,False,Johnson B,CCD,GKOA,,False
7903,SN 2014J,000-BLG-310,2456708.536800,13.059,0.012,False,Johnson B,CCD,GKOA,,False
7904,SN 2014J,000-BLG-310,2456708.541050,13.073,0.013,False,Johnson B,CCD,GKOA,,False
7905,SN 2014J,000-BLG-310,2456708.545310,13.070,0.012,False,Johnson B,CCD,GKOA,,False
7906,SN 2014J,000-BLG-310,2456715.329499,13.596,0.030,False,Johnson B,CCD,GKOA,,False
7907,SN 2014J,000-BLG-310,2456715.333749,13.581,0.029,False,Johnson B,CCD,GKOA,,False
7908,SN 2014J,000-BLG-310,2456715.337989,13.595,0.028,False,Johnson B,CCD,GKOA,,False
7909,SN 2014J,000-BLG-310,2456715.342249,13.616,0.028,False,Johnson B,CCD,GKOA,,False
7910,SN 2014J,000-BLG-310,2456715.346499,13.601,0.028,False,Johnson B,CCD,GKOA,,False
7911,SN 2014J,000-BLG-310,2456715.350749,13.637,0.026,False,Johnson B,CCD,GKOA,,False
7912,SN 2014J,000-BLG-310,2456715.355009,13.623,0.025,False,Johnson B,CCD,GKOA,,False
7913,SN 2014J,000-BLG-310,2456715.359260,13.619,0.024,False,Johnson B,CCD,GKOA,,False
7914,SN 2014J,000-BLG-310,2456715.363500,13.574,0.024,False,Johnson B,CCD,GKOA,,False
7915,SN 2014J,000-BLG-310,2456715.367760,13.617,0.024,False,Johnson B,CCD,GKOA,,False
7916,SN 2014J,000-BLG-310,2456716.446022,13.724,0.035,False,Johnson B,CCD,GKOA,,False
7917,SN 2014J,000-BLG-310,2456716.450272,13.630,0.053,False,Johnson B,CCD,GKOA,,False
7918,SN 2014J,000-BLG-310,2456716.454522,13.473,0.127,False,Johnson B,CCD,GKOA,,False
7919,SN 2014J,000-BLG-310,2456716.463032,13.535,0.276,False,Johnson B,CCD,GKOA,,False
7920,SN 2014J,000-BLG-310,2456716.467282,13.459,0.139,False,Johnson B,CCD,GKOA,,False
7921,SN 2014J,000-BLG-310,2456716.471523,13.670,0.050,False,Johnson B,CCD,GKOA,,False
7922,SN 2014J,000-BLG-310,2456716.475783,13.690,0.047,False,Johnson B,CCD,GKOA,,False
7923,SN 2014J,000-BLG-310,2456716.480033,13.676,0.031,False,Johnson B,CCD,GKOA,,False
7924,SN 2014J,000-BLG-310,2456716.484293,13.715,0.036,False,Johnson B,CCD,GKOA,,False
7925,SN 2014J,000-BLG-310,2456716.492793,13.694,0.052,False,Johnson B,CCD,GKOA,,False
7926,SN 2014J,000-BLG-310,2456716.497044,13.688,0.312,False,Johnson B,CCD,GKOA,,False
7927,SN 2014J,000-BLG-310,2456721.465958,14.005,0.024,False,Johnson B,CCD,GKOA,,False
7928,SN 2014J,000-BLG-310,2456721.470198,13.999,0.023,False,Johnson B,CCD,GKOA,,False
7929,SN 2014J,000-BLG-310,2456721.474448,13.941,0.023,False,Johnson B,CCD,GKOA,,False
7930,SN 2014J,000-BLG-310,2456721.478698,14.018,0.028,False,Johnson B,CCD,GKOA,,False
7931,SN 2014J,000-BLG-310,2456721.482948,14.045,0.026,False,Johnson B,CCD,GKOA,,False
7932,SN 2014J,000-BLG-310,2456722.361487,14.074,0.026,False,Johnson B,CCD,GKOA,,False
7933,SN 2014J,000-BLG-310,2456722.365737,14.015,0.024,False,Johnson B,CCD,GKOA,,False
7934,SN 2014J,000-BLG-310,2456722.369977,14.022,0.024,False,Johnson B,CCD,GKOA,,False
7935,SN 2014J,000-BLG-310,2456722.374217,14.035,0.024,False,Johnson B,CCD,GKOA,,False
7936,SN 2014J,000-BLG-310,2456722.378467,14.026,0.024,False,Johnson B,CCD,GKOA,,False
7937,SN 2014J,000-BLG-310,2456722.382727,14.008,0.024,False,Johnson B,CCD,GKOA,,False
7938,SN 2014J,000-BLG-310,2456722.386978,13.999,0.024,False,Johnson B,CCD,GKOA,,False
7939,SN 2014J,000-BLG-310,2456722.391228,13.993,0.023,False,Johnson B,CCD,GKOA,,False
7940,SN 2014J,000-BLG-310,2456722.395458,14.049,0.024,False,Johnson B,CCD,GKOA,,False
7941,SN 2014J,000-BLG-310,2456722.399728,14.025,0.025,False,Johnson B,CCD,GKOA,,False
7942,SN 2014J,000-BLG-310,2456722.403978,14.067,0.024,False,Johnson B,CCD,GKOA,,False
7943,SN 2014J,000-BLG-310,2456729.469045,14.374,0.060,False,Johnson B,CCD,GKOA,,False
7944,SN 2014J,000-BLG-310,2456729.473295,14.377,0.064,False,Johnson B,CCD,GKOA,,False
7945,SN 2014J,000-BLG-310,2456729.490296,14.350,0.063,False,Johnson B,CCD,GKOA,,False
7946,SN 2014J,000-BLG-310,2456729.498806,14.352,0.066,False,Johnson B,CCD,GKOA,,False
7947,SN 2014J,000-BLG-310,2456729.503046,14.391,0.070,False,Johnson B,CCD,GKOA,,False
7948,SN 2014J,000-BLG-310,2456729.507307,14.250,0.060,False,Johnson B,CCD,GKOA,,False
7949,SN 2014J,000-BLG-310,2456730.441062,14.323,0.051,False,Johnson B,CCD,GKOA,,False
7950,SN 2014J,000-BLG-310,2456730.445312,14.370,0.053,False,Johnson B,CCD,GKOA,,False
7951,SN 2014J,000-BLG-310,2456730.449573,14.337,0.050,False,Johnson B,CCD,GKOA,,False
7952,SN 2014J,000-BLG-310,2456730.453823,14.315,0.049,False,Johnson B,CCD,GKOA,,False
7953,SN 2014J,000-BLG-310,2456730.458073,14.248,0.047,False,Johnson B,CCD,GKOA,,False
7954,SN 2014J,000-BLG-310,2456731.475373,14.403,0.046,False,Johnson B,CCD,GKOA,,False
7955,SN 2014J,000-BLG-310,2456731.479624,14.295,0.043,False,Johnson B,CCD,GKOA,,False
7956,SN 2014J,000-BLG-310,2456731.483874,14.398,0.047,False,Johnson B,CCD,GKOA,,False
7957,SN 2014J,000-BLG-310,2456731.488134,14.269,0.043,False,Johnson B,CCD,GKOA,,False
7958,SN 2014J,000-BLG-310,2456731.492384,14.315,0.045,False,Johnson B,CCD,GKOA,,False
7959,SN 2014J,000-BLG-310,2456740.313225,14.356,0.040,False,Johnson B,CCD,GKOA,,False
7960,SN 2014J,000-BLG-310,2456740.317476,14.372,0.038,False,Johnson B,CCD,GKOA,,False
7961,SN 2014J,000-BLG-310,2456740.321716,14.385,0.039,False,Johnson B,CCD,GKOA,,False
7962,SN 2014J,000-BLG-310,2456740.325976,14.426,0.040,False,Johnson B,CCD,GKOA,,False
7963,SN 2014J,000-BLG-310,2456740.330226,14.427,0.040,False,Johnson B,CCD,GKOA,,False
7964,SN 2014J,000-BLG-310,2456740.334496,14.404,0.040,False,Johnson B,CCD,GKOA,,False
7965,SN 2014J,000-BLG-310,2456681.225878,11.197,0.006,False,Johnson V,CCD,GKOA,,False
7966,SN 2014J,000-BLG-310,2456681.235858,11.221,0.006,False,Johnson V,CCD,GKOA,,False
7967,SN 2014J,000-BLG-310,2456681.245818,11.204,0.006,False,Johnson V,CCD,GKOA,,False
7968,SN 2014J,000-BLG-310,2456681.255798,11.180,0.006,False,Johnson V,CCD,GKOA,,False
7969,SN 2014J,000-BLG-310,2456681.265778,11.153,0.005,False,Johnson V,CCD,GKOA,,False
7970,SN 2014J,000-BLG-310,2456681.275738,11.133,0.006,False,Johnson V,CCD,GKOA,,False
7971,SN 2014J,000-BLG-310,2456681.285718,11.117,0.005,False,Johnson V,CCD,GKOA,,False
7972,SN 2014J,000-BLG-310,2456681.295698,11.095,0.006,False,Johnson V,CCD,GKOA,,False
7973,SN 2014J,000-BLG-310,2456682.499865,10.979,0.004,False,Johnson V,CCD,GKOA,,False
7974,SN 2014J,000-BLG-310,2456682.509845,11.016,0.004,False,Johnson V,CCD,GKOA,,False
7975,SN 2014J,000-BLG-310,2456682.519825,11.058,0.003,False,Johnson V,CCD,GKOA,,False
7976,SN 2014J,000-BLG-310,2456682.529805,11.035,0.003,False,Johnson V,CCD,GKOA,,False
7977,SN 2014J,000-BLG-310,2456682.539765,11.001,0.003,False,Johnson V,CCD,GKOA,,False
7978,SN 2014J,000-BLG-310,2456682.543435,11.110,0.004,False,Johnson V,CCD,GKOA,,False
7979,SN 2014J,000-BLG-310,2456682.545705,11.100,0.005,False,Johnson V,CCD,GKOA,,False
7980,SN 2014J,000-BLG-310,2456682.547975,11.097,0.005,False,Johnson V,CCD,GKOA,,False
7981,SN 2014J,000-BLG-310,2456682.550245,11.110,0.005,False,Johnson V,CCD,GKOA,,False
7982,SN 2014J,000-BLG-310,2456682.552525,11.105,0.005,False,Johnson V,CCD,GKOA,,False
7983,SN 2014J,000-BLG-310,2456685.229865,10.824,0.020,False,Johnson V,CCD,GKOA,,False
7984,SN 2014J,000-BLG-310,2456685.237755,10.789,0.010,False,Johnson V,CCD,GKOA,,False
7985,SN 2014J,000-BLG-310,2456686.590248,10.702,0.004,False,Johnson V,CCD,GKOA,,False
7986,SN 2014J,000-BLG-310,2456686.596678,10.687,0.005,False,Johnson V,CCD,GKOA,,False
7987,SN 2014J,000-BLG-310,2456686.602318,10.690,0.008,False,Johnson V,CCD,GKOA,,False
7988,SN 2014J,000-BLG-310,2456686.607958,10.709,0.009,False,Johnson V,CCD,GKOA,,False
7989,SN 2014J,000-BLG-310,2456686.613588,10.698,0.006,False,Johnson V,CCD,GKOA,,False
7990,SN 2014J,000-BLG-310,2456686.619228,10.705,0.005,False,Johnson V,CCD,GKOA,,False
7991,SN 2014J,000-BLG-310,2456686.624858,10.701,0.006,False,Johnson V,CCD,GKOA,,False
7992,SN 2014J,000-BLG-310,2456686.630498,10.710,0.005,False,Johnson V,CCD,GKOA,,False
7993,SN 2014J,000-BLG-310,2456686.636138,10.713,0.005,False,Johnson V,CCD,GKOA,,False
7994,SN 2014J,000-BLG-310,2456686.641768,10.699,0.005,False,Johnson V,CCD,GKOA,,False
7995,SN 2014J,000-BLG-310,2456686.647408,10.705,0.005,False,Johnson V,CCD,GKOA,,False
7996,SN 2014J,000-BLG-310,2456686.653048,10.703,0.005,False,Johnson V,CCD,GKOA,,False
7997,SN 2014J,000-BLG-310,2456686.658678,10.706,0.005,False,Johnson V,CCD,GKOA,,False
7998,SN 2014J,000-BLG-310,2456686.664318,10.725,0.005,False,Johnson V,CCD,GKOA,,False
7999,SN 2014J,000-BLG-310,2456686.669958,10.702,0.005,False,Johnson V,CCD,GKOA,,False
8000,SN 2014J,000-BLG-310,2456686.675608,10.698,0.005,False,Johnson V,CCD,GKOA,,False
8001,SN 2014J,000-BLG-310,2456686.681238,10.697,0.005,False,Johnson V,CCD,GKOA,,False
8002,SN 2014J,000-BLG-310,2456686.686879,10.701,0.005,False,Johnson V,CCD,GKOA,,False
8003,SN 2014J,000-BLG-310,2456686.692519,10.709,0.006,False,Johnson V,CCD,GKOA,,False
8004,SN 2014J,000-BLG-310,2456686.698149,10.712,0.008,False,Johnson V,CCD,GKOA,,False
8005,SN 2014J,000-BLG-310,2456687.483927,10.695,0.004,False,Johnson V,CCD,GKOA,,False
8006,SN 2014J,000-BLG-310,2456687.489407,10.657,0.005,False,Johnson V,CCD,GKOA,,False
8007,SN 2014J,000-BLG-310,2456687.494137,10.642,0.006,False,Johnson V,CCD,GKOA,,False
8008,SN 2014J,000-BLG-310,2456687.498377,10.644,0.006,False,Johnson V,CCD,GKOA,,False
8009,SN 2014J,000-BLG-310,2456687.502627,10.649,0.006,False,Johnson V,CCD,GKOA,,False
8010,SN 2014J,000-BLG-310,2456687.506877,10.640,0.006,False,Johnson V,CCD,GKOA,,False
8011,SN 2014J,000-BLG-310,2456687.511137,10.652,0.006,False,Johnson V,CCD,GKOA,,False
8012,SN 2014J,000-BLG-310,2456687.515387,10.660,0.006,False,Johnson V,CCD,GKOA,,False
8013,SN 2014J,000-BLG-310,2456687.517257,10.683,0.004,False,Johnson V,CCD,GKOA,,False
8014,SN 2014J,000-BLG-310,2456687.520218,10.727,0.004,False,Johnson V,CCD,GKOA,,False
8015,SN 2014J,000-BLG-310,2456687.523198,10.700,0.004,False,Johnson V,CCD,GKOA,,False
8016,SN 2014J,000-BLG-310,2456687.526158,10.695,0.004,False,Johnson V,CCD,GKOA,,False
8017,SN 2014J,000-BLG-310,2456687.529118,10.703,0.004,False,Johnson V,CCD,GKOA,,False
8018,SN 2014J,000-BLG-310,2456689.320079,10.571,0.009,False,Johnson V,CCD,GKOA,,False
8019,SN 2014J,000-BLG-310,2456689.324330,10.579,0.009,False,Johnson V,CCD,GKOA,,False
8020,SN 2014J,000-BLG-310,2456689.328580,10.581,0.009,False,Johnson V,CCD,GKOA,,False
8021,SN 2014J,000-BLG-310,2456689.332840,10.574,0.009,False,Johnson V,CCD,GKOA,,False
8022,SN 2014J,000-BLG-310,2456689.337090,10.594,0.009,False,Johnson V,CCD,GKOA,,False
8023,SN 2014J,000-BLG-310,2456689.341330,10.599,0.009,False,Johnson V,CCD,GKOA,,False
8024,SN 2014J,000-BLG-310,2456696.245496,10.607,0.010,False,Johnson V,CCD,GKOA,,False
8025,SN 2014J,000-BLG-310,2456696.249746,10.599,0.010,False,Johnson V,CCD,GKOA,,False
8026,SN 2014J,000-BLG-310,2456696.253996,10.589,0.011,False,Johnson V,CCD,GKOA,,False
8027,SN 2014J,000-BLG-310,2456696.258236,10.598,0.011,False,Johnson V,CCD,GKOA,,False
8028,SN 2014J,000-BLG-310,2456696.262486,10.614,0.011,False,Johnson V,CCD,GKOA,,False
8029,SN 2014J,000-BLG-310,2456697.264477,10.670,0.013,False,Johnson V,CCD,GKOA,,False
8030,SN 2014J,000-BLG-310,2456697.279057,10.651,0.046,False,Johnson V,CCD,GKOA,,False
8031,SN 2014J,000-BLG-310,2456697.283297,10.666,0.028,False,Johnson V,CCD,GKOA,,False
8032,SN 2014J,000-BLG-310,2456697.287547,10.674,0.016,False,Johnson V,CCD,GKOA,,False
8033,SN 2014J,000-BLG-310,2456697.291807,10.674,0.035,False,Johnson V,CCD,GKOA,,False
8034,SN 2014J,000-BLG-310,2456697.300318,10.656,0.021,False,Johnson V,CCD,GKOA,,False
8035,SN 2014J,000-BLG-310,2456697.304578,10.634,0.016,False,Johnson V,CCD,GKOA,,False
8036,SN 2014J,000-BLG-310,2456697.308818,10.625,0.012,False,Johnson V,CCD,GKOA,,False
8037,SN 2014J,000-BLG-310,2456697.313078,10.611,0.023,False,Johnson V,CCD,GKOA,,False
8038,SN 2014J,000-BLG-310,2456697.321588,10.653,0.012,False,Johnson V,CCD,GKOA,,False
8039,SN 2014J,000-BLG-310,2456697.325838,10.655,0.012,False,Johnson V,CCD,GKOA,,False
8040,SN 2014J,000-BLG-310,2456697.330098,10.677,0.014,False,Johnson V,CCD,GKOA,,False
8041,SN 2014J,000-BLG-310,2456698.377221,10.700,0.008,False,Johnson V,CCD,GKOA,,False
8042,SN 2014J,000-BLG-310,2456698.381461,10.677,0.007,False,Johnson V,CCD,GKOA,,False
8043,SN 2014J,000-BLG-310,2456698.385711,10.692,0.007,False,Johnson V,CCD,GKOA,,False
8044,SN 2014J,000-BLG-310,2456698.389961,10.696,0.007,False,Johnson V,CCD,GKOA,,False
8045,SN 2014J,000-BLG-310,2456698.394212,10.685,0.007,False,Johnson V,CCD,GKOA,,False
8046,SN 2014J,000-BLG-310,2456698.398452,10.691,0.007,False,Johnson V,CCD,GKOA,,False
8047,SN 2014J,000-BLG-310,2456698.402702,10.696,0.007,False,Johnson V,CCD,GKOA,,False
8048,SN 2014J,000-BLG-310,2456698.406952,10.685,0.007,False,Johnson V,CCD,GKOA,,False
8049,SN 2014J,000-BLG-310,2456698.411202,10.677,0.007,False,Johnson V,CCD,GKOA,,False
8050,SN 2014J,000-BLG-310,2456698.415452,10.673,0.007,False,Johnson V,CCD,GKOA,,False
8051,SN 2014J,000-BLG-310,2456699.508217,10.751,0.008,False,Johnson V,CCD,GKOA,,False
8052,SN 2014J,000-BLG-310,2456699.512467,10.744,0.008,False,Johnson V,CCD,GKOA,,False
8053,SN 2014J,000-BLG-310,2456699.516717,10.759,0.008,False,Johnson V,CCD,GKOA,,False
8054,SN 2014J,000-BLG-310,2456699.520978,10.773,0.008,False,Johnson V,CCD,GKOA,,False
8055,SN 2014J,000-BLG-310,2456699.525228,10.759,0.008,False,Johnson V,CCD,GKOA,,False
8056,SN 2014J,000-BLG-310,2456699.529478,10.744,0.008,False,Johnson V,CCD,GKOA,,False
8057,SN 2014J,000-BLG-310,2456699.533728,10.755,0.008,False,Johnson V,CCD,GKOA,,False
8058,SN 2014J,000-BLG-310,2456699.537978,10.753,0.008,False,Johnson V,CCD,GKOA,,False
8059,SN 2014J,000-BLG-310,2456699.542228,10.754,0.008,False,Johnson V,CCD,GKOA,,False
8060,SN 2014J,000-BLG-310,2456699.546478,10.759,0.008,False,Johnson V,CCD,GKOA,,False
8061,SN 2014J,000-BLG-310,2456700.508291,10.812,0.008,False,Johnson V,CCD,GKOA,,False
8062,SN 2014J,000-BLG-310,2456700.512551,10.816,0.009,False,Johnson V,CCD,GKOA,,False
8063,SN 2014J,000-BLG-310,2456700.516802,10.801,0.008,False,Johnson V,CCD,GKOA,,False
8064,SN 2014J,000-BLG-310,2456700.521052,10.805,0.008,False,Johnson V,CCD,GKOA,,False
8065,SN 2014J,000-BLG-310,2456700.525312,10.808,0.008,False,Johnson V,CCD,GKOA,,False
8066,SN 2014J,000-BLG-310,2456701.485426,10.812,0.040,False,Johnson V,CCD,GKOA,,False
8067,SN 2014J,000-BLG-310,2456701.489676,10.786,0.054,False,Johnson V,CCD,GKOA,,False
8068,SN 2014J,000-BLG-310,2456701.493926,10.785,0.045,False,Johnson V,CCD,GKOA,,False
8069,SN 2014J,000-BLG-310,2456701.498186,10.808,0.499,False,Johnson V,CCD,GKOA,,False
8070,SN 2014J,000-BLG-310,2456701.527927,10.843,0.025,False,Johnson V,CCD,GKOA,,False
8071,SN 2014J,000-BLG-310,2456701.536437,10.909,0.015,False,Johnson V,CCD,GKOA,,False
8072,SN 2014J,000-BLG-310,2456701.540687,10.847,0.014,False,Johnson V,CCD,GKOA,,False
8073,SN 2014J,000-BLG-310,2456701.544947,10.875,0.014,False,Johnson V,CCD,GKOA,,False
8074,SN 2014J,000-BLG-310,2456701.549197,10.846,0.013,False,Johnson V,CCD,GKOA,,False
8075,SN 2014J,000-BLG-310,2456701.553448,10.861,0.025,False,Johnson V,CCD,GKOA,,False
8076,SN 2014J,000-BLG-310,2456702.502262,10.909,0.009,False,Johnson V,CCD,GKOA,,False
8077,SN 2014J,000-BLG-310,2456702.506512,10.897,0.010,False,Johnson V,CCD,GKOA,,False
8078,SN 2014J,000-BLG-310,2456702.510763,10.934,0.011,False,Johnson V,CCD,GKOA,,False
8079,SN 2014J,000-BLG-310,2456702.515013,10.937,0.009,False,Johnson V,CCD,GKOA,,False
8080,SN 2014J,000-BLG-310,2456702.519253,10.933,0.014,False,Johnson V,CCD,GKOA,,False
8081,SN 2014J,000-BLG-310,2456703.529220,10.986,0.010,False,Johnson V,CCD,GKOA,,False
8082,SN 2014J,000-BLG-310,2456703.533470,10.971,0.010,False,Johnson V,CCD,GKOA,,False
8083,SN 2014J,000-BLG-310,2456703.546220,10.994,0.010,False,Johnson V,CCD,GKOA,,False
8084,SN 2014J,000-BLG-310,2456703.550471,10.983,0.010,False,Johnson V,CCD,GKOA,,False
8085,SN 2014J,000-BLG-310,2456703.554721,10.980,0.010,False,Johnson V,CCD,GKOA,,False
8086,SN 2014J,000-BLG-310,2456704.198089,11.026,0.022,False,Johnson V,CCD,GKOA,,False
8087,SN 2014J,000-BLG-310,2456704.202329,11.019,0.016,False,Johnson V,CCD,GKOA,,False
8088,SN 2014J,000-BLG-310,2456704.206579,11.032,0.014,False,Johnson V,CCD,GKOA,,False
8089,SN 2014J,000-BLG-310,2456704.210829,11.029,0.012,False,Johnson V,CCD,GKOA,,False
8090,SN 2014J,000-BLG-310,2456704.215079,11.027,0.012,False,Johnson V,CCD,GKOA,,False
8091,SN 2014J,000-BLG-310,2456704.219319,11.021,0.011,False,Johnson V,CCD,GKOA,,False
8092,SN 2014J,000-BLG-310,2456704.223569,11.016,0.011,False,Johnson V,CCD,GKOA,,False
8093,SN 2014J,000-BLG-310,2456704.227819,11.026,0.011,False,Johnson V,CCD,GKOA,,False
8094,SN 2014J,000-BLG-310,2456704.232060,11.032,0.011,False,Johnson V,CCD,GKOA,,False
8095,SN 2014J,000-BLG-310,2456705.486926,11.116,0.009,False,Johnson V,CCD,GKOA,,False
8096,SN 2014J,000-BLG-310,2456705.491166,11.138,0.009,False,Johnson V,CCD,GKOA,,False
8097,SN 2014J,000-BLG-310,2456705.495416,11.106,0.009,False,Johnson V,CCD,GKOA,,False
8098,SN 2014J,000-BLG-310,2456705.499676,11.091,0.009,False,Johnson V,CCD,GKOA,,False
8099,SN 2014J,000-BLG-310,2456705.503926,11.099,0.009,False,Johnson V,CCD,GKOA,,False
8100,SN 2014J,000-BLG-310,2456707.494246,11.199,0.008,False,Johnson V,CCD,GKOA,,False
8101,SN 2014J,000-BLG-310,2456707.498507,11.192,0.008,False,Johnson V,CCD,GKOA,,False
8102,SN 2014J,000-BLG-310,2456707.502757,11.201,0.008,False,Johnson V,CCD,GKOA,,False
8103,SN 2014J,000-BLG-310,2456707.507007,11.193,0.008,False,Johnson V,CCD,GKOA,,False
8104,SN 2014J,000-BLG-310,2456707.511257,11.207,0.008,False,Johnson V,CCD,GKOA,,False
8105,SN 2014J,000-BLG-310,2456707.515517,11.197,0.008,False,Johnson V,CCD,GKOA,,False
8106,SN 2014J,000-BLG-310,2456708.529999,11.235,0.009,False,Johnson V,CCD,GKOA,,False
8107,SN 2014J,000-BLG-310,2456708.534239,11.229,0.009,False,Johnson V,CCD,GKOA,,False
8108,SN 2014J,000-BLG-310,2456708.538500,11.232,0.009,False,Johnson V,CCD,GKOA,,False
8109,SN 2014J,000-BLG-310,2456708.542750,11.247,0.009,False,Johnson V,CCD,GKOA,,False
8110,SN 2014J,000-BLG-310,2456708.547000,11.255,0.009,False,Johnson V,CCD,GKOA,,False
8111,SN 2014J,000-BLG-310,2456715.331189,11.489,0.017,False,Johnson V,CCD,GKOA,,False
8112,SN 2014J,000-BLG-310,2456715.335449,11.513,0.016,False,Johnson V,CCD,GKOA,,False
8113,SN 2014J,000-BLG-310,2456715.339699,11.496,0.016,False,Johnson V,CCD,GKOA,,False
8114,SN 2014J,000-BLG-310,2456715.343939,11.516,0.016,False,Johnson V,CCD,GKOA,,False
8115,SN 2014J,000-BLG-310,2456715.348199,11.516,0.015,False,Johnson V,CCD,GKOA,,False
8116,SN 2014J,000-BLG-310,2456715.352449,11.503,0.014,False,Johnson V,CCD,GKOA,,False
8117,SN 2014J,000-BLG-310,2456715.356700,11.513,0.014,False,Johnson V,CCD,GKOA,,False
8118,SN 2014J,000-BLG-310,2456715.360960,11.505,0.014,False,Johnson V,CCD,GKOA,,False
8119,SN 2014J,000-BLG-310,2456715.365210,11.499,0.014,False,Johnson V,CCD,GKOA,,False
8120,SN 2014J,000-BLG-310,2456715.369450,11.496,0.014,False,Johnson V,CCD,GKOA,,False
8121,SN 2014J,000-BLG-310,2456716.447722,11.542,0.015,False,Johnson V,CCD,GKOA,,False
8122,SN 2014J,000-BLG-310,2456716.460472,11.568,0.040,False,Johnson V,CCD,GKOA,,False
8123,SN 2014J,000-BLG-310,2456716.464722,11.517,0.086,False,Johnson V,CCD,GKOA,,False
8124,SN 2014J,000-BLG-310,2456716.468982,11.585,0.059,False,Johnson V,CCD,GKOA,,False
8125,SN 2014J,000-BLG-310,2456716.473233,11.605,0.035,False,Johnson V,CCD,GKOA,,False
8126,SN 2014J,000-BLG-310,2456716.477473,11.555,0.032,False,Johnson V,CCD,GKOA,,False
8127,SN 2014J,000-BLG-310,2456716.481733,11.632,0.041,False,Johnson V,CCD,GKOA,,False
8128,SN 2014J,000-BLG-310,2456716.485983,11.530,0.055,False,Johnson V,CCD,GKOA,,False
8129,SN 2014J,000-BLG-310,2456716.494493,11.547,0.217,False,Johnson V,CCD,GKOA,,False
8130,SN 2014J,000-BLG-310,2456716.498734,11.551,0.212,False,Johnson V,CCD,GKOA,,False
8131,SN 2014J,000-BLG-310,2456721.467648,11.820,0.012,False,Johnson V,CCD,GKOA,,False
8132,SN 2014J,000-BLG-310,2456721.471898,11.805,0.012,False,Johnson V,CCD,GKOA,,False
8133,SN 2014J,000-BLG-310,2456721.476138,11.803,0.012,False,Johnson V,CCD,GKOA,,False
8134,SN 2014J,000-BLG-310,2456721.480388,11.811,0.015,False,Johnson V,CCD,GKOA,,False
8135,SN 2014J,000-BLG-310,2456721.484648,11.818,0.012,False,Johnson V,CCD,GKOA,,False
8136,SN 2014J,000-BLG-310,2456722.363177,11.839,0.013,False,Johnson V,CCD,GKOA,,False
8137,SN 2014J,000-BLG-310,2456722.367417,11.852,0.012,False,Johnson V,CCD,GKOA,,False
8138,SN 2014J,000-BLG-310,2456722.371677,11.845,0.012,False,Johnson V,CCD,GKOA,,False
8139,SN 2014J,000-BLG-310,2456722.375917,11.840,0.012,False,Johnson V,CCD,GKOA,,False
8140,SN 2014J,000-BLG-310,2456722.380167,11.858,0.013,False,Johnson V,CCD,GKOA,,False
8141,SN 2014J,000-BLG-310,2456722.384418,11.884,0.013,False,Johnson V,CCD,GKOA,,False
8142,SN 2014J,000-BLG-310,2456722.388668,11.852,0.013,False,Johnson V,CCD,GKOA,,False
8143,SN 2014J,000-BLG-310,2456722.392918,11.862,0.013,False,Johnson V,CCD,GKOA,,False
8144,SN 2014J,000-BLG-310,2456722.397158,11.859,0.012,False,Johnson V,CCD,GKOA,,False
8145,SN 2014J,000-BLG-310,2456722.401418,11.854,0.013,False,Johnson V,CCD,GKOA,,False
8146,SN 2014J,000-BLG-310,2456722.405668,11.844,0.012,False,Johnson V,CCD,GKOA,,False
8147,SN 2014J,000-BLG-310,2456729.462224,12.315,0.030,False,Johnson V,CCD,GKOA,,False
8148,SN 2014J,000-BLG-310,2456729.466485,12.301,0.030,False,Johnson V,CCD,GKOA,,False
8149,SN 2014J,000-BLG-310,2456729.470735,12.310,0.031,False,Johnson V,CCD,GKOA,,False
8150,SN 2014J,000-BLG-310,2456729.474995,12.301,0.031,False,Johnson V,CCD,GKOA,,False
8151,SN 2014J,000-BLG-310,2456729.479245,12.291,0.032,False,Johnson V,CCD,GKOA,,False
8152,SN 2014J,000-BLG-310,2456729.487736,12.227,0.030,False,Johnson V,CCD,GKOA,,False
8153,SN 2014J,000-BLG-310,2456729.491996,12.204,0.031,False,Johnson V,CCD,GKOA,,False
8154,SN 2014J,000-BLG-310,2456729.496246,12.211,0.031,False,Johnson V,CCD,GKOA,,False
8155,SN 2014J,000-BLG-310,2456729.500506,12.142,0.030,False,Johnson V,CCD,GKOA,,False
8156,SN 2014J,000-BLG-310,2456729.508997,12.234,0.032,False,Johnson V,CCD,GKOA,,False
8157,SN 2014J,000-BLG-310,2456730.442772,12.209,0.024,False,Johnson V,CCD,GKOA,,False
8158,SN 2014J,000-BLG-310,2456730.447012,12.248,0.024,False,Johnson V,CCD,GKOA,,False
8159,SN 2014J,000-BLG-310,2456730.451263,12.228,0.024,False,Johnson V,CCD,GKOA,,False
8160,SN 2014J,000-BLG-310,2456730.455513,12.250,0.025,False,Johnson V,CCD,GKOA,,False
8161,SN 2014J,000-BLG-310,2456730.459773,12.215,0.024,False,Johnson V,CCD,GKOA,,False
8162,SN 2014J,000-BLG-310,2456731.477073,12.255,0.021,False,Johnson V,CCD,GKOA,,False
8163,SN 2014J,000-BLG-310,2456731.481324,12.276,0.022,False,Johnson V,CCD,GKOA,,False
8164,SN 2014J,000-BLG-310,2456731.485574,12.247,0.021,False,Johnson V,CCD,GKOA,,False
8165,SN 2014J,000-BLG-310,2456731.489814,12.268,0.021,False,Johnson V,CCD,GKOA,,False
8166,SN 2014J,000-BLG-310,2456731.494074,12.283,0.022,False,Johnson V,CCD,GKOA,,False
8167,SN 2014J,000-BLG-310,2456740.314915,12.489,0.024,False,Johnson V,CCD,GKOA,,False
8168,SN 2014J,000-BLG-310,2456740.319176,12.452,0.023,False,Johnson V,CCD,GKOA,,False
8169,SN 2014J,000-BLG-310,2456740.323426,12.460,0.023,False,Johnson V,CCD,GKOA,,False
8170,SN 2014J,000-BLG-310,2456740.327666,12.502,0.023,False,Johnson V,CCD,GKOA,,False
8171,SN 2014J,000-BLG-310,2456740.331926,12.508,0.024,False,Johnson V,CCD,GKOA,,False
8172,SN 2014J,000-BLG-310,2456740.336197,12.501,0.025,False,Johnson V,CCD,GKOA,,False
8173,SN 2014J,000-BLG-310,2456681.206888,10.689,0.006,False,Cousins R,CCD,GKOA,,False
8174,SN 2014J,000-BLG-310,2456681.208568,10.654,0.006,False,Cousins R,CCD,GKOA,,False
8175,SN 2014J,000-BLG-310,2456681.210248,10.663,0.006,False,Cousins R,CCD,GKOA,,False
8176,SN 2014J,000-BLG-310,2456681.228048,10.483,0.005,False,Cousins R,CCD,GKOA,,False
8177,SN 2014J,000-BLG-310,2456681.238008,10.503,0.005,False,Cousins R,CCD,GKOA,,False
8178,SN 2014J,000-BLG-310,2456681.247988,10.463,0.005,False,Cousins R,CCD,GKOA,,False
8179,SN 2014J,000-BLG-310,2456681.257968,10.461,0.005,False,Cousins R,CCD,GKOA,,False
8180,SN 2014J,000-BLG-310,2456681.267928,10.461,0.005,False,Cousins R,CCD,GKOA,,False
8181,SN 2014J,000-BLG-310,2456681.277908,10.447,0.005,False,Cousins R,CCD,GKOA,,False
8182,SN 2014J,000-BLG-310,2456681.287878,10.398,0.005,False,Cousins R,CCD,GKOA,,False
8183,SN 2014J,000-BLG-310,2456681.297848,10.397,0.005,False,Cousins R,CCD,GKOA,,False
8184,SN 2014J,000-BLG-310,2456682.502035,10.353,0.003,False,Cousins R,CCD,GKOA,,False
8185,SN 2014J,000-BLG-310,2456682.512015,10.359,0.003,False,Cousins R,CCD,GKOA,,False
8186,SN 2014J,000-BLG-310,2456682.521975,10.345,0.003,False,Cousins R,CCD,GKOA,,False
8187,SN 2014J,000-BLG-310,2456682.531955,10.330,0.003,False,Cousins R,CCD,GKOA,,False
8188,SN 2014J,000-BLG-310,2456682.541935,10.318,0.003,False,Cousins R,CCD,GKOA,,False
8189,SN 2014J,000-BLG-310,2456682.544555,10.355,0.004,False,Cousins R,CCD,GKOA,,False
8190,SN 2014J,000-BLG-310,2456682.546825,10.358,0.004,False,Cousins R,CCD,GKOA,,False
8191,SN 2014J,000-BLG-310,2456682.549095,10.361,0.004,False,Cousins R,CCD,GKOA,,False
8192,SN 2014J,000-BLG-310,2456682.551365,10.367,0.004,False,Cousins R,CCD,GKOA,,False
8193,SN 2014J,000-BLG-310,2456682.553635,10.367,0.004,False,Cousins R,CCD,GKOA,,False
8194,SN 2014J,000-BLG-310,2456685.223095,10.129,0.067,False,Cousins R,CCD,GKOA,,False
8195,SN 2014J,000-BLG-310,2456685.230985,10.127,0.011,False,Cousins R,CCD,GKOA,,False
8196,SN 2014J,000-BLG-310,2456685.238875,10.128,0.009,False,Cousins R,CCD,GKOA,,False
8197,SN 2014J,000-BLG-310,2456686.591368,10.041,0.004,False,Cousins R,CCD,GKOA,,False
8198,SN 2014J,000-BLG-310,2456686.597498,10.033,0.005,False,Cousins R,CCD,GKOA,,False
8199,SN 2014J,000-BLG-310,2456686.603138,10.046,0.009,False,Cousins R,CCD,GKOA,,False
8200,SN 2014J,000-BLG-310,2456686.608778,10.052,0.027,False,Cousins R,CCD,GKOA,,False
8201,SN 2014J,000-BLG-310,2456686.614408,10.039,0.005,False,Cousins R,CCD,GKOA,,False
8202,SN 2014J,000-BLG-310,2456686.620048,10.031,0.005,False,Cousins R,CCD,GKOA,,False
8203,SN 2014J,000-BLG-310,2456686.625688,10.034,0.005,False,Cousins R,CCD,GKOA,,False
8204,SN 2014J,000-BLG-310,2456686.631318,10.043,0.005,False,Cousins R,CCD,GKOA,,False
8205,SN 2014J,000-BLG-310,2456686.636958,10.037,0.005,False,Cousins R,CCD,GKOA,,False
8206,SN 2014J,000-BLG-310,2456686.642598,10.037,0.005,False,Cousins R,CCD,GKOA,,False
8207,SN 2014J,000-BLG-310,2456686.648228,10.044,0.005,False,Cousins R,CCD,GKOA,,False
8208,SN 2014J,000-BLG-310,2456686.653868,10.045,0.005,False,Cousins R,CCD,GKOA,,False
8209,SN 2014J,000-BLG-310,2456686.659518,10.056,0.005,False,Cousins R,CCD,GKOA,,False
8210,SN 2014J,000-BLG-310,2456686.665148,10.045,0.005,False,Cousins R,CCD,GKOA,,False
8211,SN 2014J,000-BLG-310,2456686.670788,10.025,0.005,False,Cousins R,CCD,GKOA,,False
8212,SN 2014J,000-BLG-310,2456686.676428,10.042,0.005,False,Cousins R,CCD,GKOA,,False
8213,SN 2014J,000-BLG-310,2456686.682058,10.033,0.005,False,Cousins R,CCD,GKOA,,False
8214,SN 2014J,000-BLG-310,2456686.687699,10.049,0.005,False,Cousins R,CCD,GKOA,,False
8215,SN 2014J,000-BLG-310,2456686.693349,10.033,0.006,False,Cousins R,CCD,GKOA,,False
8216,SN 2014J,000-BLG-310,2456686.698989,10.041,0.008,False,Cousins R,CCD,GKOA,,False
8217,SN 2014J,000-BLG-310,2456687.484747,10.057,0.004,False,Cousins R,CCD,GKOA,,False
8218,SN 2014J,000-BLG-310,2456687.489997,10.013,0.005,False,Cousins R,CCD,GKOA,,False
8219,SN 2014J,000-BLG-310,2456687.494547,9.995,0.006,False,Cousins R,CCD,GKOA,,False
8220,SN 2014J,000-BLG-310,2456687.498797,9.996,0.006,False,Cousins R,CCD,GKOA,,False
8221,SN 2014J,000-BLG-310,2456687.503057,10.007,0.006,False,Cousins R,CCD,GKOA,,False
8222,SN 2014J,000-BLG-310,2456687.507307,9.995,0.006,False,Cousins R,CCD,GKOA,,False
8223,SN 2014J,000-BLG-310,2456687.511547,10.006,0.006,False,Cousins R,CCD,GKOA,,False
8224,SN 2014J,000-BLG-310,2456687.515797,10.009,0.006,False,Cousins R,CCD,GKOA,,False
8225,SN 2014J,000-BLG-310,2456689.320499,9.945,0.009,False,Cousins R,CCD,GKOA,,False
8226,SN 2014J,000-BLG-310,2456689.324750,9.948,0.008,False,Cousins R,CCD,GKOA,,False
8227,SN 2014J,000-BLG-310,2456689.329010,9.955,0.008,False,Cousins R,CCD,GKOA,,False
8228,SN 2014J,000-BLG-310,2456689.333260,9.956,0.008,False,Cousins R,CCD,GKOA,,False
8229,SN 2014J,000-BLG-310,2456689.337500,9.950,0.008,False,Cousins R,CCD,GKOA,,False
8230,SN 2014J,000-BLG-310,2456689.341750,9.948,0.008,False,Cousins R,CCD,GKOA,,False
8231,SN 2014J,000-BLG-310,2456696.245916,10.018,0.009,False,Cousins R,CCD,GKOA,,False
8232,SN 2014J,000-BLG-310,2456696.250166,10.026,0.009,False,Cousins R,CCD,GKOA,,False
8233,SN 2014J,000-BLG-310,2456696.254406,10.012,0.010,False,Cousins R,CCD,GKOA,,False
8234,SN 2014J,000-BLG-310,2456696.258656,10.009,0.009,False,Cousins R,CCD,GKOA,,False
8235,SN 2014J,000-BLG-310,2456696.262906,10.025,0.010,False,Cousins R,CCD,GKOA,,False
8236,SN 2014J,000-BLG-310,2456697.264897,10.148,0.014,False,Cousins R,CCD,GKOA,,False
8237,SN 2014J,000-BLG-310,2456697.279467,10.142,0.050,False,Cousins R,CCD,GKOA,,False
8238,SN 2014J,000-BLG-310,2456697.283727,9.975,0.034,False,Cousins R,CCD,GKOA,,False
8239,SN 2014J,000-BLG-310,2456697.287977,10.032,0.020,False,Cousins R,CCD,GKOA,,False
8240,SN 2014J,000-BLG-310,2456697.292227,10.113,0.051,False,Cousins R,CCD,GKOA,,False
8241,SN 2014J,000-BLG-310,2456697.300748,10.107,0.014,False,Cousins R,CCD,GKOA,,False
8242,SN 2014J,000-BLG-310,2456697.305008,10.089,0.014,False,Cousins R,CCD,GKOA,,False
8243,SN 2014J,000-BLG-310,2456697.309248,10.071,0.012,False,Cousins R,CCD,GKOA,,False
8244,SN 2014J,000-BLG-310,2456697.313508,10.064,0.021,False,Cousins R,CCD,GKOA,,False
8245,SN 2014J,000-BLG-310,2456697.322008,10.075,0.011,False,Cousins R,CCD,GKOA,,False
8246,SN 2014J,000-BLG-310,2456697.326268,10.084,0.012,False,Cousins R,CCD,GKOA,,False
8247,SN 2014J,000-BLG-310,2456697.330508,10.073,0.013,False,Cousins R,CCD,GKOA,,False
8248,SN 2014J,000-BLG-310,2456698.381881,10.146,0.007,False,Cousins R,CCD,GKOA,,False
8249,SN 2014J,000-BLG-310,2456698.386131,10.128,0.007,False,Cousins R,CCD,GKOA,,False
8250,SN 2014J,000-BLG-310,2456698.390381,10.149,0.007,False,Cousins R,CCD,GKOA,,False
8251,SN 2014J,000-BLG-310,2456698.394622,10.146,0.007,False,Cousins R,CCD,GKOA,,False
8252,SN 2014J,000-BLG-310,2456698.398872,10.100,0.007,False,Cousins R,CCD,GKOA,,False
8253,SN 2014J,000-BLG-310,2456698.403122,10.149,0.007,False,Cousins R,CCD,GKOA,,False
8254,SN 2014J,000-BLG-310,2456698.407372,10.128,0.007,False,Cousins R,CCD,GKOA,,False
8255,SN 2014J,000-BLG-310,2456698.411612,10.127,0.007,False,Cousins R,CCD,GKOA,,False
8256,SN 2014J,000-BLG-310,2456698.415862,10.131,0.007,False,Cousins R,CCD,GKOA,,False
8257,SN 2014J,000-BLG-310,2456699.508637,10.218,0.007,False,Cousins R,CCD,GKOA,,False
8258,SN 2014J,000-BLG-310,2456699.512887,10.205,0.008,False,Cousins R,CCD,GKOA,,False
8259,SN 2014J,000-BLG-310,2456699.517147,10.218,0.008,False,Cousins R,CCD,GKOA,,False
8260,SN 2014J,000-BLG-310,2456699.521408,10.218,0.007,False,Cousins R,CCD,GKOA,,False
8261,SN 2014J,000-BLG-310,2456699.525648,10.220,0.007,False,Cousins R,CCD,GKOA,,False
8262,SN 2014J,000-BLG-310,2456699.529898,10.211,0.008,False,Cousins R,CCD,GKOA,,False
8263,SN 2014J,000-BLG-310,2456699.534148,10.224,0.007,False,Cousins R,CCD,GKOA,,False
8264,SN 2014J,000-BLG-310,2456699.538398,10.224,0.008,False,Cousins R,CCD,GKOA,,False
8265,SN 2014J,000-BLG-310,2456699.542658,10.220,0.007,False,Cousins R,CCD,GKOA,,False
8266,SN 2014J,000-BLG-310,2456699.546898,10.222,0.007,False,Cousins R,CCD,GKOA,,False
8267,SN 2014J,000-BLG-310,2456700.508721,10.285,0.010,False,Cousins R,CCD,GKOA,,False
8268,SN 2014J,000-BLG-310,2456700.512971,10.301,0.008,False,Cousins R,CCD,GKOA,,False
8269,SN 2014J,000-BLG-310,2456700.517222,10.265,0.008,False,Cousins R,CCD,GKOA,,False
8270,SN 2014J,000-BLG-310,2456700.521482,10.268,0.007,False,Cousins R,CCD,GKOA,,False
8271,SN 2014J,000-BLG-310,2456700.525722,10.282,0.008,False,Cousins R,CCD,GKOA,,False
8272,SN 2014J,000-BLG-310,2456701.485846,10.284,0.056,False,Cousins R,CCD,GKOA,,False
8273,SN 2014J,000-BLG-310,2456701.490106,10.363,0.054,False,Cousins R,CCD,GKOA,,False
8274,SN 2014J,000-BLG-310,2456701.494356,10.344,0.045,False,Cousins R,CCD,GKOA,,False
8275,SN 2014J,000-BLG-310,2456701.528357,10.346,0.038,False,Cousins R,CCD,GKOA,,False
8276,SN 2014J,000-BLG-310,2456701.536867,10.386,0.014,False,Cousins R,CCD,GKOA,,False
8277,SN 2014J,000-BLG-310,2456701.541117,10.332,0.014,False,Cousins R,CCD,GKOA,,False
8278,SN 2014J,000-BLG-310,2456701.545357,10.330,0.015,False,Cousins R,CCD,GKOA,,False
8279,SN 2014J,000-BLG-310,2456701.549617,10.381,0.016,False,Cousins R,CCD,GKOA,,False
8280,SN 2014J,000-BLG-310,2456701.553868,10.334,0.026,False,Cousins R,CCD,GKOA,,False
8281,SN 2014J,000-BLG-310,2456702.502682,10.414,0.008,False,Cousins R,CCD,GKOA,,False
8282,SN 2014J,000-BLG-310,2456702.506932,10.395,0.011,False,Cousins R,CCD,GKOA,,False
8283,SN 2014J,000-BLG-310,2456702.511183,10.399,0.010,False,Cousins R,CCD,GKOA,,False
8284,SN 2014J,000-BLG-310,2456702.515423,10.347,0.012,False,Cousins R,CCD,GKOA,,False
8285,SN 2014J,000-BLG-310,2456702.519683,10.397,0.017,False,Cousins R,CCD,GKOA,,False
8286,SN 2014J,000-BLG-310,2456703.529640,10.462,0.009,False,Cousins R,CCD,GKOA,,False
8287,SN 2014J,000-BLG-310,2456703.533900,10.450,0.009,False,Cousins R,CCD,GKOA,,False
8288,SN 2014J,000-BLG-310,2456703.546641,10.461,0.009,False,Cousins R,CCD,GKOA,,False
8289,SN 2014J,000-BLG-310,2456703.550891,10.459,0.009,False,Cousins R,CCD,GKOA,,False
8290,SN 2014J,000-BLG-310,2456703.555151,10.447,0.009,False,Cousins R,CCD,GKOA,,False
8291,SN 2014J,000-BLG-310,2456704.198499,10.533,0.019,False,Cousins R,CCD,GKOA,,False
8292,SN 2014J,000-BLG-310,2456704.202759,10.500,0.014,False,Cousins R,CCD,GKOA,,False
8293,SN 2014J,000-BLG-310,2456704.207009,10.485,0.012,False,Cousins R,CCD,GKOA,,False
8294,SN 2014J,000-BLG-310,2456704.211259,10.505,0.011,False,Cousins R,CCD,GKOA,,False
8295,SN 2014J,000-BLG-310,2456704.215499,10.496,0.011,False,Cousins R,CCD,GKOA,,False
8296,SN 2014J,000-BLG-310,2456704.219739,10.500,0.010,False,Cousins R,CCD,GKOA,,False
8297,SN 2014J,000-BLG-310,2456704.223989,10.495,0.010,False,Cousins R,CCD,GKOA,,False
8298,SN 2014J,000-BLG-310,2456704.228239,10.488,0.010,False,Cousins R,CCD,GKOA,,False
8299,SN 2014J,000-BLG-310,2456704.232480,10.485,0.010,False,Cousins R,CCD,GKOA,,False
8300,SN 2014J,000-BLG-310,2456705.487346,10.551,0.008,False,Cousins R,CCD,GKOA,,False
8301,SN 2014J,000-BLG-310,2456705.491596,10.560,0.008,False,Cousins R,CCD,GKOA,,False
8302,SN 2014J,000-BLG-310,2456705.495846,10.544,0.008,False,Cousins R,CCD,GKOA,,False
8303,SN 2014J,000-BLG-310,2456705.500096,10.535,0.008,False,Cousins R,CCD,GKOA,,False
8304,SN 2014J,000-BLG-310,2456705.504346,10.530,0.008,False,Cousins R,CCD,GKOA,,False
8305,SN 2014J,000-BLG-310,2456707.494676,10.580,0.008,False,Cousins R,CCD,GKOA,,False
8306,SN 2014J,000-BLG-310,2456707.498927,10.589,0.008,False,Cousins R,CCD,GKOA,,False
8307,SN 2014J,000-BLG-310,2456707.503187,10.571,0.008,False,Cousins R,CCD,GKOA,,False
8308,SN 2014J,000-BLG-310,2456707.507437,10.580,0.008,False,Cousins R,CCD,GKOA,,False
8309,SN 2014J,000-BLG-310,2456707.511687,10.589,0.008,False,Cousins R,CCD,GKOA,,False
8310,SN 2014J,000-BLG-310,2456707.515927,10.600,0.008,False,Cousins R,CCD,GKOA,,False
8311,SN 2014J,000-BLG-310,2456708.530419,10.607,0.008,False,Cousins R,CCD,GKOA,,False
8312,SN 2014J,000-BLG-310,2456708.534669,10.608,0.008,False,Cousins R,CCD,GKOA,,False
8313,SN 2014J,000-BLG-310,2456708.538920,10.597,0.009,False,Cousins R,CCD,GKOA,,False
8314,SN 2014J,000-BLG-310,2456708.543170,10.612,0.008,False,Cousins R,CCD,GKOA,,False
8315,SN 2014J,000-BLG-310,2456708.547430,10.600,0.009,False,Cousins R,CCD,GKOA,,False
8316,SN 2014J,000-BLG-310,2456715.331619,10.665,0.013,False,Cousins R,CCD,GKOA,,False
8317,SN 2014J,000-BLG-310,2456715.335859,10.665,0.013,False,Cousins R,CCD,GKOA,,False
8318,SN 2014J,000-BLG-310,2456715.340109,10.682,0.013,False,Cousins R,CCD,GKOA,,False
8319,SN 2014J,000-BLG-310,2456715.344369,10.661,0.013,False,Cousins R,CCD,GKOA,,False
8320,SN 2014J,000-BLG-310,2456715.348619,10.679,0.012,False,Cousins R,CCD,GKOA,,False
8321,SN 2014J,000-BLG-310,2456715.352879,10.682,0.011,False,Cousins R,CCD,GKOA,,False
8322,SN 2014J,000-BLG-310,2456715.357130,10.690,0.011,False,Cousins R,CCD,GKOA,,False
8323,SN 2014J,000-BLG-310,2456715.361370,10.672,0.011,False,Cousins R,CCD,GKOA,,False
8324,SN 2014J,000-BLG-310,2456715.365630,10.672,0.011,False,Cousins R,CCD,GKOA,,False
8325,SN 2014J,000-BLG-310,2456715.369880,10.685,0.012,False,Cousins R,CCD,GKOA,,False
8326,SN 2014J,000-BLG-310,2456716.448152,10.686,0.012,False,Cousins R,CCD,GKOA,,False
8327,SN 2014J,000-BLG-310,2456716.460892,10.701,0.018,False,Cousins R,CCD,GKOA,,False
8328,SN 2014J,000-BLG-310,2456716.469403,10.728,0.018,False,Cousins R,CCD,GKOA,,False
8329,SN 2014J,000-BLG-310,2456716.473653,10.684,0.012,False,Cousins R,CCD,GKOA,,False
8330,SN 2014J,000-BLG-310,2456716.477903,10.650,0.043,False,Cousins R,CCD,GKOA,,False
8331,SN 2014J,000-BLG-310,2456716.482153,10.705,0.025,False,Cousins R,CCD,GKOA,,False
8332,SN 2014J,000-BLG-310,2456716.486413,10.663,0.071,False,Cousins R,CCD,GKOA,,False
8333,SN 2014J,000-BLG-310,2456716.490663,10.741,0.028,False,Cousins R,CCD,GKOA,,False
8334,SN 2014J,000-BLG-310,2456716.499154,10.755,0.090,False,Cousins R,CCD,GKOA,,False
8335,SN 2014J,000-BLG-310,2456721.468068,10.905,0.009,False,Cousins R,CCD,GKOA,,False
8336,SN 2014J,000-BLG-310,2456721.472318,10.869,0.009,False,Cousins R,CCD,GKOA,,False
8337,SN 2014J,000-BLG-310,2456721.476568,10.894,0.009,False,Cousins R,CCD,GKOA,,False
8338,SN 2014J,000-BLG-310,2456721.480818,10.887,0.009,False,Cousins R,CCD,GKOA,,False
8339,SN 2014J,000-BLG-310,2456721.485069,10.908,0.009,False,Cousins R,CCD,GKOA,,False
8340,SN 2014J,000-BLG-310,2456722.363607,10.933,0.010,False,Cousins R,CCD,GKOA,,False
8341,SN 2014J,000-BLG-310,2456722.367847,10.940,0.010,False,Cousins R,CCD,GKOA,,False
8342,SN 2014J,000-BLG-310,2456722.372087,10.929,0.010,False,Cousins R,CCD,GKOA,,False
8343,SN 2014J,000-BLG-310,2456722.376337,10.928,0.010,False,Cousins R,CCD,GKOA,,False
8344,SN 2014J,000-BLG-310,2456722.380587,10.944,0.010,False,Cousins R,CCD,GKOA,,False
8345,SN 2014J,000-BLG-310,2456722.384848,10.941,0.010,False,Cousins R,CCD,GKOA,,False
8346,SN 2014J,000-BLG-310,2456722.389098,10.934,0.010,False,Cousins R,CCD,GKOA,,False
8347,SN 2014J,000-BLG-310,2456722.393328,10.922,0.010,False,Cousins R,CCD,GKOA,,False
8348,SN 2014J,000-BLG-310,2456722.397588,10.940,0.010,False,Cousins R,CCD,GKOA,,False
8349,SN 2014J,000-BLG-310,2456722.401848,10.931,0.010,False,Cousins R,CCD,GKOA,,False
8350,SN 2014J,000-BLG-310,2456722.406098,10.935,0.010,False,Cousins R,CCD,GKOA,,False
8351,SN 2014J,000-BLG-310,2456729.462654,11.357,0.020,False,Cousins R,CCD,GKOA,,False
8352,SN 2014J,000-BLG-310,2456729.466905,11.354,0.021,False,Cousins R,CCD,GKOA,,False
8353,SN 2014J,000-BLG-310,2456729.471165,11.325,0.021,False,Cousins R,CCD,GKOA,,False
8354,SN 2014J,000-BLG-310,2456729.475415,11.343,0.022,False,Cousins R,CCD,GKOA,,False
8355,SN 2014J,000-BLG-310,2456729.479655,11.392,0.023,False,Cousins R,CCD,GKOA,,False
8356,SN 2014J,000-BLG-310,2456729.483915,11.335,0.022,False,Cousins R,CCD,GKOA,,False
8357,SN 2014J,000-BLG-310,2456729.488166,11.345,0.023,False,Cousins R,CCD,GKOA,,False
8358,SN 2014J,000-BLG-310,2456729.492416,11.370,0.023,False,Cousins R,CCD,GKOA,,False
8359,SN 2014J,000-BLG-310,2456729.496676,11.336,0.023,False,Cousins R,CCD,GKOA,,False
8360,SN 2014J,000-BLG-310,2456729.500916,11.356,0.023,False,Cousins R,CCD,GKOA,,False
8361,SN 2014J,000-BLG-310,2456729.505176,11.294,0.022,False,Cousins R,CCD,GKOA,,False
8362,SN 2014J,000-BLG-310,2456729.509427,11.358,0.023,False,Cousins R,CCD,GKOA,,False
8363,SN 2014J,000-BLG-310,2456730.443182,11.381,0.018,False,Cousins R,CCD,GKOA,,False
8364,SN 2014J,000-BLG-310,2456730.447433,11.363,0.018,False,Cousins R,CCD,GKOA,,False
8365,SN 2014J,000-BLG-310,2456730.451693,11.370,0.018,False,Cousins R,CCD,GKOA,,False
8366,SN 2014J,000-BLG-310,2456730.455943,11.337,0.018,False,Cousins R,CCD,GKOA,,False
8367,SN 2014J,000-BLG-310,2456730.460193,11.334,0.018,False,Cousins R,CCD,GKOA,,False
8368,SN 2014J,000-BLG-310,2456731.477493,11.408,0.016,False,Cousins R,CCD,GKOA,,False
8369,SN 2014J,000-BLG-310,2456731.481744,11.412,0.016,False,Cousins R,CCD,GKOA,,False
8370,SN 2014J,000-BLG-310,2456731.486004,11.387,0.016,False,Cousins R,CCD,GKOA,,False
8371,SN 2014J,000-BLG-310,2456731.490244,11.371,0.016,False,Cousins R,CCD,GKOA,,False
8372,SN 2014J,000-BLG-310,2456731.494504,11.385,0.017,False,Cousins R,CCD,GKOA,,False
8373,SN 2014J,000-BLG-310,2456740.315345,11.634,0.019,False,Cousins R,CCD,GKOA,,False
8374,SN 2014J,000-BLG-310,2456740.319586,11.642,0.019,False,Cousins R,CCD,GKOA,,False
8375,SN 2014J,000-BLG-310,2456740.323836,11.618,0.018,False,Cousins R,CCD,GKOA,,False
8376,SN 2014J,000-BLG-310,2456740.328096,11.657,0.019,False,Cousins R,CCD,GKOA,,False
8377,SN 2014J,000-BLG-310,2456740.332356,11.676,0.019,False,Cousins R,CCD,GKOA,,False
8378,SN 2014J,000-BLG-310,2456740.336617,11.652,0.020,False,Cousins R,CCD,GKOA,,False
8379,SN 2014J,000-BLG-310,2456787.353343,12.436,0.026,False,Cousins R,CCD,GKOA,,False
8380,SN 2014J,000-BLG-310,2456686.592478,9.649,0.002,False,Cousins I,CCD,GKOA,,False
8381,SN 2014J,000-BLG-310,2456686.598328,9.648,0.003,False,Cousins I,CCD,GKOA,,False
8382,SN 2014J,000-BLG-310,2456686.603968,9.635,0.007,False,Cousins I,CCD,GKOA,,False
8383,SN 2014J,000-BLG-310,2456686.609608,9.640,0.010,False,Cousins I,CCD,GKOA,,False
8384,SN 2014J,000-BLG-310,2456686.615248,9.642,0.003,False,Cousins I,CCD,GKOA,,False
8385,SN 2014J,000-BLG-310,2456686.620878,9.647,0.003,False,Cousins I,CCD,GKOA,,False
8386,SN 2014J,000-BLG-310,2456686.626518,9.631,0.003,False,Cousins I,CCD,GKOA,,False
8387,SN 2014J,000-BLG-310,2456686.632158,9.641,0.003,False,Cousins I,CCD,GKOA,,False
8388,SN 2014J,000-BLG-310,2456686.637788,9.638,0.003,False,Cousins I,CCD,GKOA,,False
8389,SN 2014J,000-BLG-310,2456686.643428,9.638,0.003,False,Cousins I,CCD,GKOA,,False
8390,SN 2014J,000-BLG-310,2456686.649068,9.633,0.003,False,Cousins I,CCD,GKOA,,False
8391,SN 2014J,000-BLG-310,2456686.654698,9.635,0.003,False,Cousins I,CCD,GKOA,,False
8392,SN 2014J,000-BLG-310,2456686.660338,9.645,0.003,False,Cousins I,CCD,GKOA,,False
8393,SN 2014J,000-BLG-310,2456686.665978,9.657,0.003,False,Cousins I,CCD,GKOA,,False
8394,SN 2014J,000-BLG-310,2456686.671608,9.635,0.003,False,Cousins I,CCD,GKOA,,False
8395,SN 2014J,000-BLG-310,2456686.677258,9.633,0.003,False,Cousins I,CCD,GKOA,,False
8396,SN 2014J,000-BLG-310,2456686.682898,9.643,0.003,False,Cousins I,CCD,GKOA,,False
8397,SN 2014J,000-BLG-310,2456686.688529,9.637,0.003,False,Cousins I,CCD,GKOA,,False
8398,SN 2014J,000-BLG-310,2456686.694169,9.643,0.004,False,Cousins I,CCD,GKOA,,False
8399,SN 2014J,000-BLG-310,2456686.699809,9.636,0.007,False,Cousins I,CCD,GKOA,,False
8400,SN 2014J,000-BLG-310,2456687.490607,9.636,0.003,False,Cousins I,CCD,GKOA,,False
8401,SN 2014J,000-BLG-310,2456687.494977,9.620,0.004,False,Cousins I,CCD,GKOA,,False
8402,SN 2014J,000-BLG-310,2456687.499227,9.628,0.004,False,Cousins I,CCD,GKOA,,False
8403,SN 2014J,000-BLG-310,2456687.503477,9.626,0.004,False,Cousins I,CCD,GKOA,,False
8404,SN 2014J,000-BLG-310,2456687.507717,9.620,0.004,False,Cousins I,CCD,GKOA,,False
8405,SN 2014J,000-BLG-310,2456687.511977,9.627,0.004,False,Cousins I,CCD,GKOA,,False
8406,SN 2014J,000-BLG-310,2456687.516227,9.628,0.004,False,Cousins I,CCD,GKOA,,False
8407,SN 2014J,000-BLG-310,2456689.320929,9.636,0.005,False,Cousins I,CCD,GKOA,,False
8408,SN 2014J,000-BLG-310,2456689.325180,9.640,0.005,False,Cousins I,CCD,GKOA,,False
8409,SN 2014J,000-BLG-310,2456689.329430,9.652,0.005,False,Cousins I,CCD,GKOA,,False
8410,SN 2014J,000-BLG-310,2456689.333680,9.625,0.005,False,Cousins I,CCD,GKOA,,False
8411,SN 2014J,000-BLG-310,2456689.337930,9.648,0.005,False,Cousins I,CCD,GKOA,,False
8412,SN 2014J,000-BLG-310,2456689.342180,9.662,0.005,False,Cousins I,CCD,GKOA,,False
8413,SN 2014J,000-BLG-310,2456696.246346,9.804,0.006,False,Cousins I,CCD,GKOA,,False
8414,SN 2014J,000-BLG-310,2456696.250586,9.808,0.006,False,Cousins I,CCD,GKOA,,False
8415,SN 2014J,000-BLG-310,2456696.254836,9.821,0.006,False,Cousins I,CCD,GKOA,,False
8416,SN 2014J,000-BLG-310,2456696.259086,9.815,0.006,False,Cousins I,CCD,GKOA,,False
8417,SN 2014J,000-BLG-310,2456696.263336,9.801,0.006,False,Cousins I,CCD,GKOA,,False
8418,SN 2014J,000-BLG-310,2456697.261067,9.884,0.014,False,Cousins I,CCD,GKOA,,False
8419,SN 2014J,000-BLG-310,2456697.265327,9.797,0.011,False,Cousins I,CCD,GKOA,,False
8420,SN 2014J,000-BLG-310,2456697.279897,9.910,0.010,False,Cousins I,CCD,GKOA,,False
8421,SN 2014J,000-BLG-310,2456697.284147,9.799,0.037,False,Cousins I,CCD,GKOA,,False
8422,SN 2014J,000-BLG-310,2456697.288397,9.853,0.018,False,Cousins I,CCD,GKOA,,False
8423,SN 2014J,000-BLG-310,2456697.292657,9.817,0.048,False,Cousins I,CCD,GKOA,,False
8424,SN 2014J,000-BLG-310,2456697.301158,9.863,0.009,False,Cousins I,CCD,GKOA,,False
8425,SN 2014J,000-BLG-310,2456697.305418,9.857,0.008,False,Cousins I,CCD,GKOA,,False
8426,SN 2014J,000-BLG-310,2456697.309678,9.875,0.008,False,Cousins I,CCD,GKOA,,False
8427,SN 2014J,000-BLG-310,2456697.313928,9.911,0.040,False,Cousins I,CCD,GKOA,,False
8428,SN 2014J,000-BLG-310,2456697.318188,9.879,0.014,False,Cousins I,CCD,GKOA,,False
8429,SN 2014J,000-BLG-310,2456697.322438,9.875,0.008,False,Cousins I,CCD,GKOA,,False
8430,SN 2014J,000-BLG-310,2456697.326678,9.873,0.007,False,Cousins I,CCD,GKOA,,False
8431,SN 2014J,000-BLG-310,2456697.330938,9.910,0.010,False,Cousins I,CCD,GKOA,,False
8432,SN 2014J,000-BLG-310,2456698.378061,9.937,0.005,False,Cousins I,CCD,GKOA,,False
8433,SN 2014J,000-BLG-310,2456698.382311,9.939,0.005,False,Cousins I,CCD,GKOA,,False
8434,SN 2014J,000-BLG-310,2456698.386561,9.933,0.005,False,Cousins I,CCD,GKOA,,False
8435,SN 2014J,000-BLG-310,2456698.390801,9.941,0.005,False,Cousins I,CCD,GKOA,,False
8436,SN 2014J,000-BLG-310,2456698.395052,9.938,0.005,False,Cousins I,CCD,GKOA,,False
8437,SN 2014J,000-BLG-310,2456698.399302,9.935,0.005,False,Cousins I,CCD,GKOA,,False
8438,SN 2014J,000-BLG-310,2456698.403552,9.941,0.005,False,Cousins I,CCD,GKOA,,False
8439,SN 2014J,000-BLG-310,2456698.407792,9.939,0.005,False,Cousins I,CCD,GKOA,,False
8440,SN 2014J,000-BLG-310,2456698.412042,9.932,0.005,False,Cousins I,CCD,GKOA,,False
8441,SN 2014J,000-BLG-310,2456698.416292,9.946,0.005,False,Cousins I,CCD,GKOA,,False
8442,SN 2014J,000-BLG-310,2456699.509067,9.991,0.005,False,Cousins I,CCD,GKOA,,False
8443,SN 2014J,000-BLG-310,2456699.513317,10.007,0.005,False,Cousins I,CCD,GKOA,,False
8444,SN 2014J,000-BLG-310,2456699.517567,10.012,0.005,False,Cousins I,CCD,GKOA,,False
8445,SN 2014J,000-BLG-310,2456699.521818,10.018,0.005,False,Cousins I,CCD,GKOA,,False
8446,SN 2014J,000-BLG-310,2456699.526078,10.004,0.005,False,Cousins I,CCD,GKOA,,False
8447,SN 2014J,000-BLG-310,2456699.530328,9.990,0.005,False,Cousins I,CCD,GKOA,,False
8448,SN 2014J,000-BLG-310,2456699.534578,10.005,0.005,False,Cousins I,CCD,GKOA,,False
8449,SN 2014J,000-BLG-310,2456699.538818,10.009,0.005,False,Cousins I,CCD,GKOA,,False
8450,SN 2014J,000-BLG-310,2456699.543068,9.999,0.005,False,Cousins I,CCD,GKOA,,False
8451,SN 2014J,000-BLG-310,2456699.547328,10.020,0.005,False,Cousins I,CCD,GKOA,,False
8452,SN 2014J,000-BLG-310,2456700.509141,10.058,0.010,False,Cousins I,CCD,GKOA,,False
8453,SN 2014J,000-BLG-310,2456700.513401,10.058,0.005,False,Cousins I,CCD,GKOA,,False
8454,SN 2014J,000-BLG-310,2456700.517642,10.069,0.005,False,Cousins I,CCD,GKOA,,False
8455,SN 2014J,000-BLG-310,2456700.521902,10.059,0.005,False,Cousins I,CCD,GKOA,,False
8456,SN 2014J,000-BLG-310,2456700.526152,10.056,0.005,False,Cousins I,CCD,GKOA,,False
8457,SN 2014J,000-BLG-310,2456701.486276,10.134,0.032,False,Cousins I,CCD,GKOA,,False
8458,SN 2014J,000-BLG-310,2456701.490526,10.134,0.057,False,Cousins I,CCD,GKOA,,False
8459,SN 2014J,000-BLG-310,2456701.494766,10.085,0.042,False,Cousins I,CCD,GKOA,,False
8460,SN 2014J,000-BLG-310,2456701.516037,10.064,0.157,False,Cousins I,CCD,GKOA,,False
8461,SN 2014J,000-BLG-310,2456701.528777,10.147,0.020,False,Cousins I,CCD,GKOA,,False
8462,SN 2014J,000-BLG-310,2456701.533037,10.105,0.037,False,Cousins I,CCD,GKOA,,False
8463,SN 2014J,000-BLG-310,2456701.537287,10.116,0.009,False,Cousins I,CCD,GKOA,,False
8464,SN 2014J,000-BLG-310,2456701.541527,10.106,0.009,False,Cousins I,CCD,GKOA,,False
8465,SN 2014J,000-BLG-310,2456701.545787,10.145,0.011,False,Cousins I,CCD,GKOA,,False
8466,SN 2014J,000-BLG-310,2456701.550047,10.124,0.016,False,Cousins I,CCD,GKOA,,False
8467,SN 2014J,000-BLG-310,2456701.554298,10.136,0.016,False,Cousins I,CCD,GKOA,,False
8468,SN 2014J,000-BLG-310,2456702.503112,10.139,0.006,False,Cousins I,CCD,GKOA,,False
8469,SN 2014J,000-BLG-310,2456702.507362,10.077,0.010,False,Cousins I,CCD,GKOA,,False
8470,SN 2014J,000-BLG-310,2456702.511603,10.166,0.008,False,Cousins I,CCD,GKOA,,False
8471,SN 2014J,000-BLG-310,2456702.515853,10.182,0.013,False,Cousins I,CCD,GKOA,,False
8472,SN 2014J,000-BLG-310,2456702.520103,10.129,0.012,False,Cousins I,CCD,GKOA,,False
8473,SN 2014J,000-BLG-310,2456703.530060,10.144,0.006,False,Cousins I,CCD,GKOA,,False
8474,SN 2014J,000-BLG-310,2456703.534310,10.147,0.007,False,Cousins I,CCD,GKOA,,False
8475,SN 2014J,000-BLG-310,2456703.547071,10.150,0.007,False,Cousins I,CCD,GKOA,,False
8476,SN 2014J,000-BLG-310,2456703.551311,10.152,0.007,False,Cousins I,CCD,GKOA,,False
8477,SN 2014J,000-BLG-310,2456703.555561,10.138,0.006,False,Cousins I,CCD,GKOA,,False
8478,SN 2014J,000-BLG-310,2456704.198929,10.162,0.016,False,Cousins I,CCD,GKOA,,False
8479,SN 2014J,000-BLG-310,2456704.203179,10.155,0.011,False,Cousins I,CCD,GKOA,,False
8480,SN 2014J,000-BLG-310,2456704.207429,10.152,0.009,False,Cousins I,CCD,GKOA,,False
8481,SN 2014J,000-BLG-310,2456704.211669,10.139,0.007,False,Cousins I,CCD,GKOA,,False
8482,SN 2014J,000-BLG-310,2456704.215919,10.157,0.007,False,Cousins I,CCD,GKOA,,False
8483,SN 2014J,000-BLG-310,2456704.220169,10.156,0.007,False,Cousins I,CCD,GKOA,,False
8484,SN 2014J,000-BLG-310,2456704.224419,10.150,0.007,False,Cousins I,CCD,GKOA,,False
8485,SN 2014J,000-BLG-310,2456704.228649,10.148,0.007,False,Cousins I,CCD,GKOA,,False
8486,SN 2014J,000-BLG-310,2456704.232900,10.166,0.006,False,Cousins I,CCD,GKOA,,False
8487,SN 2014J,000-BLG-310,2456705.487766,10.174,0.006,False,Cousins I,CCD,GKOA,,False
8488,SN 2014J,000-BLG-310,2456705.492016,10.185,0.006,False,Cousins I,CCD,GKOA,,False
8489,SN 2014J,000-BLG-310,2456705.496276,10.172,0.005,False,Cousins I,CCD,GKOA,,False
8490,SN 2014J,000-BLG-310,2456705.500526,10.164,0.006,False,Cousins I,CCD,GKOA,,False
8491,SN 2014J,000-BLG-310,2456705.504766,10.173,0.006,False,Cousins I,CCD,GKOA,,False
8492,SN 2014J,000-BLG-310,2456707.495107,10.133,0.005,False,Cousins I,CCD,GKOA,,False
8493,SN 2014J,000-BLG-310,2456707.499357,10.132,0.005,False,Cousins I,CCD,GKOA,,False
8494,SN 2014J,000-BLG-310,2456707.503607,10.131,0.005,False,Cousins I,CCD,GKOA,,False
8495,SN 2014J,000-BLG-310,2456707.507847,10.141,0.005,False,Cousins I,CCD,GKOA,,False
8496,SN 2014J,000-BLG-310,2456707.512097,10.132,0.005,False,Cousins I,CCD,GKOA,,False
8497,SN 2014J,000-BLG-310,2456707.516357,10.116,0.005,False,Cousins I,CCD,GKOA,,False
8498,SN 2014J,000-BLG-310,2456708.530839,10.094,0.005,False,Cousins I,CCD,GKOA,,False
8499,SN 2014J,000-BLG-310,2456708.535089,10.114,0.005,False,Cousins I,CCD,GKOA,,False
8500,SN 2014J,000-BLG-310,2456708.539350,10.103,0.006,False,Cousins I,CCD,GKOA,,False
8501,SN 2014J,000-BLG-310,2456708.543590,10.098,0.005,False,Cousins I,CCD,GKOA,,False
8502,SN 2014J,000-BLG-310,2456708.547840,10.109,0.005,False,Cousins I,CCD,GKOA,,False
8503,SN 2014J,000-BLG-310,2456715.332049,9.945,0.007,False,Cousins I,CCD,GKOA,,False
8504,SN 2014J,000-BLG-310,2456715.336289,9.960,0.006,False,Cousins I,CCD,GKOA,,False
8505,SN 2014J,000-BLG-310,2456715.340539,9.972,0.006,False,Cousins I,CCD,GKOA,,False
8506,SN 2014J,000-BLG-310,2456715.344789,9.956,0.006,False,Cousins I,CCD,GKOA,,False
8507,SN 2014J,000-BLG-310,2456715.349049,9.963,0.006,False,Cousins I,CCD,GKOA,,False
8508,SN 2014J,000-BLG-310,2456715.353299,9.948,0.006,False,Cousins I,CCD,GKOA,,False
8509,SN 2014J,000-BLG-310,2456715.357540,9.954,0.006,False,Cousins I,CCD,GKOA,,False
8510,SN 2014J,000-BLG-310,2456715.361800,9.962,0.006,False,Cousins I,CCD,GKOA,,False
8511,SN 2014J,000-BLG-310,2456715.366050,9.969,0.006,False,Cousins I,CCD,GKOA,,False
8512,SN 2014J,000-BLG-310,2456715.370320,9.961,0.006,False,Cousins I,CCD,GKOA,,False
8513,SN 2014J,000-BLG-310,2456716.448562,9.925,0.006,False,Cousins I,CCD,GKOA,,False
8514,SN 2014J,000-BLG-310,2456716.461322,9.930,0.008,False,Cousins I,CCD,GKOA,,False
8515,SN 2014J,000-BLG-310,2456716.474073,9.939,0.006,False,Cousins I,CCD,GKOA,,False
8516,SN 2014J,000-BLG-310,2456716.482583,9.943,0.016,False,Cousins I,CCD,GKOA,,False
8517,SN 2014J,000-BLG-310,2456716.491083,9.942,0.011,False,Cousins I,CCD,GKOA,,False
8518,SN 2014J,000-BLG-310,2456721.468488,9.991,0.005,False,Cousins I,CCD,GKOA,,False
8519,SN 2014J,000-BLG-310,2456721.472738,9.997,0.005,False,Cousins I,CCD,GKOA,,False
8520,SN 2014J,000-BLG-310,2456721.476988,9.987,0.005,False,Cousins I,CCD,GKOA,,False
8521,SN 2014J,000-BLG-310,2456721.481248,9.987,0.006,False,Cousins I,CCD,GKOA,,False
8522,SN 2014J,000-BLG-310,2456721.485499,9.986,0.005,False,Cousins I,CCD,GKOA,,False
8523,SN 2014J,000-BLG-310,2456722.364017,10.019,0.005,False,Cousins I,CCD,GKOA,,False
8524,SN 2014J,000-BLG-310,2456722.368267,10.024,0.005,False,Cousins I,CCD,GKOA,,False
8525,SN 2014J,000-BLG-310,2456722.372517,10.008,0.005,False,Cousins I,CCD,GKOA,,False
8526,SN 2014J,000-BLG-310,2456722.376767,10.010,0.005,False,Cousins I,CCD,GKOA,,False
8527,SN 2014J,000-BLG-310,2456722.381017,10.034,0.005,False,Cousins I,CCD,GKOA,,False
8528,SN 2014J,000-BLG-310,2456722.385258,10.016,0.005,False,Cousins I,CCD,GKOA,,False
8529,SN 2014J,000-BLG-310,2456722.389508,10.014,0.005,False,Cousins I,CCD,GKOA,,False
8530,SN 2014J,000-BLG-310,2456722.393758,10.013,0.005,False,Cousins I,CCD,GKOA,,False
8531,SN 2014J,000-BLG-310,2456722.398018,10.024,0.005,False,Cousins I,CCD,GKOA,,False
8532,SN 2014J,000-BLG-310,2456722.402268,10.018,0.005,False,Cousins I,CCD,GKOA,,False
8533,SN 2014J,000-BLG-310,2456722.406528,10.000,0.005,False,Cousins I,CCD,GKOA,,False
8534,SN 2014J,000-BLG-310,2456729.463084,10.419,0.008,False,Cousins I,CCD,GKOA,,False
8535,SN 2014J,000-BLG-310,2456729.467335,10.408,0.009,False,Cousins I,CCD,GKOA,,False
8536,SN 2014J,000-BLG-310,2456729.471575,10.441,0.009,False,Cousins I,CCD,GKOA,,False
8537,SN 2014J,000-BLG-310,2456729.475835,10.418,0.009,False,Cousins I,CCD,GKOA,,False
8538,SN 2014J,000-BLG-310,2456729.480085,10.421,0.009,False,Cousins I,CCD,GKOA,,False
8539,SN 2014J,000-BLG-310,2456729.484335,10.420,0.009,False,Cousins I,CCD,GKOA,,False
8540,SN 2014J,000-BLG-310,2456729.488596,10.424,0.009,False,Cousins I,CCD,GKOA,,False
8541,SN 2014J,000-BLG-310,2456729.492846,10.400,0.009,False,Cousins I,CCD,GKOA,,False
8542,SN 2014J,000-BLG-310,2456729.497096,10.410,0.009,False,Cousins I,CCD,GKOA,,False
8543,SN 2014J,000-BLG-310,2456729.501346,10.400,0.009,False,Cousins I,CCD,GKOA,,False
8544,SN 2014J,000-BLG-310,2456729.505596,10.411,0.010,False,Cousins I,CCD,GKOA,,False
8545,SN 2014J,000-BLG-310,2456729.509857,10.415,0.009,False,Cousins I,CCD,GKOA,,False
8546,SN 2014J,000-BLG-310,2456730.443612,10.459,0.008,False,Cousins I,CCD,GKOA,,False
8547,SN 2014J,000-BLG-310,2456730.447863,10.459,0.008,False,Cousins I,CCD,GKOA,,False
8548,SN 2014J,000-BLG-310,2456730.452113,10.447,0.008,False,Cousins I,CCD,GKOA,,False
8549,SN 2014J,000-BLG-310,2456730.456373,10.455,0.008,False,Cousins I,CCD,GKOA,,False
8550,SN 2014J,000-BLG-310,2456730.460613,10.459,0.008,False,Cousins I,CCD,GKOA,,False
8551,SN 2014J,000-BLG-310,2456731.477924,10.515,0.007,False,Cousins I,CCD,GKOA,,False
8552,SN 2014J,000-BLG-310,2456731.482164,10.512,0.008,False,Cousins I,CCD,GKOA,,False
8553,SN 2014J,000-BLG-310,2456731.486414,10.501,0.007,False,Cousins I,CCD,GKOA,,False
8554,SN 2014J,000-BLG-310,2456731.490674,10.513,0.008,False,Cousins I,CCD,GKOA,,False
8555,SN 2014J,000-BLG-310,2456731.494924,10.514,0.007,False,Cousins I,CCD,GKOA,,False
8556,SN 2014J,000-BLG-310,2456740.315755,10.817,0.009,False,Cousins I,CCD,GKOA,,False
8557,SN 2014J,000-BLG-310,2456740.320016,10.816,0.009,False,Cousins I,CCD,GKOA,,False
8558,SN 2014J,000-BLG-310,2456740.324266,10.820,0.009,False,Cousins I,CCD,GKOA,,False
8559,SN 2014J,000-BLG-310,2456740.328516,10.810,0.009,False,Cousins I,CCD,GKOA,,False
8560,SN 2014J,000-BLG-310,2456740.332786,10.835,0.009,False,Cousins I,CCD,GKOA,,False
8561,SN 2014J,000-BLG-310,2456740.337047,10.855,0.010,False,Cousins I,CCD,GKOA,,False
