JD,Magnitude,Uncertainty,HQuncertainty,Band,Observer Code,Comment Code(s),Comp Star 1,Comp Star 2,Charts,Comments,Transfomed,Airmass,Validation Flag,Cmag,Kmag,HJD,Star Name,Observer Affiliation,Measurement Method,Grouping Method,ADS Reference,Digitizer,Credit
2458780.571644,7.292,0.006,,TG,SCMA,,ENSEMBLE,000-BKF-485,X24847EE,CANON EOS 700D | LENS 100MM F/2.3 | ISO 200 | TEAM OBSERVERS BLAS - CASELLI – SILVA,0,,Z,,8.481,,SX PHE,AAVSO,STD,,,,
2458780.572778,7.305,0.006,,TG,SCMA,,ENSEMBLE,000-BKF-486,X24847EE,CANON EOS 700D | LENS 100MM F/2.3 | ISO 200 | TEAM OBSERVERS BLAS - CASELLI – SILVA,0,,Z,,8.445,,SX PHE,AAVSO,STD,,,,
2458780.574942,7.354,0.006,,TG,SCMA,,ENSEMBLE,000-BKF-487,X24847EE,CANON EOS 700D | LENS 100MM F/2.3 | ISO 200 | TEAM OBSERVERS BLAS - CASELLI – SILVA,0,,Z,,8.495,,SX PHE,AAVSO,STD,,,,
2458780.581933,7.367,0.006,,TG,SCMA,,ENSEMBLE,000-BKF-488,X24847EE,CANON EOS 700D | LENS 100MM F/2.3 | ISO 200 | TEAM OBSERVERS BLAS - CASELLI – SILVA,0,,Z,,8.482,,SX PHE,AAVSO,STD,,,,
2458780.585058,7.324,0.006,,TG,SCMA,,ENSEMBLE,000-BKF-489,X24847EE,CANON EOS 700D | LENS 100MM F/2.3 | ISO 200 | TEAM OBSERVERS BLAS - CASELLI – SILVA,0,,Z,,8.454,,SX PHE,AAVSO,STD,,,,
2458780.585764,7.339,0.006,,TG,SCMA,,ENSEMBLE,000-BKF-490,X24847EE,CANON EOS 700D | LENS 100MM F/2.3 | ISO 200 | TEAM OBSERVERS BLAS - CASELLI – SILVA,0,,Z,,8.498,,SX PHE,AAVSO,STD,,,,
2458780.586887,7.301,0.007,,TG,SCMA,,ENSEMBLE,000-BKF-491,X24847EE,CANON EOS 700D | LENS 100MM F/2.3 | ISO 200 | TEAM OBSERVERS BLAS - CASELLI – SILVA,0,,Z,,8.452,,SX PHE,AAVSO,STD,,,,
2458780.588553,7.361,0.006,,TG,SCMA,,ENSEMBLE,000-BKF-492,X24847EE,CANON EOS 700D | LENS 100MM F/2.3 | ISO 200 | TEAM OBSERVERS BLAS - CASELLI – SILVA,0,,Z,,8.586,,SX PHE,AAVSO,STD,,,,
2458780.598206,7.168,0.008,,TG,SCMA,,ENSEMBLE,000-BKF-493,X24847EE,CANON EOS 700D | LENS 100MM F/2.3 | ISO 200 | TEAM OBSERVERS BLAS - CASELLI – SILVA,0,,Z,,8.530,,SX PHE,AAVSO,STD,,,,
2458780.599537,6.993,0.007,,TG,SCMA,,ENSEMBLE,000-BKF-494,X24847EE,CANON EOS 700D | LENS 100MM F/2.3 | ISO 200 | TEAM OBSERVERS BLAS - CASELLI – SILVA,0,,Z,,8.511,,SX PHE,AAVSO,STD,,,,
2458780.604907,6.827,0.005,,TG,SCMA,,ENSEMBLE,000-BKF-495,X24847EE,CANON EOS 700D | LENS 100MM F/2.3 | ISO 200 | TEAM OBSERVERS BLAS - CASELLI – SILVA,0,,Z,,8.490,,SX PHE,AAVSO,STD,,,,
2458780.605775,6.828,0.005,,TG,SCMA,,ENSEMBLE,000-BKF-496,X24847EE,CANON EOS 700D | LENS 100MM F/2.3 | ISO 200 | TEAM OBSERVERS BLAS - CASELLI – SILVA,0,,Z,,8.570,,SX PHE,AAVSO,STD,,,,
2458780.606562,6.811,0.005,,TG,SCMA,,ENSEMBLE,000-BKF-497,X24847EE,CANON EOS 700D | LENS 100MM F/2.3 | ISO 200 | TEAM OBSERVERS BLAS - CASELLI – SILVA,0,,Z,,8.444,,SX PHE,AAVSO,STD,,,,
2458780.607465,6.831,0.006,,TG,SCMA,,ENSEMBLE,000-BKF-498,X24847EE,CANON EOS 700D | LENS 100MM F/2.3 | ISO 200 | TEAM OBSERVERS BLAS - CASELLI – SILVA,0,,Z,,8.473,,SX PHE,AAVSO,STD,,,,
2460176.79454,7.83,,,CV,MHC,K,HD222741,HD223107,SkyMap Chart with SI,"""Equipment: Svbony SV503 80mm ED, Canon T6i, 10x2s with bias, darks and flats. Software: Siril. """,0,,Z,8.44,8.69,,SX Phe,LIADA,STD,,,,
2460526.8424,7.4,,,CV,MHC,,HD222741,HD223107,X28730AAV,"""MAGNITUDES FROM SIMBAD. SV503 80MM ED, F5.6, ASI533MC PRO, UVIR FILTER, SIRIL.""",0,,Z,8.44,8.69,,SX PHE,LIADA,STD,,,,
2460557.087481,7.451,0.014,,TG,BDJB,,000-BPZ-046,,X38419AEA,SEESTAR; 30 MEDIAN STACKS FROM 297X10S IMAGES,0,1.060,Z,-14.627,,,SX PHE,ASSAU,STD,,,,
2460557.088962,7.443,0.020,,TG,BDJB,,000-BPZ-046,,X38419AEA,SEESTAR; 30 MEDIAN STACKS FROM 297X10S IMAGES,0,1.058,Z,-14.638,,,SX PHE,ASSAU,STD,,,,
2460557.090441,7.438,0.008,,TG,BDJB,,000-BPZ-046,,X38419AEA,SEESTAR; 30 MEDIAN STACKS FROM 297X10S IMAGES,0,1.055,Z,-14.649,,,SX PHE,ASSAU,STD,,,,
2460557.091987,7.427,0.017,,TG,BDJB,,000-BPZ-046,,X38419AEA,SEESTAR; 30 MEDIAN STACKS FROM 297X10S IMAGES,0,1.053,Z,-14.640,,,SX PHE,ASSAU,STD,,,,
2460557.093905,7.381,0.011,,TG,BDJB,,000-BPZ-046,,X38419AEA,SEESTAR; 30 MEDIAN STACKS FROM 297X10S IMAGES,0,1.050,Z,-14.629,,,SX PHE,ASSAU,STD,,,,
2460557.095804,7.360,0.015,,TG,BDJB,,000-BPZ-046,,X38419AEA,SEESTAR; 30 MEDIAN STACKS FROM 297X10S IMAGES,0,1.047,Z,-14.649,,,SX PHE,ASSAU,STD,,,,
2460557.097296,7.318,0.008,,TG,BDJB,,000-BPZ-046,,X38419AEA,SEESTAR; 30 MEDIAN STACKS FROM 297X10S IMAGES,0,1.045,Z,-14.637,,,SX PHE,ASSAU,STD,,,,
2460557.098777,7.260,0.022,,TG,BDJB,,000-BPZ-046,,X38419AEA,SEESTAR; 30 MEDIAN STACKS FROM 297X10S IMAGES,0,1.043,Z,-14.635,,,SX PHE,ASSAU,STD,,,,
2460557.100249,7.203,0.025,,TG,BDJB,,000-BPZ-046,,X38419AEA,SEESTAR; 30 MEDIAN STACKS FROM 297X10S IMAGES,0,1.041,Z,-14.641,,,SX PHE,ASSAU,STD,,,,
2460557.101810,7.118,0.010,,TG,BDJB,,000-BPZ-046,,X38419AEA,SEESTAR; 30 MEDIAN STACKS FROM 297X10S IMAGES,0,1.039,Z,-14.648,,,SX PHE,ASSAU,STD,,,,
2460557.103470,7.060,0.020,,TG,BDJB,,000-BPZ-046,,X38419AEA,SEESTAR; 30 MEDIAN STACKS FROM 297X10S IMAGES,0,1.036,Z,-14.640,,,SX PHE,ASSAU,STD,,,,
2460557.105154,7.027,0.004,,TG,BDJB,,000-BPZ-046,,X38419AEA,SEESTAR; 30 MEDIAN STACKS FROM 297X10S IMAGES,0,1.034,Z,-14.644,,,SX PHE,ASSAU,STD,,,,
2460557.106894,7.019,0.001,,TG,BDJB,,000-BPZ-046,,X38419AEA,SEESTAR; 30 MEDIAN STACKS FROM 297X10S IMAGES,0,1.032,Z,-14.648,,,SX PHE,ASSAU,STD,,,,
2460557.108492,7.033,0.002,,TG,BDJB,,000-BPZ-046,,X38419AEA,SEESTAR; 30 MEDIAN STACKS FROM 297X10S IMAGES,0,1.031,Z,-14.639,,,SX PHE,ASSAU,STD,,,,
2460557.110026,7.071,0.015,,TG,BDJB,,000-BPZ-046,,X38419AEA,SEESTAR; 30 MEDIAN STACKS FROM 297X10S IMAGES,0,1.029,Z,-14.654,,,SX PHE,ASSAU,STD,,,,
2460557.111571,7.108,0.016,,TG,BDJB,,000-BPZ-046,,X38419AEA,SEESTAR; 30 MEDIAN STACKS FROM 297X10S IMAGES,0,1.027,Z,-14.653,,,SX PHE,ASSAU,STD,,,,
2460557.113180,7.124,0.017,,TG,BDJB,,000-BPZ-046,,X38419AEA,SEESTAR; 30 MEDIAN STACKS FROM 297X10S IMAGES,0,1.026,Z,-14.614,,,SX PHE,ASSAU,STD,,,,
2460557.114908,7.176,0.018,,TG,BDJB,,000-BPZ-046,,X38419AEA,SEESTAR; 30 MEDIAN STACKS FROM 297X10S IMAGES,0,1.024,Z,-14.642,,,SX PHE,ASSAU,STD,,,,
2460557.116468,7.199,0.010,,TG,BDJB,,000-BPZ-046,,X38419AEA,SEESTAR; 30 MEDIAN STACKS FROM 297X10S IMAGES,0,1.023,Z,-14.651,,,SX PHE,ASSAU,STD,,,,
2460557.118073,7.220,0.010,,TG,BDJB,,000-BPZ-046,,X38419AEA,SEESTAR; 30 MEDIAN STACKS FROM 297X10S IMAGES,0,1.021,Z,-14.642,,,SX PHE,ASSAU,STD,,,,
2460557.119748,7.271,0.019,,TG,BDJB,,000-BPZ-046,,X38419AEA,SEESTAR; 30 MEDIAN STACKS FROM 297X10S IMAGES,0,1.020,Z,-14.639,,,SX PHE,ASSAU,STD,,,,
2460557.121486,7.292,0.015,,TG,BDJB,,000-BPZ-046,,X38419AEA,SEESTAR; 30 MEDIAN STACKS FROM 297X10S IMAGES,0,1.018,Z,-14.641,,,SX PHE,ASSAU,STD,,,,
2460557.123103,7.328,0.034,,TG,BDJB,,000-BPZ-046,,X38419AEA,SEESTAR; 30 MEDIAN STACKS FROM 297X10S IMAGES,0,1.017,Z,-14.633,,,SX PHE,ASSAU,STD,,,,
2460557.124781,7.328,0.020,,TG,BDJB,,000-BPZ-046,,X38419AEA,SEESTAR; 30 MEDIAN STACKS FROM 297X10S IMAGES,0,1.016,Z,-14.625,,,SX PHE,ASSAU,STD,,,,
2460557.126713,7.367,0.020,,TG,BDJB,,000-BPZ-046,,X38419AEA,SEESTAR; 30 MEDIAN STACKS FROM 297X10S IMAGES,0,1.015,Z,-14.641,,,SX PHE,ASSAU,STD,,,,
2460557.128888,7.378,0.021,,TG,BDJB,,000-BPZ-046,,X38419AEA,SEESTAR; 30 MEDIAN STACKS FROM 297X10S IMAGES,0,1.013,Z,-14.639,,,SX PHE,ASSAU,STD,,,,
2460557.130586,7.404,0.019,,TG,BDJB,,000-BPZ-046,,X38419AEA,SEESTAR; 30 MEDIAN STACKS FROM 297X10S IMAGES,0,1.012,Z,-14.659,,,SX PHE,ASSAU,STD,,,,
2460557.132396,7.399,0.017,,TG,BDJB,,000-BPZ-046,,X38419AEA,SEESTAR; 30 MEDIAN STACKS FROM 297X10S IMAGES,0,1.012,Z,-14.617,,,SX PHE,ASSAU,STD,,,,
2460557.134470,7.418,0.017,,TG,BDJB,,000-BPZ-046,,X38419AEA,SEESTAR; 30 MEDIAN STACKS FROM 297X10S IMAGES,0,1.011,Z,-14.610,,,SX PHE,ASSAU,STD,,,,
2460561.055123,7.360,0.001,,TG,BDJB,,000-BPZ-046,,X38340VI,SEESTAR S50; 99X10S,0,1.104,Z,-14.528,,,SX PHE,ASSAU,STD,,,,
2460561.055850,7.348,0.001,,TG,BDJB,,000-BPZ-046,,X38340VI,SEESTAR S50; 99X10S,0,1.103,Z,-14.540,,,SX PHE,ASSAU,STD,,,,
2460561.056598,7.343,0.001,,TG,BDJB,,000-BPZ-046,,X38340VI,SEESTAR S50; 99X10S,0,1.101,Z,-14.549,,,SX PHE,ASSAU,STD,,,,
2460561.057345,7.312,0.001,,TG,BDJB,,000-BPZ-046,,X38340VI,SEESTAR S50; 99X10S,0,1.099,Z,-14.523,,,SX PHE,ASSAU,STD,,,,
2460561.058074,7.310,0.001,,TG,BDJB,,000-BPZ-046,,X38340VI,SEESTAR S50; 99X10S,0,1.097,Z,-14.526,,,SX PHE,ASSAU,STD,,,,
2460561.058824,7.234,0.001,,TG,BDJB,,000-BPZ-046,,X38340VI,SEESTAR S50; 99X10S,0,1.096,Z,-14.477,,,SX PHE,ASSAU,STD,,,,
2460561.059573,7.206,0.001,,TG,BDJB,,000-BPZ-046,,X38340VI,SEESTAR S50; 99X10S,0,1.094,Z,-14.523,,,SX PHE,ASSAU,STD,,,,
2460561.060324,7.153,0.001,,TG,BDJB,,000-BPZ-046,,X38340VI,SEESTAR S50; 99X10S,0,1.092,Z,-14.521,,,SX PHE,ASSAU,STD,,,,
2460561.061132,7.088,0.001,,TG,BDJB,,000-BPZ-046,,X38340VI,SEESTAR S50; 99X10S,0,1.090,Z,-14.526,,,SX PHE,ASSAU,STD,,,,
2460561.061990,7.018,0.001,,TG,BDJB,,000-BPZ-046,,X38340VI,SEESTAR S50; 99X10S,0,1.088,Z,-14.522,,,SX PHE,ASSAU,STD,,,,
2460561.062803,6.985,0.001,,TG,BDJB,,000-BPZ-046,,X38340VI,SEESTAR S50; 99X10S,0,1.087,Z,-14.476,,,SX PHE,ASSAU,STD,,,,
2460561.063528,6.936,0.001,,TG,BDJB,,000-BPZ-046,,X38340VI,SEESTAR S50; 99X10S,0,1.085,Z,-14.526,,,SX PHE,ASSAU,STD,,,,
2460561.064193,6.915,0.001,,TG,BDJB,,000-BPZ-046,,X38340VI,SEESTAR S50; 99X10S,0,1.084,Z,-14.547,,,SX PHE,ASSAU,STD,,,,
2460561.064755,6.915,0.001,,TG,BDJB,,000-BPZ-046,,X38340VI,SEESTAR S50; 99X10S,0,1.083,Z,-14.555,,,SX PHE,ASSAU,STD,,,,
2460561.065356,6.885,0.001,,TG,BDJB,,000-BPZ-046,,X38340VI,SEESTAR S50; 99X10S,0,1.081,Z,-14.553,,,SX PHE,ASSAU,STD,,,,
2460561.066096,6.906,0.001,,TG,BDJB,,000-BPZ-046,,X38340VI,SEESTAR S50; 99X10S,0,1.080,Z,-14.567,,,SX PHE,ASSAU,STD,,,,
2460561.066978,6.896,0.001,,TG,BDJB,,000-BPZ-046,,X38340VI,SEESTAR S50; 99X10S,0,1.078,Z,-14.573,,,SX PHE,ASSAU,STD,,,,
2460561.067549,6.873,0.001,,TG,BDJB,,000-BPZ-046,,X38340VI,SEESTAR S50; 99X10S,0,1.077,Z,-14.566,,,SX PHE,ASSAU,STD,,,,
2460561.068167,6.897,0.001,,TG,BDJB,,000-BPZ-046,,X38340VI,SEESTAR S50; 99X10S,0,1.076,Z,-14.565,,,SX PHE,ASSAU,STD,,,,
2460561.068738,6.913,0.001,,TG,BDJB,,000-BPZ-046,,X38340VI,SEESTAR S50; 99X10S,0,1.074,Z,-14.580,,,SX PHE,ASSAU,STD,,,,
2460561.069357,6.927,0.001,,TG,BDJB,,000-BPZ-046,,X38340VI,SEESTAR S50; 99X10S,0,1.073,Z,-14.564,,,SX PHE,ASSAU,STD,,,,
2460561.069966,6.942,0.001,,TG,BDJB,,000-BPZ-046,,X38340VI,SEESTAR S50; 99X10S,0,1.072,Z,-14.568,,,SX PHE,ASSAU,STD,,,,
2460561.070528,6.970,0.001,,TG,BDJB,,000-BPZ-046,,X38340VI,SEESTAR S50; 99X10S,0,1.071,Z,-14.575,,,SX PHE,ASSAU,STD,,,,
2460561.071149,6.977,0.001,,TG,BDJB,,000-BPZ-046,,X38340VI,SEESTAR S50; 99X10S,0,1.070,Z,-14.592,,,SX PHE,ASSAU,STD,,,,
2460561.071710,7.002,0.001,,TG,BDJB,,000-BPZ-046,,X38340VI,SEESTAR S50; 99X10S,0,1.069,Z,-14.596,,,SX PHE,ASSAU,STD,,,,
2460561.072319,7.029,0.001,,TG,BDJB,,000-BPZ-046,,X38340VI,SEESTAR S50; 99X10S,0,1.068,Z,-14.601,,,SX PHE,ASSAU,STD,,,,
2460561.073198,7.025,0.001,,TG,BDJB,,000-BPZ-046,,X38340VI,SEESTAR S50; 99X10S,0,1.066,Z,-14.580,,,SX PHE,ASSAU,STD,,,,
2460561.073805,7.057,0.001,,TG,BDJB,,000-BPZ-046,,X38340VI,SEESTAR S50; 99X10S,0,1.065,Z,-14.590,,,SX PHE,ASSAU,STD,,,,
2460561.074364,7.086,0.001,,TG,BDJB,,000-BPZ-046,,X38340VI,SEESTAR S50; 99X10S,0,1.064,Z,-14.580,,,SX PHE,ASSAU,STD,,,,
2460561.074981,7.140,0.001,,TG,BDJB,,000-BPZ-046,,X38340VI,SEESTAR S50; 99X10S,0,1.063,Z,-14.612,,,SX PHE,ASSAU,STD,,,,
2460561.075615,7.126,0.001,,TG,BDJB,,000-BPZ-046,,X38340VI,SEESTAR S50; 99X10S,0,1.062,Z,-14.585,,,SX PHE,ASSAU,STD,,,,
2460561.076299,7.135,0.001,,TG,BDJB,,000-BPZ-046,,X38340VI,SEESTAR S50; 99X10S,0,1.061,Z,-14.588,,,SX PHE,ASSAU,STD,,,,
2460561.076919,7.158,0.001,,TG,BDJB,,000-BPZ-046,,X38340VI,SEESTAR S50; 99X10S,0,1.059,Z,-14.584,,,SX PHE,ASSAU,STD,,,,
2460561.077527,7.186,0.001,,TG,BDJB,,000-BPZ-046,,X38340VI,SEESTAR S50; 99X10S,0,1.058,Z,-14.596,,,SX PHE,ASSAU,STD,,,,
2460561.078153,7.183,0.001,,TG,BDJB,,000-BPZ-046,,X38340VI,SEESTAR S50; 99X10S,0,1.057,Z,-14.585,,,SX PHE,ASSAU,STD,,,,
2460561.078836,7.221,0.001,,TG,BDJB,,000-BPZ-046,,X38340VI,SEESTAR S50; 99X10S,0,1.056,Z,-14.594,,,SX PHE,ASSAU,STD,,,,
2460561.079405,7.238,0.001,,TG,BDJB,,000-BPZ-046,,X38340VI,SEESTAR S50; 99X10S,0,1.055,Z,-14.629,,,SX PHE,ASSAU,STD,,,,
2460561.080208,7.237,0.001,,TG,BDJB,,000-BPZ-046,,X38340VI,SEESTAR S50; 99X10S,0,1.054,Z,-14.590,,,SX PHE,ASSAU,STD,,,,
2460561.081176,7.274,0.001,,TG,BDJB,,000-BPZ-046,,X38340VI,SEESTAR S50; 99X10S,0,1.052,Z,-14.607,,,SX PHE,ASSAU,STD,,,,
2460561.082467,7.279,0.001,,TG,BDJB,,000-BPZ-046,,X38340VI,SEESTAR S50; 99X10S,0,1.050,Z,-14.588,,,SX PHE,ASSAU,STD,,,,
2460561.083391,7.299,0.001,,TG,BDJB,,000-BPZ-046,,X38340VI,SEESTAR S50; 99X10S,0,1.049,Z,-14.586,,,SX PHE,ASSAU,STD,,,,
2460561.083951,7.341,0.001,,TG,BDJB,,000-BPZ-046,,X38340VI,SEESTAR S50; 99X10S,0,1.048,Z,-14.607,,,SX PHE,ASSAU,STD,,,,
2460561.084551,7.328,0.001,,TG,BDJB,,000-BPZ-046,,X38340VI,SEESTAR S50; 99X10S,0,1.047,Z,-14.583,,,SX PHE,ASSAU,STD,,,,
2460561.085112,7.344,0.001,,TG,BDJB,,000-BPZ-046,,X38340VI,SEESTAR S50; 99X10S,0,1.047,Z,-14.602,,,SX PHE,ASSAU,STD,,,,
2460561.085721,7.343,0.001,,TG,BDJB,,000-BPZ-046,,X38340VI,SEESTAR S50; 99X10S,0,1.046,Z,-14.602,,,SX PHE,ASSAU,STD,,,,
2460561.086340,7.352,0.001,,TG,BDJB,,000-BPZ-046,,X38340VI,SEESTAR S50; 99X10S,0,1.045,Z,-14.606,,,SX PHE,ASSAU,STD,,,,
2460561.087133,7.337,0.001,,TG,BDJB,,000-BPZ-046,,X38340VI,SEESTAR S50; 99X10S,0,1.044,Z,-14.576,,,SX PHE,ASSAU,STD,,,,
2460561.088057,7.371,0.001,,TG,BDJB,,000-BPZ-046,,X38340VI,SEESTAR S50; 99X10S,0,1.042,Z,-14.599,,,SX PHE,ASSAU,STD,,,,
2460561.088626,7.384,0.001,,TG,BDJB,,000-BPZ-046,,X38340VI,SEESTAR S50; 99X10S,0,1.042,Z,-14.602,,,SX PHE,ASSAU,STD,,,,
2460561.089222,7.364,0.001,,TG,BDJB,,000-BPZ-046,,X38340VI,SEESTAR S50; 99X10S,0,1.041,Z,-14.608,,,SX PHE,ASSAU,STD,,,,
2460561.089783,7.377,0.001,,TG,BDJB,,000-BPZ-046,,X38340VI,SEESTAR S50; 99X10S,0,1.040,Z,-14.596,,,SX PHE,ASSAU,STD,,,,
2460561.091129,7.405,0.001,,TG,BDJB,,000-BPZ-046,,X38340VI,SEESTAR S50; 99X10S,0,1.038,Z,-14.615,,,SX PHE,ASSAU,STD,,,,
2460561.091689,7.404,0.001,,TG,BDJB,,000-BPZ-046,,X38340VI,SEESTAR S50; 99X10S,0,1.038,Z,-14.585,,,SX PHE,ASSAU,STD,,,,
2460561.092288,7.394,0.001,,TG,BDJB,,000-BPZ-046,,X38340VI,SEESTAR S50; 99X10S,0,1.037,Z,-14.598,,,SX PHE,ASSAU,STD,,,,
2460561.092846,7.406,0.001,,TG,BDJB,,000-BPZ-046,,X38340VI,SEESTAR S50; 99X10S,0,1.036,Z,-14.582,,,SX PHE,ASSAU,STD,,,,
2460561.093443,7.415,0.001,,TG,BDJB,,000-BPZ-046,,X38340VI,SEESTAR S50; 99X10S,0,1.035,Z,-14.615,,,SX PHE,ASSAU,STD,,,,
2460561.094042,7.413,0.001,,TG,BDJB,,000-BPZ-046,,X38340VI,SEESTAR S50; 99X10S,0,1.035,Z,-14.591,,,SX PHE,ASSAU,STD,,,,
2460561.094602,7.420,0.001,,TG,BDJB,,000-BPZ-046,,X38340VI,SEESTAR S50; 99X10S,0,1.034,Z,-14.597,,,SX PHE,ASSAU,STD,,,,
2460561.095391,7.429,0.001,,TG,BDJB,,000-BPZ-046,,X38340VI,SEESTAR S50; 99X10S,0,1.033,Z,-14.593,,,SX PHE,ASSAU,STD,,,,
2460561.096146,7.420,0.001,,TG,BDJB,,000-BPZ-046,,X38340VI,SEESTAR S50; 99X10S,0,1.032,Z,-14.597,,,SX PHE,ASSAU,STD,,,,
2460561.096805,7.448,0.001,,TG,BDJB,,000-BPZ-046,,X38340VI,SEESTAR S50; 99X10S,0,1.031,Z,-14.616,,,SX PHE,ASSAU,STD,,,,
2460561.097440,7.445,0.001,,TG,BDJB,,000-BPZ-046,,X38340VI,SEESTAR S50; 99X10S,0,1.031,Z,-14.597,,,SX PHE,ASSAU,STD,,,,
2460561.098181,7.437,0.001,,TG,BDJB,,000-BPZ-046,,X38340VI,SEESTAR S50; 99X10S,0,1.030,Z,-14.600,,,SX PHE,ASSAU,STD,,,,
2460561.098844,7.451,0.001,,TG,BDJB,,000-BPZ-046,,X38340VI,SEESTAR S50; 99X10S,0,1.029,Z,-14.630,,,SX PHE,ASSAU,STD,,,,
2460561.099403,7.442,0.001,,TG,BDJB,,000-BPZ-046,,X38340VI,SEESTAR S50; 99X10S,0,1.029,Z,-14.595,,,SX PHE,ASSAU,STD,,,,
2460561.100021,7.442,0.001,,TG,BDJB,,000-BPZ-046,,X38340VI,SEESTAR S50; 99X10S,0,1.028,Z,-14.615,,,SX PHE,ASSAU,STD,,,,
2460561.100720,7.438,0.001,,TG,BDJB,,000-BPZ-046,,X38340VI,SEESTAR S50; 99X10S,0,1.027,Z,-14.597,,,SX PHE,ASSAU,STD,,,,
2460561.101499,7.435,0.001,,TG,BDJB,,000-BPZ-046,,X38340VI,SEESTAR S50; 99X10S,0,1.026,Z,-14.603,,,SX PHE,ASSAU,STD,,,,
2460561.102060,7.431,0.001,,TG,BDJB,,000-BPZ-046,,X38340VI,SEESTAR S50; 99X10S,0,1.026,Z,-14.604,,,SX PHE,ASSAU,STD,,,,
2460561.102856,7.420,0.001,,TG,BDJB,,000-BPZ-046,,X38340VI,SEESTAR S50; 99X10S,0,1.025,Z,-14.596,,,SX PHE,ASSAU,STD,,,,
2460561.103530,7.429,0.001,,TG,BDJB,,000-BPZ-046,,X38340VI,SEESTAR S50; 99X10S,0,1.024,Z,-14.605,,,SX PHE,ASSAU,STD,,,,
2460561.104099,7.421,0.001,,TG,BDJB,,000-BPZ-046,,X38340VI,SEESTAR S50; 99X10S,0,1.024,Z,-14.601,,,SX PHE,ASSAU,STD,,,,
2460561.104698,7.413,0.001,,TG,BDJB,,000-BPZ-046,,X38340VI,SEESTAR S50; 99X10S,0,1.023,Z,-14.594,,,SX PHE,ASSAU,STD,,,,
2460561.105258,7.401,0.001,,TG,BDJB,,000-BPZ-046,,X38340VI,SEESTAR S50; 99X10S,0,1.023,Z,-14.605,,,SX PHE,ASSAU,STD,,,,
2460561.105932,7.378,0.001,,TG,BDJB,,000-BPZ-046,,X38340VI,SEESTAR S50; 99X10S,0,1.022,Z,-14.585,,,SX PHE,ASSAU,STD,,,,
2460561.106671,7.375,0.001,,TG,BDJB,,000-BPZ-046,,X38340VI,SEESTAR S50; 99X10S,0,1.022,Z,-14.603,,,SX PHE,ASSAU,STD,,,,
2460561.107596,7.363,0.001,,TG,BDJB,,000-BPZ-046,,X38340VI,SEESTAR S50; 99X10S,0,1.021,Z,-14.590,,,SX PHE,ASSAU,STD,,,,
2460561.108285,7.344,0.001,,TG,BDJB,,000-BPZ-046,,X38340VI,SEESTAR S50; 99X10S,0,1.020,Z,-14.594,,,SX PHE,ASSAU,STD,,,,
2460561.109016,7.336,0.001,,TG,BDJB,,000-BPZ-046,,X38340VI,SEESTAR S50; 99X10S,0,1.020,Z,-14.598,,,SX PHE,ASSAU,STD,,,,
2460561.109836,7.307,0.001,,TG,BDJB,,000-BPZ-046,,X38340VI,SEESTAR S50; 99X10S,0,1.019,Z,-14.599,,,SX PHE,ASSAU,STD,,,,
2460561.110432,7.274,0.001,,TG,BDJB,,000-BPZ-046,,X38340VI,SEESTAR S50; 99X10S,0,1.018,Z,-14.589,,,SX PHE,ASSAU,STD,,,,
2460561.111171,7.228,0.001,,TG,BDJB,,000-BPZ-046,,X38340VI,SEESTAR S50; 99X10S,0,1.018,Z,-14.604,,,SX PHE,ASSAU,STD,,,,
2460561.112436,7.166,0.001,,TG,BDJB,,000-BPZ-046,,X38340VI,SEESTAR S50; 99X10S,0,1.017,Z,-14.610,,,SX PHE,ASSAU,STD,,,,
2460561.113439,7.076,0.001,,TG,BDJB,,000-BPZ-046,,X38340VI,SEESTAR S50; 99X10S,0,1.016,Z,-14.599,,,SX PHE,ASSAU,STD,,,,
2460561.114335,7.028,0.001,,TG,BDJB,,000-BPZ-046,,X38340VI,SEESTAR S50; 99X10S,0,1.016,Z,-14.599,,,SX PHE,ASSAU,STD,,,,
2460561.115284,6.937,0.001,,TG,BDJB,,000-BPZ-046,,X38340VI,SEESTAR S50; 99X10S,0,1.015,Z,-14.595,,,SX PHE,ASSAU,STD,,,,
2460561.116197,6.901,0.001,,TG,BDJB,,000-BPZ-046,,X38340VI,SEESTAR S50; 99X10S,0,1.014,Z,-14.593,,,SX PHE,ASSAU,STD,,,,
2460561.117158,6.888,0.001,,TG,BDJB,,000-BPZ-046,,X38340VI,SEESTAR S50; 99X10S,0,1.014,Z,-14.588,,,SX PHE,ASSAU,STD,,,,
2460561.118172,6.869,0.001,,TG,BDJB,,000-BPZ-046,,X38340VI,SEESTAR S50; 99X10S,0,1.013,Z,-14.582,,,SX PHE,ASSAU,STD,,,,
2460561.119447,6.869,0.001,,TG,BDJB,,000-BPZ-046,,X38340VI,SEESTAR S50; 99X10S,0,1.013,Z,-14.582,,,SX PHE,ASSAU,STD,,,,
2460561.120579,6.893,0.001,,TG,BDJB,,000-BPZ-046,,X38340VI,SEESTAR S50; 99X10S,0,1.012,Z,-14.579,,,SX PHE,ASSAU,STD,,,,
2460561.121728,6.914,0.001,,TG,BDJB,,000-BPZ-046,,X38340VI,SEESTAR S50; 99X10S,0,1.011,Z,-14.601,,,SX PHE,ASSAU,STD,,,,
2460561.125562,7.043,0.001,,TG,BDJB,,000-BPZ-046,,X38340VI,SEESTAR S50; 99X10S,0,1.010,Z,-14.592,,,SX PHE,ASSAU,STD,,,,
2460561.127924,7.084,0.001,,TG,BDJB,,000-BPZ-046,,X38340VI,SEESTAR S50; 99X10S,0,1.009,Z,-14.555,,,SX PHE,ASSAU,STD,,,,
2460561.130300,7.166,0.001,,TG,BDJB,,000-BPZ-046,,X38340VI,SEESTAR S50; 99X10S,0,1.008,Z,-14.532,,,SX PHE,ASSAU,STD,,,,
2460561.132342,7.236,0.001,,TG,BDJB,,000-BPZ-046,,X38340VI,SEESTAR S50; 99X10S,0,1.008,Z,-14.544,,,SX PHE,ASSAU,STD,,,,
2460561.137065,7.333,0.001,,TG,BDJB,,000-BPZ-046,,X38340VI,SEESTAR S50; 99X10S,0,1.007,Z,-14.583,,,SX PHE,ASSAU,STD,,,,
2460561.139717,7.349,0.001,,TG,BDJB,,000-BPZ-046,,X38340VI,SEESTAR S50; 99X10S,0,1.007,Z,-14.452,,,SX PHE,ASSAU,STD,,,,
2460561.141981,7.390,0.001,,TG,BDJB,,000-BPZ-046,,X38340VI,SEESTAR S50; 99X10S,0,1.007,Z,-14.549,,,SX PHE,ASSAU,STD,,,,
2460593.03823,7.441,0.0297,,TG,MANO,,ENSEMBLE,?,,ENSEMBLE OF GAIA DR3 STARS ( TRANSFORMED TO JOHNSON-V. ),0,1.009,Z,,9.154,,SX PHE,AAVSO,STD,,,,
2460593.03838,7.455,0.0297,,TG,MANO,,ENSEMBLE,?,,ENSEMBLE OF GAIA DR3 STARS ( TRANSFORMED TO JOHNSON-V. ),0,1.009,Z,,9.154,,SX PHE,AAVSO,STD,,,,
2460593.03853,7.457,0.0297,,TG,MANO,,ENSEMBLE,?,,ENSEMBLE OF GAIA DR3 STARS ( TRANSFORMED TO JOHNSON-V. ),0,1.009,Z,,9.158,,SX PHE,AAVSO,STD,,,,
2460593.04001,7.447,0.0297,,TG,MANO,,ENSEMBLE,?,,ENSEMBLE OF GAIA DR3 STARS ( TRANSFORMED TO JOHNSON-V. ),0,1.009,Z,,9.145,,SX PHE,AAVSO,STD,,,,
2460593.04015,7.401,0.0297,,TG,MANO,,ENSEMBLE,?,,ENSEMBLE OF GAIA DR3 STARS ( TRANSFORMED TO JOHNSON-V. ),0,1.009,Z,,9.121,,SX PHE,AAVSO,STD,,,,
2460593.04144,7.422,0.0297,,TG,MANO,,ENSEMBLE,?,,ENSEMBLE OF GAIA DR3 STARS ( TRANSFORMED TO JOHNSON-V. ),0,1.008,Z,,9.161,,SX PHE,AAVSO,STD,,,,
2460593.04394,7.422,0.0297,,TG,MANO,,ENSEMBLE,?,,ENSEMBLE OF GAIA DR3 STARS ( TRANSFORMED TO JOHNSON-V. ),0,1.008,Z,,9.211,,SX PHE,AAVSO,STD,,,,
2460593.04493,7.382,0.0297,,TG,MANO,,ENSEMBLE,?,,ENSEMBLE OF GAIA DR3 STARS ( TRANSFORMED TO JOHNSON-V. ),0,1.007,Z,,9.155,,SX PHE,AAVSO,STD,,,,
2460593.04937,7.305,0.0297,,TG,MANO,,ENSEMBLE,?,,ENSEMBLE OF GAIA DR3 STARS ( TRANSFORMED TO JOHNSON-V. ),0,1.007,Z,,9.212,,SX PHE,AAVSO,STD,,,,
2460593.05558,7.020,0.0297,,TG,MANO,,ENSEMBLE,?,,ENSEMBLE OF GAIA DR3 STARS ( TRANSFORMED TO JOHNSON-V. ),0,1.007,Z,,9.134,,SX PHE,AAVSO,STD,,,,
2460593.05854,7.032,0.0297,,TG,MANO,,ENSEMBLE,?,,ENSEMBLE OF GAIA DR3 STARS ( TRANSFORMED TO JOHNSON-V. ),0,1.007,Z,,9.159,,SX PHE,AAVSO,STD,,,,
2460593.05896,7.050,0.0297,,TG,MANO,,ENSEMBLE,?,,ENSEMBLE OF GAIA DR3 STARS ( TRANSFORMED TO JOHNSON-V. ),0,1.007,Z,,9.188,,SX PHE,AAVSO,STD,,,,
2460593.05975,7.061,0.0297,,TG,MANO,,ENSEMBLE,?,,ENSEMBLE OF GAIA DR3 STARS ( TRANSFORMED TO JOHNSON-V. ),0,1.007,Z,,9.159,,SX PHE,AAVSO,STD,,,,
2460593.06205,7.026,0.0297,,TG,MANO,,ENSEMBLE,?,,ENSEMBLE OF GAIA DR3 STARS ( TRANSFORMED TO JOHNSON-V. ),0,1.007,Z,,9.173,,SX PHE,AAVSO,STD,,,,
2460593.06219,7.058,0.0297,,TG,MANO,,ENSEMBLE,?,,ENSEMBLE OF GAIA DR3 STARS ( TRANSFORMED TO JOHNSON-V. ),0,1.007,Z,,9.149,,SX PHE,AAVSO,STD,,,,
2460593.06263,7.076,0.0297,,TG,MANO,,ENSEMBLE,?,,ENSEMBLE OF GAIA DR3 STARS ( TRANSFORMED TO JOHNSON-V. ),0,1.008,Z,,9.123,,SX PHE,AAVSO,STD,,,,
2460593.06375,7.085,0.0297,,TG,MANO,,ENSEMBLE,?,,ENSEMBLE OF GAIA DR3 STARS ( TRANSFORMED TO JOHNSON-V. ),0,1.008,Z,,9.178,,SX PHE,AAVSO,STD,,,,
2460593.06391,7.075,0.0297,,TG,MANO,,ENSEMBLE,?,,ENSEMBLE OF GAIA DR3 STARS ( TRANSFORMED TO JOHNSON-V. ),0,1.008,Z,,9.131,,SX PHE,AAVSO,STD,,,,
2460593.06551,7.150,0.0297,,TG,MANO,,ENSEMBLE,?,,ENSEMBLE OF GAIA DR3 STARS ( TRANSFORMED TO JOHNSON-V. ),0,1.008,Z,,9.165,,SX PHE,AAVSO,STD,,,,
2460593.06567,7.140,0.0297,,TG,MANO,,ENSEMBLE,?,,ENSEMBLE OF GAIA DR3 STARS ( TRANSFORMED TO JOHNSON-V. ),0,1.008,Z,,9.165,,SX PHE,AAVSO,STD,,,,
2460593.06583,7.139,0.0297,,TG,MANO,,ENSEMBLE,?,,ENSEMBLE OF GAIA DR3 STARS ( TRANSFORMED TO JOHNSON-V. ),0,1.008,Z,,9.131,,SX PHE,AAVSO,STD,,,,
2460593.06992,7.227,0.0297,,TG,MANO,,ENSEMBLE,?,,ENSEMBLE OF GAIA DR3 STARS ( TRANSFORMED TO JOHNSON-V. ),0,1.010,Z,,9.168,,SX PHE,AAVSO,STD,,,,
2460593.07008,7.219,0.0297,,TG,MANO,,ENSEMBLE,?,,ENSEMBLE OF GAIA DR3 STARS ( TRANSFORMED TO JOHNSON-V. ),0,1.010,Z,,9.146,,SX PHE,AAVSO,STD,,,,
2460593.07024,7.290,0.0297,,TG,MANO,,ENSEMBLE,?,,ENSEMBLE OF GAIA DR3 STARS ( TRANSFORMED TO JOHNSON-V. ),0,1.010,Z,,9.161,,SX PHE,AAVSO,STD,,,,
2460593.07040,7.297,0.0297,,TG,MANO,,ENSEMBLE,?,,ENSEMBLE OF GAIA DR3 STARS ( TRANSFORMED TO JOHNSON-V. ),0,1.010,Z,,9.176,,SX PHE,AAVSO,STD,,,,
2460593.07056,7.230,0.0297,,TG,MANO,,ENSEMBLE,?,,ENSEMBLE OF GAIA DR3 STARS ( TRANSFORMED TO JOHNSON-V. ),0,1.010,Z,,9.173,,SX PHE,AAVSO,STD,,,,
2460593.07198,7.249,0.0297,,TG,MANO,,ENSEMBLE,?,,ENSEMBLE OF GAIA DR3 STARS ( TRANSFORMED TO JOHNSON-V. ),0,1.011,Z,,9.125,,SX PHE,AAVSO,STD,,,,
2460593.07214,7.337,0.0297,,TG,MANO,,ENSEMBLE,?,,ENSEMBLE OF GAIA DR3 STARS ( TRANSFORMED TO JOHNSON-V. ),0,1.011,Z,,9.174,,SX PHE,AAVSO,STD,,,,
2460593.07231,7.326,0.0297,,TG,MANO,,ENSEMBLE,?,,ENSEMBLE OF GAIA DR3 STARS ( TRANSFORMED TO JOHNSON-V. ),0,1.011,Z,,9.171,,SX PHE,AAVSO,STD,,,,
2460593.07247,7.320,0.0297,,TG,MANO,,ENSEMBLE,?,,ENSEMBLE OF GAIA DR3 STARS ( TRANSFORMED TO JOHNSON-V. ),0,1.011,Z,,9.148,,SX PHE,AAVSO,STD,,,,
2460593.07377,7.304,0.0297,,TG,MANO,,ENSEMBLE,?,,ENSEMBLE OF GAIA DR3 STARS ( TRANSFORMED TO JOHNSON-V. ),0,1.012,Z,,9.123,,SX PHE,AAVSO,STD,,,,
2460593.07394,7.314,0.0297,,TG,MANO,,ENSEMBLE,?,,ENSEMBLE OF GAIA DR3 STARS ( TRANSFORMED TO JOHNSON-V. ),0,1.012,Z,,9.151,,SX PHE,AAVSO,STD,,,,
2460593.07410,7.363,0.0297,,TG,MANO,,ENSEMBLE,?,,ENSEMBLE OF GAIA DR3 STARS ( TRANSFORMED TO JOHNSON-V. ),0,1.012,Z,,9.180,,SX PHE,AAVSO,STD,,,,
2460593.07426,7.345,0.0297,,TG,MANO,,ENSEMBLE,?,,ENSEMBLE OF GAIA DR3 STARS ( TRANSFORMED TO JOHNSON-V. ),0,1.011,Z,,9.131,,SX PHE,AAVSO,STD,,,,
2460593.07557,7.280,0.0297,,TG,MANO,,ENSEMBLE,?,,ENSEMBLE OF GAIA DR3 STARS ( TRANSFORMED TO JOHNSON-V. ),0,1.013,Z,,9.088,,SX PHE,AAVSO,STD,,,,
2460593.07574,7.358,0.0297,,TG,MANO,,ENSEMBLE,?,,ENSEMBLE OF GAIA DR3 STARS ( TRANSFORMED TO JOHNSON-V. ),0,1.013,Z,,9.184,,SX PHE,AAVSO,STD,,,,
2460593.07590,7.349,0.0297,,TG,MANO,,ENSEMBLE,?,,ENSEMBLE OF GAIA DR3 STARS ( TRANSFORMED TO JOHNSON-V. ),0,1.013,Z,,9.152,,SX PHE,AAVSO,STD,,,,
2460593.07606,7.375,0.0297,,TG,MANO,,ENSEMBLE,?,,ENSEMBLE OF GAIA DR3 STARS ( TRANSFORMED TO JOHNSON-V. ),0,1.013,Z,,9.217,,SX PHE,AAVSO,STD,,,,
2460593.07622,7.348,0.0297,,TG,MANO,,ENSEMBLE,?,,ENSEMBLE OF GAIA DR3 STARS ( TRANSFORMED TO JOHNSON-V. ),0,1.013,Z,,9.164,,SX PHE,AAVSO,STD,,,,
2460593.07638,7.349,0.0297,,TG,MANO,,ENSEMBLE,?,,ENSEMBLE OF GAIA DR3 STARS ( TRANSFORMED TO JOHNSON-V. ),0,1.013,Z,,9.170,,SX PHE,AAVSO,STD,,,,
2460593.07750,7.369,0.0297,,TG,MANO,,ENSEMBLE,?,,ENSEMBLE OF GAIA DR3 STARS ( TRANSFORMED TO JOHNSON-V. ),0,1.014,Z,,9.191,,SX PHE,AAVSO,STD,,,,
2460593.07766,7.418,0.0297,,TG,MANO,,ENSEMBLE,?,,ENSEMBLE OF GAIA DR3 STARS ( TRANSFORMED TO JOHNSON-V. ),0,1.014,Z,,9.171,,SX PHE,AAVSO,STD,,,,
2460593.07783,7.389,0.0297,,TG,MANO,,ENSEMBLE,?,,ENSEMBLE OF GAIA DR3 STARS ( TRANSFORMED TO JOHNSON-V. ),0,1.014,Z,,9.162,,SX PHE,AAVSO,STD,,,,
2460593.07799,7.383,0.0297,,TG,MANO,,ENSEMBLE,?,,ENSEMBLE OF GAIA DR3 STARS ( TRANSFORMED TO JOHNSON-V. ),0,1.014,Z,,9.131,,SX PHE,AAVSO,STD,,,,
2460593.07815,7.368,0.0297,,TG,MANO,,ENSEMBLE,?,,ENSEMBLE OF GAIA DR3 STARS ( TRANSFORMED TO JOHNSON-V. ),0,1.014,Z,,9.179,,SX PHE,AAVSO,STD,,,,
2460593.07832,7.365,0.0297,,TG,MANO,,ENSEMBLE,?,,ENSEMBLE OF GAIA DR3 STARS ( TRANSFORMED TO JOHNSON-V. ),0,1.014,Z,,9.184,,SX PHE,AAVSO,STD,,,,
2460593.07848,7.383,0.0297,,TG,MANO,,ENSEMBLE,?,,ENSEMBLE OF GAIA DR3 STARS ( TRANSFORMED TO JOHNSON-V. ),0,1.014,Z,,9.158,,SX PHE,AAVSO,STD,,,,
2460593.07897,7.372,0.0297,,TG,MANO,,ENSEMBLE,?,,ENSEMBLE OF GAIA DR3 STARS ( TRANSFORMED TO JOHNSON-V. ),0,1.014,Z,,9.175,,SX PHE,AAVSO,STD,,,,
2460593.07960,7.346,0.0297,,TG,MANO,,ENSEMBLE,?,,ENSEMBLE OF GAIA DR3 STARS ( TRANSFORMED TO JOHNSON-V. ),0,1.015,Z,,9.132,,SX PHE,AAVSO,STD,,,,
2460593.07976,7.398,0.0297,,TG,MANO,,ENSEMBLE,?,,ENSEMBLE OF GAIA DR3 STARS ( TRANSFORMED TO JOHNSON-V. ),0,1.015,Z,,9.124,,SX PHE,AAVSO,STD,,,,
2460593.07992,7.443,0.0297,,TG,MANO,,ENSEMBLE,?,,ENSEMBLE OF GAIA DR3 STARS ( TRANSFORMED TO JOHNSON-V. ),0,1.015,Z,,9.170,,SX PHE,AAVSO,STD,,,,
2460593.08008,7.379,0.0297,,TG,MANO,,ENSEMBLE,?,,ENSEMBLE OF GAIA DR3 STARS ( TRANSFORMED TO JOHNSON-V. ),0,1.015,Z,,9.150,,SX PHE,AAVSO,STD,,,,
2460593.08024,7.381,0.0297,,TG,MANO,,ENSEMBLE,?,,ENSEMBLE OF GAIA DR3 STARS ( TRANSFORMED TO JOHNSON-V. ),0,1.015,Z,,9.111,,SX PHE,AAVSO,STD,,,,
2460593.08040,7.389,0.0297,,TG,MANO,,ENSEMBLE,?,,ENSEMBLE OF GAIA DR3 STARS ( TRANSFORMED TO JOHNSON-V. ),0,1.015,Z,,9.203,,SX PHE,AAVSO,STD,,,,
2460593.08056,7.425,0.0297,,TG,MANO,,ENSEMBLE,?,,ENSEMBLE OF GAIA DR3 STARS ( TRANSFORMED TO JOHNSON-V. ),0,1.015,Z,,9.172,,SX PHE,AAVSO,STD,,,,
2460593.08072,7.390,0.0297,,TG,MANO,,ENSEMBLE,?,,ENSEMBLE OF GAIA DR3 STARS ( TRANSFORMED TO JOHNSON-V. ),0,1.015,Z,,9.098,,SX PHE,AAVSO,STD,,,,
2460593.08088,7.430,0.0297,,TG,MANO,,ENSEMBLE,?,,ENSEMBLE OF GAIA DR3 STARS ( TRANSFORMED TO JOHNSON-V. ),0,1.015,Z,,9.154,,SX PHE,AAVSO,STD,,,,
2460593.08124,7.438,0.0297,,TG,MANO,,ENSEMBLE,?,,ENSEMBLE OF GAIA DR3 STARS ( TRANSFORMED TO JOHNSON-V. ),0,1.016,Z,,9.121,,SX PHE,AAVSO,STD,,,,
2460593.08139,7.400,0.0297,,TG,MANO,,ENSEMBLE,?,,ENSEMBLE OF GAIA DR3 STARS ( TRANSFORMED TO JOHNSON-V. ),0,1.016,Z,,9.179,,SX PHE,AAVSO,STD,,,,
2460593.08204,7.384,0.0297,,TG,MANO,,ENSEMBLE,?,,ENSEMBLE OF GAIA DR3 STARS ( TRANSFORMED TO JOHNSON-V. ),0,1.017,Z,,9.116,,SX PHE,AAVSO,STD,,,,
2460593.08220,7.440,0.0297,,TG,MANO,,ENSEMBLE,?,,ENSEMBLE OF GAIA DR3 STARS ( TRANSFORMED TO JOHNSON-V. ),0,1.017,Z,,9.155,,SX PHE,AAVSO,STD,,,,
2460593.08236,7.419,0.0297,,TG,MANO,,ENSEMBLE,?,,ENSEMBLE OF GAIA DR3 STARS ( TRANSFORMED TO JOHNSON-V. ),0,1.017,Z,,9.186,,SX PHE,AAVSO,STD,,,,
2460593.08252,7.412,0.0297,,TG,MANO,,ENSEMBLE,?,,ENSEMBLE OF GAIA DR3 STARS ( TRANSFORMED TO JOHNSON-V. ),0,1.016,Z,,9.173,,SX PHE,AAVSO,STD,,,,
2460593.08303,7.437,0.0297,,TG,MANO,,ENSEMBLE,?,,ENSEMBLE OF GAIA DR3 STARS ( TRANSFORMED TO JOHNSON-V. ),0,1.017,Z,,9.171,,SX PHE,AAVSO,STD,,,,
2460593.08366,7.442,0.0297,,TG,MANO,,ENSEMBLE,?,,ENSEMBLE OF GAIA DR3 STARS ( TRANSFORMED TO JOHNSON-V. ),0,1.018,Z,,9.193,,SX PHE,AAVSO,STD,,,,
2460593.08382,7.358,0.0297,,TG,MANO,,ENSEMBLE,?,,ENSEMBLE OF GAIA DR3 STARS ( TRANSFORMED TO JOHNSON-V. ),0,1.018,Z,,9.126,,SX PHE,AAVSO,STD,,,,
2460593.08398,7.377,0.0297,,TG,MANO,,ENSEMBLE,?,,ENSEMBLE OF GAIA DR3 STARS ( TRANSFORMED TO JOHNSON-V. ),0,1.018,Z,,9.132,,SX PHE,AAVSO,STD,,,,
2460593.08415,7.392,0.0297,,TG,MANO,,ENSEMBLE,?,,ENSEMBLE OF GAIA DR3 STARS ( TRANSFORMED TO JOHNSON-V. ),0,1.018,Z,,9.133,,SX PHE,AAVSO,STD,,,,
2460593.08431,7.440,0.0297,,TG,MANO,,ENSEMBLE,?,,ENSEMBLE OF GAIA DR3 STARS ( TRANSFORMED TO JOHNSON-V. ),0,1.018,Z,,9.200,,SX PHE,AAVSO,STD,,,,
2460593.08447,7.388,0.0297,,TG,MANO,,ENSEMBLE,?,,ENSEMBLE OF GAIA DR3 STARS ( TRANSFORMED TO JOHNSON-V. ),0,1.018,Z,,9.105,,SX PHE,AAVSO,STD,,,,
2460593.08463,7.413,0.0297,,TG,MANO,,ENSEMBLE,?,,ENSEMBLE OF GAIA DR3 STARS ( TRANSFORMED TO JOHNSON-V. ),0,1.018,Z,,9.144,,SX PHE,AAVSO,STD,,,,
2460593.08479,7.446,0.0297,,TG,MANO,,ENSEMBLE,?,,ENSEMBLE OF GAIA DR3 STARS ( TRANSFORMED TO JOHNSON-V. ),0,1.019,Z,,9.187,,SX PHE,AAVSO,STD,,,,
2460593.08495,7.426,0.0297,,TG,MANO,,ENSEMBLE,?,,ENSEMBLE OF GAIA DR3 STARS ( TRANSFORMED TO JOHNSON-V. ),0,1.019,Z,,9.130,,SX PHE,AAVSO,STD,,,,
2460593.08511,7.473,0.0297,,TG,MANO,,ENSEMBLE,?,,ENSEMBLE OF GAIA DR3 STARS ( TRANSFORMED TO JOHNSON-V. ),0,1.018,Z,,9.181,,SX PHE,AAVSO,STD,,,,
2460593.08528,7.449,0.0297,,TG,MANO,,ENSEMBLE,?,,ENSEMBLE OF GAIA DR3 STARS ( TRANSFORMED TO JOHNSON-V. ),0,1.018,Z,,9.156,,SX PHE,AAVSO,STD,,,,
2460593.08560,7.410,0.0297,,TG,MANO,,ENSEMBLE,?,,ENSEMBLE OF GAIA DR3 STARS ( TRANSFORMED TO JOHNSON-V. ),0,1.019,Z,,9.098,,SX PHE,AAVSO,STD,,,,
2460593.08574,7.473,0.0297,,TG,MANO,,ENSEMBLE,?,,ENSEMBLE OF GAIA DR3 STARS ( TRANSFORMED TO JOHNSON-V. ),0,1.019,Z,,9.137,,SX PHE,AAVSO,STD,,,,
2460593.08623,7.442,0.0297,,TG,MANO,,ENSEMBLE,?,,ENSEMBLE OF GAIA DR3 STARS ( TRANSFORMED TO JOHNSON-V. ),0,1.020,Z,,9.167,,SX PHE,AAVSO,STD,,,,
2460593.08639,7.474,0.0297,,TG,MANO,,ENSEMBLE,?,,ENSEMBLE OF GAIA DR3 STARS ( TRANSFORMED TO JOHNSON-V. ),0,1.020,Z,,9.174,,SX PHE,AAVSO,STD,,,,
2460593.08655,7.478,0.0297,,TG,MANO,,ENSEMBLE,?,,ENSEMBLE OF GAIA DR3 STARS ( TRANSFORMED TO JOHNSON-V. ),0,1.020,Z,,9.175,,SX PHE,AAVSO,STD,,,,
2460593.08672,7.462,0.0297,,TG,MANO,,ENSEMBLE,?,,ENSEMBLE OF GAIA DR3 STARS ( TRANSFORMED TO JOHNSON-V. ),0,1.020,Z,,9.205,,SX PHE,AAVSO,STD,,,,
2460593.08688,7.468,0.0297,,TG,MANO,,ENSEMBLE,?,,ENSEMBLE OF GAIA DR3 STARS ( TRANSFORMED TO JOHNSON-V. ),0,1.020,Z,,9.120,,SX PHE,AAVSO,STD,,,,
2460593.08704,7.496,0.0297,,TG,MANO,,ENSEMBLE,?,,ENSEMBLE OF GAIA DR3 STARS ( TRANSFORMED TO JOHNSON-V. ),0,1.020,Z,,9.155,,SX PHE,AAVSO,STD,,,,
2460593.08721,7.425,0.0297,,TG,MANO,,ENSEMBLE,?,,ENSEMBLE OF GAIA DR3 STARS ( TRANSFORMED TO JOHNSON-V. ),0,1.020,Z,,9.156,,SX PHE,AAVSO,STD,,,,
2460593.08771,7.420,0.0297,,TG,MANO,,ENSEMBLE,?,,ENSEMBLE OF GAIA DR3 STARS ( TRANSFORMED TO JOHNSON-V. ),0,1.021,Z,,9.146,,SX PHE,AAVSO,STD,,,,
2460593.08785,7.481,0.0297,,TG,MANO,,ENSEMBLE,?,,ENSEMBLE OF GAIA DR3 STARS ( TRANSFORMED TO JOHNSON-V. ),0,1.021,Z,,9.172,,SX PHE,AAVSO,STD,,,,
2460593.08834,7.446,0.0297,,TG,MANO,,ENSEMBLE,?,,ENSEMBLE OF GAIA DR3 STARS ( TRANSFORMED TO JOHNSON-V. ),0,1.022,Z,,9.116,,SX PHE,AAVSO,STD,,,,
2460593.08850,7.472,0.0297,,TG,MANO,,ENSEMBLE,?,,ENSEMBLE OF GAIA DR3 STARS ( TRANSFORMED TO JOHNSON-V. ),0,1.022,Z,,9.152,,SX PHE,AAVSO,STD,,,,
2460593.08866,7.479,0.0297,,TG,MANO,,ENSEMBLE,?,,ENSEMBLE OF GAIA DR3 STARS ( TRANSFORMED TO JOHNSON-V. ),0,1.022,Z,,9.162,,SX PHE,AAVSO,STD,,,,
2460593.08882,7.469,0.0297,,TG,MANO,,ENSEMBLE,?,,ENSEMBLE OF GAIA DR3 STARS ( TRANSFORMED TO JOHNSON-V. ),0,1.022,Z,,9.121,,SX PHE,AAVSO,STD,,,,
2460593.08898,7.500,0.0297,,TG,MANO,,ENSEMBLE,?,,ENSEMBLE OF GAIA DR3 STARS ( TRANSFORMED TO JOHNSON-V. ),0,1.022,Z,,9.150,,SX PHE,AAVSO,STD,,,,
2460593.08914,7.464,0.0297,,TG,MANO,,ENSEMBLE,?,,ENSEMBLE OF GAIA DR3 STARS ( TRANSFORMED TO JOHNSON-V. ),0,1.022,Z,,9.144,,SX PHE,AAVSO,STD,,,,
2460593.08961,7.493,0.0297,,TG,MANO,,ENSEMBLE,?,,ENSEMBLE OF GAIA DR3 STARS ( TRANSFORMED TO JOHNSON-V. ),0,1.022,Z,,9.168,,SX PHE,AAVSO,STD,,,,
2460593.08975,7.415,0.0297,,TG,MANO,,ENSEMBLE,?,,ENSEMBLE OF GAIA DR3 STARS ( TRANSFORMED TO JOHNSON-V. ),0,1.023,Z,,9.098,,SX PHE,AAVSO,STD,,,,
2460593.09025,7.498,0.0297,,TG,MANO,,ENSEMBLE,?,,ENSEMBLE OF GAIA DR3 STARS ( TRANSFORMED TO JOHNSON-V. ),0,1.023,Z,,9.165,,SX PHE,AAVSO,STD,,,,
2460593.09041,7.469,0.0297,,TG,MANO,,ENSEMBLE,?,,ENSEMBLE OF GAIA DR3 STARS ( TRANSFORMED TO JOHNSON-V. ),0,1.023,Z,,9.182,,SX PHE,AAVSO,STD,,,,
2460593.09058,7.479,0.0297,,TG,MANO,,ENSEMBLE,?,,ENSEMBLE OF GAIA DR3 STARS ( TRANSFORMED TO JOHNSON-V. ),0,1.023,Z,,9.152,,SX PHE,AAVSO,STD,,,,
2460593.09074,7.488,0.0297,,TG,MANO,,ENSEMBLE,?,,ENSEMBLE OF GAIA DR3 STARS ( TRANSFORMED TO JOHNSON-V. ),0,1.023,Z,,9.193,,SX PHE,AAVSO,STD,,,,
2460593.09090,7.460,0.0297,,TG,MANO,,ENSEMBLE,?,,ENSEMBLE OF GAIA DR3 STARS ( TRANSFORMED TO JOHNSON-V. ),0,1.023,Z,,9.134,,SX PHE,AAVSO,STD,,,,
2460593.09140,7.452,0.0297,,TG,MANO,,ENSEMBLE,?,,ENSEMBLE OF GAIA DR3 STARS ( TRANSFORMED TO JOHNSON-V. ),0,1.024,Z,,9.162,,SX PHE,AAVSO,STD,,,,
2460593.09154,7.447,0.0297,,TG,MANO,,ENSEMBLE,?,,ENSEMBLE OF GAIA DR3 STARS ( TRANSFORMED TO JOHNSON-V. ),0,1.024,Z,,9.144,,SX PHE,AAVSO,STD,,,,
2460593.09199,7.463,0.0297,,TG,MANO,,ENSEMBLE,?,,ENSEMBLE OF GAIA DR3 STARS ( TRANSFORMED TO JOHNSON-V. ),0,1.025,Z,,9.183,,SX PHE,AAVSO,STD,,,,
2460593.09215,7.465,0.0297,,TG,MANO,,ENSEMBLE,?,,ENSEMBLE OF GAIA DR3 STARS ( TRANSFORMED TO JOHNSON-V. ),0,1.025,Z,,9.160,,SX PHE,AAVSO,STD,,,,
2460593.09231,7.453,0.0297,,TG,MANO,,ENSEMBLE,?,,ENSEMBLE OF GAIA DR3 STARS ( TRANSFORMED TO JOHNSON-V. ),0,1.025,Z,,9.148,,SX PHE,AAVSO,STD,,,,
2460593.09248,7.450,0.0297,,TG,MANO,,ENSEMBLE,?,,ENSEMBLE OF GAIA DR3 STARS ( TRANSFORMED TO JOHNSON-V. ),0,1.025,Z,,9.159,,SX PHE,AAVSO,STD,,,,
2460593.09264,7.473,0.0297,,TG,MANO,,ENSEMBLE,?,,ENSEMBLE OF GAIA DR3 STARS ( TRANSFORMED TO JOHNSON-V. ),0,1.026,Z,,9.174,,SX PHE,AAVSO,STD,,,,
2460593.09280,7.493,0.0297,,TG,MANO,,ENSEMBLE,?,,ENSEMBLE OF GAIA DR3 STARS ( TRANSFORMED TO JOHNSON-V. ),0,1.026,Z,,9.173,,SX PHE,AAVSO,STD,,,,
2460593.09296,7.438,0.0297,,TG,MANO,,ENSEMBLE,?,,ENSEMBLE OF GAIA DR3 STARS ( TRANSFORMED TO JOHNSON-V. ),0,1.026,Z,,9.170,,SX PHE,AAVSO,STD,,,,
2460593.09313,7.479,0.0297,,TG,MANO,,ENSEMBLE,?,,ENSEMBLE OF GAIA DR3 STARS ( TRANSFORMED TO JOHNSON-V. ),0,1.026,Z,,9.172,,SX PHE,AAVSO,STD,,,,
2460593.09377,7.475,0.0297,,TG,MANO,,ENSEMBLE,?,,ENSEMBLE OF GAIA DR3 STARS ( TRANSFORMED TO JOHNSON-V. ),0,1.026,Z,,9.163,,SX PHE,AAVSO,STD,,,,
2460593.09391,7.448,0.0297,,TG,MANO,,ENSEMBLE,?,,ENSEMBLE OF GAIA DR3 STARS ( TRANSFORMED TO JOHNSON-V. ),0,1.027,Z,,9.159,,SX PHE,AAVSO,STD,,,,
2460593.09436,7.445,0.0297,,TG,MANO,,ENSEMBLE,?,,ENSEMBLE OF GAIA DR3 STARS ( TRANSFORMED TO JOHNSON-V. ),0,1.027,Z,,9.194,,SX PHE,AAVSO,STD,,,,
2460593.09453,7.474,0.0297,,TG,MANO,,ENSEMBLE,?,,ENSEMBLE OF GAIA DR3 STARS ( TRANSFORMED TO JOHNSON-V. ),0,1.027,Z,,9.175,,SX PHE,AAVSO,STD,,,,
2460593.09469,7.490,0.0297,,TG,MANO,,ENSEMBLE,?,,ENSEMBLE OF GAIA DR3 STARS ( TRANSFORMED TO JOHNSON-V. ),0,1.028,Z,,9.174,,SX PHE,AAVSO,STD,,,,
2460593.09485,7.437,0.0297,,TG,MANO,,ENSEMBLE,?,,ENSEMBLE OF GAIA DR3 STARS ( TRANSFORMED TO JOHNSON-V. ),0,1.028,Z,,9.154,,SX PHE,AAVSO,STD,,,,
2460593.09502,7.487,0.0297,,TG,MANO,,ENSEMBLE,?,,ENSEMBLE OF GAIA DR3 STARS ( TRANSFORMED TO JOHNSON-V. ),0,1.028,Z,,9.150,,SX PHE,AAVSO,STD,,,,
2460593.09517,7.453,0.0297,,TG,MANO,,ENSEMBLE,?,,ENSEMBLE OF GAIA DR3 STARS ( TRANSFORMED TO JOHNSON-V. ),0,1.028,Z,,9.176,,SX PHE,AAVSO,STD,,,,
2460593.09534,7.472,0.0297,,TG,MANO,,ENSEMBLE,?,,ENSEMBLE OF GAIA DR3 STARS ( TRANSFORMED TO JOHNSON-V. ),0,1.028,Z,,9.177,,SX PHE,AAVSO,STD,,,,
2460593.09702,7.408,0.0297,,TG,MANO,,ENSEMBLE,?,,ENSEMBLE OF GAIA DR3 STARS ( TRANSFORMED TO JOHNSON-V. ),0,1.030,Z,,9.154,,SX PHE,AAVSO,STD,,,,
2460593.09718,7.451,0.0297,,TG,MANO,,ENSEMBLE,?,,ENSEMBLE OF GAIA DR3 STARS ( TRANSFORMED TO JOHNSON-V. ),0,1.030,Z,,9.180,,SX PHE,AAVSO,STD,,,,
2460593.09734,7.438,0.0297,,TG,MANO,,ENSEMBLE,?,,ENSEMBLE OF GAIA DR3 STARS ( TRANSFORMED TO JOHNSON-V. ),0,1.031,Z,,9.166,,SX PHE,AAVSO,STD,,,,
2460593.09750,7.442,0.0297,,TG,MANO,,ENSEMBLE,?,,ENSEMBLE OF GAIA DR3 STARS ( TRANSFORMED TO JOHNSON-V. ),0,1.031,Z,,9.160,,SX PHE,AAVSO,STD,,,,
2460593.09767,7.375,0.0297,,TG,MANO,,ENSEMBLE,?,,ENSEMBLE OF GAIA DR3 STARS ( TRANSFORMED TO JOHNSON-V. ),0,1.031,Z,,9.122,,SX PHE,AAVSO,STD,,,,
2460593.09877,7.391,0.0297,,TG,MANO,,ENSEMBLE,?,,ENSEMBLE OF GAIA DR3 STARS ( TRANSFORMED TO JOHNSON-V. ),0,1.032,Z,,9.111,,SX PHE,AAVSO,STD,,,,
2460593.09893,7.432,0.0297,,TG,MANO,,ENSEMBLE,?,,ENSEMBLE OF GAIA DR3 STARS ( TRANSFORMED TO JOHNSON-V. ),0,1.032,Z,,9.200,,SX PHE,AAVSO,STD,,,,
2460593.09909,7.426,0.0297,,TG,MANO,,ENSEMBLE,?,,ENSEMBLE OF GAIA DR3 STARS ( TRANSFORMED TO JOHNSON-V. ),0,1.032,Z,,9.135,,SX PHE,AAVSO,STD,,,,
2460593.09941,7.369,0.0297,,TG,MANO,,ENSEMBLE,?,,ENSEMBLE OF GAIA DR3 STARS ( TRANSFORMED TO JOHNSON-V. ),0,1.032,Z,,9.140,,SX PHE,AAVSO,STD,,,,
2460593.09956,7.403,0.0297,,TG,MANO,,ENSEMBLE,?,,ENSEMBLE OF GAIA DR3 STARS ( TRANSFORMED TO JOHNSON-V. ),0,1.033,Z,,9.139,,SX PHE,AAVSO,STD,,,,
2460593.10037,7.381,0.0297,,TG,MANO,,ENSEMBLE,?,,ENSEMBLE OF GAIA DR3 STARS ( TRANSFORMED TO JOHNSON-V. ),0,1.034,Z,,9.212,,SX PHE,AAVSO,STD,,,,
2460593.10053,7.337,0.0297,,TG,MANO,,ENSEMBLE,?,,ENSEMBLE OF GAIA DR3 STARS ( TRANSFORMED TO JOHNSON-V. ),0,1.034,Z,,9.149,,SX PHE,AAVSO,STD,,,,
2460593.10069,7.348,0.0297,,TG,MANO,,ENSEMBLE,?,,ENSEMBLE OF GAIA DR3 STARS ( TRANSFORMED TO JOHNSON-V. ),0,1.034,Z,,9.132,,SX PHE,AAVSO,STD,,,,
2460593.10369,7.215,0.0297,,TG,MANO,,ENSEMBLE,?,,ENSEMBLE OF GAIA DR3 STARS ( TRANSFORMED TO JOHNSON-V. ),0,1.038,Z,,9.128,,SX PHE,AAVSO,STD,,,,
2460593.10386,7.188,0.0297,,TG,MANO,,ENSEMBLE,?,,ENSEMBLE OF GAIA DR3 STARS ( TRANSFORMED TO JOHNSON-V. ),0,1.038,Z,,9.166,,SX PHE,AAVSO,STD,,,,
2460593.10402,7.229,0.0297,,TG,MANO,,ENSEMBLE,?,,ENSEMBLE OF GAIA DR3 STARS ( TRANSFORMED TO JOHNSON-V. ),0,1.038,Z,,9.186,,SX PHE,AAVSO,STD,,,,
2460593.10494,7.103,0.0297,,TG,MANO,,ENSEMBLE,?,,ENSEMBLE OF GAIA DR3 STARS ( TRANSFORMED TO JOHNSON-V. ),0,1.040,Z,,9.088,,SX PHE,AAVSO,STD,,,,
2460593.10511,7.139,0.0297,,TG,MANO,,ENSEMBLE,?,,ENSEMBLE OF GAIA DR3 STARS ( TRANSFORMED TO JOHNSON-V. ),0,1.040,Z,,9.132,,SX PHE,AAVSO,STD,,,,
2460593.10527,7.081,0.0297,,TG,MANO,,ENSEMBLE,?,,ENSEMBLE OF GAIA DR3 STARS ( TRANSFORMED TO JOHNSON-V. ),0,1.040,Z,,9.178,,SX PHE,AAVSO,STD,,,,
2460593.10543,7.033,0.0297,,TG,MANO,,ENSEMBLE,?,,ENSEMBLE OF GAIA DR3 STARS ( TRANSFORMED TO JOHNSON-V. ),0,1.039,Z,,9.148,,SX PHE,AAVSO,STD,,,,
2460593.10665,6.912,0.0297,,TG,MANO,,ENSEMBLE,?,,ENSEMBLE OF GAIA DR3 STARS ( TRANSFORMED TO JOHNSON-V. ),0,1.042,Z,,9.192,,SX PHE,AAVSO,STD,,,,
2460593.10682,6.937,0.0297,,TG,MANO,,ENSEMBLE,?,,ENSEMBLE OF GAIA DR3 STARS ( TRANSFORMED TO JOHNSON-V. ),0,1.042,Z,,9.197,,SX PHE,AAVSO,STD,,,,
2460593.10698,6.912,0.0297,,TG,MANO,,ENSEMBLE,?,,ENSEMBLE OF GAIA DR3 STARS ( TRANSFORMED TO JOHNSON-V. ),0,1.042,Z,,9.151,,SX PHE,AAVSO,STD,,,,
2460593.10714,6.978,0.0297,,TG,MANO,,ENSEMBLE,?,,ENSEMBLE OF GAIA DR3 STARS ( TRANSFORMED TO JOHNSON-V. ),0,1.042,Z,,9.204,,SX PHE,AAVSO,STD,,,,
2460593.10840,6.876,0.0297,,TG,MANO,,ENSEMBLE,?,,ENSEMBLE OF GAIA DR3 STARS ( TRANSFORMED TO JOHNSON-V. ),0,1.044,Z,,9.146,,SX PHE,AAVSO,STD,,,,
2460593.10856,6.852,0.0297,,TG,MANO,,ENSEMBLE,?,,ENSEMBLE OF GAIA DR3 STARS ( TRANSFORMED TO JOHNSON-V. ),0,1.044,Z,,9.190,,SX PHE,AAVSO,STD,,,,
2460593.10872,6.899,0.0297,,TG,MANO,,ENSEMBLE,?,,ENSEMBLE OF GAIA DR3 STARS ( TRANSFORMED TO JOHNSON-V. ),0,1.044,Z,,9.130,,SX PHE,AAVSO,STD,,,,
2460593.10888,6.894,0.0297,,TG,MANO,,ENSEMBLE,?,,ENSEMBLE OF GAIA DR3 STARS ( TRANSFORMED TO JOHNSON-V. ),0,1.044,Z,,9.179,,SX PHE,AAVSO,STD,,,,
2460593.11022,6.871,0.0297,,TG,MANO,,ENSEMBLE,?,,ENSEMBLE OF GAIA DR3 STARS ( TRANSFORMED TO JOHNSON-V. ),0,1.047,Z,,9.175,,SX PHE,AAVSO,STD,,,,
2460593.11038,6.858,0.0297,,TG,MANO,,ENSEMBLE,?,,ENSEMBLE OF GAIA DR3 STARS ( TRANSFORMED TO JOHNSON-V. ),0,1.047,Z,,9.130,,SX PHE,AAVSO,STD,,,,
2460593.11054,6.835,0.0297,,TG,MANO,,ENSEMBLE,?,,ENSEMBLE OF GAIA DR3 STARS ( TRANSFORMED TO JOHNSON-V. ),0,1.047,Z,,9.165,,SX PHE,AAVSO,STD,,,,
2460593.11070,6.857,0.0297,,TG,MANO,,ENSEMBLE,?,,ENSEMBLE OF GAIA DR3 STARS ( TRANSFORMED TO JOHNSON-V. ),0,1.047,Z,,9.169,,SX PHE,AAVSO,STD,,,,
2460593.11192,6.840,0.0297,,TG,MANO,,ENSEMBLE,?,,ENSEMBLE OF GAIA DR3 STARS ( TRANSFORMED TO JOHNSON-V. ),0,1.049,Z,,9.106,,SX PHE,AAVSO,STD,,,,
2460593.11208,6.900,0.0297,,TG,MANO,,ENSEMBLE,?,,ENSEMBLE OF GAIA DR3 STARS ( TRANSFORMED TO JOHNSON-V. ),0,1.050,Z,,9.192,,SX PHE,AAVSO,STD,,,,
2460593.11225,6.918,0.0297,,TG,MANO,,ENSEMBLE,?,,ENSEMBLE OF GAIA DR3 STARS ( TRANSFORMED TO JOHNSON-V. ),0,1.049,Z,,9.164,,SX PHE,AAVSO,STD,,,,
2460593.11365,6.933,0.0297,,TG,MANO,,ENSEMBLE,?,,ENSEMBLE OF GAIA DR3 STARS ( TRANSFORMED TO JOHNSON-V. ),0,1.052,Z,,9.175,,SX PHE,AAVSO,STD,,,,
2460593.11381,6.942,0.0297,,TG,MANO,,ENSEMBLE,?,,ENSEMBLE OF GAIA DR3 STARS ( TRANSFORMED TO JOHNSON-V. ),0,1.052,Z,,9.155,,SX PHE,AAVSO,STD,,,,
2460593.11397,6.944,0.0297,,TG,MANO,,ENSEMBLE,?,,ENSEMBLE OF GAIA DR3 STARS ( TRANSFORMED TO JOHNSON-V. ),0,1.052,Z,,9.151,,SX PHE,AAVSO,STD,,,,
2460593.11522,7.018,0.0297,,TG,MANO,,ENSEMBLE,?,,ENSEMBLE OF GAIA DR3 STARS ( TRANSFORMED TO JOHNSON-V. ),0,1.055,Z,,9.184,,SX PHE,AAVSO,STD,,,,
2460593.11538,6.941,0.0297,,TG,MANO,,ENSEMBLE,?,,ENSEMBLE OF GAIA DR3 STARS ( TRANSFORMED TO JOHNSON-V. ),0,1.055,Z,,9.078,,SX PHE,AAVSO,STD,,,,
2460593.11554,6.943,0.0297,,TG,MANO,,ENSEMBLE,?,,ENSEMBLE OF GAIA DR3 STARS ( TRANSFORMED TO JOHNSON-V. ),0,1.055,Z,,9.161,,SX PHE,AAVSO,STD,,,,
2460593.11570,6.991,0.0297,,TG,MANO,,ENSEMBLE,?,,ENSEMBLE OF GAIA DR3 STARS ( TRANSFORMED TO JOHNSON-V. ),0,1.055,Z,,9.146,,SX PHE,AAVSO,STD,,,,
2460593.11690,7.067,0.0297,,TG,MANO,,ENSEMBLE,?,,ENSEMBLE OF GAIA DR3 STARS ( TRANSFORMED TO JOHNSON-V. ),0,1.057,Z,,9.171,,SX PHE,AAVSO,STD,,,,
2460593.11706,7.068,0.0297,,TG,MANO,,ENSEMBLE,?,,ENSEMBLE OF GAIA DR3 STARS ( TRANSFORMED TO JOHNSON-V. ),0,1.058,Z,,9.136,,SX PHE,AAVSO,STD,,,,
2460593.11722,7.023,0.0297,,TG,MANO,,ENSEMBLE,?,,ENSEMBLE OF GAIA DR3 STARS ( TRANSFORMED TO JOHNSON-V. ),0,1.057,Z,,9.105,,SX PHE,AAVSO,STD,,,,
2460593.11840,7.112,0.0297,,TG,MANO,,ENSEMBLE,?,,ENSEMBLE OF GAIA DR3 STARS ( TRANSFORMED TO JOHNSON-V. ),0,1.060,Z,,9.176,,SX PHE,AAVSO,STD,,,,
2460593.11856,7.145,0.0297,,TG,MANO,,ENSEMBLE,?,,ENSEMBLE OF GAIA DR3 STARS ( TRANSFORMED TO JOHNSON-V. ),0,1.060,Z,,9.194,,SX PHE,AAVSO,STD,,,,
2460593.11872,7.106,0.0297,,TG,MANO,,ENSEMBLE,?,,ENSEMBLE OF GAIA DR3 STARS ( TRANSFORMED TO JOHNSON-V. ),0,1.060,Z,,9.157,,SX PHE,AAVSO,STD,,,,
2460593.11951,7.122,0.0297,,TG,MANO,,ENSEMBLE,?,,ENSEMBLE OF GAIA DR3 STARS ( TRANSFORMED TO JOHNSON-V. ),0,1.061,Z,,9.110,,SX PHE,AAVSO,STD,,,,
2460593.12063,7.206,0.0297,,TG,MANO,,ENSEMBLE,?,,ENSEMBLE OF GAIA DR3 STARS ( TRANSFORMED TO JOHNSON-V. ),0,1.064,Z,,9.143,,SX PHE,AAVSO,STD,,,,
2460593.12080,7.192,0.0297,,TG,MANO,,ENSEMBLE,?,,ENSEMBLE OF GAIA DR3 STARS ( TRANSFORMED TO JOHNSON-V. ),0,1.064,Z,,9.171,,SX PHE,AAVSO,STD,,,,
2460593.12213,7.228,0.0297,,TG,MANO,,ENSEMBLE,?,,ENSEMBLE OF GAIA DR3 STARS ( TRANSFORMED TO JOHNSON-V. ),0,1.067,Z,,9.177,,SX PHE,AAVSO,STD,,,,
2460593.12229,7.222,0.0297,,TG,MANO,,ENSEMBLE,?,,ENSEMBLE OF GAIA DR3 STARS ( TRANSFORMED TO JOHNSON-V. ),0,1.067,Z,,9.142,,SX PHE,AAVSO,STD,,,,
2460593.12246,7.228,0.0297,,TG,MANO,,ENSEMBLE,?,,ENSEMBLE OF GAIA DR3 STARS ( TRANSFORMED TO JOHNSON-V. ),0,1.067,Z,,9.134,,SX PHE,AAVSO,STD,,,,
2460593.12310,7.282,0.0297,,TG,MANO,,ENSEMBLE,?,,ENSEMBLE OF GAIA DR3 STARS ( TRANSFORMED TO JOHNSON-V. ),0,1.068,Z,,9.180,,SX PHE,AAVSO,STD,,,,
2460593.12325,7.243,0.0297,,TG,MANO,,ENSEMBLE,?,,ENSEMBLE OF GAIA DR3 STARS ( TRANSFORMED TO JOHNSON-V. ),0,1.069,Z,,9.140,,SX PHE,AAVSO,STD,,,,
2460593.12372,7.237,0.0297,,TG,MANO,,ENSEMBLE,?,,ENSEMBLE OF GAIA DR3 STARS ( TRANSFORMED TO JOHNSON-V. ),0,1.069,Z,,9.131,,SX PHE,AAVSO,STD,,,,
2460593.12379,7.245,0.0297,,TG,MANO,,ENSEMBLE,?,,ENSEMBLE OF GAIA DR3 STARS ( TRANSFORMED TO JOHNSON-V. ),0,1.070,Z,,9.100,,SX PHE,AAVSO,STD,,,,
2460593.12385,7.267,0.0297,,TG,MANO,,ENSEMBLE,?,,ENSEMBLE OF GAIA DR3 STARS ( TRANSFORMED TO JOHNSON-V. ),0,1.070,Z,,9.158,,SX PHE,AAVSO,STD,,,,
2460593.12391,7.270,0.0297,,TG,MANO,,ENSEMBLE,?,,ENSEMBLE OF GAIA DR3 STARS ( TRANSFORMED TO JOHNSON-V. ),0,1.070,Z,,9.143,,SX PHE,AAVSO,STD,,,,
2460593.12425,7.235,0.0297,,TG,MANO,,ENSEMBLE,?,,ENSEMBLE OF GAIA DR3 STARS ( TRANSFORMED TO JOHNSON-V. ),0,1.070,Z,,9.115,,SX PHE,AAVSO,STD,,,,
2460593.12442,7.297,0.0297,,TG,MANO,,ENSEMBLE,?,,ENSEMBLE OF GAIA DR3 STARS ( TRANSFORMED TO JOHNSON-V. ),0,1.070,Z,,9.171,,SX PHE,AAVSO,STD,,,,
2460593.12548,7.363,0.0297,,TG,MANO,,ENSEMBLE,?,,ENSEMBLE OF GAIA DR3 STARS ( TRANSFORMED TO JOHNSON-V. ),0,1.072,Z,,9.130,,SX PHE,AAVSO,STD,,,,
2460593.12562,7.312,0.0297,,TG,MANO,,ENSEMBLE,?,,ENSEMBLE OF GAIA DR3 STARS ( TRANSFORMED TO JOHNSON-V. ),0,1.073,Z,,9.119,,SX PHE,AAVSO,STD,,,,
2460593.12624,7.276,0.0297,,TG,MANO,,ENSEMBLE,?,,ENSEMBLE OF GAIA DR3 STARS ( TRANSFORMED TO JOHNSON-V. ),0,1.074,Z,,9.126,,SX PHE,AAVSO,STD,,,,
2460593.12630,7.318,0.0297,,TG,MANO,,ENSEMBLE,?,,ENSEMBLE OF GAIA DR3 STARS ( TRANSFORMED TO JOHNSON-V. ),0,1.074,Z,,9.184,,SX PHE,AAVSO,STD,,,,
2460593.12656,7.320,0.0297,,TG,MANO,,ENSEMBLE,?,,ENSEMBLE OF GAIA DR3 STARS ( TRANSFORMED TO JOHNSON-V. ),0,1.075,Z,,9.134,,SX PHE,AAVSO,STD,,,,
2460593.12805,7.295,0.0297,,TG,MANO,,ENSEMBLE,?,,ENSEMBLE OF GAIA DR3 STARS ( TRANSFORMED TO JOHNSON-V. ),0,1.078,Z,,9.084,,SX PHE,AAVSO,STD,,,,
2460593.12822,7.339,0.0297,,TG,MANO,,ENSEMBLE,?,,ENSEMBLE OF GAIA DR3 STARS ( TRANSFORMED TO JOHNSON-V. ),0,1.079,Z,,9.140,,SX PHE,AAVSO,STD,,,,
2460593.12936,7.406,0.0297,,TG,MANO,,ENSEMBLE,?,,ENSEMBLE OF GAIA DR3 STARS ( TRANSFORMED TO JOHNSON-V. ),0,1.081,Z,,9.158,,SX PHE,AAVSO,STD,,,,
2460593.12952,7.392,0.0297,,TG,MANO,,ENSEMBLE,?,,ENSEMBLE OF GAIA DR3 STARS ( TRANSFORMED TO JOHNSON-V. ),0,1.081,Z,,9.167,,SX PHE,AAVSO,STD,,,,
2460593.13188,7.416,0.0297,,TG,MANO,,ENSEMBLE,?,,ENSEMBLE OF GAIA DR3 STARS ( TRANSFORMED TO JOHNSON-V. ),0,1.086,Z,,9.179,,SX PHE,AAVSO,STD,,,,
2460593.13195,7.396,0.0297,,TG,MANO,,ENSEMBLE,?,,ENSEMBLE OF GAIA DR3 STARS ( TRANSFORMED TO JOHNSON-V. ),0,1.086,Z,,9.141,,SX PHE,AAVSO,STD,,,,
2460593.13201,7.462,0.0297,,TG,MANO,,ENSEMBLE,?,,ENSEMBLE OF GAIA DR3 STARS ( TRANSFORMED TO JOHNSON-V. ),0,1.086,Z,,9.178,,SX PHE,AAVSO,STD,,,,
2460593.13207,7.349,0.0297,,TG,MANO,,ENSEMBLE,?,,ENSEMBLE OF GAIA DR3 STARS ( TRANSFORMED TO JOHNSON-V. ),0,1.086,Z,,9.129,,SX PHE,AAVSO,STD,,,,
2460593.13227,7.386,0.0297,,TG,MANO,,ENSEMBLE,?,,ENSEMBLE OF GAIA DR3 STARS ( TRANSFORMED TO JOHNSON-V. ),0,1.086,Z,,9.161,,SX PHE,AAVSO,STD,,,,
2460593.13244,7.432,0.0297,,TG,MANO,,ENSEMBLE,?,,ENSEMBLE OF GAIA DR3 STARS ( TRANSFORMED TO JOHNSON-V. ),0,1.086,Z,,9.180,,SX PHE,AAVSO,STD,,,,
2460593.13260,7.396,0.0297,,TG,MANO,,ENSEMBLE,?,,ENSEMBLE OF GAIA DR3 STARS ( TRANSFORMED TO JOHNSON-V. ),0,1.086,Z,,9.155,,SX PHE,AAVSO,STD,,,,
2460593.13351,7.446,0.0297,,TG,MANO,,ENSEMBLE,?,,ENSEMBLE OF GAIA DR3 STARS ( TRANSFORMED TO JOHNSON-V. ),0,1.089,Z,,9.170,,SX PHE,AAVSO,STD,,,,
2460593.13363,7.415,0.0297,,TG,MANO,,ENSEMBLE,?,,ENSEMBLE OF GAIA DR3 STARS ( TRANSFORMED TO JOHNSON-V. ),0,1.090,Z,,9.236,,SX PHE,AAVSO,STD,,,,
2460593.13379,7.431,0.0297,,TG,MANO,,ENSEMBLE,?,,ENSEMBLE OF GAIA DR3 STARS ( TRANSFORMED TO JOHNSON-V. ),0,1.090,Z,,9.183,,SX PHE,AAVSO,STD,,,,
2460593.13395,7.435,0.0297,,TG,MANO,,ENSEMBLE,?,,ENSEMBLE OF GAIA DR3 STARS ( TRANSFORMED TO JOHNSON-V. ),0,1.089,Z,,9.178,,SX PHE,AAVSO,STD,,,,
2460593.13535,7.416,0.0297,,TG,MANO,,ENSEMBLE,?,,ENSEMBLE OF GAIA DR3 STARS ( TRANSFORMED TO JOHNSON-V. ),0,1.094,Z,,9.185,,SX PHE,AAVSO,STD,,,,
2460593.13581,7.386,0.0297,,TG,MANO,,ENSEMBLE,?,,ENSEMBLE OF GAIA DR3 STARS ( TRANSFORMED TO JOHNSON-V. ),0,1.094,Z,,9.170,,SX PHE,AAVSO,STD,,,,
2460593.13617,7.405,0.0297,,TG,MANO,,ENSEMBLE,?,,ENSEMBLE OF GAIA DR3 STARS ( TRANSFORMED TO JOHNSON-V. ),0,1.095,Z,,9.166,,SX PHE,AAVSO,STD,,,,
2460593.13623,7.397,0.0297,,TG,MANO,,ENSEMBLE,?,,ENSEMBLE OF GAIA DR3 STARS ( TRANSFORMED TO JOHNSON-V. ),0,1.096,Z,,9.069,,SX PHE,AAVSO,STD,,,,
2460593.13630,7.434,0.0297,,TG,MANO,,ENSEMBLE,?,,ENSEMBLE OF GAIA DR3 STARS ( TRANSFORMED TO JOHNSON-V. ),0,1.096,Z,,9.130,,SX PHE,AAVSO,STD,,,,
2460593.13636,7.464,0.0297,,TG,MANO,,ENSEMBLE,?,,ENSEMBLE OF GAIA DR3 STARS ( TRANSFORMED TO JOHNSON-V. ),0,1.096,Z,,9.163,,SX PHE,AAVSO,STD,,,,
2460593.13652,7.463,0.0297,,TG,MANO,,ENSEMBLE,?,,ENSEMBLE OF GAIA DR3 STARS ( TRANSFORMED TO JOHNSON-V. ),0,1.096,Z,,9.155,,SX PHE,AAVSO,STD,,,,
2460593.13658,7.472,0.0297,,TG,MANO,,ENSEMBLE,?,,ENSEMBLE OF GAIA DR3 STARS ( TRANSFORMED TO JOHNSON-V. ),0,1.096,Z,,9.192,,SX PHE,AAVSO,STD,,,,
2460593.13664,7.409,0.0297,,TG,MANO,,ENSEMBLE,?,,ENSEMBLE OF GAIA DR3 STARS ( TRANSFORMED TO JOHNSON-V. ),0,1.097,Z,,9.130,,SX PHE,AAVSO,STD,,,,
2460593.13671,7.384,0.0297,,TG,MANO,,ENSEMBLE,?,,ENSEMBLE OF GAIA DR3 STARS ( TRANSFORMED TO JOHNSON-V. ),0,1.097,Z,,9.178,,SX PHE,AAVSO,STD,,,,
2460593.13677,7.430,0.0297,,TG,MANO,,ENSEMBLE,?,,ENSEMBLE OF GAIA DR3 STARS ( TRANSFORMED TO JOHNSON-V. ),0,1.097,Z,,9.160,,SX PHE,AAVSO,STD,,,,
2460593.13693,7.444,0.0297,,TG,MANO,,ENSEMBLE,?,,ENSEMBLE OF GAIA DR3 STARS ( TRANSFORMED TO JOHNSON-V. ),0,1.097,Z,,9.150,,SX PHE,AAVSO,STD,,,,
2460593.13710,7.479,0.0297,,TG,MANO,,ENSEMBLE,?,,ENSEMBLE OF GAIA DR3 STARS ( TRANSFORMED TO JOHNSON-V. ),0,1.098,Z,,9.172,,SX PHE,AAVSO,STD,,,,
2460593.13726,7.426,0.0297,,TG,MANO,,ENSEMBLE,?,,ENSEMBLE OF GAIA DR3 STARS ( TRANSFORMED TO JOHNSON-V. ),0,1.099,Z,,9.122,,SX PHE,AAVSO,STD,,,,
2460593.13742,7.421,0.0297,,TG,MANO,,ENSEMBLE,?,,ENSEMBLE OF GAIA DR3 STARS ( TRANSFORMED TO JOHNSON-V. ),0,1.099,Z,,9.131,,SX PHE,AAVSO,STD,,,,
2460593.13823,7.438,0.0297,,TG,MANO,,ENSEMBLE,?,,ENSEMBLE OF GAIA DR3 STARS ( TRANSFORMED TO JOHNSON-V. ),0,1.100,Z,,9.133,,SX PHE,AAVSO,STD,,,,
2460593.13840,7.484,0.0297,,TG,MANO,,ENSEMBLE,?,,ENSEMBLE OF GAIA DR3 STARS ( TRANSFORMED TO JOHNSON-V. ),0,1.100,Z,,9.164,,SX PHE,AAVSO,STD,,,,
2460593.13856,7.507,0.0297,,TG,MANO,,ENSEMBLE,?,,ENSEMBLE OF GAIA DR3 STARS ( TRANSFORMED TO JOHNSON-V. ),0,1.100,Z,,9.198,,SX PHE,AAVSO,STD,,,,
2460593.13883,7.439,0.0297,,TG,MANO,,ENSEMBLE,?,,ENSEMBLE OF GAIA DR3 STARS ( TRANSFORMED TO JOHNSON-V. ),0,1.101,Z,,9.141,,SX PHE,AAVSO,STD,,,,
2460593.14010,7.419,0.0297,,TG,MANO,,ENSEMBLE,?,,ENSEMBLE OF GAIA DR3 STARS ( TRANSFORMED TO JOHNSON-V. ),0,1.106,Z,,9.129,,SX PHE,AAVSO,STD,,,,
2460593.14062,7.498,0.0297,,TG,MANO,,ENSEMBLE,?,,ENSEMBLE OF GAIA DR3 STARS ( TRANSFORMED TO JOHNSON-V. ),0,1.106,Z,,9.169,,SX PHE,AAVSO,STD,,,,
2460593.14068,7.476,0.0297,,TG,MANO,,ENSEMBLE,?,,ENSEMBLE OF GAIA DR3 STARS ( TRANSFORMED TO JOHNSON-V. ),0,1.106,Z,,9.156,,SX PHE,AAVSO,STD,,,,
2460593.14085,7.453,0.0297,,TG,MANO,,ENSEMBLE,?,,ENSEMBLE OF GAIA DR3 STARS ( TRANSFORMED TO JOHNSON-V. ),0,1.106,Z,,9.188,,SX PHE,AAVSO,STD,,,,
2460593.14091,7.472,0.0297,,TG,MANO,,ENSEMBLE,?,,ENSEMBLE OF GAIA DR3 STARS ( TRANSFORMED TO JOHNSON-V. ),0,1.106,Z,,9.183,,SX PHE,AAVSO,STD,,,,
2460593.14097,7.396,0.0297,,TG,MANO,,ENSEMBLE,?,,ENSEMBLE OF GAIA DR3 STARS ( TRANSFORMED TO JOHNSON-V. ),0,1.106,Z,,9.114,,SX PHE,AAVSO,STD,,,,
2460593.14104,7.458,0.0297,,TG,MANO,,ENSEMBLE,?,,ENSEMBLE OF GAIA DR3 STARS ( TRANSFORMED TO JOHNSON-V. ),0,1.107,Z,,9.141,,SX PHE,AAVSO,STD,,,,
2460593.14110,7.489,0.0297,,TG,MANO,,ENSEMBLE,?,,ENSEMBLE OF GAIA DR3 STARS ( TRANSFORMED TO JOHNSON-V. ),0,1.107,Z,,9.208,,SX PHE,AAVSO,STD,,,,
2460593.14126,7.398,0.0297,,TG,MANO,,ENSEMBLE,?,,ENSEMBLE OF GAIA DR3 STARS ( TRANSFORMED TO JOHNSON-V. ),0,1.107,Z,,9.098,,SX PHE,AAVSO,STD,,,,
2460593.14142,7.428,0.0297,,TG,MANO,,ENSEMBLE,?,,ENSEMBLE OF GAIA DR3 STARS ( TRANSFORMED TO JOHNSON-V. ),0,1.107,Z,,9.145,,SX PHE,AAVSO,STD,,,,
2460593.14194,7.487,0.0297,,TG,MANO,,ENSEMBLE,?,,ENSEMBLE OF GAIA DR3 STARS ( TRANSFORMED TO JOHNSON-V. ),0,1.109,Z,,9.153,,SX PHE,AAVSO,STD,,,,
2460593.14210,7.496,0.0297,,TG,MANO,,ENSEMBLE,?,,ENSEMBLE OF GAIA DR3 STARS ( TRANSFORMED TO JOHNSON-V. ),0,1.110,Z,,9.169,,SX PHE,AAVSO,STD,,,,
2460593.14226,7.465,0.0297,,TG,MANO,,ENSEMBLE,?,,ENSEMBLE OF GAIA DR3 STARS ( TRANSFORMED TO JOHNSON-V. ),0,1.111,Z,,9.173,,SX PHE,AAVSO,STD,,,,
2460593.14242,7.458,0.0297,,TG,MANO,,ENSEMBLE,?,,ENSEMBLE OF GAIA DR3 STARS ( TRANSFORMED TO JOHNSON-V. ),0,1.112,Z,,9.132,,SX PHE,AAVSO,STD,,,,
2460593.14291,7.483,0.0297,,TG,MANO,,ENSEMBLE,?,,ENSEMBLE OF GAIA DR3 STARS ( TRANSFORMED TO JOHNSON-V. ),0,1.112,Z,,9.176,,SX PHE,AAVSO,STD,,,,
2460593.14543,7.495,0.0297,,TG,MANO,,ENSEMBLE,?,,ENSEMBLE OF GAIA DR3 STARS ( TRANSFORMED TO JOHNSON-V. ),0,1.118,Z,,9.112,,SX PHE,AAVSO,STD,,,,
2460593.14549,7.439,0.0297,,TG,MANO,,ENSEMBLE,?,,ENSEMBLE OF GAIA DR3 STARS ( TRANSFORMED TO JOHNSON-V. ),0,1.118,Z,,9.123,,SX PHE,AAVSO,STD,,,,
2460593.14576,7.516,0.0297,,TG,MANO,,ENSEMBLE,?,,ENSEMBLE OF GAIA DR3 STARS ( TRANSFORMED TO JOHNSON-V. ),0,1.118,Z,,9.206,,SX PHE,AAVSO,STD,,,,
2460593.14592,7.433,0.0297,,TG,MANO,,ENSEMBLE,?,,ENSEMBLE OF GAIA DR3 STARS ( TRANSFORMED TO JOHNSON-V. ),0,1.118,Z,,9.165,,SX PHE,AAVSO,STD,,,,
2460593.14700,7.414,0.0297,,TG,MANO,,ENSEMBLE,?,,ENSEMBLE OF GAIA DR3 STARS ( TRANSFORMED TO JOHNSON-V. ),0,1.122,Z,,9.093,,SX PHE,AAVSO,STD,,,,
2460593.14707,7.465,0.0297,,TG,MANO,,ENSEMBLE,?,,ENSEMBLE OF GAIA DR3 STARS ( TRANSFORMED TO JOHNSON-V. ),0,1.122,Z,,9.168,,SX PHE,AAVSO,STD,,,,
2460593.14727,7.428,0.0297,,TG,MANO,,ENSEMBLE,?,,ENSEMBLE OF GAIA DR3 STARS ( TRANSFORMED TO JOHNSON-V. ),0,1.123,Z,,9.159,,SX PHE,AAVSO,STD,,,,
2460593.14743,7.498,0.0297,,TG,MANO,,ENSEMBLE,?,,ENSEMBLE OF GAIA DR3 STARS ( TRANSFORMED TO JOHNSON-V. ),0,1.122,Z,,9.180,,SX PHE,AAVSO,STD,,,,
2460593.14941,7.429,0.0297,,TG,MANO,,ENSEMBLE,?,,ENSEMBLE OF GAIA DR3 STARS ( TRANSFORMED TO JOHNSON-V. ),0,1.129,Z,,9.177,,SX PHE,AAVSO,STD,,,,
2460593.14948,7.389,0.0297,,TG,MANO,,ENSEMBLE,?,,ENSEMBLE OF GAIA DR3 STARS ( TRANSFORMED TO JOHNSON-V. ),0,1.129,Z,,9.071,,SX PHE,AAVSO,STD,,,,
2460593.14964,7.444,0.0297,,TG,MANO,,ENSEMBLE,?,,ENSEMBLE OF GAIA DR3 STARS ( TRANSFORMED TO JOHNSON-V. ),0,1.129,Z,,9.184,,SX PHE,AAVSO,STD,,,,
2460593.14980,7.450,0.0297,,TG,MANO,,ENSEMBLE,?,,ENSEMBLE OF GAIA DR3 STARS ( TRANSFORMED TO JOHNSON-V. ),0,1.129,Z,,9.150,,SX PHE,AAVSO,STD,,,,
2460593.14996,7.389,0.0297,,TG,MANO,,ENSEMBLE,?,,ENSEMBLE OF GAIA DR3 STARS ( TRANSFORMED TO JOHNSON-V. ),0,1.129,Z,,9.171,,SX PHE,AAVSO,STD,,,,
2460593.15087,7.429,0.0297,,TG,MANO,,ENSEMBLE,?,,ENSEMBLE OF GAIA DR3 STARS ( TRANSFORMED TO JOHNSON-V. ),0,1.133,Z,,9.178,,SX PHE,AAVSO,STD,,,,
2460593.15094,7.392,0.0297,,TG,MANO,,ENSEMBLE,?,,ENSEMBLE OF GAIA DR3 STARS ( TRANSFORMED TO JOHNSON-V. ),0,1.133,Z,,9.125,,SX PHE,AAVSO,STD,,,,
2460593.15100,7.442,0.0297,,TG,MANO,,ENSEMBLE,?,,ENSEMBLE OF GAIA DR3 STARS ( TRANSFORMED TO JOHNSON-V. ),0,1.133,Z,,9.197,,SX PHE,AAVSO,STD,,,,
2460593.15132,7.402,0.0297,,TG,MANO,,ENSEMBLE,?,,ENSEMBLE OF GAIA DR3 STARS ( TRANSFORMED TO JOHNSON-V. ),0,1.133,Z,,9.110,,SX PHE,AAVSO,STD,,,,
2460593.15305,7.379,0.0297,,TG,MANO,,ENSEMBLE,?,,ENSEMBLE OF GAIA DR3 STARS ( TRANSFORMED TO JOHNSON-V. ),0,1.140,Z,,9.156,,SX PHE,AAVSO,STD,,,,
2460593.15349,7.344,0.0297,,TG,MANO,,ENSEMBLE,?,,ENSEMBLE OF GAIA DR3 STARS ( TRANSFORMED TO JOHNSON-V. ),0,1.141,Z,,9.128,,SX PHE,AAVSO,STD,,,,
2460593.15365,7.341,0.0297,,TG,MANO,,ENSEMBLE,?,,ENSEMBLE OF GAIA DR3 STARS ( TRANSFORMED TO JOHNSON-V. ),0,1.142,Z,,9.115,,SX PHE,AAVSO,STD,,,,
2460593.15416,7.319,0.0297,,TG,MANO,,ENSEMBLE,?,,ENSEMBLE OF GAIA DR3 STARS ( TRANSFORMED TO JOHNSON-V. ),0,1.142,Z,,9.139,,SX PHE,AAVSO,STD,,,,
2460593.15423,7.341,0.0297,,TG,MANO,,ENSEMBLE,?,,ENSEMBLE OF GAIA DR3 STARS ( TRANSFORMED TO JOHNSON-V. ),0,1.142,Z,,9.168,,SX PHE,AAVSO,STD,,,,
2460593.15429,7.307,0.0297,,TG,MANO,,ENSEMBLE,?,,ENSEMBLE OF GAIA DR3 STARS ( TRANSFORMED TO JOHNSON-V. ),0,1.143,Z,,9.143,,SX PHE,AAVSO,STD,,,,
2460593.15435,7.309,0.0297,,TG,MANO,,ENSEMBLE,?,,ENSEMBLE OF GAIA DR3 STARS ( TRANSFORMED TO JOHNSON-V. ),0,1.143,Z,,9.119,,SX PHE,AAVSO,STD,,,,
2460593.15451,7.342,0.0297,,TG,MANO,,ENSEMBLE,?,,ENSEMBLE OF GAIA DR3 STARS ( TRANSFORMED TO JOHNSON-V. ),0,1.143,Z,,9.179,,SX PHE,AAVSO,STD,,,,
2460593.15527,7.323,0.0297,,TG,MANO,,ENSEMBLE,?,,ENSEMBLE OF GAIA DR3 STARS ( TRANSFORMED TO JOHNSON-V. ),0,1.144,Z,,9.192,,SX PHE,AAVSO,STD,,,,
2460593.16132,7.007,0.0297,,TG,MANO,,ENSEMBLE,?,,ENSEMBLE OF GAIA DR3 STARS ( TRANSFORMED TO JOHNSON-V. ),0,1.165,Z,,9.112,,SX PHE,AAVSO,STD,,,,
2460593.16149,7.006,0.0297,,TG,MANO,,ENSEMBLE,?,,ENSEMBLE OF GAIA DR3 STARS ( TRANSFORMED TO JOHNSON-V. ),0,1.166,Z,,9.144,,SX PHE,AAVSO,STD,,,,
2460593.16165,7.071,0.0297,,TG,MANO,,ENSEMBLE,?,,ENSEMBLE OF GAIA DR3 STARS ( TRANSFORMED TO JOHNSON-V. ),0,1.166,Z,,9.122,,SX PHE,AAVSO,STD,,,,
2460593.16375,7.039,0.0297,,TG,MANO,,ENSEMBLE,?,,ENSEMBLE OF GAIA DR3 STARS ( TRANSFORMED TO JOHNSON-V. ),0,1.173,Z,,9.200,,SX PHE,AAVSO,STD,,,,
2460593.16381,7.040,0.0297,,TG,MANO,,ENSEMBLE,?,,ENSEMBLE OF GAIA DR3 STARS ( TRANSFORMED TO JOHNSON-V. ),0,1.173,Z,,9.142,,SX PHE,AAVSO,STD,,,,
2460593.16387,7.077,0.0297,,TG,MANO,,ENSEMBLE,?,,ENSEMBLE OF GAIA DR3 STARS ( TRANSFORMED TO JOHNSON-V. ),0,1.173,Z,,9.222,,SX PHE,AAVSO,STD,,,,
2460593.16414,7.017,0.0297,,TG,MANO,,ENSEMBLE,?,,ENSEMBLE OF GAIA DR3 STARS ( TRANSFORMED TO JOHNSON-V. ),0,1.173,Z,,9.132,,SX PHE,AAVSO,STD,,,,
2460593.16430,6.952,0.0297,,TG,MANO,,ENSEMBLE,?,,ENSEMBLE OF GAIA DR3 STARS ( TRANSFORMED TO JOHNSON-V. ),0,1.173,Z,,9.197,,SX PHE,AAVSO,STD,,,,
2460593.16528,6.995,0.0297,,TG,MANO,,ENSEMBLE,?,,ENSEMBLE OF GAIA DR3 STARS ( TRANSFORMED TO JOHNSON-V. ),0,1.177,Z,,9.167,,SX PHE,AAVSO,STD,,,,
2460593.16545,7.055,0.0297,,TG,MANO,,ENSEMBLE,?,,ENSEMBLE OF GAIA DR3 STARS ( TRANSFORMED TO JOHNSON-V. ),0,1.177,Z,,9.131,,SX PHE,AAVSO,STD,,,,
2460593.16595,7.051,0.0297,,TG,MANO,,ENSEMBLE,?,,ENSEMBLE OF GAIA DR3 STARS ( TRANSFORMED TO JOHNSON-V. ),0,1.181,Z,,9.162,,SX PHE,AAVSO,STD,,,,
2460593.16611,7.013,0.0297,,TG,MANO,,ENSEMBLE,?,,ENSEMBLE OF GAIA DR3 STARS ( TRANSFORMED TO JOHNSON-V. ),0,1.181,Z,,9.149,,SX PHE,AAVSO,STD,,,,
2460593.16625,7.005,0.0297,,TG,MANO,,ENSEMBLE,?,,ENSEMBLE OF GAIA DR3 STARS ( TRANSFORMED TO JOHNSON-V. ),0,1.182,Z,,9.154,,SX PHE,AAVSO,STD,,,,
2460593.16675,7.025,0.0297,,TG,MANO,,ENSEMBLE,?,,ENSEMBLE OF GAIA DR3 STARS ( TRANSFORMED TO JOHNSON-V. ),0,1.183,Z,,9.160,,SX PHE,AAVSO,STD,,,,
2460593.16691,7.030,0.0297,,TG,MANO,,ENSEMBLE,?,,ENSEMBLE OF GAIA DR3 STARS ( TRANSFORMED TO JOHNSON-V. ),0,1.184,Z,,9.173,,SX PHE,AAVSO,STD,,,,
2460593.16705,7.044,0.0297,,TG,MANO,,ENSEMBLE,?,,ENSEMBLE OF GAIA DR3 STARS ( TRANSFORMED TO JOHNSON-V. ),0,1.185,Z,,9.151,,SX PHE,AAVSO,STD,,,,
2460593.16719,7.090,0.0297,,TG,MANO,,ENSEMBLE,?,,ENSEMBLE OF GAIA DR3 STARS ( TRANSFORMED TO JOHNSON-V. ),0,1.186,Z,,9.162,,SX PHE,AAVSO,STD,,,,
2460593.16767,7.100,0.0297,,TG,MANO,,ENSEMBLE,?,,ENSEMBLE OF GAIA DR3 STARS ( TRANSFORMED TO JOHNSON-V. ),0,1.187,Z,,9.183,,SX PHE,AAVSO,STD,,,,
2460593.16773,7.124,0.0297,,TG,MANO,,ENSEMBLE,?,,ENSEMBLE OF GAIA DR3 STARS ( TRANSFORMED TO JOHNSON-V. ),0,1.187,Z,,9.194,,SX PHE,AAVSO,STD,,,,
2460593.16780,7.093,0.0297,,TG,MANO,,ENSEMBLE,?,,ENSEMBLE OF GAIA DR3 STARS ( TRANSFORMED TO JOHNSON-V. ),0,1.187,Z,,9.165,,SX PHE,AAVSO,STD,,,,
2460593.16796,7.059,0.0297,,TG,MANO,,ENSEMBLE,?,,ENSEMBLE OF GAIA DR3 STARS ( TRANSFORMED TO JOHNSON-V. ),0,1.188,Z,,9.152,,SX PHE,AAVSO,STD,,,,
2460593.16812,7.039,0.0297,,TG,MANO,,ENSEMBLE,?,,ENSEMBLE OF GAIA DR3 STARS ( TRANSFORMED TO JOHNSON-V. ),0,1.189,Z,,9.143,,SX PHE,AAVSO,STD,,,,
2460593.16826,7.072,0.0297,,TG,MANO,,ENSEMBLE,?,,ENSEMBLE OF GAIA DR3 STARS ( TRANSFORMED TO JOHNSON-V. ),0,1.190,Z,,9.153,,SX PHE,AAVSO,STD,,,,
2460593.17022,7.085,0.0297,,TG,MANO,,ENSEMBLE,?,,ENSEMBLE OF GAIA DR3 STARS ( TRANSFORMED TO JOHNSON-V. ),0,1.196,Z,,9.184,,SX PHE,AAVSO,STD,,,,
2460593.17029,7.077,0.0297,,TG,MANO,,ENSEMBLE,?,,ENSEMBLE OF GAIA DR3 STARS ( TRANSFORMED TO JOHNSON-V. ),0,1.196,Z,,9.110,,SX PHE,AAVSO,STD,,,,
2460593.17063,7.157,0.0297,,TG,MANO,,ENSEMBLE,?,,ENSEMBLE OF GAIA DR3 STARS ( TRANSFORMED TO JOHNSON-V. ),0,1.196,Z,,9.153,,SX PHE,AAVSO,STD,,,,
2460593.17209,7.151,0.0297,,TG,MANO,,ENSEMBLE,?,,ENSEMBLE OF GAIA DR3 STARS ( TRANSFORMED TO JOHNSON-V. ),0,1.203,Z,,9.173,,SX PHE,AAVSO,STD,,,,
2460593.17216,7.133,0.0297,,TG,MANO,,ENSEMBLE,?,,ENSEMBLE OF GAIA DR3 STARS ( TRANSFORMED TO JOHNSON-V. ),0,1.203,Z,,9.139,,SX PHE,AAVSO,STD,,,,
2460593.17232,7.186,0.0297,,TG,MANO,,ENSEMBLE,?,,ENSEMBLE OF GAIA DR3 STARS ( TRANSFORMED TO JOHNSON-V. ),0,1.203,Z,,9.135,,SX PHE,AAVSO,STD,,,,
2460593.17248,7.162,0.0297,,TG,MANO,,ENSEMBLE,?,,ENSEMBLE OF GAIA DR3 STARS ( TRANSFORMED TO JOHNSON-V. ),0,1.203,Z,,9.174,,SX PHE,AAVSO,STD,,,,
2460593.17264,7.248,0.0297,,TG,MANO,,ENSEMBLE,?,,ENSEMBLE OF GAIA DR3 STARS ( TRANSFORMED TO JOHNSON-V. ),0,1.203,Z,,9.198,,SX PHE,AAVSO,STD,,,,
2460593.17384,7.213,0.0297,,TG,MANO,,ENSEMBLE,?,,ENSEMBLE OF GAIA DR3 STARS ( TRANSFORMED TO JOHNSON-V. ),0,1.207,Z,,9.170,,SX PHE,AAVSO,STD,,,,
2460593.17480,7.172,0.0297,,TG,MANO,,ENSEMBLE,?,,ENSEMBLE OF GAIA DR3 STARS ( TRANSFORMED TO JOHNSON-V. ),0,1.215,Z,,9.131,,SX PHE,AAVSO,STD,,,,
2460593.17519,7.210,0.0297,,TG,MANO,,ENSEMBLE,?,,ENSEMBLE OF GAIA DR3 STARS ( TRANSFORMED TO JOHNSON-V. ),0,1.216,Z,,9.170,,SX PHE,AAVSO,STD,,,,
2460593.17533,7.209,0.0297,,TG,MANO,,ENSEMBLE,?,,ENSEMBLE OF GAIA DR3 STARS ( TRANSFORMED TO JOHNSON-V. ),0,1.217,Z,,9.029,,SX PHE,AAVSO,STD,,,,
2460593.17763,7.284,0.0297,,TG,MANO,,ENSEMBLE,?,,ENSEMBLE OF GAIA DR3 STARS ( TRANSFORMED TO JOHNSON-V. ),0,1.222,Z,,9.184,,SX PHE,AAVSO,STD,,,,
2460593.17882,7.269,0.0297,,TG,MANO,,ENSEMBLE,?,,ENSEMBLE OF GAIA DR3 STARS ( TRANSFORMED TO JOHNSON-V. ),0,1.227,Z,,9.141,,SX PHE,AAVSO,STD,,,,
2460593.17939,7.336,0.0297,,TG,MANO,,ENSEMBLE,?,,ENSEMBLE OF GAIA DR3 STARS ( TRANSFORMED TO JOHNSON-V. ),0,1.232,Z,,9.182,,SX PHE,AAVSO,STD,,,,
2460593.17945,7.278,0.0297,,TG,MANO,,ENSEMBLE,?,,ENSEMBLE OF GAIA DR3 STARS ( TRANSFORMED TO JOHNSON-V. ),0,1.232,Z,,9.126,,SX PHE,AAVSO,STD,,,,
2460593.17981,7.321,0.0297,,TG,MANO,,ENSEMBLE,?,,ENSEMBLE OF GAIA DR3 STARS ( TRANSFORMED TO JOHNSON-V. ),0,1.233,Z,,9.088,,SX PHE,AAVSO,STD,,,,
2460593.18097,7.301,0.0297,,TG,MANO,,ENSEMBLE,?,,ENSEMBLE OF GAIA DR3 STARS ( TRANSFORMED TO JOHNSON-V. ),0,1.238,Z,,9.145,,SX PHE,AAVSO,STD,,,,
2460593.18103,7.362,0.0297,,TG,MANO,,ENSEMBLE,?,,ENSEMBLE OF GAIA DR3 STARS ( TRANSFORMED TO JOHNSON-V. ),0,1.238,Z,,9.157,,SX PHE,AAVSO,STD,,,,
2460593.18109,7.386,0.0297,,TG,MANO,,ENSEMBLE,?,,ENSEMBLE OF GAIA DR3 STARS ( TRANSFORMED TO JOHNSON-V. ),0,1.238,Z,,9.181,,SX PHE,AAVSO,STD,,,,
2460593.18130,7.328,0.0297,,TG,MANO,,ENSEMBLE,?,,ENSEMBLE OF GAIA DR3 STARS ( TRANSFORMED TO JOHNSON-V. ),0,1.238,Z,,9.166,,SX PHE,AAVSO,STD,,,,
2460593.18146,7.320,0.0297,,TG,MANO,,ENSEMBLE,?,,ENSEMBLE OF GAIA DR3 STARS ( TRANSFORMED TO JOHNSON-V. ),0,1.238,Z,,9.141,,SX PHE,AAVSO,STD,,,,
2460593.18302,7.368,0.0297,,TG,MANO,,ENSEMBLE,?,,ENSEMBLE OF GAIA DR3 STARS ( TRANSFORMED TO JOHNSON-V. ),0,1.249,Z,,9.185,,SX PHE,AAVSO,STD,,,,
2460593.18388,7.303,0.0297,,TG,MANO,,ENSEMBLE,?,,ENSEMBLE OF GAIA DR3 STARS ( TRANSFORMED TO JOHNSON-V. ),0,1.251,Z,,9.091,,SX PHE,AAVSO,STD,,,,
2460593.18394,7.268,0.0297,,TG,MANO,,ENSEMBLE,?,,ENSEMBLE OF GAIA DR3 STARS ( TRANSFORMED TO JOHNSON-V. ),0,1.251,Z,,9.077,,SX PHE,AAVSO,STD,,,,
2460593.18401,7.373,0.0297,,TG,MANO,,ENSEMBLE,?,,ENSEMBLE OF GAIA DR3 STARS ( TRANSFORMED TO JOHNSON-V. ),0,1.251,Z,,9.168,,SX PHE,AAVSO,STD,,,,
2460593.18407,7.358,0.0297,,TG,MANO,,ENSEMBLE,?,,ENSEMBLE OF GAIA DR3 STARS ( TRANSFORMED TO JOHNSON-V. ),0,1.252,Z,,9.197,,SX PHE,AAVSO,STD,,,,
2460593.18423,7.335,0.0297,,TG,MANO,,ENSEMBLE,?,,ENSEMBLE OF GAIA DR3 STARS ( TRANSFORMED TO JOHNSON-V. ),0,1.252,Z,,9.121,,SX PHE,AAVSO,STD,,,,
2460593.18429,7.389,0.0297,,TG,MANO,,ENSEMBLE,?,,ENSEMBLE OF GAIA DR3 STARS ( TRANSFORMED TO JOHNSON-V. ),0,1.252,Z,,9.166,,SX PHE,AAVSO,STD,,,,
2460593.18436,7.373,0.0297,,TG,MANO,,ENSEMBLE,?,,ENSEMBLE OF GAIA DR3 STARS ( TRANSFORMED TO JOHNSON-V. ),0,1.253,Z,,9.164,,SX PHE,AAVSO,STD,,,,
2460593.18442,7.341,0.0297,,TG,MANO,,ENSEMBLE,?,,ENSEMBLE OF GAIA DR3 STARS ( TRANSFORMED TO JOHNSON-V. ),0,1.253,Z,,9.125,,SX PHE,AAVSO,STD,,,,
2460593.18448,7.375,0.0297,,TG,MANO,,ENSEMBLE,?,,ENSEMBLE OF GAIA DR3 STARS ( TRANSFORMED TO JOHNSON-V. ),0,1.253,Z,,9.197,,SX PHE,AAVSO,STD,,,,
2460593.18465,7.426,0.0297,,TG,MANO,,ENSEMBLE,?,,ENSEMBLE OF GAIA DR3 STARS ( TRANSFORMED TO JOHNSON-V. ),0,1.253,Z,,9.201,,SX PHE,AAVSO,STD,,,,
2460593.18481,7.369,0.0297,,TG,MANO,,ENSEMBLE,?,,ENSEMBLE OF GAIA DR3 STARS ( TRANSFORMED TO JOHNSON-V. ),0,1.254,Z,,9.154,,SX PHE,AAVSO,STD,,,,
2460593.18592,7.432,0.0297,,TG,MANO,,ENSEMBLE,?,,ENSEMBLE OF GAIA DR3 STARS ( TRANSFORMED TO JOHNSON-V. ),0,1.260,Z,,9.177,,SX PHE,AAVSO,STD,,,,
2460593.18643,7.365,0.0297,,TG,MANO,,ENSEMBLE,?,,ENSEMBLE OF GAIA DR3 STARS ( TRANSFORMED TO JOHNSON-V. ),0,1.262,Z,,9.146,,SX PHE,AAVSO,STD,,,,
2460593.18969,7.430,0.0297,,TG,MANO,,ENSEMBLE,?,,ENSEMBLE OF GAIA DR3 STARS ( TRANSFORMED TO JOHNSON-V. ),0,1.277,Z,,9.192,,SX PHE,AAVSO,STD,,,,
2460593.19060,7.403,0.0297,,TG,MANO,,ENSEMBLE,?,,ENSEMBLE OF GAIA DR3 STARS ( TRANSFORMED TO JOHNSON-V. ),0,1.282,Z,,9.186,,SX PHE,AAVSO,STD,,,,
2460593.19109,7.410,0.0297,,TG,MANO,,ENSEMBLE,?,,ENSEMBLE OF GAIA DR3 STARS ( TRANSFORMED TO JOHNSON-V. ),0,1.284,Z,,9.161,,SX PHE,AAVSO,STD,,,,
2460593.19507,7.541,0.0297,,TG,MANO,,ENSEMBLE,?,,ENSEMBLE OF GAIA DR3 STARS ( TRANSFORMED TO JOHNSON-V. ),0,1.302,Z,,9.176,,SX PHE,AAVSO,STD,,,,
2460593.19524,7.449,0.0297,,TG,MANO,,ENSEMBLE,?,,ENSEMBLE OF GAIA DR3 STARS ( TRANSFORMED TO JOHNSON-V. ),0,1.301,Z,,9.099,,SX PHE,AAVSO,STD,,,,
2460593.19792,7.461,0.0297,,TG,MANO,,ENSEMBLE,?,,ENSEMBLE OF GAIA DR3 STARS ( TRANSFORMED TO JOHNSON-V. ),0,1.316,Z,,9.144,,SX PHE,AAVSO,STD,,,,
2460593.19937,7.443,0.0297,,TG,MANO,,ENSEMBLE,?,,ENSEMBLE OF GAIA DR3 STARS ( TRANSFORMED TO JOHNSON-V. ),0,1.326,Z,,9.160,,SX PHE,AAVSO,STD,,,,
2460593.19943,7.404,0.0297,,TG,MANO,,ENSEMBLE,?,,ENSEMBLE OF GAIA DR3 STARS ( TRANSFORMED TO JOHNSON-V. ),0,1.326,Z,,9.137,,SX PHE,AAVSO,STD,,,,
2460593.19950,7.391,0.0297,,TG,MANO,,ENSEMBLE,?,,ENSEMBLE OF GAIA DR3 STARS ( TRANSFORMED TO JOHNSON-V. ),0,1.326,Z,,9.116,,SX PHE,AAVSO,STD,,,,
2460593.19956,7.451,0.0297,,TG,MANO,,ENSEMBLE,?,,ENSEMBLE OF GAIA DR3 STARS ( TRANSFORMED TO JOHNSON-V. ),0,1.327,Z,,9.197,,SX PHE,AAVSO,STD,,,,
2460593.19972,7.442,0.0297,,TG,MANO,,ENSEMBLE,?,,ENSEMBLE OF GAIA DR3 STARS ( TRANSFORMED TO JOHNSON-V. ),0,1.327,Z,,9.157,,SX PHE,AAVSO,STD,,,,
2460593.19988,7.472,0.0297,,TG,MANO,,ENSEMBLE,?,,ENSEMBLE OF GAIA DR3 STARS ( TRANSFORMED TO JOHNSON-V. ),0,1.327,Z,,9.201,,SX PHE,AAVSO,STD,,,,
2460593.20140,7.445,0.0297,,TG,MANO,,ENSEMBLE,?,,ENSEMBLE OF GAIA DR3 STARS ( TRANSFORMED TO JOHNSON-V. ),0,1.335,Z,,9.180,,SX PHE,AAVSO,STD,,,,
2460593.20156,7.504,0.0297,,TG,MANO,,ENSEMBLE,?,,ENSEMBLE OF GAIA DR3 STARS ( TRANSFORMED TO JOHNSON-V. ),0,1.335,Z,,9.208,,SX PHE,AAVSO,STD,,,,
2460593.20296,7.394,0.0297,,TG,MANO,,ENSEMBLE,?,,ENSEMBLE OF GAIA DR3 STARS ( TRANSFORMED TO JOHNSON-V. ),0,1.344,Z,,9.184,,SX PHE,AAVSO,STD,,,,
2460593.20376,7.446,0.0297,,TG,MANO,,ENSEMBLE,?,,ENSEMBLE OF GAIA DR3 STARS ( TRANSFORMED TO JOHNSON-V. ),0,1.349,Z,,9.158,,SX PHE,AAVSO,STD,,,,
2460593.20667,7.414,0.0297,,TG,MANO,,ENSEMBLE,?,,ENSEMBLE OF GAIA DR3 STARS ( TRANSFORMED TO JOHNSON-V. ),0,1.364,Z,,9.196,,SX PHE,AAVSO,STD,,,,
2460593.20779,7.413,0.0297,,TG,MANO,,ENSEMBLE,?,,ENSEMBLE OF GAIA DR3 STARS ( TRANSFORMED TO JOHNSON-V. ),0,1.373,Z,,9.129,,SX PHE,AAVSO,STD,,,,
2460593.20795,7.433,0.0297,,TG,MANO,,ENSEMBLE,?,,ENSEMBLE OF GAIA DR3 STARS ( TRANSFORMED TO JOHNSON-V. ),0,1.372,Z,,9.152,,SX PHE,AAVSO,STD,,,,
2460593.20845,7.418,0.0297,,TG,MANO,,ENSEMBLE,?,,ENSEMBLE OF GAIA DR3 STARS ( TRANSFORMED TO JOHNSON-V. ),0,1.378,Z,,9.179,,SX PHE,AAVSO,STD,,,,
2460593.20861,7.492,0.0297,,TG,MANO,,ENSEMBLE,?,,ENSEMBLE OF GAIA DR3 STARS ( TRANSFORMED TO JOHNSON-V. ),0,1.380,Z,,9.206,,SX PHE,AAVSO,STD,,,,
2460593.20962,7.358,0.0297,,TG,MANO,,ENSEMBLE,?,,ENSEMBLE OF GAIA DR3 STARS ( TRANSFORMED TO JOHNSON-V. ),0,1.385,Z,,9.139,,SX PHE,AAVSO,STD,,,,
2460593.21039,7.443,0.0297,,TG,MANO,,ENSEMBLE,?,,ENSEMBLE OF GAIA DR3 STARS ( TRANSFORMED TO JOHNSON-V. ),0,1.390,Z,,9.214,,SX PHE,AAVSO,STD,,,,
2460593.21055,7.399,0.0297,,TG,MANO,,ENSEMBLE,?,,ENSEMBLE OF GAIA DR3 STARS ( TRANSFORMED TO JOHNSON-V. ),0,1.393,Z,,9.159,,SX PHE,AAVSO,STD,,,,
2460593.21106,7.360,0.0297,,TG,MANO,,ENSEMBLE,?,,ENSEMBLE OF GAIA DR3 STARS ( TRANSFORMED TO JOHNSON-V. ),0,1.394,Z,,9.126,,SX PHE,AAVSO,STD,,,,
2460593.21112,7.314,0.0297,,TG,MANO,,ENSEMBLE,?,,ENSEMBLE OF GAIA DR3 STARS ( TRANSFORMED TO JOHNSON-V. ),0,1.394,Z,,9.094,,SX PHE,AAVSO,STD,,,,
2460593.21118,7.360,0.0297,,TG,MANO,,ENSEMBLE,?,,ENSEMBLE OF GAIA DR3 STARS ( TRANSFORMED TO JOHNSON-V. ),0,1.394,Z,,9.179,,SX PHE,AAVSO,STD,,,,
2460593.21125,7.348,0.0297,,TG,MANO,,ENSEMBLE,?,,ENSEMBLE OF GAIA DR3 STARS ( TRANSFORMED TO JOHNSON-V. ),0,1.395,Z,,9.157,,SX PHE,AAVSO,STD,,,,
2460593.21155,7.373,0.0297,,TG,MANO,,ENSEMBLE,?,,ENSEMBLE OF GAIA DR3 STARS ( TRANSFORMED TO JOHNSON-V. ),0,1.396,Z,,9.142,,SX PHE,AAVSO,STD,,,,
2460593.21259,7.385,0.0297,,TG,MANO,,ENSEMBLE,?,,ENSEMBLE OF GAIA DR3 STARS ( TRANSFORMED TO JOHNSON-V. ),0,1.403,Z,,9.156,,SX PHE,AAVSO,STD,,,,
2460593.21265,7.328,0.0297,,TG,MANO,,ENSEMBLE,?,,ENSEMBLE OF GAIA DR3 STARS ( TRANSFORMED TO JOHNSON-V. ),0,1.404,Z,,9.169,,SX PHE,AAVSO,STD,,,,
2460593.21308,7.290,0.0297,,TG,MANO,,ENSEMBLE,?,,ENSEMBLE OF GAIA DR3 STARS ( TRANSFORMED TO JOHNSON-V. ),0,1.406,Z,,9.137,,SX PHE,AAVSO,STD,,,,
2460593.21435,7.325,0.0297,,TG,MANO,,ENSEMBLE,?,,ENSEMBLE OF GAIA DR3 STARS ( TRANSFORMED TO JOHNSON-V. ),0,1.414,Z,,9.213,,SX PHE,AAVSO,STD,,,,
2460593.21441,7.280,0.0297,,TG,MANO,,ENSEMBLE,?,,ENSEMBLE OF GAIA DR3 STARS ( TRANSFORMED TO JOHNSON-V. ),0,1.415,Z,,9.156,,SX PHE,AAVSO,STD,,,,
2460593.21457,7.298,0.0297,,TG,MANO,,ENSEMBLE,?,,ENSEMBLE OF GAIA DR3 STARS ( TRANSFORMED TO JOHNSON-V. ),0,1.415,Z,,9.183,,SX PHE,AAVSO,STD,,,,
2460593.21474,7.273,0.0297,,TG,MANO,,ENSEMBLE,?,,ENSEMBLE OF GAIA DR3 STARS ( TRANSFORMED TO JOHNSON-V. ),0,1.415,Z,,9.143,,SX PHE,AAVSO,STD,,,,
2460593.21537,7.283,0.0297,,TG,MANO,,ENSEMBLE,?,,ENSEMBLE OF GAIA DR3 STARS ( TRANSFORMED TO JOHNSON-V. ),0,1.420,Z,,9.180,,SX PHE,AAVSO,STD,,,,
2460593.21746,7.227,0.0297,,TG,MANO,,ENSEMBLE,?,,ENSEMBLE OF GAIA DR3 STARS ( TRANSFORMED TO JOHNSON-V. ),0,1.435,Z,,9.136,,SX PHE,AAVSO,STD,,,,
2460593.21752,7.207,0.0297,,TG,MANO,,ENSEMBLE,?,,ENSEMBLE OF GAIA DR3 STARS ( TRANSFORMED TO JOHNSON-V. ),0,1.436,Z,,9.119,,SX PHE,AAVSO,STD,,,,
2460593.21758,7.257,0.0297,,TG,MANO,,ENSEMBLE,?,,ENSEMBLE OF GAIA DR3 STARS ( TRANSFORMED TO JOHNSON-V. ),0,1.436,Z,,9.144,,SX PHE,AAVSO,STD,,,,
2460593.21774,7.240,0.0297,,TG,MANO,,ENSEMBLE,?,,ENSEMBLE OF GAIA DR3 STARS ( TRANSFORMED TO JOHNSON-V. ),0,1.437,Z,,9.192,,SX PHE,AAVSO,STD,,,,
2460593.21791,7.181,0.0297,,TG,MANO,,ENSEMBLE,?,,ENSEMBLE OF GAIA DR3 STARS ( TRANSFORMED TO JOHNSON-V. ),0,1.437,Z,,9.151,,SX PHE,AAVSO,STD,,,,
2460593.21934,7.125,0.0297,,TG,MANO,,ENSEMBLE,?,,ENSEMBLE OF GAIA DR3 STARS ( TRANSFORMED TO JOHNSON-V. ),0,1.447,Z,,9.169,,SX PHE,AAVSO,STD,,,,
2460593.21998,7.137,0.0297,,TG,MANO,,ENSEMBLE,?,,ENSEMBLE OF GAIA DR3 STARS ( TRANSFORMED TO JOHNSON-V. ),0,1.454,Z,,9.124,,SX PHE,AAVSO,STD,,,,
2460593.22187,7.191,0.0297,,TG,MANO,,ENSEMBLE,?,,ENSEMBLE OF GAIA DR3 STARS ( TRANSFORMED TO JOHNSON-V. ),0,1.464,Z,,9.183,,SX PHE,AAVSO,STD,,,,
2460593.22203,7.083,0.0297,,TG,MANO,,ENSEMBLE,?,,ENSEMBLE OF GAIA DR3 STARS ( TRANSFORMED TO JOHNSON-V. ),0,1.464,Z,,9.169,,SX PHE,AAVSO,STD,,,,
2460593.22319,7.090,0.0297,,TG,MANO,,ENSEMBLE,?,,ENSEMBLE OF GAIA DR3 STARS ( TRANSFORMED TO JOHNSON-V. ),0,1.475,Z,,9.115,,SX PHE,AAVSO,STD,,,,
2460593.22335,7.064,0.0297,,TG,MANO,,ENSEMBLE,?,,ENSEMBLE OF GAIA DR3 STARS ( TRANSFORMED TO JOHNSON-V. ),0,1.475,Z,,9.143,,SX PHE,AAVSO,STD,,,,
2460593.22400,7.068,0.0297,,TG,MANO,,ENSEMBLE,?,,ENSEMBLE OF GAIA DR3 STARS ( TRANSFORMED TO JOHNSON-V. ),0,1.480,Z,,9.101,,SX PHE,AAVSO,STD,,,,
2460593.22463,7.134,0.0297,,TG,MANO,,ENSEMBLE,?,,ENSEMBLE OF GAIA DR3 STARS ( TRANSFORMED TO JOHNSON-V. ),0,1.485,Z,,9.157,,SX PHE,AAVSO,STD,,,,
2460593.22548,7.108,0.0297,,TG,MANO,,ENSEMBLE,?,,ENSEMBLE OF GAIA DR3 STARS ( TRANSFORMED TO JOHNSON-V. ),0,1.490,Z,,9.194,,SX PHE,AAVSO,STD,,,,
2460593.22662,7.136,0.0297,,TG,MANO,,ENSEMBLE,?,,ENSEMBLE OF GAIA DR3 STARS ( TRANSFORMED TO JOHNSON-V. ),0,1.501,Z,,9.192,,SX PHE,AAVSO,STD,,,,
2460593.22669,7.127,0.0297,,TG,MANO,,ENSEMBLE,?,,ENSEMBLE OF GAIA DR3 STARS ( TRANSFORMED TO JOHNSON-V. ),0,1.502,Z,,9.070,,SX PHE,AAVSO,STD,,,,
2460593.22675,7.047,0.0297,,TG,MANO,,ENSEMBLE,?,,ENSEMBLE OF GAIA DR3 STARS ( TRANSFORMED TO JOHNSON-V. ),0,1.502,Z,,9.106,,SX PHE,AAVSO,STD,,,,
2460593.22681,7.161,0.0297,,TG,MANO,,ENSEMBLE,?,,ENSEMBLE OF GAIA DR3 STARS ( TRANSFORMED TO JOHNSON-V. ),0,1.502,Z,,9.138,,SX PHE,AAVSO,STD,,,,
2460593.22711,7.141,0.0297,,TG,MANO,,ENSEMBLE,?,,ENSEMBLE OF GAIA DR3 STARS ( TRANSFORMED TO JOHNSON-V. ),0,1.504,Z,,9.197,,SX PHE,AAVSO,STD,,,,
2460593.22776,7.144,0.0297,,TG,MANO,,ENSEMBLE,?,,ENSEMBLE OF GAIA DR3 STARS ( TRANSFORMED TO JOHNSON-V. ),0,1.509,Z,,9.074,,SX PHE,AAVSO,STD,,,,
2460593.22840,7.155,0.0297,,TG,MANO,,ENSEMBLE,?,,ENSEMBLE OF GAIA DR3 STARS ( TRANSFORMED TO JOHNSON-V. ),0,1.514,Z,,9.173,,SX PHE,AAVSO,STD,,,,
2460593.22922,7.179,0.0297,,TG,MANO,,ENSEMBLE,?,,ENSEMBLE OF GAIA DR3 STARS ( TRANSFORMED TO JOHNSON-V. ),0,1.520,Z,,9.199,,SX PHE,AAVSO,STD,,,,
2460593.22938,7.152,0.0297,,TG,MANO,,ENSEMBLE,?,,ENSEMBLE OF GAIA DR3 STARS ( TRANSFORMED TO JOHNSON-V. ),0,1.520,Z,,9.129,,SX PHE,AAVSO,STD,,,,
2460593.23280,7.212,0.0297,,TG,MANO,,ENSEMBLE,?,,ENSEMBLE OF GAIA DR3 STARS ( TRANSFORMED TO JOHNSON-V. ),0,1.551,Z,,9.114,,SX PHE,AAVSO,STD,,,,
2460593.23286,7.281,0.0297,,TG,MANO,,ENSEMBLE,?,,ENSEMBLE OF GAIA DR3 STARS ( TRANSFORMED TO JOHNSON-V. ),0,1.551,Z,,9.178,,SX PHE,AAVSO,STD,,,,
2460593.23302,7.296,0.0297,,TG,MANO,,ENSEMBLE,?,,ENSEMBLE OF GAIA DR3 STARS ( TRANSFORMED TO JOHNSON-V. ),0,1.552,Z,,9.149,,SX PHE,AAVSO,STD,,,,
2460593.23318,7.267,0.0297,,TG,MANO,,ENSEMBLE,?,,ENSEMBLE OF GAIA DR3 STARS ( TRANSFORMED TO JOHNSON-V. ),0,1.552,Z,,9.168,,SX PHE,AAVSO,STD,,,,
2460593.23383,7.190,0.0297,,TG,MANO,,ENSEMBLE,?,,ENSEMBLE OF GAIA DR3 STARS ( TRANSFORMED TO JOHNSON-V. ),0,1.558,Z,,9.122,,SX PHE,AAVSO,STD,,,,
2460593.23447,7.267,0.0297,,TG,MANO,,ENSEMBLE,?,,ENSEMBLE OF GAIA DR3 STARS ( TRANSFORMED TO JOHNSON-V. ),0,1.563,Z,,9.177,,SX PHE,AAVSO,STD,,,,
2460593.23511,7.206,0.0297,,TG,MANO,,ENSEMBLE,?,,ENSEMBLE OF GAIA DR3 STARS ( TRANSFORMED TO JOHNSON-V. ),0,1.569,Z,,9.226,,SX PHE,AAVSO,STD,,,,
2460593.23575,7.309,0.0297,,TG,MANO,,ENSEMBLE,?,,ENSEMBLE OF GAIA DR3 STARS ( TRANSFORMED TO JOHNSON-V. ),0,1.575,Z,,9.177,,SX PHE,AAVSO,STD,,,,
2460593.23636,7.247,0.0297,,TG,MANO,,ENSEMBLE,?,,ENSEMBLE OF GAIA DR3 STARS ( TRANSFORMED TO JOHNSON-V. ),0,1.579,Z,,9.153,,SX PHE,AAVSO,STD,,,,
2460593.23700,7.320,0.0297,,TG,MANO,,ENSEMBLE,?,,ENSEMBLE OF GAIA DR3 STARS ( TRANSFORMED TO JOHNSON-V. ),0,1.585,Z,,9.185,,SX PHE,AAVSO,STD,,,,
2460593.23764,7.294,0.0297,,TG,MANO,,ENSEMBLE,?,,ENSEMBLE OF GAIA DR3 STARS ( TRANSFORMED TO JOHNSON-V. ),0,1.591,Z,,9.034,,SX PHE,AAVSO,STD,,,,
2460593.23828,7.288,0.0297,,TG,MANO,,ENSEMBLE,?,,ENSEMBLE OF GAIA DR3 STARS ( TRANSFORMED TO JOHNSON-V. ),0,1.595,Z,,9.136,,SX PHE,AAVSO,STD,,,,
2460593.23999,7.350,0.0297,,TG,MANO,,ENSEMBLE,?,,ENSEMBLE OF GAIA DR3 STARS ( TRANSFORMED TO JOHNSON-V. ),0,1.609,Z,,9.150,,SX PHE,AAVSO,STD,,,,
2460593.24175,7.346,0.0297,,TG,MANO,,ENSEMBLE,?,,ENSEMBLE OF GAIA DR3 STARS ( TRANSFORMED TO JOHNSON-V. ),0,1.629,Z,,9.071,,SX PHE,AAVSO,STD,,,,
2460593.24191,7.333,0.0297,,TG,MANO,,ENSEMBLE,?,,ENSEMBLE OF GAIA DR3 STARS ( TRANSFORMED TO JOHNSON-V. ),0,1.630,Z,,9.143,,SX PHE,AAVSO,STD,,,,
2460593.24256,7.364,0.0297,,TG,MANO,,ENSEMBLE,?,,ENSEMBLE OF GAIA DR3 STARS ( TRANSFORMED TO JOHNSON-V. ),0,1.636,Z,,9.192,,SX PHE,AAVSO,STD,,,,
2460593.24320,7.414,0.0297,,TG,MANO,,ENSEMBLE,?,,ENSEMBLE OF GAIA DR3 STARS ( TRANSFORMED TO JOHNSON-V. ),0,1.641,Z,,9.207,,SX PHE,AAVSO,STD,,,,
2460593.24669,7.390,0.0297,,TG,MANO,,ENSEMBLE,?,,ENSEMBLE OF GAIA DR3 STARS ( TRANSFORMED TO JOHNSON-V. ),0,1.677,Z,,9.183,,SX PHE,AAVSO,STD,,,,
2460593.24686,7.433,0.0297,,TG,MANO,,ENSEMBLE,?,,ENSEMBLE OF GAIA DR3 STARS ( TRANSFORMED TO JOHNSON-V. ),0,1.677,Z,,9.162,,SX PHE,AAVSO,STD,,,,
2460593.24750,7.454,0.0297,,TG,MANO,,ENSEMBLE,?,,ENSEMBLE OF GAIA DR3 STARS ( TRANSFORMED TO JOHNSON-V. ),0,1.685,Z,,9.139,,SX PHE,AAVSO,STD,,,,
2460593.25014,7.394,0.0297,,TG,MANO,,ENSEMBLE,?,,ENSEMBLE OF GAIA DR3 STARS ( TRANSFORMED TO JOHNSON-V. ),0,1.714,Z,,9.139,,SX PHE,AAVSO,STD,,,,
2460593.25020,7.412,0.0297,,TG,MANO,,ENSEMBLE,?,,ENSEMBLE OF GAIA DR3 STARS ( TRANSFORMED TO JOHNSON-V. ),0,1.715,Z,,9.067,,SX PHE,AAVSO,STD,,,,
2460593.25027,7.422,0.0297,,TG,MANO,,ENSEMBLE,?,,ENSEMBLE OF GAIA DR3 STARS ( TRANSFORMED TO JOHNSON-V. ),0,1.716,Z,,9.075,,SX PHE,AAVSO,STD,,,,
2460593.25043,7.476,0.0297,,TG,MANO,,ENSEMBLE,?,,ENSEMBLE OF GAIA DR3 STARS ( TRANSFORMED TO JOHNSON-V. ),0,1.716,Z,,9.104,,SX PHE,AAVSO,STD,,,,
2460593.25106,7.484,0.0297,,TG,MANO,,ENSEMBLE,?,,ENSEMBLE OF GAIA DR3 STARS ( TRANSFORMED TO JOHNSON-V. ),0,1.722,Z,,9.145,,SX PHE,AAVSO,STD,,,,
2460593.25166,7.494,0.0297,,TG,MANO,,ENSEMBLE,?,,ENSEMBLE OF GAIA DR3 STARS ( TRANSFORMED TO JOHNSON-V. ),0,1.728,Z,,9.168,,SX PHE,AAVSO,STD,,,,
2460593.25230,7.539,0.0297,,TG,MANO,,ENSEMBLE,?,,ENSEMBLE OF GAIA DR3 STARS ( TRANSFORMED TO JOHNSON-V. ),0,1.734,Z,,9.230,,SX PHE,AAVSO,STD,,,,
2460593.25516,7.418,0.0297,,TG,MANO,,ENSEMBLE,?,,ENSEMBLE OF GAIA DR3 STARS ( TRANSFORMED TO JOHNSON-V. ),0,1.770,Z,,9.206,,SX PHE,AAVSO,STD,,,,
2460593.25533,7.509,0.0297,,TG,MANO,,ENSEMBLE,?,,ENSEMBLE OF GAIA DR3 STARS ( TRANSFORMED TO JOHNSON-V. ),0,1.770,Z,,9.206,,SX PHE,AAVSO,STD,,,,
2460593.25549,7.516,0.0297,,TG,MANO,,ENSEMBLE,?,,ENSEMBLE OF GAIA DR3 STARS ( TRANSFORMED TO JOHNSON-V. ),0,1.770,Z,,9.155,,SX PHE,AAVSO,STD,,,,
2460593.25824,7.426,0.0297,,TG,MANO,,ENSEMBLE,?,,ENSEMBLE OF GAIA DR3 STARS ( TRANSFORMED TO JOHNSON-V. ),0,1.804,Z,,9.201,,SX PHE,AAVSO,STD,,,,
2460593.25981,7.489,0.0297,,TG,MANO,,ENSEMBLE,?,,ENSEMBLE OF GAIA DR3 STARS ( TRANSFORMED TO JOHNSON-V. ),0,1.821,Z,,9.160,,SX PHE,AAVSO,STD,,,,
2460593.26201,7.472,0.0297,,TG,MANO,,ENSEMBLE,?,,ENSEMBLE OF GAIA DR3 STARS ( TRANSFORMED TO JOHNSON-V. ),0,1.850,Z,,9.139,,SX PHE,AAVSO,STD,,,,
2460593.26376,7.418,0.0297,,TG,MANO,,ENSEMBLE,?,,ENSEMBLE OF GAIA DR3 STARS ( TRANSFORMED TO JOHNSON-V. ),0,1.870,Z,,9.279,,SX PHE,AAVSO,STD,,,,
2460593.26540,7.418,0.0297,,TG,MANO,,ENSEMBLE,?,,ENSEMBLE OF GAIA DR3 STARS ( TRANSFORMED TO JOHNSON-V. ),0,1.897,Z,,9.054,,SX PHE,AAVSO,STD,,,,
2460593.26556,7.448,0.0297,,TG,MANO,,ENSEMBLE,?,,ENSEMBLE OF GAIA DR3 STARS ( TRANSFORMED TO JOHNSON-V. ),0,1.897,Z,,9.174,,SX PHE,AAVSO,STD,,,,
2460593.26620,7.420,0.0297,,TG,MANO,,ENSEMBLE,?,,ENSEMBLE OF GAIA DR3 STARS ( TRANSFORMED TO JOHNSON-V. ),0,1.903,Z,,9.154,,SX PHE,AAVSO,STD,,,,
2460593.26849,7.323,0.0297,,TG,MANO,,ENSEMBLE,?,,ENSEMBLE OF GAIA DR3 STARS ( TRANSFORMED TO JOHNSON-V. ),0,1.939,Z,,9.164,,SX PHE,AAVSO,STD,,,,
2460593.27155,7.096,0.0297,,TG,MANO,,ENSEMBLE,?,,ENSEMBLE OF GAIA DR3 STARS ( TRANSFORMED TO JOHNSON-V. ),0,1.985,Z,,9.139,,SX PHE,AAVSO,STD,,,,
2460593.27171,7.100,0.0297,,TG,MANO,,ENSEMBLE,?,,ENSEMBLE OF GAIA DR3 STARS ( TRANSFORMED TO JOHNSON-V. ),0,1.988,Z,,9.184,,SX PHE,AAVSO,STD,,,,
2460593.27401,7.028,0.0297,,TG,MANO,,ENSEMBLE,?,,ENSEMBLE OF GAIA DR3 STARS ( TRANSFORMED TO JOHNSON-V. ),0,2.019,Z,,9.200,,SX PHE,AAVSO,STD,,,,
2460593.27465,6.885,0.0297,,TG,MANO,,ENSEMBLE,?,,ENSEMBLE OF GAIA DR3 STARS ( TRANSFORMED TO JOHNSON-V. ),0,2.028,Z,,9.106,,SX PHE,AAVSO,STD,,,,
2460593.27529,6.881,0.0297,,TG,MANO,,ENSEMBLE,?,,ENSEMBLE OF GAIA DR3 STARS ( TRANSFORMED TO JOHNSON-V. ),0,2.033,Z,,9.188,,SX PHE,AAVSO,STD,,,,
2460593.27843,6.932,0.0297,,TG,MANO,,ENSEMBLE,?,,ENSEMBLE OF GAIA DR3 STARS ( TRANSFORMED TO JOHNSON-V. ),0,2.091,Z,,9.173,,SX PHE,AAVSO,STD,,,,
2460593.27860,6.869,0.0297,,TG,MANO,,ENSEMBLE,?,,ENSEMBLE OF GAIA DR3 STARS ( TRANSFORMED TO JOHNSON-V. ),0,2.092,Z,,9.152,,SX PHE,AAVSO,STD,,,,
2460593.27929,6.937,0.0297,,TG,MANO,,ENSEMBLE,?,,ENSEMBLE OF GAIA DR3 STARS ( TRANSFORMED TO JOHNSON-V. ),0,2.098,Z,,9.141,,SX PHE,AAVSO,STD,,,,
2460593.28195,7.037,0.0297,,TG,MANO,,ENSEMBLE,?,,ENSEMBLE OF GAIA DR3 STARS ( TRANSFORMED TO JOHNSON-V. ),0,2.143,Z,,9.153,,SX PHE,AAVSO,STD,,,,
2460593.28259,7.048,0.0297,,TG,MANO,,ENSEMBLE,?,,ENSEMBLE OF GAIA DR3 STARS ( TRANSFORMED TO JOHNSON-V. ),0,2.159,Z,,9.156,,SX PHE,AAVSO,STD,,,,
2460593.28585,7.289,0.0297,,TG,MANO,,ENSEMBLE,?,,ENSEMBLE OF GAIA DR3 STARS ( TRANSFORMED TO JOHNSON-V. ),0,2.217,Z,,9.163,,SX PHE,AAVSO,STD,,,,
2460593.28650,7.141,0.0297,,TG,MANO,,ENSEMBLE,?,,ENSEMBLE OF GAIA DR3 STARS ( TRANSFORMED TO JOHNSON-V. ),0,2.230,Z,,9.133,,SX PHE,AAVSO,STD,,,,
2460593.29000,7.329,0.0297,,TG,MANO,,ENSEMBLE,?,,ENSEMBLE OF GAIA DR3 STARS ( TRANSFORMED TO JOHNSON-V. ),0,2.304,Z,,9.157,,SX PHE,AAVSO,STD,,,,
2460593.29016,7.263,0.0297,,TG,MANO,,ENSEMBLE,?,,ENSEMBLE OF GAIA DR3 STARS ( TRANSFORMED TO JOHNSON-V. ),0,2.306,Z,,9.121,,SX PHE,AAVSO,STD,,,,
2460593.29227,7.296,0.0297,,TG,MANO,,ENSEMBLE,?,,ENSEMBLE OF GAIA DR3 STARS ( TRANSFORMED TO JOHNSON-V. ),0,2.339,Z,,9.150,,SX PHE,AAVSO,STD,,,,
2460593.29291,7.378,0.0297,,TG,MANO,,ENSEMBLE,?,,ENSEMBLE OF GAIA DR3 STARS ( TRANSFORMED TO JOHNSON-V. ),0,2.359,Z,,9.162,,SX PHE,AAVSO,STD,,,,
2460593.29351,7.324,0.0297,,TG,MANO,,ENSEMBLE,?,,ENSEMBLE OF GAIA DR3 STARS ( TRANSFORMED TO JOHNSON-V. ),0,2.367,Z,,9.135,,SX PHE,AAVSO,STD,,,,
2460916.215261,7.619,0.001,,TG,PEX,,000-BPZ-046,234804-412235,X40662BCU,|CNAME=000-BPZ-046|CDEC=-41.86578|CRA=356.72092|CMAGINS=-14.577|CREFMAG=8.686|KNAME=234804-412235|KDEC=-41.37655|KRA=357.01965|KMAGINS=-12.297|KREFMAG=10.966|VMAGINS=-15.644|VMAG=7.619,0,1.018,Z,-14.577,-12.276,,SX PHE,AAVSO,STD,,,,
2460916.216007,7.643,0.000,,TG,PEX,,000-BPZ-046,234804-412235,X40662BCU,|CNAME=000-BPZ-046|CDEC=-41.86578|CRA=356.72092|CMAGINS=-14.608|CREFMAG=8.686|KNAME=234804-412235|KDEC=-41.37655|KRA=357.01965|KMAGINS=-12.328|KREFMAG=10.966|VMAGINS=-15.650|VMAG=7.643,0,1.018,Z,-14.608,-12.367,,SX PHE,AAVSO,STD,,,,
2460916.216732,7.613,0.000,,TG,PEX,,000-BPZ-046,234804-412235,X40662BCU,|CNAME=000-BPZ-046|CDEC=-41.86578|CRA=356.72092|CMAGINS=-14.599|CREFMAG=8.686|KNAME=234804-412235|KDEC=-41.37655|KRA=357.01965|KMAGINS=-12.319|KREFMAG=10.966|VMAGINS=-15.673|VMAG=7.613,0,1.017,Z,-14.599,-12.386,,SX PHE,AAVSO,STD,,,,
2460916.217453,7.632,0.000,,TG,PEX,,000-BPZ-046,234804-412235,X40662BCU,|CNAME=000-BPZ-046|CDEC=-41.86578|CRA=356.72092|CMAGINS=-14.590|CREFMAG=8.686|KNAME=234804-412235|KDEC=-41.37655|KRA=357.01965|KMAGINS=-12.311|KREFMAG=10.966|VMAGINS=-15.644|VMAG=7.632,0,1.017,Z,-14.590,-12.251,,SX PHE,AAVSO,STD,,,,
2460916.218265,7.608,0.000,,TG,PEX,,000-BPZ-046,234804-412235,X40662BCU,|CNAME=000-BPZ-046|CDEC=-41.86578|CRA=356.72092|CMAGINS=-14.597|CREFMAG=8.686|KNAME=234804-412235|KDEC=-41.37655|KRA=357.01965|KMAGINS=-12.318|KREFMAG=10.966|VMAGINS=-15.675|VMAG=7.608,0,1.017,Z,-14.597,-12.266,,SX PHE,AAVSO,STD,,,,
2460916.219052,7.639,0.000,,TG,PEX,,000-BPZ-046,234804-412235,X40662BCU,|CNAME=000-BPZ-046|CDEC=-41.86578|CRA=356.72092|CMAGINS=-14.580|CREFMAG=8.686|KNAME=234804-412235|KDEC=-41.37655|KRA=357.01965|KMAGINS=-12.300|KREFMAG=10.966|VMAGINS=-15.627|VMAG=7.639,0,1.016,Z,-14.580,-12.261,,SX PHE,AAVSO,STD,,,,
2460916.219797,7.610,0.000,,TG,PEX,,000-BPZ-046,234804-412235,X40662BCU,|CNAME=000-BPZ-046|CDEC=-41.86578|CRA=356.72092|CMAGINS=-14.593|CREFMAG=8.686|KNAME=234804-412235|KDEC=-41.37655|KRA=357.01965|KMAGINS=-12.313|KREFMAG=10.966|VMAGINS=-15.669|VMAG=7.610,0,1.016,Z,-14.593,-12.302,,SX PHE,AAVSO,STD,,,,
2460916.220525,7.610,0.000,,TG,PEX,,000-BPZ-046,234804-412235,X40662BCU,|CNAME=000-BPZ-046|CDEC=-41.86578|CRA=356.72092|CMAGINS=-14.580|CREFMAG=8.686|KNAME=234804-412235|KDEC=-41.37655|KRA=357.01965|KMAGINS=-12.300|KREFMAG=10.966|VMAGINS=-15.656|VMAG=7.610,0,1.016,Z,-14.580,-12.344,,SX PHE,AAVSO,STD,,,,
2460916.221251,7.654,0.001,,TG,PEX,,000-BPZ-046,234804-412235,X40662BCU,|CNAME=000-BPZ-046|CDEC=-41.86578|CRA=356.72092|CMAGINS=-14.587|CREFMAG=8.686|KNAME=234804-412235|KDEC=-41.37655|KRA=357.01965|KMAGINS=-12.307|KREFMAG=10.966|VMAGINS=-15.618|VMAG=7.654,0,1.016,Z,-14.587,-12.304,,SX PHE,AAVSO,STD,,,,
2460916.221975,7.686,0.000,,TG,PEX,,000-BPZ-046,234804-412235,X40662BCU,|CNAME=000-BPZ-046|CDEC=-41.86578|CRA=356.72092|CMAGINS=-14.602|CREFMAG=8.686|KNAME=234804-412235|KDEC=-41.37655|KRA=357.01965|KMAGINS=-12.322|KREFMAG=10.966|VMAGINS=-15.602|VMAG=7.686,0,1.015,Z,-14.602,-12.346,,SX PHE,AAVSO,STD,,,,
2460916.222698,7.652,0.000,,TG,PEX,,000-BPZ-046,234804-412235,X40662BCU,|CNAME=000-BPZ-046|CDEC=-41.86578|CRA=356.72092|CMAGINS=-14.581|CREFMAG=8.686|KNAME=234804-412235|KDEC=-41.37655|KRA=357.01965|KMAGINS=-12.301|KREFMAG=10.966|VMAGINS=-15.614|VMAG=7.652,0,1.015,Z,-14.581,-12.361,,SX PHE,AAVSO,STD,,,,
2460916.223427,7.707,0.000,,TG,PEX,,000-BPZ-046,234804-412235,X40662BCU,|CNAME=000-BPZ-046|CDEC=-41.86578|CRA=356.72092|CMAGINS=-14.595|CREFMAG=8.686|KNAME=234804-412235|KDEC=-41.37655|KRA=357.01965|KMAGINS=-12.316|KREFMAG=10.966|VMAGINS=-15.575|VMAG=7.707,0,1.015,Z,-14.595,-12.294,,SX PHE,AAVSO,STD,,,,
2460916.224173,7.642,0.000,,TG,PEX,,000-BPZ-046,234804-412235,X40662BCU,|CNAME=000-BPZ-046|CDEC=-41.86578|CRA=356.72092|CMAGINS=-14.588|CREFMAG=8.686|KNAME=234804-412235|KDEC=-41.37655|KRA=357.01965|KMAGINS=-12.308|KREFMAG=10.966|VMAGINS=-15.632|VMAG=7.642,0,1.015,Z,-14.588,-12.273,,SX PHE,AAVSO,STD,,,,
2460916.224895,7.617,0.000,,TG,PEX,,000-BPZ-046,234804-412235,X40662BCU,|CNAME=000-BPZ-046|CDEC=-41.86578|CRA=356.72092|CMAGINS=-14.579|CREFMAG=8.686|KNAME=234804-412235|KDEC=-41.37655|KRA=357.01965|KMAGINS=-12.299|KREFMAG=10.966|VMAGINS=-15.648|VMAG=7.617,0,1.015,Z,-14.579,-12.356,,SX PHE,AAVSO,STD,,,,
2460916.225620,7.609,0.000,,TG,PEX,,000-BPZ-046,234804-412235,X40662BCU,|CNAME=000-BPZ-046|CDEC=-41.86578|CRA=356.72092|CMAGINS=-14.579|CREFMAG=8.686|KNAME=234804-412235|KDEC=-41.37655|KRA=357.01965|KMAGINS=-12.299|KREFMAG=10.966|VMAGINS=-15.656|VMAG=7.609,0,1.015,Z,-14.579,-12.302,,SX PHE,AAVSO,STD,,,,
2460916.226345,7.672,0.000,,TG,PEX,,000-BPZ-046,234804-412235,X40662BCU,|CNAME=000-BPZ-046|CDEC=-41.86578|CRA=356.72092|CMAGINS=-14.584|CREFMAG=8.686|KNAME=234804-412235|KDEC=-41.37655|KRA=357.01965|KMAGINS=-12.304|KREFMAG=10.966|VMAGINS=-15.598|VMAG=7.672,0,1.015,Z,-14.584,-12.283,,SX PHE,AAVSO,STD,,,,
2460916.227090,7.669,0.001,,TG,PEX,,000-BPZ-046,234804-412235,X40662BCU,|CNAME=000-BPZ-046|CDEC=-41.86578|CRA=356.72092|CMAGINS=-14.599|CREFMAG=8.686|KNAME=234804-412235|KDEC=-41.37655|KRA=357.01965|KMAGINS=-12.320|KREFMAG=10.966|VMAGINS=-15.617|VMAG=7.669,0,1.014,Z,-14.599,-12.356,,SX PHE,AAVSO,STD,,,,
2460916.227812,7.656,0.000,,TG,PEX,,000-BPZ-046,234804-412235,X40662BCU,|CNAME=000-BPZ-046|CDEC=-41.86578|CRA=356.72092|CMAGINS=-14.580|CREFMAG=8.686|KNAME=234804-412235|KDEC=-41.37655|KRA=357.01965|KMAGINS=-12.300|KREFMAG=10.966|VMAGINS=-15.610|VMAG=7.656,0,1.014,Z,-14.580,-12.308,,SX PHE,AAVSO,STD,,,,
2460916.228537,7.686,0.001,,TG,PEX,,000-BPZ-046,234804-412235,X40662BCU,|CNAME=000-BPZ-046|CDEC=-41.86578|CRA=356.72092|CMAGINS=-14.592|CREFMAG=8.686|KNAME=234804-412235|KDEC=-41.37655|KRA=357.01965|KMAGINS=-12.312|KREFMAG=10.966|VMAGINS=-15.592|VMAG=7.686,0,1.014,Z,-14.592,-12.288,,SX PHE,AAVSO,STD,,,,
2460916.229414,7.620,0.001,,TG,PEX,,000-BPZ-046,234804-412235,X40662BCU,|CNAME=000-BPZ-046|CDEC=-41.86578|CRA=356.72092|CMAGINS=-14.588|CREFMAG=8.686|KNAME=234804-412235|KDEC=-41.37655|KRA=357.01965|KMAGINS=-12.308|KREFMAG=10.966|VMAGINS=-15.654|VMAG=7.620,0,1.014,Z,-14.588,-12.334,,SX PHE,AAVSO,STD,,,,
2460916.230269,7.639,0.000,,TG,PEX,,000-BPZ-046,234804-412235,X40662BCU,|CNAME=000-BPZ-046|CDEC=-41.86578|CRA=356.72092|CMAGINS=-14.586|CREFMAG=8.686|KNAME=234804-412235|KDEC=-41.37655|KRA=357.01965|KMAGINS=-12.306|KREFMAG=10.966|VMAGINS=-15.633|VMAG=7.639,0,1.014,Z,-14.586,-12.330,,SX PHE,AAVSO,STD,,,,
2460916.231081,7.628,0.000,,TG,PEX,,000-BPZ-046,234804-412235,X40662BCU,|CNAME=000-BPZ-046|CDEC=-41.86578|CRA=356.72092|CMAGINS=-14.576|CREFMAG=8.686|KNAME=234804-412235|KDEC=-41.37655|KRA=357.01965|KMAGINS=-12.297|KREFMAG=10.966|VMAGINS=-15.635|VMAG=7.628,0,1.014,Z,-14.576,-12.232,,SX PHE,AAVSO,STD,,,,
2460916.231892,7.656,0.000,,TG,PEX,,000-BPZ-046,234804-412235,X40662BCU,|CNAME=000-BPZ-046|CDEC=-41.86578|CRA=356.72092|CMAGINS=-14.597|CREFMAG=8.686|KNAME=234804-412235|KDEC=-41.37655|KRA=357.01965|KMAGINS=-12.318|KREFMAG=10.966|VMAGINS=-15.628|VMAG=7.656,0,1.014,Z,-14.597,-12.262,,SX PHE,AAVSO,STD,,,,
2460916.232615,7.645,0.000,,TG,PEX,,000-BPZ-046,234804-412235,X40662BCU,|CNAME=000-BPZ-046|CDEC=-41.86578|CRA=356.72092|CMAGINS=-14.589|CREFMAG=8.686|KNAME=234804-412235|KDEC=-41.37655|KRA=357.01965|KMAGINS=-12.309|KREFMAG=10.966|VMAGINS=-15.629|VMAG=7.645,0,1.014,Z,-14.589,-12.355,,SX PHE,AAVSO,STD,,,,
2460916.233341,7.665,0.000,,TG,PEX,,000-BPZ-046,234804-412235,X40662BCU,|CNAME=000-BPZ-046|CDEC=-41.86578|CRA=356.72092|CMAGINS=-14.603|CREFMAG=8.686|KNAME=234804-412235|KDEC=-41.37655|KRA=357.01965|KMAGINS=-12.323|KREFMAG=10.966|VMAGINS=-15.623|VMAG=7.665,0,1.014,Z,-14.603,-12.331,,SX PHE,AAVSO,STD,,,,
2460916.234063,7.710,0.001,,TG,PEX,,000-BPZ-046,234804-412235,X40662BCU,|CNAME=000-BPZ-046|CDEC=-41.86578|CRA=356.72092|CMAGINS=-14.609|CREFMAG=8.686|KNAME=234804-412235|KDEC=-41.37655|KRA=357.01965|KMAGINS=-12.329|KREFMAG=10.966|VMAGINS=-15.585|VMAG=7.710,0,1.014,Z,-14.609,-12.340,,SX PHE,AAVSO,STD,,,,
2460916.234807,7.627,0.000,,TG,PEX,,000-BPZ-046,234804-412235,X40662BCU,|CNAME=000-BPZ-046|CDEC=-41.86578|CRA=356.72092|CMAGINS=-14.587|CREFMAG=8.686|KNAME=234804-412235|KDEC=-41.37655|KRA=357.01965|KMAGINS=-12.307|KREFMAG=10.966|VMAGINS=-15.646|VMAG=7.627,0,1.014,Z,-14.587,-12.382,,SX PHE,AAVSO,STD,,,,
2460916.235618,7.627,0.000,,TG,PEX,,000-BPZ-046,234804-412235,X40662BCU,|CNAME=000-BPZ-046|CDEC=-41.86578|CRA=356.72092|CMAGINS=-14.562|CREFMAG=8.686|KNAME=234804-412235|KDEC=-41.37655|KRA=357.01965|KMAGINS=-12.282|KREFMAG=10.966|VMAGINS=-15.621|VMAG=7.627,0,1.014,Z,-14.562,-12.333,,SX PHE,AAVSO,STD,,,,
2460916.236410,7.642,0.001,,TG,PEX,,000-BPZ-046,234804-412235,X40662BCU,|CNAME=000-BPZ-046|CDEC=-41.86578|CRA=356.72092|CMAGINS=-14.591|CREFMAG=8.686|KNAME=234804-412235|KDEC=-41.37655|KRA=357.01965|KMAGINS=-12.311|KREFMAG=10.966|VMAGINS=-15.635|VMAG=7.642,0,1.014,Z,-14.591,-12.346,,SX PHE,AAVSO,STD,,,,
2460916.237222,7.614,0.000,,TG,PEX,,000-BPZ-046,234804-412235,X40662BCU,|CNAME=000-BPZ-046|CDEC=-41.86578|CRA=356.72092|CMAGINS=-14.582|CREFMAG=8.686|KNAME=234804-412235|KDEC=-41.37655|KRA=357.01965|KMAGINS=-12.302|KREFMAG=10.966|VMAGINS=-15.654|VMAG=7.614,0,1.014,Z,-14.582,-12.354,,SX PHE,AAVSO,STD,,,,
2460916.238012,7.581,0.000,,TG,PEX,,000-BPZ-046,234804-412235,X40662BCU,|CNAME=000-BPZ-046|CDEC=-41.86578|CRA=356.72092|CMAGINS=-14.593|CREFMAG=8.686|KNAME=234804-412235|KDEC=-41.37655|KRA=357.01965|KMAGINS=-12.313|KREFMAG=10.966|VMAGINS=-15.697|VMAG=7.581,0,1.015,Z,-14.593,-12.319,,SX PHE,AAVSO,STD,,,,
2460916.238758,7.588,0.000,,TG,PEX,,000-BPZ-046,234804-412235,X40662BCU,|CNAME=000-BPZ-046|CDEC=-41.86578|CRA=356.72092|CMAGINS=-14.584|CREFMAG=8.686|KNAME=234804-412235|KDEC=-41.37655|KRA=357.01965|KMAGINS=-12.304|KREFMAG=10.966|VMAGINS=-15.682|VMAG=7.588,0,1.015,Z,-14.584,-12.367,,SX PHE,AAVSO,STD,,,,
2460916.239571,7.577,0.000,,TG,PEX,,000-BPZ-046,234804-412235,X40662BCU,|CNAME=000-BPZ-046|CDEC=-41.86578|CRA=356.72092|CMAGINS=-14.590|CREFMAG=8.686|KNAME=234804-412235|KDEC=-41.37655|KRA=357.01965|KMAGINS=-12.310|KREFMAG=10.966|VMAGINS=-15.698|VMAG=7.577,0,1.015,Z,-14.590,-12.274,,SX PHE,AAVSO,STD,,,,
2460916.240385,7.566,0.000,,TG,PEX,,000-BPZ-046,234804-412235,X40662BCU,|CNAME=000-BPZ-046|CDEC=-41.86578|CRA=356.72092|CMAGINS=-14.578|CREFMAG=8.686|KNAME=234804-412235|KDEC=-41.37655|KRA=357.01965|KMAGINS=-12.298|KREFMAG=10.966|VMAGINS=-15.698|VMAG=7.566,0,1.015,Z,-14.578,-12.324,,SX PHE,AAVSO,STD,,,,
2460916.241109,7.571,0.000,,TG,PEX,,000-BPZ-046,234804-412235,X40662BCU,|CNAME=000-BPZ-046|CDEC=-41.86578|CRA=356.72092|CMAGINS=-14.594|CREFMAG=8.686|KNAME=234804-412235|KDEC=-41.37655|KRA=357.01965|KMAGINS=-12.314|KREFMAG=10.966|VMAGINS=-15.709|VMAG=7.571,0,1.015,Z,-14.594,-12.354,,SX PHE,AAVSO,STD,,,,
2460916.241836,7.531,0.000,,TG,PEX,,000-BPZ-046,234804-412235,X40662BCU,|CNAME=000-BPZ-046|CDEC=-41.86578|CRA=356.72092|CMAGINS=-14.568|CREFMAG=8.686|KNAME=234804-412235|KDEC=-41.37655|KRA=357.01965|KMAGINS=-12.289|KREFMAG=10.966|VMAGINS=-15.724|VMAG=7.531,0,1.015,Z,-14.568,-12.295,,SX PHE,AAVSO,STD,,,,
2460916.242582,7.523,0.000,,TG,PEX,,000-BPZ-046,234804-412235,X40662BCU,|CNAME=000-BPZ-046|CDEC=-41.86578|CRA=356.72092|CMAGINS=-14.597|CREFMAG=8.686|KNAME=234804-412235|KDEC=-41.37655|KRA=357.01965|KMAGINS=-12.317|KREFMAG=10.966|VMAGINS=-15.760|VMAG=7.523,0,1.015,Z,-14.597,-12.287,,SX PHE,AAVSO,STD,,,,
2460916.243306,7.486,0.000,,TG,PEX,,000-BPZ-046,234804-412235,X40662BCU,|CNAME=000-BPZ-046|CDEC=-41.86578|CRA=356.72092|CMAGINS=-14.599|CREFMAG=8.686|KNAME=234804-412235|KDEC=-41.37655|KRA=357.01965|KMAGINS=-12.319|KREFMAG=10.966|VMAGINS=-15.799|VMAG=7.486,0,1.016,Z,-14.599,-12.328,,SX PHE,AAVSO,STD,,,,
2460916.244027,7.472,0.000,,TG,PEX,,000-BPZ-046,234804-412235,X40662BCU,|CNAME=000-BPZ-046|CDEC=-41.86578|CRA=356.72092|CMAGINS=-14.573|CREFMAG=8.686|KNAME=234804-412235|KDEC=-41.37655|KRA=357.01965|KMAGINS=-12.293|KREFMAG=10.966|VMAGINS=-15.787|VMAG=7.472,0,1.016,Z,-14.573,-12.336,,SX PHE,AAVSO,STD,,,,
2460916.244754,7.470,0.000,,TG,PEX,,000-BPZ-046,234804-412235,X40662BCU,|CNAME=000-BPZ-046|CDEC=-41.86578|CRA=356.72092|CMAGINS=-14.585|CREFMAG=8.686|KNAME=234804-412235|KDEC=-41.37655|KRA=357.01965|KMAGINS=-12.305|KREFMAG=10.966|VMAGINS=-15.801|VMAG=7.470,0,1.016,Z,-14.585,-12.289,,SX PHE,AAVSO,STD,,,,
2460916.245498,7.450,0.000,,TG,PEX,,000-BPZ-046,234804-412235,X40662BCU,|CNAME=000-BPZ-046|CDEC=-41.86578|CRA=356.72092|CMAGINS=-14.601|CREFMAG=8.686|KNAME=234804-412235|KDEC=-41.37655|KRA=357.01965|KMAGINS=-12.321|KREFMAG=10.966|VMAGINS=-15.837|VMAG=7.450,0,1.016,Z,-14.601,-12.345,,SX PHE,AAVSO,STD,,,,
2460916.246220,7.485,0.000,,TG,PEX,,000-BPZ-046,234804-412235,X40662BCU,|CNAME=000-BPZ-046|CDEC=-41.86578|CRA=356.72092|CMAGINS=-14.582|CREFMAG=8.686|KNAME=234804-412235|KDEC=-41.37655|KRA=357.01965|KMAGINS=-12.302|KREFMAG=10.966|VMAGINS=-15.783|VMAG=7.485,0,1.017,Z,-14.582,-12.281,,SX PHE,AAVSO,STD,,,,
2460916.246945,7.449,0.000,,TG,PEX,,000-BPZ-046,234804-412235,X40662BCU,|CNAME=000-BPZ-046|CDEC=-41.86578|CRA=356.72092|CMAGINS=-14.574|CREFMAG=8.686|KNAME=234804-412235|KDEC=-41.37655|KRA=357.01965|KMAGINS=-12.295|KREFMAG=10.966|VMAGINS=-15.812|VMAG=7.449,0,1.017,Z,-14.574,-12.271,,SX PHE,AAVSO,STD,,,,
2460916.247690,7.455,0.000,,TG,PEX,,000-BPZ-046,234804-412235,X40662BCU,|CNAME=000-BPZ-046|CDEC=-41.86578|CRA=356.72092|CMAGINS=-14.572|CREFMAG=8.686|KNAME=234804-412235|KDEC=-41.37655|KRA=357.01965|KMAGINS=-12.292|KREFMAG=10.966|VMAGINS=-15.802|VMAG=7.455,0,1.017,Z,-14.572,-12.328,,SX PHE,AAVSO,STD,,,,
2460916.248418,7.503,0.000,,TG,PEX,,000-BPZ-046,234804-412235,X40662BCU,|CNAME=000-BPZ-046|CDEC=-41.86578|CRA=356.72092|CMAGINS=-14.606|CREFMAG=8.686|KNAME=234804-412235|KDEC=-41.37655|KRA=357.01965|KMAGINS=-12.326|KREFMAG=10.966|VMAGINS=-15.789|VMAG=7.503,0,1.017,Z,-14.606,-12.306,,SX PHE,AAVSO,STD,,,,
2460916.249145,7.493,0.000,,TG,PEX,,000-BPZ-046,234804-412235,X40662BCU,|CNAME=000-BPZ-046|CDEC=-41.86578|CRA=356.72092|CMAGINS=-14.584|CREFMAG=8.686|KNAME=234804-412235|KDEC=-41.37655|KRA=357.01965|KMAGINS=-12.304|KREFMAG=10.966|VMAGINS=-15.776|VMAG=7.493,0,1.018,Z,-14.584,-12.258,,SX PHE,AAVSO,STD,,,,
2460916.249889,7.462,0.000,,TG,PEX,,000-BPZ-046,234804-412235,X40662BCU,|CNAME=000-BPZ-046|CDEC=-41.86578|CRA=356.72092|CMAGINS=-14.583|CREFMAG=8.686|KNAME=234804-412235|KDEC=-41.37655|KRA=357.01965|KMAGINS=-12.303|KREFMAG=10.966|VMAGINS=-15.806|VMAG=7.462,0,1.018,Z,-14.583,-12.284,,SX PHE,AAVSO,STD,,,,
2460916.250617,7.476,0.000,,TG,PEX,,000-BPZ-046,234804-412235,X40662BCU,|CNAME=000-BPZ-046|CDEC=-41.86578|CRA=356.72092|CMAGINS=-14.595|CREFMAG=8.686|KNAME=234804-412235|KDEC=-41.37655|KRA=357.01965|KMAGINS=-12.316|KREFMAG=10.966|VMAGINS=-15.806|VMAG=7.476,0,1.018,Z,-14.595,-12.281,,SX PHE,AAVSO,STD,,,,
2460916.251343,7.479,0.000,,TG,PEX,,000-BPZ-046,234804-412235,X40662BCU,|CNAME=000-BPZ-046|CDEC=-41.86578|CRA=356.72092|CMAGINS=-14.589|CREFMAG=8.686|KNAME=234804-412235|KDEC=-41.37655|KRA=357.01965|KMAGINS=-12.309|KREFMAG=10.966|VMAGINS=-15.796|VMAG=7.479,0,1.019,Z,-14.589,-12.335,,SX PHE,AAVSO,STD,,,,
2460916.252087,7.441,0.000,,TG,PEX,,000-BPZ-046,234804-412235,X40662BCU,|CNAME=000-BPZ-046|CDEC=-41.86578|CRA=356.72092|CMAGINS=-14.587|CREFMAG=8.686|KNAME=234804-412235|KDEC=-41.37655|KRA=357.01965|KMAGINS=-12.307|KREFMAG=10.966|VMAGINS=-15.832|VMAG=7.441,0,1.019,Z,-14.587,-12.342,,SX PHE,AAVSO,STD,,,,
2460916.252833,7.412,0.000,,TG,PEX,,000-BPZ-046,234804-412235,X40662BCU,|CNAME=000-BPZ-046|CDEC=-41.86578|CRA=356.72092|CMAGINS=-14.558|CREFMAG=8.686|KNAME=234804-412235|KDEC=-41.37655|KRA=357.01965|KMAGINS=-12.278|KREFMAG=10.966|VMAGINS=-15.833|VMAG=7.412,0,1.020,Z,-14.558,-12.272,,SX PHE,AAVSO,STD,,,,
2460916.253560,7.495,0.000,,TG,PEX,,000-BPZ-046,234804-412235,X40662BCU,|CNAME=000-BPZ-046|CDEC=-41.86578|CRA=356.72092|CMAGINS=-14.568|CREFMAG=8.686|KNAME=234804-412235|KDEC=-41.37655|KRA=357.01965|KMAGINS=-12.288|KREFMAG=10.966|VMAGINS=-15.758|VMAG=7.495,0,1.020,Z,-14.568,-12.334,,SX PHE,AAVSO,STD,,,,
2460916.254282,7.532,0.000,,TG,PEX,,000-BPZ-046,234804-412235,X40662BCU,|CNAME=000-BPZ-046|CDEC=-41.86578|CRA=356.72092|CMAGINS=-14.594|CREFMAG=8.686|KNAME=234804-412235|KDEC=-41.37655|KRA=357.01965|KMAGINS=-12.314|KREFMAG=10.966|VMAGINS=-15.748|VMAG=7.532,0,1.020,Z,-14.594,-12.327,,SX PHE,AAVSO,STD,,,,
2460916.255026,7.512,0.000,,TG,PEX,,000-BPZ-046,234804-412235,X40662BCU,|CNAME=000-BPZ-046|CDEC=-41.86578|CRA=356.72092|CMAGINS=-14.582|CREFMAG=8.686|KNAME=234804-412235|KDEC=-41.37655|KRA=357.01965|KMAGINS=-12.302|KREFMAG=10.966|VMAGINS=-15.755|VMAG=7.512,0,1.021,Z,-14.582,-12.277,,SX PHE,AAVSO,STD,,,,
2460916.255754,7.540,0.000,,TG,PEX,,000-BPZ-046,234804-412235,X40662BCU,|CNAME=000-BPZ-046|CDEC=-41.86578|CRA=356.72092|CMAGINS=-14.587|CREFMAG=8.686|KNAME=234804-412235|KDEC=-41.37655|KRA=357.01965|KMAGINS=-12.308|KREFMAG=10.966|VMAGINS=-15.733|VMAG=7.540,0,1.021,Z,-14.587,-12.347,,SX PHE,AAVSO,STD,,,,
2460916.256477,7.522,0.000,,TG,PEX,,000-BPZ-046,234804-412235,X40662BCU,|CNAME=000-BPZ-046|CDEC=-41.86578|CRA=356.72092|CMAGINS=-14.571|CREFMAG=8.686|KNAME=234804-412235|KDEC=-41.37655|KRA=357.01965|KMAGINS=-12.291|KREFMAG=10.966|VMAGINS=-15.735|VMAG=7.522,0,1.022,Z,-14.571,-12.280,,SX PHE,AAVSO,STD,,,,
2460916.257224,7.501,0.000,,TG,PEX,,000-BPZ-046,234804-412235,X40662BCU,|CNAME=000-BPZ-046|CDEC=-41.86578|CRA=356.72092|CMAGINS=-14.574|CREFMAG=8.686|KNAME=234804-412235|KDEC=-41.37655|KRA=357.01965|KMAGINS=-12.294|KREFMAG=10.966|VMAGINS=-15.759|VMAG=7.501,0,1.022,Z,-14.574,-12.317,,SX PHE,AAVSO,STD,,,,
2460916.257950,7.533,0.000,,TG,PEX,,000-BPZ-046,234804-412235,X40662BCU,|CNAME=000-BPZ-046|CDEC=-41.86578|CRA=356.72092|CMAGINS=-14.549|CREFMAG=8.686|KNAME=234804-412235|KDEC=-41.37655|KRA=357.01965|KMAGINS=-12.269|KREFMAG=10.966|VMAGINS=-15.701|VMAG=7.533,0,1.023,Z,-14.549,-12.298,,SX PHE,AAVSO,STD,,,,
2460916.258697,7.501,0.000,,TG,PEX,,000-BPZ-046,234804-412235,X40662BCU,|CNAME=000-BPZ-046|CDEC=-41.86578|CRA=356.72092|CMAGINS=-14.564|CREFMAG=8.686|KNAME=234804-412235|KDEC=-41.37655|KRA=357.01965|KMAGINS=-12.284|KREFMAG=10.966|VMAGINS=-15.748|VMAG=7.501,0,1.023,Z,-14.564,-12.288,,SX PHE,AAVSO,STD,,,,
2460916.259422,7.522,0.000,,TG,PEX,,000-BPZ-046,234804-412235,X40662BCU,|CNAME=000-BPZ-046|CDEC=-41.86578|CRA=356.72092|CMAGINS=-14.559|CREFMAG=8.686|KNAME=234804-412235|KDEC=-41.37655|KRA=357.01965|KMAGINS=-12.279|KREFMAG=10.966|VMAGINS=-15.723|VMAG=7.522,0,1.024,Z,-14.559,-12.325,,SX PHE,AAVSO,STD,,,,
2460916.260148,7.583,0.000,,TG,PEX,,000-BPZ-046,234804-412235,X40662BCU,|CNAME=000-BPZ-046|CDEC=-41.86578|CRA=356.72092|CMAGINS=-14.575|CREFMAG=8.686|KNAME=234804-412235|KDEC=-41.37655|KRA=357.01965|KMAGINS=-12.295|KREFMAG=10.966|VMAGINS=-15.678|VMAG=7.583,0,1.024,Z,-14.575,-12.295,,SX PHE,AAVSO,STD,,,,
2460916.260874,7.662,0.001,,TG,PEX,,000-BPZ-046,234804-412235,X40662BCU,|CNAME=000-BPZ-046|CDEC=-41.86578|CRA=356.72092|CMAGINS=-14.599|CREFMAG=8.686|KNAME=234804-412235|KDEC=-41.37655|KRA=357.01965|KMAGINS=-12.319|KREFMAG=10.966|VMAGINS=-15.623|VMAG=7.662,0,1.025,Z,-14.599,-12.396,,SX PHE,AAVSO,STD,,,,
2460916.261600,7.615,0.000,,TG,PEX,,000-BPZ-046,234804-412235,X40662BCU,|CNAME=000-BPZ-046|CDEC=-41.86578|CRA=356.72092|CMAGINS=-14.580|CREFMAG=8.686|KNAME=234804-412235|KDEC=-41.37655|KRA=357.01965|KMAGINS=-12.300|KREFMAG=10.966|VMAGINS=-15.651|VMAG=7.615,0,1.025,Z,-14.580,-12.314,,SX PHE,AAVSO,STD,,,,
2460916.262347,7.613,0.001,,TG,PEX,,000-BPZ-046,234804-412235,X40662BCU,|CNAME=000-BPZ-046|CDEC=-41.86578|CRA=356.72092|CMAGINS=-14.583|CREFMAG=8.686|KNAME=234804-412235|KDEC=-41.37655|KRA=357.01965|KMAGINS=-12.303|KREFMAG=10.966|VMAGINS=-15.656|VMAG=7.613,0,1.026,Z,-14.583,-12.335,,SX PHE,AAVSO,STD,,,,
2460916.263075,7.609,0.000,,TG,PEX,,000-BPZ-046,234804-412235,X40662BCU,|CNAME=000-BPZ-046|CDEC=-41.86578|CRA=356.72092|CMAGINS=-14.594|CREFMAG=8.686|KNAME=234804-412235|KDEC=-41.37655|KRA=357.01965|KMAGINS=-12.314|KREFMAG=10.966|VMAGINS=-15.670|VMAG=7.609,0,1.026,Z,-14.594,-12.328,,SX PHE,AAVSO,STD,,,,
2460916.263797,7.616,0.000,,TG,PEX,,000-BPZ-046,234804-412235,X40662BCU,|CNAME=000-BPZ-046|CDEC=-41.86578|CRA=356.72092|CMAGINS=-14.583|CREFMAG=8.686|KNAME=234804-412235|KDEC=-41.37655|KRA=357.01965|KMAGINS=-12.304|KREFMAG=10.966|VMAGINS=-15.653|VMAG=7.616,0,1.027,Z,-14.583,-12.317,,SX PHE,AAVSO,STD,,,,
2460916.264542,7.631,0.000,,TG,PEX,,000-BPZ-046,234804-412235,X40662BCU,|CNAME=000-BPZ-046|CDEC=-41.86578|CRA=356.72092|CMAGINS=-14.591|CREFMAG=8.686|KNAME=234804-412235|KDEC=-41.37655|KRA=357.01965|KMAGINS=-12.311|KREFMAG=10.966|VMAGINS=-15.646|VMAG=7.631,0,1.028,Z,-14.591,-12.278,,SX PHE,AAVSO,STD,,,,
2460916.265269,7.575,0.000,,TG,PEX,,000-BPZ-046,234804-412235,X40662BCU,|CNAME=000-BPZ-046|CDEC=-41.86578|CRA=356.72092|CMAGINS=-14.584|CREFMAG=8.686|KNAME=234804-412235|KDEC=-41.37655|KRA=357.01965|KMAGINS=-12.304|KREFMAG=10.966|VMAGINS=-15.694|VMAG=7.575,0,1.028,Z,-14.584,-12.296,,SX PHE,AAVSO,STD,,,,
2460916.265997,7.610,0.000,,TG,PEX,,000-BPZ-046,234804-412235,X40662BCU,|CNAME=000-BPZ-046|CDEC=-41.86578|CRA=356.72092|CMAGINS=-14.578|CREFMAG=8.686|KNAME=234804-412235|KDEC=-41.37655|KRA=357.01965|KMAGINS=-12.298|KREFMAG=10.966|VMAGINS=-15.653|VMAG=7.610,0,1.029,Z,-14.578,-12.263,,SX PHE,AAVSO,STD,,,,
2460916.266723,7.674,0.001,,TG,PEX,,000-BPZ-046,234804-412235,X40662BCU,|CNAME=000-BPZ-046|CDEC=-41.86578|CRA=356.72092|CMAGINS=-14.587|CREFMAG=8.686|KNAME=234804-412235|KDEC=-41.37655|KRA=357.01965|KMAGINS=-12.307|KREFMAG=10.966|VMAGINS=-15.599|VMAG=7.674,0,1.030,Z,-14.587,-12.271,,SX PHE,AAVSO,STD,,,,
2460916.267466,7.649,0.001,,TG,PEX,,000-BPZ-046,234804-412235,X40662BCU,|CNAME=000-BPZ-046|CDEC=-41.86578|CRA=356.72092|CMAGINS=-14.591|CREFMAG=8.686|KNAME=234804-412235|KDEC=-41.37655|KRA=357.01965|KMAGINS=-12.312|KREFMAG=10.966|VMAGINS=-15.629|VMAG=7.649,0,1.030,Z,-14.591,-12.285,,SX PHE,AAVSO,STD,,,,
2460916.268191,7.608,0.001,,TG,PEX,,000-BPZ-046,234804-412235,X40662BCU,|CNAME=000-BPZ-046|CDEC=-41.86578|CRA=356.72092|CMAGINS=-14.527|CREFMAG=8.686|KNAME=234804-412235|KDEC=-41.37655|KRA=357.01965|KMAGINS=-12.247|KREFMAG=10.966|VMAGINS=-15.604|VMAG=7.608,0,1.031,Z,-14.527,-12.356,,SX PHE,AAVSO,STD,,,,
2460916.268915,7.642,0.001,,TG,PEX,,000-BPZ-046,234804-412235,X40662BCU,|CNAME=000-BPZ-046|CDEC=-41.86578|CRA=356.72092|CMAGINS=-14.573|CREFMAG=8.686|KNAME=234804-412235|KDEC=-41.37655|KRA=357.01965|KMAGINS=-12.293|KREFMAG=10.966|VMAGINS=-15.617|VMAG=7.642,0,1.032,Z,-14.573,-12.272,,SX PHE,AAVSO,STD,,,,
2460916.269663,7.651,0.001,,TG,PEX,,000-BPZ-046,234804-412235,X40662BCU,|CNAME=000-BPZ-046|CDEC=-41.86578|CRA=356.72092|CMAGINS=-14.581|CREFMAG=8.686|KNAME=234804-412235|KDEC=-41.37655|KRA=357.01965|KMAGINS=-12.302|KREFMAG=10.966|VMAGINS=-15.617|VMAG=7.651,0,1.032,Z,-14.581,-12.342,,SX PHE,AAVSO,STD,,,,
2460916.270384,7.715,0.001,,TG,PEX,,000-BPZ-046,234804-412235,X40662BCU,|CNAME=000-BPZ-046|CDEC=-41.86578|CRA=356.72092|CMAGINS=-14.598|CREFMAG=8.686|KNAME=234804-412235|KDEC=-41.37655|KRA=357.01965|KMAGINS=-12.318|KREFMAG=10.966|VMAGINS=-15.569|VMAG=7.715,0,1.033,Z,-14.598,-12.324,,SX PHE,AAVSO,STD,,,,
2460916.271111,7.664,0.000,,TG,PEX,,000-BPZ-046,234804-412235,X40662BCU,|CNAME=000-BPZ-046|CDEC=-41.86578|CRA=356.72092|CMAGINS=-14.571|CREFMAG=8.686|KNAME=234804-412235|KDEC=-41.37655|KRA=357.01965|KMAGINS=-12.292|KREFMAG=10.966|VMAGINS=-15.594|VMAG=7.664,0,1.034,Z,-14.571,-12.334,,SX PHE,AAVSO,STD,,,,
2460916.271922,7.667,0.001,,TG,PEX,,000-BPZ-046,234804-412235,X40662BCU,|CNAME=000-BPZ-046|CDEC=-41.86578|CRA=356.72092|CMAGINS=-14.583|CREFMAG=8.686|KNAME=234804-412235|KDEC=-41.37655|KRA=357.01965|KMAGINS=-12.303|KREFMAG=10.966|VMAGINS=-15.603|VMAG=7.667,0,1.035,Z,-14.583,-12.281,,SX PHE,AAVSO,STD,,,,
2460916.272710,7.700,0.000,,TG,PEX,,000-BPZ-046,234804-412235,X40662BCU,|CNAME=000-BPZ-046|CDEC=-41.86578|CRA=356.72092|CMAGINS=-14.594|CREFMAG=8.686|KNAME=234804-412235|KDEC=-41.37655|KRA=357.01965|KMAGINS=-12.315|KREFMAG=10.966|VMAGINS=-15.580|VMAG=7.700,0,1.035,Z,-14.594,-12.314,,SX PHE,AAVSO,STD,,,,
2460916.273434,7.709,0.000,,TG,PEX,,000-BPZ-046,234804-412235,X40662BCU,|CNAME=000-BPZ-046|CDEC=-41.86578|CRA=356.72092|CMAGINS=-14.590|CREFMAG=8.686|KNAME=234804-412235|KDEC=-41.37655|KRA=357.01965|KMAGINS=-12.310|KREFMAG=10.966|VMAGINS=-15.567|VMAG=7.709,0,1.036,Z,-14.590,-12.287,,SX PHE,AAVSO,STD,,,,
2460916.274180,7.684,0.001,,TG,PEX,,000-BPZ-046,234804-412235,X40662BCU,|CNAME=000-BPZ-046|CDEC=-41.86578|CRA=356.72092|CMAGINS=-14.585|CREFMAG=8.686|KNAME=234804-412235|KDEC=-41.37655|KRA=357.01965|KMAGINS=-12.305|KREFMAG=10.966|VMAGINS=-15.587|VMAG=7.684,0,1.037,Z,-14.585,-12.337,,SX PHE,AAVSO,STD,,,,
2460916.274905,7.673,0.001,,TG,PEX,,000-BPZ-046,234804-412235,X40662BCU,|CNAME=000-BPZ-046|CDEC=-41.86578|CRA=356.72092|CMAGINS=-14.558|CREFMAG=8.686|KNAME=234804-412235|KDEC=-41.37655|KRA=357.01965|KMAGINS=-12.278|KREFMAG=10.966|VMAGINS=-15.571|VMAG=7.673,0,1.038,Z,-14.558,-12.285,,SX PHE,AAVSO,STD,,,,
2460916.275629,7.712,0.001,,TG,PEX,,000-BPZ-046,234804-412235,X40662BCU,|CNAME=000-BPZ-046|CDEC=-41.86578|CRA=356.72092|CMAGINS=-14.568|CREFMAG=8.686|KNAME=234804-412235|KDEC=-41.37655|KRA=357.01965|KMAGINS=-12.289|KREFMAG=10.966|VMAGINS=-15.543|VMAG=7.712,0,1.039,Z,-14.568,-12.287,,SX PHE,AAVSO,STD,,,,
2460916.276356,7.699,0.001,,TG,PEX,,000-BPZ-046,234804-412235,X40662BCU,|CNAME=000-BPZ-046|CDEC=-41.86578|CRA=356.72092|CMAGINS=-14.567|CREFMAG=8.686|KNAME=234804-412235|KDEC=-41.37655|KRA=357.01965|KMAGINS=-12.288|KREFMAG=10.966|VMAGINS=-15.554|VMAG=7.699,0,1.040,Z,-14.567,-12.379,,SX PHE,AAVSO,STD,,,,
2460916.277085,7.698,0.001,,TG,PEX,,000-BPZ-046,234804-412235,X40662BCU,|CNAME=000-BPZ-046|CDEC=-41.86578|CRA=356.72092|CMAGINS=-14.572|CREFMAG=8.686|KNAME=234804-412235|KDEC=-41.37655|KRA=357.01965|KMAGINS=-12.292|KREFMAG=10.966|VMAGINS=-15.559|VMAG=7.698,0,1.040,Z,-14.572,-12.365,,SX PHE,AAVSO,STD,,,,
2460916.277831,7.657,0.001,,TG,PEX,,000-BPZ-046,234804-412235,X40662BCU,|CNAME=000-BPZ-046|CDEC=-41.86578|CRA=356.72092|CMAGINS=-14.577|CREFMAG=8.686|KNAME=234804-412235|KDEC=-41.37655|KRA=357.01965|KMAGINS=-12.297|KREFMAG=10.966|VMAGINS=-15.606|VMAG=7.657,0,1.041,Z,-14.577,-12.342,,SX PHE,AAVSO,STD,,,,
2460916.278557,7.683,0.000,,TG,PEX,,000-BPZ-046,234804-412235,X40662BCU,|CNAME=000-BPZ-046|CDEC=-41.86578|CRA=356.72092|CMAGINS=-14.575|CREFMAG=8.686|KNAME=234804-412235|KDEC=-41.37655|KRA=357.01965|KMAGINS=-12.296|KREFMAG=10.966|VMAGINS=-15.578|VMAG=7.683,0,1.042,Z,-14.575,-12.296,,SX PHE,AAVSO,STD,,,,
2460916.279283,7.668,0.001,,TG,PEX,,000-BPZ-046,234804-412235,X40662BCU,|CNAME=000-BPZ-046|CDEC=-41.86578|CRA=356.72092|CMAGINS=-14.571|CREFMAG=8.686|KNAME=234804-412235|KDEC=-41.37655|KRA=357.01965|KMAGINS=-12.291|KREFMAG=10.966|VMAGINS=-15.589|VMAG=7.668,0,1.043,Z,-14.571,-12.290,,SX PHE,AAVSO,STD,,,,
2460916.280095,7.675,0.000,,TG,PEX,,000-BPZ-046,234804-412235,X40662BCU,|CNAME=000-BPZ-046|CDEC=-41.86578|CRA=356.72092|CMAGINS=-14.565|CREFMAG=8.686|KNAME=234804-412235|KDEC=-41.37655|KRA=357.01965|KMAGINS=-12.285|KREFMAG=10.966|VMAGINS=-15.576|VMAG=7.675,0,1.044,Z,-14.565,-12.219,,SX PHE,AAVSO,STD,,,,
2460916.280887,7.756,0.001,,TG,PEX,,000-BPZ-046,234804-412235,X40662BCU,|CNAME=000-BPZ-046|CDEC=-41.86578|CRA=356.72092|CMAGINS=-14.595|CREFMAG=8.686|KNAME=234804-412235|KDEC=-41.37655|KRA=357.01965|KMAGINS=-12.315|KREFMAG=10.966|VMAGINS=-15.525|VMAG=7.756,0,1.045,Z,-14.595,-12.301,,SX PHE,AAVSO,STD,,,,
2460916.281632,7.706,0.000,,TG,PEX,,000-BPZ-046,234804-412235,X40662BCU,|CNAME=000-BPZ-046|CDEC=-41.86578|CRA=356.72092|CMAGINS=-14.586|CREFMAG=8.686|KNAME=234804-412235|KDEC=-41.37655|KRA=357.01965|KMAGINS=-12.306|KREFMAG=10.966|VMAGINS=-15.565|VMAG=7.706,0,1.046,Z,-14.586,-12.312,,SX PHE,AAVSO,STD,,,,
2460916.282359,7.718,0.000,,TG,PEX,,000-BPZ-046,234804-412235,X40662BCU,|CNAME=000-BPZ-046|CDEC=-41.86578|CRA=356.72092|CMAGINS=-14.581|CREFMAG=8.686|KNAME=234804-412235|KDEC=-41.37655|KRA=357.01965|KMAGINS=-12.301|KREFMAG=10.966|VMAGINS=-15.549|VMAG=7.718,0,1.047,Z,-14.581,-12.296,,SX PHE,AAVSO,STD,,,,
2460916.283170,7.723,0.001,,TG,PEX,,000-BPZ-046,234804-412235,X40662BCU,|CNAME=000-BPZ-046|CDEC=-41.86578|CRA=356.72092|CMAGINS=-14.586|CREFMAG=8.686|KNAME=234804-412235|KDEC=-41.37655|KRA=357.01965|KMAGINS=-12.306|KREFMAG=10.966|VMAGINS=-15.549|VMAG=7.723,0,1.048,Z,-14.586,-12.285,,SX PHE,AAVSO,STD,,,,
2460916.283983,7.691,0.000,,TG,PEX,,000-BPZ-046,234804-412235,X40662BCU,|CNAME=000-BPZ-046|CDEC=-41.86578|CRA=356.72092|CMAGINS=-14.584|CREFMAG=8.686|KNAME=234804-412235|KDEC=-41.37655|KRA=357.01965|KMAGINS=-12.305|KREFMAG=10.966|VMAGINS=-15.579|VMAG=7.691,0,1.049,Z,-14.584,-12.332,,SX PHE,AAVSO,STD,,,,
2460916.284706,7.614,0.000,,TG,PEX,,000-BPZ-046,234804-412235,X40662BCU,|CNAME=000-BPZ-046|CDEC=-41.86578|CRA=356.72092|CMAGINS=-14.550|CREFMAG=8.686|KNAME=234804-412235|KDEC=-41.37655|KRA=357.01965|KMAGINS=-12.270|KREFMAG=10.966|VMAGINS=-15.623|VMAG=7.614,0,1.050,Z,-14.550,-12.272,,SX PHE,AAVSO,STD,,,,
2460916.285452,7.628,0.000,,TG,PEX,,000-BPZ-046,234804-412235,X40662BCU,|CNAME=000-BPZ-046|CDEC=-41.86578|CRA=356.72092|CMAGINS=-14.571|CREFMAG=8.686|KNAME=234804-412235|KDEC=-41.37655|KRA=357.01965|KMAGINS=-12.292|KREFMAG=10.966|VMAGINS=-15.629|VMAG=7.628,0,1.051,Z,-14.571,-12.320,,SX PHE,AAVSO,STD,,,,
2460916.286179,7.603,0.000,,TG,PEX,,000-BPZ-046,234804-412235,X40662BCU,|CNAME=000-BPZ-046|CDEC=-41.86578|CRA=356.72092|CMAGINS=-14.567|CREFMAG=8.686|KNAME=234804-412235|KDEC=-41.37655|KRA=357.01965|KMAGINS=-12.288|KREFMAG=10.966|VMAGINS=-15.650|VMAG=7.603,0,1.053,Z,-14.567,-12.292,,SX PHE,AAVSO,STD,,,,
2460916.286904,7.646,0.000,,TG,PEX,,000-BPZ-046,234804-412235,X40662BCU,|CNAME=000-BPZ-046|CDEC=-41.86578|CRA=356.72092|CMAGINS=-14.588|CREFMAG=8.686|KNAME=234804-412235|KDEC=-41.37655|KRA=357.01965|KMAGINS=-12.308|KREFMAG=10.966|VMAGINS=-15.627|VMAG=7.646,0,1.054,Z,-14.588,-12.323,,SX PHE,AAVSO,STD,,,,
2460916.287652,7.656,0.000,,TG,PEX,,000-BPZ-046,234804-412235,X40662BCU,|CNAME=000-BPZ-046|CDEC=-41.86578|CRA=356.72092|CMAGINS=-14.559|CREFMAG=8.686|KNAME=234804-412235|KDEC=-41.37655|KRA=357.01965|KMAGINS=-12.280|KREFMAG=10.966|VMAGINS=-15.589|VMAG=7.656,0,1.055,Z,-14.559,-12.286,,SX PHE,AAVSO,STD,,,,
2460916.288398,7.641,0.000,,TG,PEX,,000-BPZ-046,234804-412235,X40662BCU,|CNAME=000-BPZ-046|CDEC=-41.86578|CRA=356.72092|CMAGINS=-14.584|CREFMAG=8.686|KNAME=234804-412235|KDEC=-41.37655|KRA=357.01965|KMAGINS=-12.305|KREFMAG=10.966|VMAGINS=-15.630|VMAG=7.641,0,1.056,Z,-14.584,-12.332,,SX PHE,AAVSO,STD,,,,
2460916.289125,7.623,0.001,,TG,PEX,,000-BPZ-046,234804-412235,X40662BCU,|CNAME=000-BPZ-046|CDEC=-41.86578|CRA=356.72092|CMAGINS=-14.572|CREFMAG=8.686|KNAME=234804-412235|KDEC=-41.37655|KRA=357.01965|KMAGINS=-12.292|KREFMAG=10.966|VMAGINS=-15.635|VMAG=7.623,0,1.057,Z,-14.572,-12.320,,SX PHE,AAVSO,STD,,,,
2460916.289870,7.625,0.001,,TG,PEX,,000-BPZ-046,234804-412235,X40662BCU,|CNAME=000-BPZ-046|CDEC=-41.86578|CRA=356.72092|CMAGINS=-14.577|CREFMAG=8.686|KNAME=234804-412235|KDEC=-41.37655|KRA=357.01965|KMAGINS=-12.297|KREFMAG=10.966|VMAGINS=-15.638|VMAG=7.625,0,1.058,Z,-14.577,-12.318,,SX PHE,AAVSO,STD,,,,
2460916.290601,7.583,0.000,,TG,PEX,,000-BPZ-046,234804-412235,X40662BCU,|CNAME=000-BPZ-046|CDEC=-41.86578|CRA=356.72092|CMAGINS=-14.568|CREFMAG=8.686|KNAME=234804-412235|KDEC=-41.37655|KRA=357.01965|KMAGINS=-12.288|KREFMAG=10.966|VMAGINS=-15.671|VMAG=7.583,0,1.059,Z,-14.568,-12.311,,SX PHE,AAVSO,STD,,,,
2460916.291329,7.541,0.000,,TG,PEX,,000-BPZ-046,234804-412235,X40662BCU,|CNAME=000-BPZ-046|CDEC=-41.86578|CRA=356.72092|CMAGINS=-14.560|CREFMAG=8.686|KNAME=234804-412235|KDEC=-41.37655|KRA=357.01965|KMAGINS=-12.280|KREFMAG=10.966|VMAGINS=-15.705|VMAG=7.541,0,1.061,Z,-14.560,-12.276,,SX PHE,AAVSO,STD,,,,
2460916.292054,7.569,0.000,,TG,PEX,,000-BPZ-046,234804-412235,X40662BCU,|CNAME=000-BPZ-046|CDEC=-41.86578|CRA=356.72092|CMAGINS=-14.574|CREFMAG=8.686|KNAME=234804-412235|KDEC=-41.37655|KRA=357.01965|KMAGINS=-12.295|KREFMAG=10.966|VMAGINS=-15.691|VMAG=7.569,0,1.062,Z,-14.574,-12.276,,SX PHE,AAVSO,STD,,,,
2460916.292801,7.510,0.000,,TG,PEX,,000-BPZ-046,234804-412235,X40662BCU,|CNAME=000-BPZ-046|CDEC=-41.86578|CRA=356.72092|CMAGINS=-14.571|CREFMAG=8.686|KNAME=234804-412235|KDEC=-41.37655|KRA=357.01965|KMAGINS=-12.291|KREFMAG=10.966|VMAGINS=-15.746|VMAG=7.510,0,1.063,Z,-14.571,-12.313,,SX PHE,AAVSO,STD,,,,
2460916.293526,7.462,0.000,,TG,PEX,,000-BPZ-046,234804-412235,X40662BCU,|CNAME=000-BPZ-046|CDEC=-41.86578|CRA=356.72092|CMAGINS=-14.574|CREFMAG=8.686|KNAME=234804-412235|KDEC=-41.37655|KRA=357.01965|KMAGINS=-12.294|KREFMAG=10.966|VMAGINS=-15.798|VMAG=7.462,0,1.064,Z,-14.574,-12.308,,SX PHE,AAVSO,STD,,,,
2460916.294272,7.458,0.000,,TG,PEX,,000-BPZ-046,234804-412235,X40662BCU,|CNAME=000-BPZ-046|CDEC=-41.86578|CRA=356.72092|CMAGINS=-14.562|CREFMAG=8.686|KNAME=234804-412235|KDEC=-41.37655|KRA=357.01965|KMAGINS=-12.283|KREFMAG=10.966|VMAGINS=-15.791|VMAG=7.458,0,1.065,Z,-14.562,-12.267,,SX PHE,AAVSO,STD,,,,
2460916.294999,7.377,0.000,,TG,PEX,,000-BPZ-046,234804-412235,X40662BCU,|CNAME=000-BPZ-046|CDEC=-41.86578|CRA=356.72092|CMAGINS=-14.561|CREFMAG=8.686|KNAME=234804-412235|KDEC=-41.37655|KRA=357.01965|KMAGINS=-12.282|KREFMAG=10.966|VMAGINS=-15.870|VMAG=7.377,0,1.067,Z,-14.561,-12.284,,SX PHE,AAVSO,STD,,,,
2460916.295720,7.426,0.000,,TG,PEX,,000-BPZ-046,234804-412235,X40662BCU,|CNAME=000-BPZ-046|CDEC=-41.86578|CRA=356.72092|CMAGINS=-14.567|CREFMAG=8.686|KNAME=234804-412235|KDEC=-41.37655|KRA=357.01965|KMAGINS=-12.287|KREFMAG=10.966|VMAGINS=-15.827|VMAG=7.426,0,1.068,Z,-14.567,-12.348,,SX PHE,AAVSO,STD,,,,
2460916.296446,7.357,0.000,,TG,PEX,,000-BPZ-046,234804-412235,X40662BCU,|CNAME=000-BPZ-046|CDEC=-41.86578|CRA=356.72092|CMAGINS=-14.549|CREFMAG=8.686|KNAME=234804-412235|KDEC=-41.37655|KRA=357.01965|KMAGINS=-12.270|KREFMAG=10.966|VMAGINS=-15.878|VMAG=7.357,0,1.069,Z,-14.549,-12.338,,SX PHE,AAVSO,STD,,,,
2460916.297169,7.396,0.000,,TG,PEX,,000-BPZ-046,234804-412235,X40662BCU,|CNAME=000-BPZ-046|CDEC=-41.86578|CRA=356.72092|CMAGINS=-14.586|CREFMAG=8.686|KNAME=234804-412235|KDEC=-41.37655|KRA=357.01965|KMAGINS=-12.306|KREFMAG=10.966|VMAGINS=-15.876|VMAG=7.396,0,1.071,Z,-14.586,-12.301,,SX PHE,AAVSO,STD,,,,
2460916.297915,7.327,0.000,,TG,PEX,,000-BPZ-046,234804-412235,X40662BCU,|CNAME=000-BPZ-046|CDEC=-41.86578|CRA=356.72092|CMAGINS=-14.558|CREFMAG=8.686|KNAME=234804-412235|KDEC=-41.37655|KRA=357.01965|KMAGINS=-12.278|KREFMAG=10.966|VMAGINS=-15.917|VMAG=7.327,0,1.072,Z,-14.558,-12.307,,SX PHE,AAVSO,STD,,,,
2460916.298641,7.377,0.000,,TG,PEX,,000-BPZ-046,234804-412235,X40662BCU,|CNAME=000-BPZ-046|CDEC=-41.86578|CRA=356.72092|CMAGINS=-14.558|CREFMAG=8.686|KNAME=234804-412235|KDEC=-41.37655|KRA=357.01965|KMAGINS=-12.279|KREFMAG=10.966|VMAGINS=-15.867|VMAG=7.377,0,1.073,Z,-14.558,-12.372,,SX PHE,AAVSO,STD,,,,
2460916.299388,7.302,0.000,,TG,PEX,,000-BPZ-046,234804-412235,X40662BCU,|CNAME=000-BPZ-046|CDEC=-41.86578|CRA=356.72092|CMAGINS=-14.559|CREFMAG=8.686|KNAME=234804-412235|KDEC=-41.37655|KRA=357.01965|KMAGINS=-12.280|KREFMAG=10.966|VMAGINS=-15.944|VMAG=7.302,0,1.075,Z,-14.559,-12.281,,SX PHE,AAVSO,STD,,,,
2460916.300115,7.346,0.000,,TG,PEX,,000-BPZ-046,234804-412235,X40662BCU,|CNAME=000-BPZ-046|CDEC=-41.86578|CRA=356.72092|CMAGINS=-14.550|CREFMAG=8.686|KNAME=234804-412235|KDEC=-41.37655|KRA=357.01965|KMAGINS=-12.271|KREFMAG=10.966|VMAGINS=-15.890|VMAG=7.346,0,1.076,Z,-14.550,-12.283,,SX PHE,AAVSO,STD,,,,
2460916.300839,7.364,0.000,,TG,PEX,,000-BPZ-046,234804-412235,X40662BCU,|CNAME=000-BPZ-046|CDEC=-41.86578|CRA=356.72092|CMAGINS=-14.558|CREFMAG=8.686|KNAME=234804-412235|KDEC=-41.37655|KRA=357.01965|KMAGINS=-12.278|KREFMAG=10.966|VMAGINS=-15.881|VMAG=7.364,0,1.077,Z,-14.558,-12.230,,SX PHE,AAVSO,STD,,,,
2460916.301500,7.445,0.000,,TG,PEX,,000-BPZ-046,234804-412235,X40662BCU,|CNAME=000-BPZ-046|CDEC=-41.86578|CRA=356.72092|CMAGINS=-14.609|CREFMAG=8.686|KNAME=234804-412235|KDEC=-41.37655|KRA=357.01965|KMAGINS=-12.329|KREFMAG=10.966|VMAGINS=-15.849|VMAG=7.445,0,1.079,Z,-14.609,-12.408,,SX PHE,AAVSO,STD,,,,
2460916.302071,7.403,0.000,,TG,PEX,,000-BPZ-046,234804-412235,X40662BCU,|CNAME=000-BPZ-046|CDEC=-41.86578|CRA=356.72092|CMAGINS=-14.594|CREFMAG=8.686|KNAME=234804-412235|KDEC=-41.37655|KRA=357.01965|KMAGINS=-12.314|KREFMAG=10.966|VMAGINS=-15.877|VMAG=7.403,0,1.080,Z,-14.594,-12.337,,SX PHE,AAVSO,STD,,,,
2460916.302674,7.426,0.000,,TG,PEX,,000-BPZ-046,234804-412235,X40662BCU,|CNAME=000-BPZ-046|CDEC=-41.86578|CRA=356.72092|CMAGINS=-14.601|CREFMAG=8.686|KNAME=234804-412235|KDEC=-41.37655|KRA=357.01965|KMAGINS=-12.321|KREFMAG=10.966|VMAGINS=-15.861|VMAG=7.426,0,1.081,Z,-14.601,-12.330,,SX PHE,AAVSO,STD,,,,
2460916.303277,7.448,0.000,,TG,PEX,,000-BPZ-046,234804-412235,X40662BCU,|CNAME=000-BPZ-046|CDEC=-41.86578|CRA=356.72092|CMAGINS=-14.604|CREFMAG=8.686|KNAME=234804-412235|KDEC=-41.37655|KRA=357.01965|KMAGINS=-12.324|KREFMAG=10.966|VMAGINS=-15.842|VMAG=7.448,0,1.082,Z,-14.604,-12.393,,SX PHE,AAVSO,STD,,,,
2460916.303848,7.403,0.000,,TG,PEX,,000-BPZ-046,234804-412235,X40662BCU,|CNAME=000-BPZ-046|CDEC=-41.86578|CRA=356.72092|CMAGINS=-14.600|CREFMAG=8.686|KNAME=234804-412235|KDEC=-41.37655|KRA=357.01965|KMAGINS=-12.321|KREFMAG=10.966|VMAGINS=-15.883|VMAG=7.403,0,1.083,Z,-14.600,-12.376,,SX PHE,AAVSO,STD,,,,
2460916.304442,7.433,0.000,,TG,PEX,,000-BPZ-046,234804-412235,X40662BCU,|CNAME=000-BPZ-046|CDEC=-41.86578|CRA=356.72092|CMAGINS=-14.625|CREFMAG=8.686|KNAME=234804-412235|KDEC=-41.37655|KRA=357.01965|KMAGINS=-12.345|KREFMAG=10.966|VMAGINS=-15.878|VMAG=7.433,0,1.085,Z,-14.625,-12.399,,SX PHE,AAVSO,STD,,,,
2460916.305013,7.425,0.001,,TG,PEX,,000-BPZ-046,234804-412235,X40662BCU,|CNAME=000-BPZ-046|CDEC=-41.86578|CRA=356.72092|CMAGINS=-14.605|CREFMAG=8.686|KNAME=234804-412235|KDEC=-41.37655|KRA=357.01965|KMAGINS=-12.325|KREFMAG=10.966|VMAGINS=-15.866|VMAG=7.425,0,1.086,Z,-14.605,-12.345,,SX PHE,AAVSO,STD,,,,
2460916.305627,7.465,0.000,,TG,PEX,,000-BPZ-046,234804-412235,X40662BCU,|CNAME=000-BPZ-046|CDEC=-41.86578|CRA=356.72092|CMAGINS=-14.602|CREFMAG=8.686|KNAME=234804-412235|KDEC=-41.37655|KRA=357.01965|KMAGINS=-12.322|KREFMAG=10.966|VMAGINS=-15.823|VMAG=7.465,0,1.087,Z,-14.602,-12.314,,SX PHE,AAVSO,STD,,,,
2460916.306283,7.402,0.000,,TG,PEX,,000-BPZ-046,234804-412235,X40662BCU,|CNAME=000-BPZ-046|CDEC=-41.86578|CRA=356.72092|CMAGINS=-14.603|CREFMAG=8.686|KNAME=234804-412235|KDEC=-41.37655|KRA=357.01965|KMAGINS=-12.323|KREFMAG=10.966|VMAGINS=-15.887|VMAG=7.402,0,1.089,Z,-14.603,-12.336,,SX PHE,AAVSO,STD,,,,
2460916.306928,7.477,0.001,,TG,PEX,,000-BPZ-046,234804-412235,X40662BCU,|CNAME=000-BPZ-046|CDEC=-41.86578|CRA=356.72092|CMAGINS=-14.589|CREFMAG=8.686|KNAME=234804-412235|KDEC=-41.37655|KRA=357.01965|KMAGINS=-12.310|KREFMAG=10.966|VMAGINS=-15.798|VMAG=7.477,0,1.090,Z,-14.589,-12.360,,SX PHE,AAVSO,STD,,,,
2460916.307489,7.472,0.000,,TG,PEX,,000-BPZ-046,234804-412235,X40662BCU,|CNAME=000-BPZ-046|CDEC=-41.86578|CRA=356.72092|CMAGINS=-14.604|CREFMAG=8.686|KNAME=234804-412235|KDEC=-41.37655|KRA=357.01965|KMAGINS=-12.324|KREFMAG=10.966|VMAGINS=-15.817|VMAG=7.472,0,1.091,Z,-14.604,-12.361,,SX PHE,AAVSO,STD,,,,
2460916.308083,7.465,0.000,,TG,PEX,,000-BPZ-046,234804-412235,X40662BCU,|CNAME=000-BPZ-046|CDEC=-41.86578|CRA=356.72092|CMAGINS=-14.590|CREFMAG=8.686|KNAME=234804-412235|KDEC=-41.37655|KRA=357.01965|KMAGINS=-12.311|KREFMAG=10.966|VMAGINS=-15.811|VMAG=7.465,0,1.092,Z,-14.590,-12.379,,SX PHE,AAVSO,STD,,,,
2460916.308645,7.514,0.000,,TG,PEX,,000-BPZ-046,234804-412235,X40662BCU,|CNAME=000-BPZ-046|CDEC=-41.86578|CRA=356.72092|CMAGINS=-14.599|CREFMAG=8.686|KNAME=234804-412235|KDEC=-41.37655|KRA=357.01965|KMAGINS=-12.319|KREFMAG=10.966|VMAGINS=-15.771|VMAG=7.514,0,1.094,Z,-14.599,-12.355,,SX PHE,AAVSO,STD,,,,
2460916.309447,7.525,0.001,,TG,PEX,,000-BPZ-046,234804-412235,X40662BCU,|CNAME=000-BPZ-046|CDEC=-41.86578|CRA=356.72092|CMAGINS=-14.597|CREFMAG=8.686|KNAME=234804-412235|KDEC=-41.37655|KRA=357.01965|KMAGINS=-12.317|KREFMAG=10.966|VMAGINS=-15.757|VMAG=7.525,0,1.095,Z,-14.597,-12.324,,SX PHE,AAVSO,STD,,,,
2460916.310285,7.525,0.000,,TG,PEX,,000-BPZ-046,234804-412235,X40662BCU,|CNAME=000-BPZ-046|CDEC=-41.86578|CRA=356.72092|CMAGINS=-14.596|CREFMAG=8.686|KNAME=234804-412235|KDEC=-41.37655|KRA=357.01965|KMAGINS=-12.316|KREFMAG=10.966|VMAGINS=-15.756|VMAG=7.525,0,1.097,Z,-14.596,-12.330,,SX PHE,AAVSO,STD,,,,
2460916.310847,7.501,0.001,,TG,PEX,,000-BPZ-046,234804-412235,X40662BCU,|CNAME=000-BPZ-046|CDEC=-41.86578|CRA=356.72092|CMAGINS=-14.610|CREFMAG=8.686|KNAME=234804-412235|KDEC=-41.37655|KRA=357.01965|KMAGINS=-12.330|KREFMAG=10.966|VMAGINS=-15.796|VMAG=7.501,0,1.099,Z,-14.610,-12.339,,SX PHE,AAVSO,STD,,,,
2460916.311443,7.570,0.001,,TG,PEX,,000-BPZ-046,234804-412235,X40662BCU,|CNAME=000-BPZ-046|CDEC=-41.86578|CRA=356.72092|CMAGINS=-14.613|CREFMAG=8.686|KNAME=234804-412235|KDEC=-41.37655|KRA=357.01965|KMAGINS=-12.333|KREFMAG=10.966|VMAGINS=-15.730|VMAG=7.570,0,1.100,Z,-14.613,-12.350,,SX PHE,AAVSO,STD,,,,
2460916.312037,7.532,0.000,,TG,PEX,,000-BPZ-046,234804-412235,X40662BCU,|CNAME=000-BPZ-046|CDEC=-41.86578|CRA=356.72092|CMAGINS=-14.611|CREFMAG=8.686|KNAME=234804-412235|KDEC=-41.37655|KRA=357.01965|KMAGINS=-12.331|KREFMAG=10.966|VMAGINS=-15.765|VMAG=7.532,0,1.101,Z,-14.611,-12.380,,SX PHE,AAVSO,STD,,,,
2460916.312597,7.504,0.000,,TG,PEX,,000-BPZ-046,234804-412235,X40662BCU,|CNAME=000-BPZ-046|CDEC=-41.86578|CRA=356.72092|CMAGINS=-14.593|CREFMAG=8.686|KNAME=234804-412235|KDEC=-41.37655|KRA=357.01965|KMAGINS=-12.313|KREFMAG=10.966|VMAGINS=-15.775|VMAG=7.504,0,1.103,Z,-14.593,-12.331,,SX PHE,AAVSO,STD,,,,
2460916.313187,7.561,0.000,,TG,PEX,,000-BPZ-046,234804-412235,X40662BCU,|CNAME=000-BPZ-046|CDEC=-41.86578|CRA=356.72092|CMAGINS=-14.600|CREFMAG=8.686|KNAME=234804-412235|KDEC=-41.37655|KRA=357.01965|KMAGINS=-12.320|KREFMAG=10.966|VMAGINS=-15.724|VMAG=7.561,0,1.104,Z,-14.600,-12.328,,SX PHE,AAVSO,STD,,,,
2460916.313758,7.546,0.000,,TG,PEX,,000-BPZ-046,234804-412235,X40662BCU,|CNAME=000-BPZ-046|CDEC=-41.86578|CRA=356.72092|CMAGINS=-14.596|CREFMAG=8.686|KNAME=234804-412235|KDEC=-41.37655|KRA=357.01965|KMAGINS=-12.316|KREFMAG=10.966|VMAGINS=-15.736|VMAG=7.546,0,1.105,Z,-14.596,-12.378,,SX PHE,AAVSO,STD,,,,
2460916.314364,7.554,0.001,,TG,PEX,,000-BPZ-046,234804-412235,X40662BCU,|CNAME=000-BPZ-046|CDEC=-41.86578|CRA=356.72092|CMAGINS=-14.569|CREFMAG=8.686|KNAME=234804-412235|KDEC=-41.37655|KRA=357.01965|KMAGINS=-12.289|KREFMAG=10.966|VMAGINS=-15.702|VMAG=7.554,0,1.107,Z,-14.569,-12.324,,SX PHE,AAVSO,STD,,,,
2460916.314956,7.588,0.001,,TG,PEX,,000-BPZ-046,234804-412235,X40662BCU,|CNAME=000-BPZ-046|CDEC=-41.86578|CRA=356.72092|CMAGINS=-14.587|CREFMAG=8.686|KNAME=234804-412235|KDEC=-41.37655|KRA=357.01965|KMAGINS=-12.308|KREFMAG=10.966|VMAGINS=-15.685|VMAG=7.588,0,1.108,Z,-14.587,-12.375,,SX PHE,AAVSO,STD,,,,
2460916.315516,7.627,0.001,,TG,PEX,,000-BPZ-046,234804-412235,X40662BCU,|CNAME=000-BPZ-046|CDEC=-41.86578|CRA=356.72092|CMAGINS=-14.631|CREFMAG=8.686|KNAME=234804-412235|KDEC=-41.37655|KRA=357.01965|KMAGINS=-12.351|KREFMAG=10.966|VMAGINS=-15.690|VMAG=7.627,0,1.110,Z,-14.631,-12.394,,SX PHE,AAVSO,STD,,,,
2460916.316129,7.592,0.001,,TG,PEX,,000-BPZ-046,234804-412235,X40662BCU,|CNAME=000-BPZ-046|CDEC=-41.86578|CRA=356.72092|CMAGINS=-14.585|CREFMAG=8.686|KNAME=234804-412235|KDEC=-41.37655|KRA=357.01965|KMAGINS=-12.305|KREFMAG=10.966|VMAGINS=-15.679|VMAG=7.592,0,1.111,Z,-14.585,-12.408,,SX PHE,AAVSO,STD,,,,
2460916.316693,7.622,0.001,,TG,PEX,,000-BPZ-046,234804-412235,X40662BCU,|CNAME=000-BPZ-046|CDEC=-41.86578|CRA=356.72092|CMAGINS=-14.596|CREFMAG=8.686|KNAME=234804-412235|KDEC=-41.37655|KRA=357.01965|KMAGINS=-12.316|KREFMAG=10.966|VMAGINS=-15.660|VMAG=7.622,0,1.113,Z,-14.596,-12.304,,SX PHE,AAVSO,STD,,,,
2460916.317298,7.639,0.001,,TG,PEX,,000-BPZ-046,234804-412235,X40662BCU,|CNAME=000-BPZ-046|CDEC=-41.86578|CRA=356.72092|CMAGINS=-14.590|CREFMAG=8.686|KNAME=234804-412235|KDEC=-41.37655|KRA=357.01965|KMAGINS=-12.310|KREFMAG=10.966|VMAGINS=-15.637|VMAG=7.639,0,1.114,Z,-14.590,-12.354,,SX PHE,AAVSO,STD,,,,
2460916.317901,7.638,0.001,,TG,PEX,,000-BPZ-046,234804-412235,X40662BCU,|CNAME=000-BPZ-046|CDEC=-41.86578|CRA=356.72092|CMAGINS=-14.600|CREFMAG=8.686|KNAME=234804-412235|KDEC=-41.37655|KRA=357.01965|KMAGINS=-12.320|KREFMAG=10.966|VMAGINS=-15.648|VMAG=7.638,0,1.116,Z,-14.600,-12.344,,SX PHE,AAVSO,STD,,,,
2460916.318592,7.629,0.001,,TG,PEX,,000-BPZ-046,234804-412235,X40662BCU,|CNAME=000-BPZ-046|CDEC=-41.86578|CRA=356.72092|CMAGINS=-14.588|CREFMAG=8.686|KNAME=234804-412235|KDEC=-41.37655|KRA=357.01965|KMAGINS=-12.308|KREFMAG=10.966|VMAGINS=-15.646|VMAG=7.629,0,1.117,Z,-14.588,-12.359,,SX PHE,AAVSO,STD,,,,
2460916.319207,7.611,0.001,,TG,PEX,,000-BPZ-046,234804-412235,X40662BCU,|CNAME=000-BPZ-046|CDEC=-41.86578|CRA=356.72092|CMAGINS=-14.602|CREFMAG=8.686|KNAME=234804-412235|KDEC=-41.37655|KRA=357.01965|KMAGINS=-12.323|KREFMAG=10.966|VMAGINS=-15.678|VMAG=7.611,0,1.119,Z,-14.602,-12.352,,SX PHE,AAVSO,STD,,,,
2460916.319769,7.618,0.000,,TG,PEX,,000-BPZ-046,234804-412235,X40662BCU,|CNAME=000-BPZ-046|CDEC=-41.86578|CRA=356.72092|CMAGINS=-14.595|CREFMAG=8.686|KNAME=234804-412235|KDEC=-41.37655|KRA=357.01965|KMAGINS=-12.315|KREFMAG=10.966|VMAGINS=-15.663|VMAG=7.618,0,1.120,Z,-14.595,-12.414,,SX PHE,AAVSO,STD,,,,
2460916.320363,7.627,0.001,,TG,PEX,,000-BPZ-046,234804-412235,X40662BCU,|CNAME=000-BPZ-046|CDEC=-41.86578|CRA=356.72092|CMAGINS=-14.602|CREFMAG=8.686|KNAME=234804-412235|KDEC=-41.37655|KRA=357.01965|KMAGINS=-12.322|KREFMAG=10.966|VMAGINS=-15.661|VMAG=7.627,0,1.122,Z,-14.602,-12.384,,SX PHE,AAVSO,STD,,,,
2460916.320967,7.614,0.001,,TG,PEX,,000-BPZ-046,234804-412235,X40662BCU,|CNAME=000-BPZ-046|CDEC=-41.86578|CRA=356.72092|CMAGINS=-14.619|CREFMAG=8.686|KNAME=234804-412235|KDEC=-41.37655|KRA=357.01965|KMAGINS=-12.340|KREFMAG=10.966|VMAGINS=-15.692|VMAG=7.614,0,1.124,Z,-14.619,-12.405,,SX PHE,AAVSO,STD,,,,
2460916.321539,7.648,0.001,,TG,PEX,,000-BPZ-046,234804-412235,X40662BCU,|CNAME=000-BPZ-046|CDEC=-41.86578|CRA=356.72092|CMAGINS=-14.597|CREFMAG=8.686|KNAME=234804-412235|KDEC=-41.37655|KRA=357.01965|KMAGINS=-12.317|KREFMAG=10.966|VMAGINS=-15.634|VMAG=7.648,0,1.125,Z,-14.597,-12.363,,SX PHE,AAVSO,STD,,,,
2460916.322134,7.646,0.001,,TG,PEX,,000-BPZ-046,234804-412235,X40662BCU,|CNAME=000-BPZ-046|CDEC=-41.86578|CRA=356.72092|CMAGINS=-14.580|CREFMAG=8.686|KNAME=234804-412235|KDEC=-41.37655|KRA=357.01965|KMAGINS=-12.300|KREFMAG=10.966|VMAGINS=-15.620|VMAG=7.646,0,1.127,Z,-14.580,-12.415,,SX PHE,AAVSO,STD,,,,
2460916.322704,7.641,0.001,,TG,PEX,,000-BPZ-046,234804-412235,X40662BCU,|CNAME=000-BPZ-046|CDEC=-41.86578|CRA=356.72092|CMAGINS=-14.608|CREFMAG=8.686|KNAME=234804-412235|KDEC=-41.37655|KRA=357.01965|KMAGINS=-12.328|KREFMAG=10.966|VMAGINS=-15.653|VMAG=7.641,0,1.128,Z,-14.608,-12.355,,SX PHE,AAVSO,STD,,,,
2460916.323385,7.671,0.001,,TG,PEX,,000-BPZ-046,234804-412235,X40662BCU,|CNAME=000-BPZ-046|CDEC=-41.86578|CRA=356.72092|CMAGINS=-14.600|CREFMAG=8.686|KNAME=234804-412235|KDEC=-41.37655|KRA=357.01965|KMAGINS=-12.320|KREFMAG=10.966|VMAGINS=-15.615|VMAG=7.671,0,1.130,Z,-14.600,-12.389,,SX PHE,AAVSO,STD,,,,
2460916.324066,7.652,0.001,,TG,PEX,,000-BPZ-046,234804-412235,X40662BCU,|CNAME=000-BPZ-046|CDEC=-41.86578|CRA=356.72092|CMAGINS=-14.597|CREFMAG=8.686|KNAME=234804-412235|KDEC=-41.37655|KRA=357.01965|KMAGINS=-12.317|KREFMAG=10.966|VMAGINS=-15.631|VMAG=7.652,0,1.132,Z,-14.597,-12.379,,SX PHE,AAVSO,STD,,,,
2460916.324637,7.668,0.001,,TG,PEX,,000-BPZ-046,234804-412235,X40662BCU,|CNAME=000-BPZ-046|CDEC=-41.86578|CRA=356.72092|CMAGINS=-14.612|CREFMAG=8.686|KNAME=234804-412235|KDEC=-41.37655|KRA=357.01965|KMAGINS=-12.332|KREFMAG=10.966|VMAGINS=-15.630|VMAG=7.668,0,1.134,Z,-14.612,-12.380,,SX PHE,AAVSO,STD,,,,
2460916.325317,7.643,0.001,,TG,PEX,,000-BPZ-046,234804-412235,X40662BCU,|CNAME=000-BPZ-046|CDEC=-41.86578|CRA=356.72092|CMAGINS=-14.589|CREFMAG=8.686|KNAME=234804-412235|KDEC=-41.37655|KRA=357.01965|KMAGINS=-12.309|KREFMAG=10.966|VMAGINS=-15.632|VMAG=7.643,0,1.136,Z,-14.589,-12.337,,SX PHE,AAVSO,STD,,,,
2460916.325943,7.652,0.001,,TG,PEX,,000-BPZ-046,234804-412235,X40662BCU,|CNAME=000-BPZ-046|CDEC=-41.86578|CRA=356.72092|CMAGINS=-14.594|CREFMAG=8.686|KNAME=234804-412235|KDEC=-41.37655|KRA=357.01965|KMAGINS=-12.314|KREFMAG=10.966|VMAGINS=-15.629|VMAG=7.652,0,1.137,Z,-14.594,-12.329,,SX PHE,AAVSO,STD,,,,
2460916.326533,7.657,0.001,,TG,PEX,,000-BPZ-046,234804-412235,X40662BCU,|CNAME=000-BPZ-046|CDEC=-41.86578|CRA=356.72092|CMAGINS=-14.589|CREFMAG=8.686|KNAME=234804-412235|KDEC=-41.37655|KRA=357.01965|KMAGINS=-12.309|KREFMAG=10.966|VMAGINS=-15.618|VMAG=7.657,0,1.139,Z,-14.589,-12.340,,SX PHE,AAVSO,STD,,,,
2460916.327126,7.612,0.001,,TG,PEX,,000-BPZ-046,234804-412235,X40662BCU,|CNAME=000-BPZ-046|CDEC=-41.86578|CRA=356.72092|CMAGINS=-14.592|CREFMAG=8.686|KNAME=234804-412235|KDEC=-41.37655|KRA=357.01965|KMAGINS=-12.312|KREFMAG=10.966|VMAGINS=-15.666|VMAG=7.612,0,1.141,Z,-14.592,-12.337,,SX PHE,AAVSO,STD,,,,
2460916.327689,7.631,0.001,,TG,PEX,,000-BPZ-046,234804-412235,X40662BCU,|CNAME=000-BPZ-046|CDEC=-41.86578|CRA=356.72092|CMAGINS=-14.582|CREFMAG=8.686|KNAME=234804-412235|KDEC=-41.37655|KRA=357.01965|KMAGINS=-12.302|KREFMAG=10.966|VMAGINS=-15.637|VMAG=7.631,0,1.142,Z,-14.582,-12.356,,SX PHE,AAVSO,STD,,,,
2460916.328286,7.671,0.001,,TG,PEX,,000-BPZ-046,234804-412235,X40662BCU,|CNAME=000-BPZ-046|CDEC=-41.86578|CRA=356.72092|CMAGINS=-14.595|CREFMAG=8.686|KNAME=234804-412235|KDEC=-41.37655|KRA=357.01965|KMAGINS=-12.315|KREFMAG=10.966|VMAGINS=-15.609|VMAG=7.671,0,1.144,Z,-14.595,-12.393,,SX PHE,AAVSO,STD,,,,
2460916.328859,7.694,0.001,,TG,PEX,,000-BPZ-046,234804-412235,X40662BCU,|CNAME=000-BPZ-046|CDEC=-41.86578|CRA=356.72092|CMAGINS=-14.599|CREFMAG=8.686|KNAME=234804-412235|KDEC=-41.37655|KRA=357.01965|KMAGINS=-12.320|KREFMAG=10.966|VMAGINS=-15.592|VMAG=7.694,0,1.146,Z,-14.599,-12.310,,SX PHE,AAVSO,STD,,,,
2460916.329463,7.664,0.001,,TG,PEX,,000-BPZ-046,234804-412235,X40662BCU,|CNAME=000-BPZ-046|CDEC=-41.86578|CRA=356.72092|CMAGINS=-14.578|CREFMAG=8.686|KNAME=234804-412235|KDEC=-41.37655|KRA=357.01965|KMAGINS=-12.298|KREFMAG=10.966|VMAGINS=-15.601|VMAG=7.664,0,1.148,Z,-14.578,-12.342,,SX PHE,AAVSO,STD,,,,
2460916.330067,7.640,0.001,,TG,PEX,,000-BPZ-046,234804-412235,X40662BCU,|CNAME=000-BPZ-046|CDEC=-41.86578|CRA=356.72092|CMAGINS=-14.566|CREFMAG=8.686|KNAME=234804-412235|KDEC=-41.37655|KRA=357.01965|KMAGINS=-12.286|KREFMAG=10.966|VMAGINS=-15.612|VMAG=7.640,0,1.150,Z,-14.566,-12.334,,SX PHE,AAVSO,STD,,,,
2460916.330638,7.669,0.001,,TG,PEX,,000-BPZ-046,234804-412235,X40662BCU,|CNAME=000-BPZ-046|CDEC=-41.86578|CRA=356.72092|CMAGINS=-14.591|CREFMAG=8.686|KNAME=234804-412235|KDEC=-41.37655|KRA=357.01965|KMAGINS=-12.312|KREFMAG=10.966|VMAGINS=-15.608|VMAG=7.669,0,1.151,Z,-14.591,-12.305,,SX PHE,AAVSO,STD,,,,
2460916.331234,7.656,0.001,,TG,PEX,,000-BPZ-046,234804-412235,X40662BCU,|CNAME=000-BPZ-046|CDEC=-41.86578|CRA=356.72092|CMAGINS=-14.603|CREFMAG=8.686|KNAME=234804-412235|KDEC=-41.37655|KRA=357.01965|KMAGINS=-12.323|KREFMAG=10.966|VMAGINS=-15.633|VMAG=7.656,0,1.153,Z,-14.603,-12.357,,SX PHE,AAVSO,STD,,,,
2460916.331806,7.604,0.001,,TG,PEX,,000-BPZ-046,234804-412235,X40662BCU,|CNAME=000-BPZ-046|CDEC=-41.86578|CRA=356.72092|CMAGINS=-14.607|CREFMAG=8.686|KNAME=234804-412235|KDEC=-41.37655|KRA=357.01965|KMAGINS=-12.327|KREFMAG=10.966|VMAGINS=-15.689|VMAG=7.604,0,1.155,Z,-14.607,-12.289,,SX PHE,AAVSO,STD,,,,
2460916.332419,7.638,0.001,,TG,PEX,,000-BPZ-046,234804-412235,X40662BCU,|CNAME=000-BPZ-046|CDEC=-41.86578|CRA=356.72092|CMAGINS=-14.605|CREFMAG=8.686|KNAME=234804-412235|KDEC=-41.37655|KRA=357.01965|KMAGINS=-12.325|KREFMAG=10.966|VMAGINS=-15.653|VMAG=7.638,0,1.157,Z,-14.605,-12.362,,SX PHE,AAVSO,STD,,,,
2460916.333154,7.675,0.001,,TG,PEX,,000-BPZ-046,234804-412235,X40662BCU,|CNAME=000-BPZ-046|CDEC=-41.86578|CRA=356.72092|CMAGINS=-14.615|CREFMAG=8.686|KNAME=234804-412235|KDEC=-41.37655|KRA=357.01965|KMAGINS=-12.335|KREFMAG=10.966|VMAGINS=-15.626|VMAG=7.675,0,1.159,Z,-14.615,-12.358,,SX PHE,AAVSO,STD,,,,
2460916.333714,7.618,0.000,,TG,PEX,,000-BPZ-046,234804-412235,X40662BCU,|CNAME=000-BPZ-046|CDEC=-41.86578|CRA=356.72092|CMAGINS=-14.610|CREFMAG=8.686|KNAME=234804-412235|KDEC=-41.37655|KRA=357.01965|KMAGINS=-12.330|KREFMAG=10.966|VMAGINS=-15.678|VMAG=7.618,0,1.161,Z,-14.610,-12.390,,SX PHE,AAVSO,STD,,,,
2460916.334305,7.627,0.001,,TG,PEX,,000-BPZ-046,234804-412235,X40662BCU,|CNAME=000-BPZ-046|CDEC=-41.86578|CRA=356.72092|CMAGINS=-14.600|CREFMAG=8.686|KNAME=234804-412235|KDEC=-41.37655|KRA=357.01965|KMAGINS=-12.320|KREFMAG=10.966|VMAGINS=-15.658|VMAG=7.627,0,1.163,Z,-14.600,-12.319,,SX PHE,AAVSO,STD,,,,
2460916.334866,7.653,0.001,,TG,PEX,,000-BPZ-046,234804-412235,X40662BCU,|CNAME=000-BPZ-046|CDEC=-41.86578|CRA=356.72092|CMAGINS=-14.602|CREFMAG=8.686|KNAME=234804-412235|KDEC=-41.37655|KRA=357.01965|KMAGINS=-12.322|KREFMAG=10.966|VMAGINS=-15.635|VMAG=7.653,0,1.165,Z,-14.602,-12.428,,SX PHE,AAVSO,STD,,,,
2460916.335469,7.629,0.001,,TG,PEX,,000-BPZ-046,234804-412235,X40662BCU,|CNAME=000-BPZ-046|CDEC=-41.86578|CRA=356.72092|CMAGINS=-14.589|CREFMAG=8.686|KNAME=234804-412235|KDEC=-41.37655|KRA=357.01965|KMAGINS=-12.309|KREFMAG=10.966|VMAGINS=-15.646|VMAG=7.629,0,1.167,Z,-14.589,-12.314,,SX PHE,AAVSO,STD,,,,
2460916.336074,7.639,0.001,,TG,PEX,,000-BPZ-046,234804-412235,X40662BCU,|CNAME=000-BPZ-046|CDEC=-41.86578|CRA=356.72092|CMAGINS=-14.590|CREFMAG=8.686|KNAME=234804-412235|KDEC=-41.37655|KRA=357.01965|KMAGINS=-12.310|KREFMAG=10.966|VMAGINS=-15.637|VMAG=7.639,0,1.169,Z,-14.590,-12.331,,SX PHE,AAVSO,STD,,,,
2460916.336634,7.665,0.001,,TG,PEX,,000-BPZ-046,234804-412235,X40662BCU,|CNAME=000-BPZ-046|CDEC=-41.86578|CRA=356.72092|CMAGINS=-14.592|CREFMAG=8.686|KNAME=234804-412235|KDEC=-41.37655|KRA=357.01965|KMAGINS=-12.312|KREFMAG=10.966|VMAGINS=-15.613|VMAG=7.665,0,1.170,Z,-14.592,-12.288,,SX PHE,AAVSO,STD,,,,
2460916.337248,7.675,0.001,,TG,PEX,,000-BPZ-046,234804-412235,X40662BCU,|CNAME=000-BPZ-046|CDEC=-41.86578|CRA=356.72092|CMAGINS=-14.600|CREFMAG=8.686|KNAME=234804-412235|KDEC=-41.37655|KRA=357.01965|KMAGINS=-12.320|KREFMAG=10.966|VMAGINS=-15.611|VMAG=7.675,0,1.173,Z,-14.600,-12.282,,SX PHE,AAVSO,STD,,,,
2460916.337811,7.676,0.001,,TG,PEX,,000-BPZ-046,234804-412235,X40662BCU,|CNAME=000-BPZ-046|CDEC=-41.86578|CRA=356.72092|CMAGINS=-14.596|CREFMAG=8.686|KNAME=234804-412235|KDEC=-41.37655|KRA=357.01965|KMAGINS=-12.316|KREFMAG=10.966|VMAGINS=-15.606|VMAG=7.676,0,1.174,Z,-14.596,-12.379,,SX PHE,AAVSO,STD,,,,
2460916.338415,7.632,0.001,,TG,PEX,,000-BPZ-046,234804-412235,X40662BCU,|CNAME=000-BPZ-046|CDEC=-41.86578|CRA=356.72092|CMAGINS=-14.576|CREFMAG=8.686|KNAME=234804-412235|KDEC=-41.37655|KRA=357.01965|KMAGINS=-12.296|KREFMAG=10.966|VMAGINS=-15.630|VMAG=7.632,0,1.176,Z,-14.576,-12.384,,SX PHE,AAVSO,STD,,,,
2460916.339030,7.637,0.001,,TG,PEX,,000-BPZ-046,234804-412235,X40662BCU,|CNAME=000-BPZ-046|CDEC=-41.86578|CRA=356.72092|CMAGINS=-14.594|CREFMAG=8.686|KNAME=234804-412235|KDEC=-41.37655|KRA=357.01965|KMAGINS=-12.314|KREFMAG=10.966|VMAGINS=-15.642|VMAG=7.637,0,1.179,Z,-14.594,-12.329,,SX PHE,AAVSO,STD,,,,
2460916.339601,7.640,0.001,,TG,PEX,,000-BPZ-046,234804-412235,X40662BCU,|CNAME=000-BPZ-046|CDEC=-41.86578|CRA=356.72092|CMAGINS=-14.603|CREFMAG=8.686|KNAME=234804-412235|KDEC=-41.37655|KRA=357.01965|KMAGINS=-12.324|KREFMAG=10.966|VMAGINS=-15.650|VMAG=7.640,0,1.181,Z,-14.603,-12.342,,SX PHE,AAVSO,STD,,,,
