JD,Magnitude,Uncertainty,HQuncertainty,Band,Observer Code,Comment Code(s),Comp Star 1,Comp Star 2,Charts,Comments,Transfomed,Airmass,Validation Flag,Cmag,Kmag,HJD,Star Name,Observer Affiliation,Measurement Method,Grouping Method,ADS Reference,Digitizer,Credit
2458314.92004,9.211,,,V,ARX,,HD 200027,HD 200320,K V B-V FROM TYCHOII,CREFMAG=9.493|KREFMAG=8.923|TBV=2.440|TV_BV=-0.114,1,,Z,-14.475,-14.986,,ZZ MIC,VSS,STD,,,,
2458314.92225,9.232,,,V,ARX,,HD 200027,HD 200320,K V B-V FROM TYCHOII,CREFMAG=9.493|KREFMAG=8.923|TBV=2.440|TV_BV=-0.114,1,,Z,-14.510,-14.996,,ZZ MIC,VSS,STD,,,,
2458314.92446,9.236,,,V,ARX,,HD 200027,HD 200320,K V B-V FROM TYCHOII,CREFMAG=9.493|KREFMAG=8.923|TBV=2.440|TV_BV=-0.114,1,,Z,-14.516,-15.027,,ZZ MIC,VSS,STD,,,,
2458314.92667,9.259,,,V,ARX,,HD 200027,HD 200320,K V B-V FROM TYCHOII,CREFMAG=9.493|KREFMAG=8.923|TBV=2.440|TV_BV=-0.114,1,,Z,-14.528,-15.034,,ZZ MIC,VSS,STD,,,,
2458314.92887,9.294,,,V,ARX,,HD 200027,HD 200320,K V B-V FROM TYCHOII,CREFMAG=9.493|KREFMAG=8.923|TBV=2.440|TV_BV=-0.114,1,,Z,-14.527,-15.030,,ZZ MIC,VSS,STD,,,,
2458314.93108,9.324,,,V,ARX,,HD 200027,HD 200320,K V B-V FROM TYCHOII,CREFMAG=9.493|KREFMAG=8.923|TBV=2.440|TV_BV=-0.114,1,,Z,-14.516,-15.031,,ZZ MIC,VSS,STD,,,,
2458314.93329,9.347,,,V,ARX,,HD 200027,HD 200320,K V B-V FROM TYCHOII,CREFMAG=9.493|KREFMAG=8.923|TBV=2.440|TV_BV=-0.114,1,,Z,-14.535,-15.028,,ZZ MIC,VSS,STD,,,,
2458314.93550,9.394,,,V,ARX,,HD 200027,HD 200320,K V B-V FROM TYCHOII,CREFMAG=9.493|KREFMAG=8.923|TBV=2.440|TV_BV=-0.114,1,,Z,-14.547,-15.059,,ZZ MIC,VSS,STD,,,,
2458314.93770,9.404,,,V,ARX,,HD 200027,HD 200320,K V B-V FROM TYCHOII,CREFMAG=9.493|KREFMAG=8.923|TBV=2.440|TV_BV=-0.114,1,,Z,-14.549,-15.050,,ZZ MIC,VSS,STD,,,,
2458314.93991,9.446,,,V,ARX,,HD 200027,HD 200320,K V B-V FROM TYCHOII,CREFMAG=9.493|KREFMAG=8.923|TBV=2.440|TV_BV=-0.114,1,,Z,-14.556,-15.059,,ZZ MIC,VSS,STD,,,,
2458314.94212,9.477,,,V,ARX,,HD 200027,HD 200320,K V B-V FROM TYCHOII,CREFMAG=9.493|KREFMAG=8.923|TBV=2.440|TV_BV=-0.114,1,,Z,-14.577,-15.075,,ZZ MIC,VSS,STD,,,,
2458314.94433,9.456,,,V,ARX,,HD 200027,HD 200320,K V B-V FROM TYCHOII,CREFMAG=9.493|KREFMAG=8.923|TBV=2.440|TV_BV=-0.114,1,,Z,-14.559,-15.078,,ZZ MIC,VSS,STD,,,,
2458314.94654,9.494,,,V,ARX,,HD 200027,HD 200320,K V B-V FROM TYCHOII,CREFMAG=9.493|KREFMAG=8.923|TBV=2.440|TV_BV=-0.114,1,,Z,-14.563,-15.085,,ZZ MIC,VSS,STD,,,,
2458314.94875,9.523,,,V,ARX,,HD 200027,HD 200320,K V B-V FROM TYCHOII,CREFMAG=9.493|KREFMAG=8.923|TBV=2.440|TV_BV=-0.114,1,,Z,-14.584,-15.096,,ZZ MIC,VSS,STD,,,,
2458314.95096,9.513,,,V,ARX,,HD 200027,HD 200320,K V B-V FROM TYCHOII,CREFMAG=9.493|KREFMAG=8.923|TBV=2.440|TV_BV=-0.114,1,,Z,-14.578,-15.086,,ZZ MIC,VSS,STD,,,,
2458314.95317,9.533,,,V,ARX,,HD 200027,HD 200320,K V B-V FROM TYCHOII,CREFMAG=9.493|KREFMAG=8.923|TBV=2.440|TV_BV=-0.114,1,,Z,-14.586,-15.103,,ZZ MIC,VSS,STD,,,,
2458314.95538,9.559,,,V,ARX,,HD 200027,HD 200320,K V B-V FROM TYCHOII,CREFMAG=9.493|KREFMAG=8.923|TBV=2.440|TV_BV=-0.114,1,,Z,-14.600,-15.098,,ZZ MIC,VSS,STD,,,,
2458314.95759,9.553,,,V,ARX,,HD 200027,HD 200320,K V B-V FROM TYCHOII,CREFMAG=9.493|KREFMAG=8.923|TBV=2.440|TV_BV=-0.114,1,,Z,-14.594,-15.110,,ZZ MIC,VSS,STD,,,,
2458314.95980,9.552,,,V,ARX,,HD 200027,HD 200320,K V B-V FROM TYCHOII,CREFMAG=9.493|KREFMAG=8.923|TBV=2.440|TV_BV=-0.114,1,,Z,-14.588,-15.116,,ZZ MIC,VSS,STD,,,,
2458314.96200,9.580,,,V,ARX,,HD 200027,HD 200320,K V B-V FROM TYCHOII,CREFMAG=9.493|KREFMAG=8.923|TBV=2.440|TV_BV=-0.114,1,,Z,-14.615,-15.121,,ZZ MIC,VSS,STD,,,,
2458314.96422,9.560,,,V,ARX,,HD 200027,HD 200320,K V B-V FROM TYCHOII,CREFMAG=9.493|KREFMAG=8.923|TBV=2.440|TV_BV=-0.114,1,,Z,-14.605,-15.125,,ZZ MIC,VSS,STD,,,,
2458314.96644,9.540,,,V,ARX,,HD 200027,HD 200320,K V B-V FROM TYCHOII,CREFMAG=9.493|KREFMAG=8.923|TBV=2.440|TV_BV=-0.114,1,,Z,-14.601,-15.136,,ZZ MIC,VSS,STD,,,,
2458314.96865,9.557,,,V,ARX,,HD 200027,HD 200320,K V B-V FROM TYCHOII,CREFMAG=9.493|KREFMAG=8.923|TBV=2.440|TV_BV=-0.114,1,,Z,-14.628,-15.137,,ZZ MIC,VSS,STD,,,,
2458314.97086,9.525,,,V,ARX,,HD 200027,HD 200320,K V B-V FROM TYCHOII,CREFMAG=9.493|KREFMAG=8.923|TBV=2.440|TV_BV=-0.114,1,,Z,-14.617,-15.134,,ZZ MIC,VSS,STD,,,,
2458314.97307,9.490,,,V,ARX,,HD 200027,HD 200320,K V B-V FROM TYCHOII,CREFMAG=9.493|KREFMAG=8.923|TBV=2.440|TV_BV=-0.114,1,,Z,-14.623,-15.139,,ZZ MIC,VSS,STD,,,,
2458314.97528,9.457,,,V,ARX,,HD 200027,HD 200320,K V B-V FROM TYCHOII,CREFMAG=9.493|KREFMAG=8.923|TBV=2.440|TV_BV=-0.114,1,,Z,-14.630,-15.142,,ZZ MIC,VSS,STD,,,,
2458314.97748,9.407,,,V,ARX,,HD 200027,HD 200320,K V B-V FROM TYCHOII,CREFMAG=9.493|KREFMAG=8.923|TBV=2.440|TV_BV=-0.114,1,,Z,-14.640,-15.148,,ZZ MIC,VSS,STD,,,,
2458314.97969,9.335,,,V,ARX,,HD 200027,HD 200320,K V B-V FROM TYCHOII,CREFMAG=9.493|KREFMAG=8.923|TBV=2.440|TV_BV=-0.114,1,,Z,-14.639,-15.156,,ZZ MIC,VSS,STD,,,,
2458314.98191,9.274,,,V,ARX,,HD 200027,HD 200320,K V B-V FROM TYCHOII,CREFMAG=9.493|KREFMAG=8.923|TBV=2.440|TV_BV=-0.114,1,,Z,-14.643,-15.149,,ZZ MIC,VSS,STD,,,,
2458314.98412,9.230,,,V,ARX,,HD 200027,HD 200320,K V B-V FROM TYCHOII,CREFMAG=9.493|KREFMAG=8.923|TBV=2.440|TV_BV=-0.114,1,,Z,-14.648,-15.144,,ZZ MIC,VSS,STD,,,,
2458314.98632,9.171,,,V,ARX,,HD 200027,HD 200320,K V B-V FROM TYCHOII,CREFMAG=9.493|KREFMAG=8.923|TBV=2.440|TV_BV=-0.114,1,,Z,-14.632,-15.167,,ZZ MIC,VSS,STD,,,,
2458314.98853,9.190,,,V,ARX,,HD 200027,HD 200320,K V B-V FROM TYCHOII,CREFMAG=9.493|KREFMAG=8.923|TBV=2.440|TV_BV=-0.114,1,,Z,-14.653,-15.168,,ZZ MIC,VSS,STD,,,,
2458314.99074,9.184,,,V,ARX,,HD 200027,HD 200320,K V B-V FROM TYCHOII,CREFMAG=9.493|KREFMAG=8.923|TBV=2.440|TV_BV=-0.114,1,,Z,-14.648,-15.165,,ZZ MIC,VSS,STD,,,,
2458314.99295,9.226,,,V,ARX,,HD 200027,HD 200320,K V B-V FROM TYCHOII,CREFMAG=9.493|KREFMAG=8.923|TBV=2.440|TV_BV=-0.114,1,,Z,-14.661,-15.170,,ZZ MIC,VSS,STD,,,,
2458314.99516,9.240,,,V,ARX,,HD 200027,HD 200320,K V B-V FROM TYCHOII,CREFMAG=9.493|KREFMAG=8.923|TBV=2.440|TV_BV=-0.114,1,,Z,-14.654,-15.171,,ZZ MIC,VSS,STD,,,,
2458314.99737,9.286,,,V,ARX,,HD 200027,HD 200320,K V B-V FROM TYCHOII,CREFMAG=9.493|KREFMAG=8.923|TBV=2.440|TV_BV=-0.114,1,,Z,-14.661,-15.186,,ZZ MIC,VSS,STD,,,,
2458314.99958,9.324,,,V,ARX,,HD 200027,HD 200320,K V B-V FROM TYCHOII,CREFMAG=9.493|KREFMAG=8.923|TBV=2.440|TV_BV=-0.114,1,,Z,-14.664,-15.179,,ZZ MIC,VSS,STD,,,,
2458315.00179,9.370,,,V,ARX,,HD 200027,HD 200320,K V B-V FROM TYCHOII,CREFMAG=9.493|KREFMAG=8.923|TBV=2.440|TV_BV=-0.114,1,,Z,-14.662,-15.184,,ZZ MIC,VSS,STD,,,,
2458315.00401,9.378,,,V,ARX,,HD 200027,HD 200320,K V B-V FROM TYCHOII,CREFMAG=9.493|KREFMAG=8.923|TBV=2.440|TV_BV=-0.114,1,,Z,-14.662,-15.181,,ZZ MIC,VSS,STD,,,,
2458315.00622,9.426,,,V,ARX,,HD 200027,HD 200320,K V B-V FROM TYCHOII,CREFMAG=9.493|KREFMAG=8.923|TBV=2.440|TV_BV=-0.114,1,,Z,-14.667,-15.184,,ZZ MIC,VSS,STD,,,,
2458315.00843,9.445,,,V,ARX,,HD 200027,HD 200320,K V B-V FROM TYCHOII,CREFMAG=9.493|KREFMAG=8.923|TBV=2.440|TV_BV=-0.114,1,,Z,-14.675,-15.185,,ZZ MIC,VSS,STD,,,,
2458315.01065,9.480,,,V,ARX,,HD 200027,HD 200320,K V B-V FROM TYCHOII,CREFMAG=9.493|KREFMAG=8.923|TBV=2.440|TV_BV=-0.114,1,,Z,-14.669,-15.187,,ZZ MIC,VSS,STD,,,,
2458315.01285,9.483,,,V,ARX,,HD 200027,HD 200320,K V B-V FROM TYCHOII,CREFMAG=9.493|KREFMAG=8.923|TBV=2.440|TV_BV=-0.114,1,,Z,-14.666,-15.196,,ZZ MIC,VSS,STD,,,,
2458315.01506,9.527,,,V,ARX,,HD 200027,HD 200320,K V B-V FROM TYCHOII,CREFMAG=9.493|KREFMAG=8.923|TBV=2.440|TV_BV=-0.114,1,,Z,-14.681,-15.194,,ZZ MIC,VSS,STD,,,,
2458315.01727,9.515,,,V,ARX,,HD 200027,HD 200320,K V B-V FROM TYCHOII,CREFMAG=9.493|KREFMAG=8.923|TBV=2.440|TV_BV=-0.114,1,,Z,-14.674,-15.194,,ZZ MIC,VSS,STD,,,,
2458315.01948,9.545,,,V,ARX,,HD 200027,HD 200320,K V B-V FROM TYCHOII,CREFMAG=9.493|KREFMAG=8.923|TBV=2.440|TV_BV=-0.114,1,,Z,-14.674,-15.190,,ZZ MIC,VSS,STD,,,,
2458315.02169,9.547,,,V,ARX,,HD 200027,HD 200320,K V B-V FROM TYCHOII,CREFMAG=9.493|KREFMAG=8.923|TBV=2.440|TV_BV=-0.114,1,,Z,-14.676,-15.192,,ZZ MIC,VSS,STD,,,,
2458315.02391,9.561,,,V,ARX,,HD 200027,HD 200320,K V B-V FROM TYCHOII,CREFMAG=9.493|KREFMAG=8.923|TBV=2.440|TV_BV=-0.114,1,,Z,-14.686,-15.194,,ZZ MIC,VSS,STD,,,,
2458315.02612,9.576,,,V,ARX,,HD 200027,HD 200320,K V B-V FROM TYCHOII,CREFMAG=9.493|KREFMAG=8.923|TBV=2.440|TV_BV=-0.114,1,,Z,-14.692,-15.190,,ZZ MIC,VSS,STD,,,,
2458315.02833,9.567,,,V,ARX,,HD 200027,HD 200320,K V B-V FROM TYCHOII,CREFMAG=9.493|KREFMAG=8.923|TBV=2.440|TV_BV=-0.114,1,,Z,-14.683,-15.187,,ZZ MIC,VSS,STD,,,,
2458315.03054,9.563,,,V,ARX,,HD 200027,HD 200320,K V B-V FROM TYCHOII,CREFMAG=9.493|KREFMAG=8.923|TBV=2.440|TV_BV=-0.114,1,,Z,-14.677,-15.205,,ZZ MIC,VSS,STD,,,,
2458315.03276,9.543,,,V,ARX,,HD 200027,HD 200320,K V B-V FROM TYCHOII,CREFMAG=9.493|KREFMAG=8.923|TBV=2.440|TV_BV=-0.114,1,,Z,-14.685,-15.199,,ZZ MIC,VSS,STD,,,,
2458315.03497,9.537,,,V,ARX,,HD 200027,HD 200320,K V B-V FROM TYCHOII,CREFMAG=9.493|KREFMAG=8.923|TBV=2.440|TV_BV=-0.114,1,,Z,-14.696,-15.204,,ZZ MIC,VSS,STD,,,,
2458315.03719,9.510,,,V,ARX,,HD 200027,HD 200320,K V B-V FROM TYCHOII,CREFMAG=9.493|KREFMAG=8.923|TBV=2.440|TV_BV=-0.114,1,,Z,-14.700,-15.202,,ZZ MIC,VSS,STD,,,,
2458315.03940,9.474,,,V,ARX,,HD 200027,HD 200320,K V B-V FROM TYCHOII,CREFMAG=9.493|KREFMAG=8.923|TBV=2.440|TV_BV=-0.114,1,,Z,-14.687,-15.209,,ZZ MIC,VSS,STD,,,,
2458315.04161,9.445,,,V,ARX,,HD 200027,HD 200320,K V B-V FROM TYCHOII,CREFMAG=9.493|KREFMAG=8.923|TBV=2.440|TV_BV=-0.114,1,,Z,-14.691,-15.207,,ZZ MIC,VSS,STD,,,,
2458315.04381,9.399,,,V,ARX,,HD 200027,HD 200320,K V B-V FROM TYCHOII,CREFMAG=9.493|KREFMAG=8.923|TBV=2.440|TV_BV=-0.114,1,,Z,-14.699,-15.209,,ZZ MIC,VSS,STD,,,,
2458315.04602,9.336,,,V,ARX,,HD 200027,HD 200320,K V B-V FROM TYCHOII,CREFMAG=9.493|KREFMAG=8.923|TBV=2.440|TV_BV=-0.114,1,,Z,-14.684,-15.204,,ZZ MIC,VSS,STD,,,,
2458315.04824,9.287,,,V,ARX,,HD 200027,HD 200320,K V B-V FROM TYCHOII,CREFMAG=9.493|KREFMAG=8.923|TBV=2.440|TV_BV=-0.114,1,,Z,-14.688,-15.210,,ZZ MIC,VSS,STD,,,,
2458315.05044,9.241,,,V,ARX,,HD 200027,HD 200320,K V B-V FROM TYCHOII,CREFMAG=9.493|KREFMAG=8.923|TBV=2.440|TV_BV=-0.114,1,,Z,-14.688,-15.204,,ZZ MIC,VSS,STD,,,,
2458315.05265,9.246,,,V,ARX,,HD 200027,HD 200320,K V B-V FROM TYCHOII,CREFMAG=9.493|KREFMAG=8.923|TBV=2.440|TV_BV=-0.114,1,,Z,-14.700,-15.208,,ZZ MIC,VSS,STD,,,,
2458315.05486,9.209,,,V,ARX,,HD 200027,HD 200320,K V B-V FROM TYCHOII,CREFMAG=9.493|KREFMAG=8.923|TBV=2.440|TV_BV=-0.114,1,,Z,-14.708,-15.217,,ZZ MIC,VSS,STD,,,,
2458315.05707,9.205,,,V,ARX,,HD 200027,HD 200320,K V B-V FROM TYCHOII,CREFMAG=9.493|KREFMAG=8.923|TBV=2.440|TV_BV=-0.114,1,,Z,-14.699,-15.212,,ZZ MIC,VSS,STD,,,,
2458315.05928,9.225,,,V,ARX,,HD 200027,HD 200320,K V B-V FROM TYCHOII,CREFMAG=9.493|KREFMAG=8.923|TBV=2.440|TV_BV=-0.114,1,,Z,-14.698,-15.215,,ZZ MIC,VSS,STD,,,,
2458315.06149,9.288,,,V,ARX,,HD 200027,HD 200320,K V B-V FROM TYCHOII,CREFMAG=9.493|KREFMAG=8.923|TBV=2.440|TV_BV=-0.114,1,,Z,-14.712,-15.206,,ZZ MIC,VSS,STD,,,,
2458315.06370,9.285,,,V,ARX,,HD 200027,HD 200320,K V B-V FROM TYCHOII,CREFMAG=9.493|KREFMAG=8.923|TBV=2.440|TV_BV=-0.114,1,,Z,-14.693,-15.221,,ZZ MIC,VSS,STD,,,,
2458315.06591,9.324,,,V,ARX,,HD 200027,HD 200320,K V B-V FROM TYCHOII,CREFMAG=9.493|KREFMAG=8.923|TBV=2.440|TV_BV=-0.114,1,,Z,-14.705,-15.217,,ZZ MIC,VSS,STD,,,,
2458315.06811,9.334,,,V,ARX,,HD 200027,HD 200320,K V B-V FROM TYCHOII,CREFMAG=9.493|KREFMAG=8.923|TBV=2.440|TV_BV=-0.114,1,,Z,-14.704,-15.229,,ZZ MIC,VSS,STD,,,,
2458315.07032,9.381,,,V,ARX,,HD 200027,HD 200320,K V B-V FROM TYCHOII,CREFMAG=9.493|KREFMAG=8.923|TBV=2.440|TV_BV=-0.114,1,,Z,-14.706,-15.220,,ZZ MIC,VSS,STD,,,,
2458315.07254,9.406,,,V,ARX,,HD 200027,HD 200320,K V B-V FROM TYCHOII,CREFMAG=9.493|KREFMAG=8.923|TBV=2.440|TV_BV=-0.114,1,,Z,-14.703,-15.217,,ZZ MIC,VSS,STD,,,,
2458315.07475,9.434,,,V,ARX,,HD 200027,HD 200320,K V B-V FROM TYCHOII,CREFMAG=9.493|KREFMAG=8.923|TBV=2.440|TV_BV=-0.114,1,,Z,-14.706,-15.228,,ZZ MIC,VSS,STD,,,,
2458315.07696,9.441,,,V,ARX,,HD 200027,HD 200320,K V B-V FROM TYCHOII,CREFMAG=9.493|KREFMAG=8.923|TBV=2.440|TV_BV=-0.114,1,,Z,-14.696,-15.222,,ZZ MIC,VSS,STD,,,,
2458315.07917,9.491,,,V,ARX,,HD 200027,HD 200320,K V B-V FROM TYCHOII,CREFMAG=9.493|KREFMAG=8.923|TBV=2.440|TV_BV=-0.114,1,,Z,-14.718,-15.223,,ZZ MIC,VSS,STD,,,,
2458315.08138,9.469,,,V,ARX,,HD 200027,HD 200320,K V B-V FROM TYCHOII,CREFMAG=9.493|KREFMAG=8.923|TBV=2.440|TV_BV=-0.114,1,,Z,-14.703,-15.219,,ZZ MIC,VSS,STD,,,,
2458315.08359,9.476,,,V,ARX,,HD 200027,HD 200320,K V B-V FROM TYCHOII,CREFMAG=9.493|KREFMAG=8.923|TBV=2.440|TV_BV=-0.114,1,,Z,-14.692,-15.221,,ZZ MIC,VSS,STD,,,,
2458315.08580,9.519,,,V,ARX,,HD 200027,HD 200320,K V B-V FROM TYCHOII,CREFMAG=9.493|KREFMAG=8.923|TBV=2.440|TV_BV=-0.114,1,,Z,-14.705,-15.223,,ZZ MIC,VSS,STD,,,,
2458315.08801,9.527,,,V,ARX,,HD 200027,HD 200320,K V B-V FROM TYCHOII,CREFMAG=9.493|KREFMAG=8.923|TBV=2.440|TV_BV=-0.114,1,,Z,-14.700,-15.221,,ZZ MIC,VSS,STD,,,,
2458315.09022,9.527,,,V,ARX,,HD 200027,HD 200320,K V B-V FROM TYCHOII,CREFMAG=9.493|KREFMAG=8.923|TBV=2.440|TV_BV=-0.114,1,,Z,-14.701,-15.210,,ZZ MIC,VSS,STD,,,,
2458315.09243,9.554,,,V,ARX,,HD 200027,HD 200320,K V B-V FROM TYCHOII,CREFMAG=9.493|KREFMAG=8.923|TBV=2.440|TV_BV=-0.114,1,,Z,-14.701,-15.222,,ZZ MIC,VSS,STD,,,,
2458315.09464,9.558,,,V,ARX,,HD 200027,HD 200320,K V B-V FROM TYCHOII,CREFMAG=9.493|KREFMAG=8.923|TBV=2.440|TV_BV=-0.114,1,,Z,-14.691,-15.215,,ZZ MIC,VSS,STD,,,,
2458315.09685,9.541,,,V,ARX,,HD 200027,HD 200320,K V B-V FROM TYCHOII,CREFMAG=9.493|KREFMAG=8.923|TBV=2.440|TV_BV=-0.114,1,,Z,-14.688,-15.209,,ZZ MIC,VSS,STD,,,,
2458315.09905,9.566,,,V,ARX,,HD 200027,HD 200320,K V B-V FROM TYCHOII,CREFMAG=9.493|KREFMAG=8.923|TBV=2.440|TV_BV=-0.114,1,,Z,-14.680,-15.211,,ZZ MIC,VSS,STD,,,,
2458315.10126,9.565,,,V,ARX,,HD 200027,HD 200320,K V B-V FROM TYCHOII,CREFMAG=9.493|KREFMAG=8.923|TBV=2.440|TV_BV=-0.114,1,,Z,-14.712,-15.217,,ZZ MIC,VSS,STD,,,,
2458315.10347,9.543,,,V,ARX,,HD 200027,HD 200320,K V B-V FROM TYCHOII,CREFMAG=9.493|KREFMAG=8.923|TBV=2.440|TV_BV=-0.114,1,,Z,-14.708,-15.216,,ZZ MIC,VSS,STD,,,,
2458315.10568,9.503,,,V,ARX,,HD 200027,HD 200320,K V B-V FROM TYCHOII,CREFMAG=9.493|KREFMAG=8.923|TBV=2.440|TV_BV=-0.114,1,,Z,-14.697,-15.221,,ZZ MIC,VSS,STD,,,,
2458315.10788,9.468,,,V,ARX,,HD 200027,HD 200320,K V B-V FROM TYCHOII,CREFMAG=9.493|KREFMAG=8.923|TBV=2.440|TV_BV=-0.114,1,,Z,-14.702,-15.227,,ZZ MIC,VSS,STD,,,,
2458315.11009,9.432,,,V,ARX,,HD 200027,HD 200320,K V B-V FROM TYCHOII,CREFMAG=9.493|KREFMAG=8.923|TBV=2.440|TV_BV=-0.114,1,,Z,-14.704,-15.224,,ZZ MIC,VSS,STD,,,,
2458315.11230,9.355,,,V,ARX,,HD 200027,HD 200320,K V B-V FROM TYCHOII,CREFMAG=9.493|KREFMAG=8.923|TBV=2.440|TV_BV=-0.114,1,,Z,-14.694,-15.214,,ZZ MIC,VSS,STD,,,,
2458315.11451,9.297,,,V,ARX,,HD 200027,HD 200320,K V B-V FROM TYCHOII,CREFMAG=9.493|KREFMAG=8.923|TBV=2.440|TV_BV=-0.114,1,,Z,-14.691,-15.214,,ZZ MIC,VSS,STD,,,,
2458315.11672,9.254,,,V,ARX,,HD 200027,HD 200320,K V B-V FROM TYCHOII,CREFMAG=9.493|KREFMAG=8.923|TBV=2.440|TV_BV=-0.114,1,,Z,-14.707,-15.219,,ZZ MIC,VSS,STD,,,,
2458315.11894,9.168,,,V,ARX,,HD 200027,HD 200320,K V B-V FROM TYCHOII,CREFMAG=9.493|KREFMAG=8.923|TBV=2.440|TV_BV=-0.114,1,,Z,-14.468,-15.003,,ZZ MIC,VSS,STD,,,,
2458315.12112,9.148,,,V,ARX,,HD 200027,HD 200320,K V B-V FROM TYCHOII,CREFMAG=9.493|KREFMAG=8.923|TBV=2.440|TV_BV=-0.114,1,,Z,-14.653,-15.185,,ZZ MIC,VSS,STD,,,,
2458315.12333,9.169,,,V,ARX,,HD 200027,HD 200320,K V B-V FROM TYCHOII,CREFMAG=9.493|KREFMAG=8.923|TBV=2.440|TV_BV=-0.114,1,,Z,-14.540,-15.056,,ZZ MIC,VSS,STD,,,,
2458315.12554,9.164,,,V,ARX,,HD 200027,HD 200320,K V B-V FROM TYCHOII,CREFMAG=9.493|KREFMAG=8.923|TBV=2.440|TV_BV=-0.114,1,,Z,-14.531,-15.045,,ZZ MIC,VSS,STD,,,,
2458315.91555,9.488,,,V,ARX,,HD 200027,HD 200320,K V B-V FROM TYCHOII,CREFMAG=9.493|KREFMAG=8.923|TBV=2.440|TV_BV=-0.114,1,,Z,-14.511,-14.994,,ZZ MIC,VSS,STD,,,,
2458315.91777,9.411,,,V,ARX,,HD 200027,HD 200320,K V B-V FROM TYCHOII,CREFMAG=9.493|KREFMAG=8.923|TBV=2.440|TV_BV=-0.114,1,,Z,-14.496,-15.008,,ZZ MIC,VSS,STD,,,,
2458315.91998,9.349,,,V,ARX,,HD 200027,HD 200320,K V B-V FROM TYCHOII,CREFMAG=9.493|KREFMAG=8.923|TBV=2.440|TV_BV=-0.114,1,,Z,-14.504,-15.012,,ZZ MIC,VSS,STD,,,,
2458315.92219,9.280,,,V,ARX,,HD 200027,HD 200320,K V B-V FROM TYCHOII,CREFMAG=9.493|KREFMAG=8.923|TBV=2.440|TV_BV=-0.114,1,,Z,-14.523,-15.028,,ZZ MIC,VSS,STD,,,,
2458315.92440,9.233,,,V,ARX,,HD 200027,HD 200320,K V B-V FROM TYCHOII,CREFMAG=9.493|KREFMAG=8.923|TBV=2.440|TV_BV=-0.114,1,,Z,-14.530,-15.037,,ZZ MIC,VSS,STD,,,,
2458315.92661,9.173,,,V,ARX,,HD 200027,HD 200320,K V B-V FROM TYCHOII,CREFMAG=9.493|KREFMAG=8.923|TBV=2.440|TV_BV=-0.114,1,,Z,-14.523,-15.040,,ZZ MIC,VSS,STD,,,,
2458315.92882,9.202,,,V,ARX,,HD 200027,HD 200320,K V B-V FROM TYCHOII,CREFMAG=9.493|KREFMAG=8.923|TBV=2.440|TV_BV=-0.114,1,,Z,-14.555,-15.048,,ZZ MIC,VSS,STD,,,,
2458315.93103,9.205,,,V,ARX,,HD 200027,HD 200320,K V B-V FROM TYCHOII,CREFMAG=9.493|KREFMAG=8.923|TBV=2.440|TV_BV=-0.114,1,,Z,-14.561,-15.054,,ZZ MIC,VSS,STD,,,,
2458315.93324,9.193,,,V,ARX,,HD 200027,HD 200320,K V B-V FROM TYCHOII,CREFMAG=9.493|KREFMAG=8.923|TBV=2.440|TV_BV=-0.114,1,,Z,-14.544,-15.060,,ZZ MIC,VSS,STD,,,,
2458315.93545,9.279,,,V,ARX,,HD 200027,HD 200320,K V B-V FROM TYCHOII,CREFMAG=9.493|KREFMAG=8.923|TBV=2.440|TV_BV=-0.114,1,,Z,-14.563,-15.067,,ZZ MIC,VSS,STD,,,,
2458315.93766,9.309,,,V,ARX,,HD 200027,HD 200320,K V B-V FROM TYCHOII,CREFMAG=9.493|KREFMAG=8.923|TBV=2.440|TV_BV=-0.114,1,,Z,-14.579,-15.074,,ZZ MIC,VSS,STD,,,,
2458315.93987,9.311,,,V,ARX,,HD 200027,HD 200320,K V B-V FROM TYCHOII,CREFMAG=9.493|KREFMAG=8.923|TBV=2.440|TV_BV=-0.114,1,,Z,-14.570,-15.085,,ZZ MIC,VSS,STD,,,,
2458315.94208,9.354,,,V,ARX,,HD 200027,HD 200320,K V B-V FROM TYCHOII,CREFMAG=9.493|KREFMAG=8.923|TBV=2.440|TV_BV=-0.114,1,,Z,-14.584,-15.095,,ZZ MIC,VSS,STD,,,,
2458315.94429,9.411,,,V,ARX,,HD 200027,HD 200320,K V B-V FROM TYCHOII,CREFMAG=9.493|KREFMAG=8.923|TBV=2.440|TV_BV=-0.114,1,,Z,-14.592,-15.107,,ZZ MIC,VSS,STD,,,,
2458315.94651,9.430,,,V,ARX,,HD 200027,HD 200320,K V B-V FROM TYCHOII,CREFMAG=9.493|KREFMAG=8.923|TBV=2.440|TV_BV=-0.114,1,,Z,-14.599,-15.104,,ZZ MIC,VSS,STD,,,,
2458315.94873,9.460,,,V,ARX,,HD 200027,HD 200320,K V B-V FROM TYCHOII,CREFMAG=9.493|KREFMAG=8.923|TBV=2.440|TV_BV=-0.114,1,,Z,-14.607,-15.109,,ZZ MIC,VSS,STD,,,,
2458315.95094,9.492,,,V,ARX,,HD 200027,HD 200320,K V B-V FROM TYCHOII,CREFMAG=9.493|KREFMAG=8.923|TBV=2.440|TV_BV=-0.114,1,,Z,-14.609,-15.110,,ZZ MIC,VSS,STD,,,,
2458315.95315,9.478,,,V,ARX,,HD 200027,HD 200320,K V B-V FROM TYCHOII,CREFMAG=9.493|KREFMAG=8.923|TBV=2.440|TV_BV=-0.114,1,,Z,-14.609,-15.122,,ZZ MIC,VSS,STD,,,,
2458315.95535,9.494,,,V,ARX,,HD 200027,HD 200320,K V B-V FROM TYCHOII,CREFMAG=9.493|KREFMAG=8.923|TBV=2.440|TV_BV=-0.114,1,,Z,-14.619,-15.127,,ZZ MIC,VSS,STD,,,,
2458315.95757,9.505,,,V,ARX,,HD 200027,HD 200320,K V B-V FROM TYCHOII,CREFMAG=9.493|KREFMAG=8.923|TBV=2.440|TV_BV=-0.114,1,,Z,-14.604,-15.136,,ZZ MIC,VSS,STD,,,,
2458315.95978,9.536,,,V,ARX,,HD 200027,HD 200320,K V B-V FROM TYCHOII,CREFMAG=9.493|KREFMAG=8.923|TBV=2.440|TV_BV=-0.114,1,,Z,-14.627,-15.143,,ZZ MIC,VSS,STD,,,,
2458315.96199,9.553,,,V,ARX,,HD 200027,HD 200320,K V B-V FROM TYCHOII,CREFMAG=9.493|KREFMAG=8.923|TBV=2.440|TV_BV=-0.114,1,,Z,-14.624,-15.133,,ZZ MIC,VSS,STD,,,,
2458315.96420,9.562,,,V,ARX,,HD 200027,HD 200320,K V B-V FROM TYCHOII,CREFMAG=9.493|KREFMAG=8.923|TBV=2.440|TV_BV=-0.114,1,,Z,-14.635,-15.135,,ZZ MIC,VSS,STD,,,,
2458315.96641,9.564,,,V,ARX,,HD 200027,HD 200320,K V B-V FROM TYCHOII,CREFMAG=9.493|KREFMAG=8.923|TBV=2.440|TV_BV=-0.114,1,,Z,-14.642,-15.145,,ZZ MIC,VSS,STD,,,,
2458315.96862,9.563,,,V,ARX,,HD 200027,HD 200320,K V B-V FROM TYCHOII,CREFMAG=9.493|KREFMAG=8.923|TBV=2.440|TV_BV=-0.114,1,,Z,-14.628,-15.142,,ZZ MIC,VSS,STD,,,,
2458315.97083,9.554,,,V,ARX,,HD 200027,HD 200320,K V B-V FROM TYCHOII,CREFMAG=9.493|KREFMAG=8.923|TBV=2.440|TV_BV=-0.114,1,,Z,-14.646,-15.152,,ZZ MIC,VSS,STD,,,,
2458315.97303,9.553,,,V,ARX,,HD 200027,HD 200320,K V B-V FROM TYCHOII,CREFMAG=9.493|KREFMAG=8.923|TBV=2.440|TV_BV=-0.114,1,,Z,-14.651,-15.161,,ZZ MIC,VSS,STD,,,,
2458315.97524,9.544,,,V,ARX,,HD 200027,HD 200320,K V B-V FROM TYCHOII,CREFMAG=9.493|KREFMAG=8.923|TBV=2.440|TV_BV=-0.114,1,,Z,-14.651,-15.153,,ZZ MIC,VSS,STD,,,,
2458315.97745,9.526,,,V,ARX,,HD 200027,HD 200320,K V B-V FROM TYCHOII,CREFMAG=9.493|KREFMAG=8.923|TBV=2.440|TV_BV=-0.114,1,,Z,-14.665,-15.166,,ZZ MIC,VSS,STD,,,,
2458315.97966,9.480,,,V,ARX,,HD 200027,HD 200320,K V B-V FROM TYCHOII,CREFMAG=9.493|KREFMAG=8.923|TBV=2.440|TV_BV=-0.114,1,,Z,-14.657,-15.161,,ZZ MIC,VSS,STD,,,,
2458315.98188,9.434,,,V,ARX,,HD 200027,HD 200320,K V B-V FROM TYCHOII,CREFMAG=9.493|KREFMAG=8.923|TBV=2.440|TV_BV=-0.114,1,,Z,-14.658,-15.161,,ZZ MIC,VSS,STD,,,,
2458315.98410,9.420,,,V,ARX,,HD 200027,HD 200320,K V B-V FROM TYCHOII,CREFMAG=9.493|KREFMAG=8.923|TBV=2.440|TV_BV=-0.114,1,,Z,-14.666,-15.157,,ZZ MIC,VSS,STD,,,,
2458315.98630,9.358,,,V,ARX,,HD 200027,HD 200320,K V B-V FROM TYCHOII,CREFMAG=9.493|KREFMAG=8.923|TBV=2.440|TV_BV=-0.114,1,,Z,-14.669,-15.174,,ZZ MIC,VSS,STD,,,,
2458315.98852,9.302,,,V,ARX,,HD 200027,HD 200320,K V B-V FROM TYCHOII,CREFMAG=9.493|KREFMAG=8.923|TBV=2.440|TV_BV=-0.114,1,,Z,-14.674,-15.176,,ZZ MIC,VSS,STD,,,,
2458315.99072,9.239,,,V,ARX,,HD 200027,HD 200320,K V B-V FROM TYCHOII,CREFMAG=9.493|KREFMAG=8.923|TBV=2.440|TV_BV=-0.114,1,,Z,-14.673,-15.179,,ZZ MIC,VSS,STD,,,,
2458315.99294,9.213,,,V,ARX,,HD 200027,HD 200320,K V B-V FROM TYCHOII,CREFMAG=9.493|KREFMAG=8.923|TBV=2.440|TV_BV=-0.114,1,,Z,-14.675,-15.189,,ZZ MIC,VSS,STD,,,,
2458315.99515,9.182,,,V,ARX,,HD 200027,HD 200320,K V B-V FROM TYCHOII,CREFMAG=9.493|KREFMAG=8.923|TBV=2.440|TV_BV=-0.114,1,,Z,-14.670,-15.188,,ZZ MIC,VSS,STD,,,,
2458315.99736,9.200,,,V,ARX,,HD 200027,HD 200320,K V B-V FROM TYCHOII,CREFMAG=9.493|KREFMAG=8.923|TBV=2.440|TV_BV=-0.114,1,,Z,-14.683,-15.194,,ZZ MIC,VSS,STD,,,,
2458315.99957,9.205,,,V,ARX,,HD 200027,HD 200320,K V B-V FROM TYCHOII,CREFMAG=9.493|KREFMAG=8.923|TBV=2.440|TV_BV=-0.114,1,,Z,-14.683,-15.197,,ZZ MIC,VSS,STD,,,,
2458316.00178,9.260,,,V,ARX,,HD 200027,HD 200320,K V B-V FROM TYCHOII,CREFMAG=9.493|KREFMAG=8.923|TBV=2.440|TV_BV=-0.114,1,,Z,-14.687,-15.197,,ZZ MIC,VSS,STD,,,,
2458316.00399,9.287,,,V,ARX,,HD 200027,HD 200320,K V B-V FROM TYCHOII,CREFMAG=9.493|KREFMAG=8.923|TBV=2.440|TV_BV=-0.114,1,,Z,-14.700,-15.201,,ZZ MIC,VSS,STD,,,,
2458316.00620,9.310,,,V,ARX,,HD 200027,HD 200320,K V B-V FROM TYCHOII,CREFMAG=9.493|KREFMAG=8.923|TBV=2.440|TV_BV=-0.114,1,,Z,-14.695,-15.198,,ZZ MIC,VSS,STD,,,,
2458316.00840,9.332,,,V,ARX,,HD 200027,HD 200320,K V B-V FROM TYCHOII,CREFMAG=9.493|KREFMAG=8.923|TBV=2.440|TV_BV=-0.114,1,,Z,-14.689,-15.203,,ZZ MIC,VSS,STD,,,,
2458316.01063,9.378,,,V,ARX,,HD 200027,HD 200320,K V B-V FROM TYCHOII,CREFMAG=9.493|KREFMAG=8.923|TBV=2.440|TV_BV=-0.114,1,,Z,-14.708,-15.206,,ZZ MIC,VSS,STD,,,,
2458316.01284,9.395,,,V,ARX,,HD 200027,HD 200320,K V B-V FROM TYCHOII,CREFMAG=9.493|KREFMAG=8.923|TBV=2.440|TV_BV=-0.114,1,,Z,-14.703,-15.202,,ZZ MIC,VSS,STD,,,,
2458316.01504,9.443,,,V,ARX,,HD 200027,HD 200320,K V B-V FROM TYCHOII,CREFMAG=9.493|KREFMAG=8.923|TBV=2.440|TV_BV=-0.114,1,,Z,-14.712,-15.206,,ZZ MIC,VSS,STD,,,,
2458316.01725,9.447,,,V,ARX,,HD 200027,HD 200320,K V B-V FROM TYCHOII,CREFMAG=9.493|KREFMAG=8.923|TBV=2.440|TV_BV=-0.114,1,,Z,-14.705,-15.217,,ZZ MIC,VSS,STD,,,,
2458316.01946,9.485,,,V,ARX,,HD 200027,HD 200320,K V B-V FROM TYCHOII,CREFMAG=9.493|KREFMAG=8.923|TBV=2.440|TV_BV=-0.114,1,,Z,-14.711,-15.218,,ZZ MIC,VSS,STD,,,,
2458316.02168,9.496,,,V,ARX,,HD 200027,HD 200320,K V B-V FROM TYCHOII,CREFMAG=9.493|KREFMAG=8.923|TBV=2.440|TV_BV=-0.114,1,,Z,-14.718,-15.219,,ZZ MIC,VSS,STD,,,,
2458316.02389,9.508,,,V,ARX,,HD 200027,HD 200320,K V B-V FROM TYCHOII,CREFMAG=9.493|KREFMAG=8.923|TBV=2.440|TV_BV=-0.114,1,,Z,-14.718,-15.221,,ZZ MIC,VSS,STD,,,,
2458316.02610,9.520,,,V,ARX,,HD 200027,HD 200320,K V B-V FROM TYCHOII,CREFMAG=9.493|KREFMAG=8.923|TBV=2.440|TV_BV=-0.114,1,,Z,-14.718,-15.224,,ZZ MIC,VSS,STD,,,,
2458316.02830,9.517,,,V,ARX,,HD 200027,HD 200320,K V B-V FROM TYCHOII,CREFMAG=9.493|KREFMAG=8.923|TBV=2.440|TV_BV=-0.114,1,,Z,-14.715,-15.222,,ZZ MIC,VSS,STD,,,,
2458316.03051,9.563,,,V,ARX,,HD 200027,HD 200320,K V B-V FROM TYCHOII,CREFMAG=9.493|KREFMAG=8.923|TBV=2.440|TV_BV=-0.114,1,,Z,-14.731,-15.231,,ZZ MIC,VSS,STD,,,,
2458316.03272,9.564,,,V,ARX,,HD 200027,HD 200320,K V B-V FROM TYCHOII,CREFMAG=9.493|KREFMAG=8.923|TBV=2.440|TV_BV=-0.114,1,,Z,-14.721,-15.234,,ZZ MIC,VSS,STD,,,,
2458316.03493,9.569,,,V,ARX,,HD 200027,HD 200320,K V B-V FROM TYCHOII,CREFMAG=9.493|KREFMAG=8.923|TBV=2.440|TV_BV=-0.114,1,,Z,-14.736,-15.225,,ZZ MIC,VSS,STD,,,,
2458316.03714,9.563,,,V,ARX,,HD 200027,HD 200320,K V B-V FROM TYCHOII,CREFMAG=9.493|KREFMAG=8.923|TBV=2.440|TV_BV=-0.114,1,,Z,-14.731,-15.230,,ZZ MIC,VSS,STD,,,,
2458316.03935,9.576,,,V,ARX,,HD 200027,HD 200320,K V B-V FROM TYCHOII,CREFMAG=9.493|KREFMAG=8.923|TBV=2.440|TV_BV=-0.114,1,,Z,-14.737,-15.245,,ZZ MIC,VSS,STD,,,,
2458316.04156,9.549,,,V,ARX,,HD 200027,HD 200320,K V B-V FROM TYCHOII,CREFMAG=9.493|KREFMAG=8.923|TBV=2.440|TV_BV=-0.114,1,,Z,-14.723,-15.235,,ZZ MIC,VSS,STD,,,,
2458316.04377,9.544,,,V,ARX,,HD 200027,HD 200320,K V B-V FROM TYCHOII,CREFMAG=9.493|KREFMAG=8.923|TBV=2.440|TV_BV=-0.114,1,,Z,-14.725,-15.236,,ZZ MIC,VSS,STD,,,,
2458316.04598,9.506,,,V,ARX,,HD 200027,HD 200320,K V B-V FROM TYCHOII,CREFMAG=9.493|KREFMAG=8.923|TBV=2.440|TV_BV=-0.114,1,,Z,-14.732,-15.237,,ZZ MIC,VSS,STD,,,,
2458316.04818,9.474,,,V,ARX,,HD 200027,HD 200320,K V B-V FROM TYCHOII,CREFMAG=9.493|KREFMAG=8.923|TBV=2.440|TV_BV=-0.114,1,,Z,-14.740,-15.240,,ZZ MIC,VSS,STD,,,,
2458316.05041,9.425,,,V,ARX,,HD 200027,HD 200320,K V B-V FROM TYCHOII,CREFMAG=9.493|KREFMAG=8.923|TBV=2.440|TV_BV=-0.114,1,,Z,-14.725,-15.240,,ZZ MIC,VSS,STD,,,,
2458316.05262,9.377,,,V,ARX,,HD 200027,HD 200320,K V B-V FROM TYCHOII,CREFMAG=9.493|KREFMAG=8.923|TBV=2.440|TV_BV=-0.114,1,,Z,-14.742,-15.247,,ZZ MIC,VSS,STD,,,,
2458316.05483,9.334,,,V,ARX,,HD 200027,HD 200320,K V B-V FROM TYCHOII,CREFMAG=9.493|KREFMAG=8.923|TBV=2.440|TV_BV=-0.114,1,,Z,-14.744,-15.244,,ZZ MIC,VSS,STD,,,,
2458316.05704,9.261,,,V,ARX,,HD 200027,HD 200320,K V B-V FROM TYCHOII,CREFMAG=9.493|KREFMAG=8.923|TBV=2.440|TV_BV=-0.114,1,,Z,-14.744,-15.250,,ZZ MIC,VSS,STD,,,,
2458316.05925,9.219,,,V,ARX,,HD 200027,HD 200320,K V B-V FROM TYCHOII,CREFMAG=9.493|KREFMAG=8.923|TBV=2.440|TV_BV=-0.114,1,,Z,-14.749,-15.248,,ZZ MIC,VSS,STD,,,,
2458316.06146,9.190,,,V,ARX,,HD 200027,HD 200320,K V B-V FROM TYCHOII,CREFMAG=9.493|KREFMAG=8.923|TBV=2.440|TV_BV=-0.114,1,,Z,-14.745,-15.246,,ZZ MIC,VSS,STD,,,,
2458316.06367,9.171,,,V,ARX,,HD 200027,HD 200320,K V B-V FROM TYCHOII,CREFMAG=9.493|KREFMAG=8.923|TBV=2.440|TV_BV=-0.114,1,,Z,-14.746,-15.248,,ZZ MIC,VSS,STD,,,,
2458316.06588,9.185,,,V,ARX,,HD 200027,HD 200320,K V B-V FROM TYCHOII,CREFMAG=9.493|KREFMAG=8.923|TBV=2.440|TV_BV=-0.114,1,,Z,-14.744,-15.248,,ZZ MIC,VSS,STD,,,,
2458316.06809,9.200,,,V,ARX,,HD 200027,HD 200320,K V B-V FROM TYCHOII,CREFMAG=9.493|KREFMAG=8.923|TBV=2.440|TV_BV=-0.114,1,,Z,-14.737,-15.254,,ZZ MIC,VSS,STD,,,,
2458316.07030,9.264,,,V,ARX,,HD 200027,HD 200320,K V B-V FROM TYCHOII,CREFMAG=9.493|KREFMAG=8.923|TBV=2.440|TV_BV=-0.114,1,,Z,-14.752,-15.260,,ZZ MIC,VSS,STD,,,,
2458316.07251,9.294,,,V,ARX,,HD 200027,HD 200320,K V B-V FROM TYCHOII,CREFMAG=9.493|KREFMAG=8.923|TBV=2.440|TV_BV=-0.114,1,,Z,-14.743,-15.256,,ZZ MIC,VSS,STD,,,,
2458316.07472,9.340,,,V,ARX,,HD 200027,HD 200320,K V B-V FROM TYCHOII,CREFMAG=9.493|KREFMAG=8.923|TBV=2.440|TV_BV=-0.114,1,,Z,-14.752,-15.248,,ZZ MIC,VSS,STD,,,,
2458316.07693,9.353,,,V,ARX,,HD 200027,HD 200320,K V B-V FROM TYCHOII,CREFMAG=9.493|KREFMAG=8.923|TBV=2.440|TV_BV=-0.114,1,,Z,-14.753,-15.255,,ZZ MIC,VSS,STD,,,,
2458316.07914,9.402,,,V,ARX,,HD 200027,HD 200320,K V B-V FROM TYCHOII,CREFMAG=9.493|KREFMAG=8.923|TBV=2.440|TV_BV=-0.114,1,,Z,-14.753,-15.249,,ZZ MIC,VSS,STD,,,,
2458316.08135,9.430,,,V,ARX,,HD 200027,HD 200320,K V B-V FROM TYCHOII,CREFMAG=9.493|KREFMAG=8.923|TBV=2.440|TV_BV=-0.114,1,,Z,-14.750,-15.258,,ZZ MIC,VSS,STD,,,,
2458316.14748,9.429,,,V,ARX,,HD 200027,HD 200320,K V B-V FROM TYCHOII,CREFMAG=9.493|KREFMAG=8.923|TBV=2.440|TV_BV=-0.114,1,,Z,-14.751,-15.259,,ZZ MIC,VSS,STD,,,,
2458316.14969,9.475,,,V,ARX,,HD 200027,HD 200320,K V B-V FROM TYCHOII,CREFMAG=9.493|KREFMAG=8.923|TBV=2.440|TV_BV=-0.114,1,,Z,-14.756,-15.265,,ZZ MIC,VSS,STD,,,,
2458316.15190,9.493,,,V,ARX,,HD 200027,HD 200320,K V B-V FROM TYCHOII,CREFMAG=9.493|KREFMAG=8.923|TBV=2.440|TV_BV=-0.114,1,,Z,-14.760,-15.256,,ZZ MIC,VSS,STD,,,,
2458316.15411,9.514,,,V,ARX,,HD 200027,HD 200320,K V B-V FROM TYCHOII,CREFMAG=9.493|KREFMAG=8.923|TBV=2.440|TV_BV=-0.114,1,,Z,-14.753,-15.259,,ZZ MIC,VSS,STD,,,,
2458316.15633,9.524,,,V,ARX,,HD 200027,HD 200320,K V B-V FROM TYCHOII,CREFMAG=9.493|KREFMAG=8.923|TBV=2.440|TV_BV=-0.114,1,,Z,-14.746,-15.264,,ZZ MIC,VSS,STD,,,,
2458316.15853,9.553,,,V,ARX,,HD 200027,HD 200320,K V B-V FROM TYCHOII,CREFMAG=9.493|KREFMAG=8.923|TBV=2.440|TV_BV=-0.114,1,,Z,-14.754,-15.264,,ZZ MIC,VSS,STD,,,,
2458316.16075,9.550,,,V,ARX,,HD 200027,HD 200320,K V B-V FROM TYCHOII,CREFMAG=9.493|KREFMAG=8.923|TBV=2.440|TV_BV=-0.114,1,,Z,-14.749,-15.254,,ZZ MIC,VSS,STD,,,,
2458316.16296,9.569,,,V,ARX,,HD 200027,HD 200320,K V B-V FROM TYCHOII,CREFMAG=9.493|KREFMAG=8.923|TBV=2.440|TV_BV=-0.114,1,,Z,-14.754,-15.260,,ZZ MIC,VSS,STD,,,,
2458316.16517,9.580,,,V,ARX,,HD 200027,HD 200320,K V B-V FROM TYCHOII,CREFMAG=9.493|KREFMAG=8.923|TBV=2.440|TV_BV=-0.114,1,,Z,-14.754,-15.258,,ZZ MIC,VSS,STD,,,,
2458316.16738,9.583,,,V,ARX,,HD 200027,HD 200320,K V B-V FROM TYCHOII,CREFMAG=9.493|KREFMAG=8.923|TBV=2.440|TV_BV=-0.114,1,,Z,-14.753,-15.257,,ZZ MIC,VSS,STD,,,,
2458316.16958,9.570,,,V,ARX,,HD 200027,HD 200320,K V B-V FROM TYCHOII,CREFMAG=9.493|KREFMAG=8.923|TBV=2.440|TV_BV=-0.114,1,,Z,-14.743,-15.254,,ZZ MIC,VSS,STD,,,,
2458316.17179,9.596,,,V,ARX,,HD 200027,HD 200320,K V B-V FROM TYCHOII,CREFMAG=9.493|KREFMAG=8.923|TBV=2.440|TV_BV=-0.114,1,,Z,-14.754,-15.262,,ZZ MIC,VSS,STD,,,,
2458316.17401,9.586,,,V,ARX,,HD 200027,HD 200320,K V B-V FROM TYCHOII,CREFMAG=9.493|KREFMAG=8.923|TBV=2.440|TV_BV=-0.114,1,,Z,-14.747,-15.255,,ZZ MIC,VSS,STD,,,,
2458316.17622,9.573,,,V,ARX,,HD 200027,HD 200320,K V B-V FROM TYCHOII,CREFMAG=9.493|KREFMAG=8.923|TBV=2.440|TV_BV=-0.114,1,,Z,-14.750,-15.254,,ZZ MIC,VSS,STD,,,,
2458316.17843,9.575,,,V,ARX,,HD 200027,HD 200320,K V B-V FROM TYCHOII,CREFMAG=9.493|KREFMAG=8.923|TBV=2.440|TV_BV=-0.114,1,,Z,-14.756,-15.257,,ZZ MIC,VSS,STD,,,,
2458316.18064,9.519,,,V,ARX,,HD 200027,HD 200320,K V B-V FROM TYCHOII,CREFMAG=9.493|KREFMAG=8.923|TBV=2.440|TV_BV=-0.114,1,,Z,-14.746,-15.255,,ZZ MIC,VSS,STD,,,,
2458316.18285,9.498,,,V,ARX,,HD 200027,HD 200320,K V B-V FROM TYCHOII,CREFMAG=9.493|KREFMAG=8.923|TBV=2.440|TV_BV=-0.114,1,,Z,-14.744,-15.256,,ZZ MIC,VSS,STD,,,,
2458316.18506,9.461,,,V,ARX,,HD 200027,HD 200320,K V B-V FROM TYCHOII,CREFMAG=9.493|KREFMAG=8.923|TBV=2.440|TV_BV=-0.114,1,,Z,-14.747,-15.258,,ZZ MIC,VSS,STD,,,,
2458316.18727,9.412,,,V,ARX,,HD 200027,HD 200320,K V B-V FROM TYCHOII,CREFMAG=9.493|KREFMAG=8.923|TBV=2.440|TV_BV=-0.114,1,,Z,-14.747,-15.256,,ZZ MIC,VSS,STD,,,,
2458316.18948,9.336,,,V,ARX,,HD 200027,HD 200320,K V B-V FROM TYCHOII,CREFMAG=9.493|KREFMAG=8.923|TBV=2.440|TV_BV=-0.114,1,,Z,-14.740,-15.253,,ZZ MIC,VSS,STD,,,,
2458316.19169,9.288,,,V,ARX,,HD 200027,HD 200320,K V B-V FROM TYCHOII,CREFMAG=9.493|KREFMAG=8.923|TBV=2.440|TV_BV=-0.114,1,,Z,-14.747,-15.251,,ZZ MIC,VSS,STD,,,,
2458316.19390,9.242,,,V,ARX,,HD 200027,HD 200320,K V B-V FROM TYCHOII,CREFMAG=9.493|KREFMAG=8.923|TBV=2.440|TV_BV=-0.114,1,,Z,-14.747,-15.251,,ZZ MIC,VSS,STD,,,,
2458316.19611,9.216,,,V,ARX,,HD 200027,HD 200320,K V B-V FROM TYCHOII,CREFMAG=9.493|KREFMAG=8.923|TBV=2.440|TV_BV=-0.114,1,,Z,-14.747,-15.245,,ZZ MIC,VSS,STD,,,,
2458316.19832,9.193,,,V,ARX,,HD 200027,HD 200320,K V B-V FROM TYCHOII,CREFMAG=9.493|KREFMAG=8.923|TBV=2.440|TV_BV=-0.114,1,,Z,-14.739,-15.248,,ZZ MIC,VSS,STD,,,,
2458316.20053,9.199,,,V,ARX,,HD 200027,HD 200320,K V B-V FROM TYCHOII,CREFMAG=9.493|KREFMAG=8.923|TBV=2.440|TV_BV=-0.114,1,,Z,-14.738,-15.250,,ZZ MIC,VSS,STD,,,,
2458316.20274,9.247,,,V,ARX,,HD 200027,HD 200320,K V B-V FROM TYCHOII,CREFMAG=9.493|KREFMAG=8.923|TBV=2.440|TV_BV=-0.114,1,,Z,-14.743,-15.254,,ZZ MIC,VSS,STD,,,,
2458316.20495,9.262,,,V,ARX,,HD 200027,HD 200320,K V B-V FROM TYCHOII,CREFMAG=9.493|KREFMAG=8.923|TBV=2.440|TV_BV=-0.114,1,,Z,-14.736,-15.246,,ZZ MIC,VSS,STD,,,,
2458316.20716,9.308,,,V,ARX,,HD 200027,HD 200320,K V B-V FROM TYCHOII,CREFMAG=9.493|KREFMAG=8.923|TBV=2.440|TV_BV=-0.114,1,,Z,-14.733,-15.245,,ZZ MIC,VSS,STD,,,,
2458316.20938,9.322,,,V,ARX,,HD 200027,HD 200320,K V B-V FROM TYCHOII,CREFMAG=9.493|KREFMAG=8.923|TBV=2.440|TV_BV=-0.114,1,,Z,-14.725,-15.250,,ZZ MIC,VSS,STD,,,,
2458316.21159,9.371,,,V,ARX,,HD 200027,HD 200320,K V B-V FROM TYCHOII,CREFMAG=9.493|KREFMAG=8.923|TBV=2.440|TV_BV=-0.114,1,,Z,-14.730,-15.244,,ZZ MIC,VSS,STD,,,,
2458316.21381,9.403,,,V,ARX,,HD 200027,HD 200320,K V B-V FROM TYCHOII,CREFMAG=9.493|KREFMAG=8.923|TBV=2.440|TV_BV=-0.114,1,,Z,-14.731,-15.240,,ZZ MIC,VSS,STD,,,,
2458316.21602,9.465,,,V,ARX,,HD 200027,HD 200320,K V B-V FROM TYCHOII,CREFMAG=9.493|KREFMAG=8.923|TBV=2.440|TV_BV=-0.114,1,,Z,-14.741,-15.240,,ZZ MIC,VSS,STD,,,,
2458316.21823,9.464,,,V,ARX,,HD 200027,HD 200320,K V B-V FROM TYCHOII,CREFMAG=9.493|KREFMAG=8.923|TBV=2.440|TV_BV=-0.114,1,,Z,-14.733,-15.237,,ZZ MIC,VSS,STD,,,,
2458316.22044,9.484,,,V,ARX,,HD 200027,HD 200320,K V B-V FROM TYCHOII,CREFMAG=9.493|KREFMAG=8.923|TBV=2.440|TV_BV=-0.114,1,,Z,-14.726,-15.239,,ZZ MIC,VSS,STD,,,,
2458316.22265,9.513,,,V,ARX,,HD 200027,HD 200320,K V B-V FROM TYCHOII,CREFMAG=9.493|KREFMAG=8.923|TBV=2.440|TV_BV=-0.114,1,,Z,-14.732,-15.240,,ZZ MIC,VSS,STD,,,,
2458316.22486,9.526,,,V,ARX,,HD 200027,HD 200320,K V B-V FROM TYCHOII,CREFMAG=9.493|KREFMAG=8.923|TBV=2.440|TV_BV=-0.114,1,,Z,-14.733,-15.233,,ZZ MIC,VSS,STD,,,,
2458316.22706,9.548,,,V,ARX,,HD 200027,HD 200320,K V B-V FROM TYCHOII,CREFMAG=9.493|KREFMAG=8.923|TBV=2.440|TV_BV=-0.114,1,,Z,-14.727,-15.233,,ZZ MIC,VSS,STD,,,,
2458316.22927,9.582,,,V,ARX,,HD 200027,HD 200320,K V B-V FROM TYCHOII,CREFMAG=9.493|KREFMAG=8.923|TBV=2.440|TV_BV=-0.114,1,,Z,-14.736,-15.233,,ZZ MIC,VSS,STD,,,,
2458316.23148,9.565,,,V,ARX,,HD 200027,HD 200320,K V B-V FROM TYCHOII,CREFMAG=9.493|KREFMAG=8.923|TBV=2.440|TV_BV=-0.114,1,,Z,-14.721,-15.240,,ZZ MIC,VSS,STD,,,,
2458316.23369,9.586,,,V,ARX,,HD 200027,HD 200320,K V B-V FROM TYCHOII,CREFMAG=9.493|KREFMAG=8.923|TBV=2.440|TV_BV=-0.114,1,,Z,-14.720,-15.227,,ZZ MIC,VSS,STD,,,,
2458316.23590,9.566,,,V,ARX,,HD 200027,HD 200320,K V B-V FROM TYCHOII,CREFMAG=9.493|KREFMAG=8.923|TBV=2.440|TV_BV=-0.114,1,,Z,-14.719,-15.235,,ZZ MIC,VSS,STD,,,,
2458316.23811,9.586,,,V,ARX,,HD 200027,HD 200320,K V B-V FROM TYCHOII,CREFMAG=9.493|KREFMAG=8.923|TBV=2.440|TV_BV=-0.114,1,,Z,-14.712,-15.227,,ZZ MIC,VSS,STD,,,,
2458316.24032,9.600,,,V,ARX,,HD 200027,HD 200320,K V B-V FROM TYCHOII,CREFMAG=9.493|KREFMAG=8.923|TBV=2.440|TV_BV=-0.114,1,,Z,-14.723,-15.229,,ZZ MIC,VSS,STD,,,,
2458316.24254,9.571,,,V,ARX,,HD 200027,HD 200320,K V B-V FROM TYCHOII,CREFMAG=9.493|KREFMAG=8.923|TBV=2.440|TV_BV=-0.114,1,,Z,-14.714,-15.221,,ZZ MIC,VSS,STD,,,,
2458316.24475,9.546,,,V,ARX,,HD 200027,HD 200320,K V B-V FROM TYCHOII,CREFMAG=9.493|KREFMAG=8.923|TBV=2.440|TV_BV=-0.114,1,,Z,-14.708,-15.229,,ZZ MIC,VSS,STD,,,,
2458316.24696,9.538,,,V,ARX,,HD 200027,HD 200320,K V B-V FROM TYCHOII,CREFMAG=9.493|KREFMAG=8.923|TBV=2.440|TV_BV=-0.114,1,,Z,-14.715,-15.221,,ZZ MIC,VSS,STD,,,,
2458316.24917,9.505,,,V,ARX,,HD 200027,HD 200320,K V B-V FROM TYCHOII,CREFMAG=9.493|KREFMAG=8.923|TBV=2.440|TV_BV=-0.114,1,,Z,-14.709,-15.225,,ZZ MIC,VSS,STD,,,,
2458316.25138,9.452,,,V,ARX,,HD 200027,HD 200320,K V B-V FROM TYCHOII,CREFMAG=9.493|KREFMAG=8.923|TBV=2.440|TV_BV=-0.114,1,,Z,-14.705,-15.223,,ZZ MIC,VSS,STD,,,,
2458316.25359,9.408,,,V,ARX,,HD 200027,HD 200320,K V B-V FROM TYCHOII,CREFMAG=9.493|KREFMAG=8.923|TBV=2.440|TV_BV=-0.114,1,,Z,-14.704,-15.222,,ZZ MIC,VSS,STD,,,,
2458316.25580,9.340,,,V,ARX,,HD 200027,HD 200320,K V B-V FROM TYCHOII,CREFMAG=9.493|KREFMAG=8.923|TBV=2.440|TV_BV=-0.114,1,,Z,-14.702,-15.219,,ZZ MIC,VSS,STD,,,,
2458316.25802,9.287,,,V,ARX,,HD 200027,HD 200320,K V B-V FROM TYCHOII,CREFMAG=9.493|KREFMAG=8.923|TBV=2.440|TV_BV=-0.114,1,,Z,-14.707,-15.221,,ZZ MIC,VSS,STD,,,,
2458316.26023,9.230,,,V,ARX,,HD 200027,HD 200320,K V B-V FROM TYCHOII,CREFMAG=9.493|KREFMAG=8.923|TBV=2.440|TV_BV=-0.114,1,,Z,-14.698,-15.216,,ZZ MIC,VSS,STD,,,,
2458316.26244,9.206,,,V,ARX,,HD 200027,HD 200320,K V B-V FROM TYCHOII,CREFMAG=9.493|KREFMAG=8.923|TBV=2.440|TV_BV=-0.114,1,,Z,-14.706,-15.210,,ZZ MIC,VSS,STD,,,,
2458316.26465,9.173,,,V,ARX,,HD 200027,HD 200320,K V B-V FROM TYCHOII,CREFMAG=9.493|KREFMAG=8.923|TBV=2.440|TV_BV=-0.114,1,,Z,-14.695,-15.214,,ZZ MIC,VSS,STD,,,,
2458316.26686,9.200,,,V,ARX,,HD 200027,HD 200320,K V B-V FROM TYCHOII,CREFMAG=9.493|KREFMAG=8.923|TBV=2.440|TV_BV=-0.114,1,,Z,-14.696,-15.205,,ZZ MIC,VSS,STD,,,,
2458316.26907,9.231,,,V,ARX,,HD 200027,HD 200320,K V B-V FROM TYCHOII,CREFMAG=9.493|KREFMAG=8.923|TBV=2.440|TV_BV=-0.114,1,,Z,-14.698,-15.212,,ZZ MIC,VSS,STD,,,,
2458316.27129,9.232,,,V,ARX,,HD 200027,HD 200320,K V B-V FROM TYCHOII,CREFMAG=9.493|KREFMAG=8.923|TBV=2.440|TV_BV=-0.114,1,,Z,-14.684,-15.196,,ZZ MIC,VSS,STD,,,,
2458316.27350,9.287,,,V,ARX,,HD 200027,HD 200320,K V B-V FROM TYCHOII,CREFMAG=9.493|KREFMAG=8.923|TBV=2.440|TV_BV=-0.114,1,,Z,-14.684,-15.203,,ZZ MIC,VSS,STD,,,,
2458316.27569,9.329,,,V,ARX,,HD 200027,HD 200320,K V B-V FROM TYCHOII,CREFMAG=9.493|KREFMAG=8.923|TBV=2.440|TV_BV=-0.114,1,,Z,-14.682,-15.204,,ZZ MIC,VSS,STD,,,,
2458316.27792,9.360,,,V,ARX,,HD 200027,HD 200320,K V B-V FROM TYCHOII,CREFMAG=9.493|KREFMAG=8.923|TBV=2.440|TV_BV=-0.114,1,,Z,-14.680,-15.190,,ZZ MIC,VSS,STD,,,,
2458316.28013,9.390,,,V,ARX,,HD 200027,HD 200320,K V B-V FROM TYCHOII,CREFMAG=9.493|KREFMAG=8.923|TBV=2.440|TV_BV=-0.114,1,,Z,-14.678,-15.194,,ZZ MIC,VSS,STD,,,,
2458316.28234,9.431,,,V,ARX,,HD 200027,HD 200320,K V B-V FROM TYCHOII,CREFMAG=9.493|KREFMAG=8.923|TBV=2.440|TV_BV=-0.114,1,,Z,-14.676,-15.192,,ZZ MIC,VSS,STD,,,,
2458316.28455,9.454,,,V,ARX,,HD 200027,HD 200320,K V B-V FROM TYCHOII,CREFMAG=9.493|KREFMAG=8.923|TBV=2.440|TV_BV=-0.114,1,,Z,-14.674,-15.193,,ZZ MIC,VSS,STD,,,,
2458316.28676,9.471,,,V,ARX,,HD 200027,HD 200320,K V B-V FROM TYCHOII,CREFMAG=9.493|KREFMAG=8.923|TBV=2.440|TV_BV=-0.114,1,,Z,-14.667,-15.185,,ZZ MIC,VSS,STD,,,,
2458316.28897,9.507,,,V,ARX,,HD 200027,HD 200320,K V B-V FROM TYCHOII,CREFMAG=9.493|KREFMAG=8.923|TBV=2.440|TV_BV=-0.114,1,,Z,-14.671,-15.185,,ZZ MIC,VSS,STD,,,,
2458316.29118,9.514,,,V,ARX,,HD 200027,HD 200320,K V B-V FROM TYCHOII,CREFMAG=9.493|KREFMAG=8.923|TBV=2.440|TV_BV=-0.114,1,,Z,-14.660,-15.182,,ZZ MIC,VSS,STD,,,,
2458316.29339,9.527,,,V,ARX,,HD 200027,HD 200320,K V B-V FROM TYCHOII,CREFMAG=9.493|KREFMAG=8.923|TBV=2.440|TV_BV=-0.114,1,,Z,-14.658,-15.178,,ZZ MIC,VSS,STD,,,,
2458316.29560,9.547,,,V,ARX,,HD 200027,HD 200320,K V B-V FROM TYCHOII,CREFMAG=9.493|KREFMAG=8.923|TBV=2.440|TV_BV=-0.114,1,,Z,-14.656,-15.173,,ZZ MIC,VSS,STD,,,,
2458316.29781,9.528,,,V,ARX,,HD 200027,HD 200320,K V B-V FROM TYCHOII,CREFMAG=9.493|KREFMAG=8.923|TBV=2.440|TV_BV=-0.114,1,,Z,-14.643,-15.180,,ZZ MIC,VSS,STD,,,,
2458316.30002,9.588,,,V,ARX,,HD 200027,HD 200320,K V B-V FROM TYCHOII,CREFMAG=9.493|KREFMAG=8.923|TBV=2.440|TV_BV=-0.114,1,,Z,-14.671,-15.166,,ZZ MIC,VSS,STD,,,,
2458316.30223,9.564,,,V,ARX,,HD 200027,HD 200320,K V B-V FROM TYCHOII,CREFMAG=9.493|KREFMAG=8.923|TBV=2.440|TV_BV=-0.114,1,,Z,-14.649,-15.167,,ZZ MIC,VSS,STD,,,,
2458316.30443,9.568,,,V,ARX,,HD 200027,HD 200320,K V B-V FROM TYCHOII,CREFMAG=9.493|KREFMAG=8.923|TBV=2.440|TV_BV=-0.114,1,,Z,-14.643,-15.161,,ZZ MIC,VSS,STD,,,,
2458316.30666,9.591,,,V,ARX,,HD 200027,HD 200320,K V B-V FROM TYCHOII,CREFMAG=9.493|KREFMAG=8.923|TBV=2.440|TV_BV=-0.114,1,,Z,-14.654,-15.163,,ZZ MIC,VSS,STD,,,,
2458316.30887,9.554,,,V,ARX,,HD 200027,HD 200320,K V B-V FROM TYCHOII,CREFMAG=9.493|KREFMAG=8.923|TBV=2.440|TV_BV=-0.114,1,,Z,-14.629,-15.149,,ZZ MIC,VSS,STD,,,,
2458316.31107,9.547,,,V,ARX,,HD 200027,HD 200320,K V B-V FROM TYCHOII,CREFMAG=9.493|KREFMAG=8.923|TBV=2.440|TV_BV=-0.114,1,,Z,-14.629,-15.150,,ZZ MIC,VSS,STD,,,,
2458316.31328,9.520,,,V,ARX,,HD 200027,HD 200320,K V B-V FROM TYCHOII,CREFMAG=9.493|KREFMAG=8.923|TBV=2.440|TV_BV=-0.114,1,,Z,-14.622,-15.144,,ZZ MIC,VSS,STD,,,,
2458316.95494,9.454,,,V,ARX,,HD 200027,HD 200320,K V B-V FROM TYCHOII,CREFMAG=9.493|KREFMAG=8.923|TBV=2.440|TV_BV=-0.114,1,,Z,-14.626,-15.126,,ZZ MIC,VSS,STD,,,,
2458316.95714,9.477,,,V,ARX,,HD 200027,HD 200320,K V B-V FROM TYCHOII,CREFMAG=9.493|KREFMAG=8.923|TBV=2.440|TV_BV=-0.114,1,,Z,-14.633,-15.136,,ZZ MIC,VSS,STD,,,,
2458316.95935,9.517,,,V,ARX,,HD 200027,HD 200320,K V B-V FROM TYCHOII,CREFMAG=9.493|KREFMAG=8.923|TBV=2.440|TV_BV=-0.114,1,,Z,-14.642,-15.136,,ZZ MIC,VSS,STD,,,,
2458316.96156,9.510,,,V,ARX,,HD 200027,HD 200320,K V B-V FROM TYCHOII,CREFMAG=9.493|KREFMAG=8.923|TBV=2.440|TV_BV=-0.114,1,,Z,-14.625,-15.148,,ZZ MIC,VSS,STD,,,,
2458316.96377,9.505,,,V,ARX,,HD 200027,HD 200320,K V B-V FROM TYCHOII,CREFMAG=9.493|KREFMAG=8.923|TBV=2.440|TV_BV=-0.114,1,,Z,-14.641,-15.146,,ZZ MIC,VSS,STD,,,,
2458316.96597,9.531,,,V,ARX,,HD 200027,HD 200320,K V B-V FROM TYCHOII,CREFMAG=9.493|KREFMAG=8.923|TBV=2.440|TV_BV=-0.114,1,,Z,-14.648,-15.152,,ZZ MIC,VSS,STD,,,,
2458316.96818,9.562,,,V,ARX,,HD 200027,HD 200320,K V B-V FROM TYCHOII,CREFMAG=9.493|KREFMAG=8.923|TBV=2.440|TV_BV=-0.114,1,,Z,-14.650,-15.153,,ZZ MIC,VSS,STD,,,,
2458316.97039,9.571,,,V,ARX,,HD 200027,HD 200320,K V B-V FROM TYCHOII,CREFMAG=9.493|KREFMAG=8.923|TBV=2.440|TV_BV=-0.114,1,,Z,-14.654,-15.157,,ZZ MIC,VSS,STD,,,,
2458316.97260,9.574,,,V,ARX,,HD 200027,HD 200320,K V B-V FROM TYCHOII,CREFMAG=9.493|KREFMAG=8.923|TBV=2.440|TV_BV=-0.114,1,,Z,-14.658,-15.156,,ZZ MIC,VSS,STD,,,,
2458316.97482,9.568,,,V,ARX,,HD 200027,HD 200320,K V B-V FROM TYCHOII,CREFMAG=9.493|KREFMAG=8.923|TBV=2.440|TV_BV=-0.114,1,,Z,-14.652,-15.159,,ZZ MIC,VSS,STD,,,,
2458316.97703,9.577,,,V,ARX,,HD 200027,HD 200320,K V B-V FROM TYCHOII,CREFMAG=9.493|KREFMAG=8.923|TBV=2.440|TV_BV=-0.114,1,,Z,-14.666,-15.170,,ZZ MIC,VSS,STD,,,,
2458316.97924,9.584,,,V,ARX,,HD 200027,HD 200320,K V B-V FROM TYCHOII,CREFMAG=9.493|KREFMAG=8.923|TBV=2.440|TV_BV=-0.114,1,,Z,-14.669,-15.172,,ZZ MIC,VSS,STD,,,,
2458316.98145,9.556,,,V,ARX,,HD 200027,HD 200320,K V B-V FROM TYCHOII,CREFMAG=9.493|KREFMAG=8.923|TBV=2.440|TV_BV=-0.114,1,,Z,-14.662,-15.171,,ZZ MIC,VSS,STD,,,,
2458316.98366,9.538,,,V,ARX,,HD 200027,HD 200320,K V B-V FROM TYCHOII,CREFMAG=9.493|KREFMAG=8.923|TBV=2.440|TV_BV=-0.114,1,,Z,-14.674,-15.178,,ZZ MIC,VSS,STD,,,,
2458316.98587,9.513,,,V,ARX,,HD 200027,HD 200320,K V B-V FROM TYCHOII,CREFMAG=9.493|KREFMAG=8.923|TBV=2.440|TV_BV=-0.114,1,,Z,-14.671,-15.167,,ZZ MIC,VSS,STD,,,,
2458316.98808,9.495,,,V,ARX,,HD 200027,HD 200320,K V B-V FROM TYCHOII,CREFMAG=9.493|KREFMAG=8.923|TBV=2.440|TV_BV=-0.114,1,,Z,-14.670,-15.171,,ZZ MIC,VSS,STD,,,,
2458316.99029,9.424,,,V,ARX,,HD 200027,HD 200320,K V B-V FROM TYCHOII,CREFMAG=9.493|KREFMAG=8.923|TBV=2.440|TV_BV=-0.114,1,,Z,-14.666,-15.180,,ZZ MIC,VSS,STD,,,,
2458316.99250,9.408,,,V,ARX,,HD 200027,HD 200320,K V B-V FROM TYCHOII,CREFMAG=9.493|KREFMAG=8.923|TBV=2.440|TV_BV=-0.114,1,,Z,-14.681,-15.180,,ZZ MIC,VSS,STD,,,,
2458316.99471,9.354,,,V,ARX,,HD 200027,HD 200320,K V B-V FROM TYCHOII,CREFMAG=9.493|KREFMAG=8.923|TBV=2.440|TV_BV=-0.114,1,,Z,-14.686,-15.176,,ZZ MIC,VSS,STD,,,,
2458316.99691,9.288,,,V,ARX,,HD 200027,HD 200320,K V B-V FROM TYCHOII,CREFMAG=9.493|KREFMAG=8.923|TBV=2.440|TV_BV=-0.114,1,,Z,-14.685,-15.187,,ZZ MIC,VSS,STD,,,,
2458316.99913,9.255,,,V,ARX,,HD 200027,HD 200320,K V B-V FROM TYCHOII,CREFMAG=9.493|KREFMAG=8.923|TBV=2.440|TV_BV=-0.114,1,,Z,-14.694,-15.186,,ZZ MIC,VSS,STD,,,,
2458317.00133,9.229,,,V,ARX,,HD 200027,HD 200320,K V B-V FROM TYCHOII,CREFMAG=9.493|KREFMAG=8.923|TBV=2.440|TV_BV=-0.114,1,,Z,-14.684,-15.185,,ZZ MIC,VSS,STD,,,,
2458317.00354,9.230,,,V,ARX,,HD 200027,HD 200320,K V B-V FROM TYCHOII,CREFMAG=9.493|KREFMAG=8.923|TBV=2.440|TV_BV=-0.114,1,,Z,-14.688,-15.182,,ZZ MIC,VSS,STD,,,,
2458317.00575,9.220,,,V,ARX,,HD 200027,HD 200320,K V B-V FROM TYCHOII,CREFMAG=9.493|KREFMAG=8.923|TBV=2.440|TV_BV=-0.114,1,,Z,-14.681,-15.178,,ZZ MIC,VSS,STD,,,,
2458317.00796,9.231,,,V,ARX,,HD 200027,HD 200320,K V B-V FROM TYCHOII,CREFMAG=9.493|KREFMAG=8.923|TBV=2.440|TV_BV=-0.114,1,,Z,-14.679,-15.184,,ZZ MIC,VSS,STD,,,,
2458317.01019,9.273,,,V,ARX,,HD 200027,HD 200320,K V B-V FROM TYCHOII,CREFMAG=9.493|KREFMAG=8.923|TBV=2.440|TV_BV=-0.114,1,,Z,-14.685,-15.179,,ZZ MIC,VSS,STD,,,,
2458317.01238,9.284,,,V,ARX,,HD 200027,HD 200320,K V B-V FROM TYCHOII,CREFMAG=9.493|KREFMAG=8.923|TBV=2.440|TV_BV=-0.114,1,,Z,-14.673,-15.178,,ZZ MIC,VSS,STD,,,,
2458317.01460,9.344,,,V,ARX,,HD 200027,HD 200320,K V B-V FROM TYCHOII,CREFMAG=9.493|KREFMAG=8.923|TBV=2.440|TV_BV=-0.114,1,,Z,-14.699,-15.194,,ZZ MIC,VSS,STD,,,,
2458317.01681,9.348,,,V,ARX,,HD 200027,HD 200320,K V B-V FROM TYCHOII,CREFMAG=9.493|KREFMAG=8.923|TBV=2.440|TV_BV=-0.114,1,,Z,-14.674,-15.185,,ZZ MIC,VSS,STD,,,,
2458317.01902,9.382,,,V,ARX,,HD 200027,HD 200320,K V B-V FROM TYCHOII,CREFMAG=9.493|KREFMAG=8.923|TBV=2.440|TV_BV=-0.114,1,,Z,-14.690,-15.193,,ZZ MIC,VSS,STD,,,,
2458317.02123,9.414,,,V,ARX,,HD 200027,HD 200320,K V B-V FROM TYCHOII,CREFMAG=9.493|KREFMAG=8.923|TBV=2.440|TV_BV=-0.114,1,,Z,-14.684,-15.193,,ZZ MIC,VSS,STD,,,,
2458317.02344,9.431,,,V,ARX,,HD 200027,HD 200320,K V B-V FROM TYCHOII,CREFMAG=9.493|KREFMAG=8.923|TBV=2.440|TV_BV=-0.114,1,,Z,-14.671,-15.183,,ZZ MIC,VSS,STD,,,,
2458317.02565,9.476,,,V,ARX,,HD 200027,HD 200320,K V B-V FROM TYCHOII,CREFMAG=9.493|KREFMAG=8.923|TBV=2.440|TV_BV=-0.114,1,,Z,-14.699,-15.191,,ZZ MIC,VSS,STD,,,,
2458317.02786,9.475,,,V,ARX,,HD 200027,HD 200320,K V B-V FROM TYCHOII,CREFMAG=9.493|KREFMAG=8.923|TBV=2.440|TV_BV=-0.114,1,,Z,-14.700,-15.200,,ZZ MIC,VSS,STD,,,,
2458317.03007,9.521,,,V,ARX,,HD 200027,HD 200320,K V B-V FROM TYCHOII,CREFMAG=9.493|KREFMAG=8.923|TBV=2.440|TV_BV=-0.114,1,,Z,-14.709,-15.212,,ZZ MIC,VSS,STD,,,,
2458317.03228,9.518,,,V,ARX,,HD 200027,HD 200320,K V B-V FROM TYCHOII,CREFMAG=9.493|KREFMAG=8.923|TBV=2.440|TV_BV=-0.114,1,,Z,-14.710,-15.209,,ZZ MIC,VSS,STD,,,,
2458317.03449,9.545,,,V,ARX,,HD 200027,HD 200320,K V B-V FROM TYCHOII,CREFMAG=9.493|KREFMAG=8.923|TBV=2.440|TV_BV=-0.114,1,,Z,-14.720,-15.213,,ZZ MIC,VSS,STD,,,,
2458317.03671,9.553,,,V,ARX,,HD 200027,HD 200320,K V B-V FROM TYCHOII,CREFMAG=9.493|KREFMAG=8.923|TBV=2.440|TV_BV=-0.114,1,,Z,-14.712,-15.210,,ZZ MIC,VSS,STD,,,,
2458317.03892,9.565,,,V,ARX,,HD 200027,HD 200320,K V B-V FROM TYCHOII,CREFMAG=9.493|KREFMAG=8.923|TBV=2.440|TV_BV=-0.114,1,,Z,-14.715,-15.207,,ZZ MIC,VSS,STD,,,,
2458317.04112,9.568,,,V,ARX,,HD 200027,HD 200320,K V B-V FROM TYCHOII,CREFMAG=9.493|KREFMAG=8.923|TBV=2.440|TV_BV=-0.114,1,,Z,-14.717,-15.210,,ZZ MIC,VSS,STD,,,,
2458317.04335,9.564,,,V,ARX,,HD 200027,HD 200320,K V B-V FROM TYCHOII,CREFMAG=9.493|KREFMAG=8.923|TBV=2.440|TV_BV=-0.114,1,,Z,-14.710,-15.211,,ZZ MIC,VSS,STD,,,,
2458317.04556,9.581,,,V,ARX,,HD 200027,HD 200320,K V B-V FROM TYCHOII,CREFMAG=9.493|KREFMAG=8.923|TBV=2.440|TV_BV=-0.114,1,,Z,-14.713,-15.219,,ZZ MIC,VSS,STD,,,,
2458317.04777,9.571,,,V,ARX,,HD 200027,HD 200320,K V B-V FROM TYCHOII,CREFMAG=9.493|KREFMAG=8.923|TBV=2.440|TV_BV=-0.114,1,,Z,-14.716,-15.218,,ZZ MIC,VSS,STD,,,,
2458317.04997,9.572,,,V,ARX,,HD 200027,HD 200320,K V B-V FROM TYCHOII,CREFMAG=9.493|KREFMAG=8.923|TBV=2.440|TV_BV=-0.114,1,,Z,-14.719,-15.215,,ZZ MIC,VSS,STD,,,,
2458317.05219,9.543,,,V,ARX,,HD 200027,HD 200320,K V B-V FROM TYCHOII,CREFMAG=9.493|KREFMAG=8.923|TBV=2.440|TV_BV=-0.114,1,,Z,-14.723,-15.217,,ZZ MIC,VSS,STD,,,,
2458317.05439,9.530,,,V,ARX,,HD 200027,HD 200320,K V B-V FROM TYCHOII,CREFMAG=9.493|KREFMAG=8.923|TBV=2.440|TV_BV=-0.114,1,,Z,-14.722,-15.221,,ZZ MIC,VSS,STD,,,,
2458317.05660,9.474,,,V,ARX,,HD 200027,HD 200320,K V B-V FROM TYCHOII,CREFMAG=9.493|KREFMAG=8.923|TBV=2.440|TV_BV=-0.114,1,,Z,-14.719,-15.220,,ZZ MIC,VSS,STD,,,,
2458317.05881,9.438,,,V,ARX,,HD 200027,HD 200320,K V B-V FROM TYCHOII,CREFMAG=9.493|KREFMAG=8.923|TBV=2.440|TV_BV=-0.114,1,,Z,-14.718,-15.219,,ZZ MIC,VSS,STD,,,,
2458317.06102,9.380,,,V,ARX,,HD 200027,HD 200320,K V B-V FROM TYCHOII,CREFMAG=9.493|KREFMAG=8.923|TBV=2.440|TV_BV=-0.114,1,,Z,-14.712,-15.222,,ZZ MIC,VSS,STD,,,,
2458317.06323,9.299,,,V,ARX,,HD 200027,HD 200320,K V B-V FROM TYCHOII,CREFMAG=9.493|KREFMAG=8.923|TBV=2.440|TV_BV=-0.114,1,,Z,-14.717,-15.224,,ZZ MIC,VSS,STD,,,,
2458317.06544,9.281,,,V,ARX,,HD 200027,HD 200320,K V B-V FROM TYCHOII,CREFMAG=9.493|KREFMAG=8.923|TBV=2.440|TV_BV=-0.114,1,,Z,-14.709,-15.216,,ZZ MIC,VSS,STD,,,,
2458317.06765,9.198,,,V,ARX,,HD 200027,HD 200320,K V B-V FROM TYCHOII,CREFMAG=9.493|KREFMAG=8.923|TBV=2.440|TV_BV=-0.114,1,,Z,-14.729,-15.219,,ZZ MIC,VSS,STD,,,,
2458317.06988,9.154,,,V,ARX,,HD 200027,HD 200320,K V B-V FROM TYCHOII,CREFMAG=9.493|KREFMAG=8.923|TBV=2.440|TV_BV=-0.114,1,,Z,-14.714,-15.223,,ZZ MIC,VSS,STD,,,,
2458317.07208,9.181,,,V,ARX,,HD 200027,HD 200320,K V B-V FROM TYCHOII,CREFMAG=9.493|KREFMAG=8.923|TBV=2.440|TV_BV=-0.114,1,,Z,-14.728,-15.228,,ZZ MIC,VSS,STD,,,,
2458317.07429,9.198,,,V,ARX,,HD 200027,HD 200320,K V B-V FROM TYCHOII,CREFMAG=9.493|KREFMAG=8.923|TBV=2.440|TV_BV=-0.114,1,,Z,-14.729,-15.232,,ZZ MIC,VSS,STD,,,,
2458317.07651,9.238,,,V,ARX,,HD 200027,HD 200320,K V B-V FROM TYCHOII,CREFMAG=9.493|KREFMAG=8.923|TBV=2.440|TV_BV=-0.114,1,,Z,-14.732,-15.233,,ZZ MIC,VSS,STD,,,,
2458317.07872,9.267,,,V,ARX,,HD 200027,HD 200320,K V B-V FROM TYCHOII,CREFMAG=9.493|KREFMAG=8.923|TBV=2.440|TV_BV=-0.114,1,,Z,-14.731,-15.231,,ZZ MIC,VSS,STD,,,,
2458317.08093,9.310,,,V,ARX,,HD 200027,HD 200320,K V B-V FROM TYCHOII,CREFMAG=9.493|KREFMAG=8.923|TBV=2.440|TV_BV=-0.114,1,,Z,-14.731,-15.231,,ZZ MIC,VSS,STD,,,,
2458317.08314,9.345,,,V,ARX,,HD 200027,HD 200320,K V B-V FROM TYCHOII,CREFMAG=9.493|KREFMAG=8.923|TBV=2.440|TV_BV=-0.114,1,,Z,-14.732,-15.234,,ZZ MIC,VSS,STD,,,,
2458317.08535,9.382,,,V,ARX,,HD 200027,HD 200320,K V B-V FROM TYCHOII,CREFMAG=9.493|KREFMAG=8.923|TBV=2.440|TV_BV=-0.114,1,,Z,-14.729,-15.234,,ZZ MIC,VSS,STD,,,,
2458317.08756,9.407,,,V,ARX,,HD 200027,HD 200320,K V B-V FROM TYCHOII,CREFMAG=9.493|KREFMAG=8.923|TBV=2.440|TV_BV=-0.114,1,,Z,-14.731,-15.235,,ZZ MIC,VSS,STD,,,,
2458317.08977,9.439,,,V,ARX,,HD 200027,HD 200320,K V B-V FROM TYCHOII,CREFMAG=9.493|KREFMAG=8.923|TBV=2.440|TV_BV=-0.114,1,,Z,-14.728,-15.236,,ZZ MIC,VSS,STD,,,,
2458317.09198,9.473,,,V,ARX,,HD 200027,HD 200320,K V B-V FROM TYCHOII,CREFMAG=9.493|KREFMAG=8.923|TBV=2.440|TV_BV=-0.114,1,,Z,-14.730,-15.237,,ZZ MIC,VSS,STD,,,,
2458317.09419,9.495,,,V,ARX,,HD 200027,HD 200320,K V B-V FROM TYCHOII,CREFMAG=9.493|KREFMAG=8.923|TBV=2.440|TV_BV=-0.114,1,,Z,-14.731,-15.233,,ZZ MIC,VSS,STD,,,,
2458317.09640,9.487,,,V,ARX,,HD 200027,HD 200320,K V B-V FROM TYCHOII,CREFMAG=9.493|KREFMAG=8.923|TBV=2.440|TV_BV=-0.114,1,,Z,-14.733,-15.236,,ZZ MIC,VSS,STD,,,,
2458317.09861,9.528,,,V,ARX,,HD 200027,HD 200320,K V B-V FROM TYCHOII,CREFMAG=9.493|KREFMAG=8.923|TBV=2.440|TV_BV=-0.114,1,,Z,-14.735,-15.241,,ZZ MIC,VSS,STD,,,,
2458317.10081,9.526,,,V,ARX,,HD 200027,HD 200320,K V B-V FROM TYCHOII,CREFMAG=9.493|KREFMAG=8.923|TBV=2.440|TV_BV=-0.114,1,,Z,-14.727,-15.236,,ZZ MIC,VSS,STD,,,,
2458317.10302,9.557,,,V,ARX,,HD 200027,HD 200320,K V B-V FROM TYCHOII,CREFMAG=9.493|KREFMAG=8.923|TBV=2.440|TV_BV=-0.114,1,,Z,-14.736,-15.238,,ZZ MIC,VSS,STD,,,,
2458317.10523,9.544,,,V,ARX,,HD 200027,HD 200320,K V B-V FROM TYCHOII,CREFMAG=9.493|KREFMAG=8.923|TBV=2.440|TV_BV=-0.114,1,,Z,-14.731,-15.240,,ZZ MIC,VSS,STD,,,,
2458317.10744,9.545,,,V,ARX,,HD 200027,HD 200320,K V B-V FROM TYCHOII,CREFMAG=9.493|KREFMAG=8.923|TBV=2.440|TV_BV=-0.114,1,,Z,-14.726,-15.237,,ZZ MIC,VSS,STD,,,,
2458317.10965,9.563,,,V,ARX,,HD 200027,HD 200320,K V B-V FROM TYCHOII,CREFMAG=9.493|KREFMAG=8.923|TBV=2.440|TV_BV=-0.114,1,,Z,-14.730,-15.239,,ZZ MIC,VSS,STD,,,,
2458317.11186,9.552,,,V,ARX,,HD 200027,HD 200320,K V B-V FROM TYCHOII,CREFMAG=9.493|KREFMAG=8.923|TBV=2.440|TV_BV=-0.114,1,,Z,-14.728,-15.234,,ZZ MIC,VSS,STD,,,,
2458317.11407,9.538,,,V,ARX,,HD 200027,HD 200320,K V B-V FROM TYCHOII,CREFMAG=9.493|KREFMAG=8.923|TBV=2.440|TV_BV=-0.114,1,,Z,-14.728,-15.240,,ZZ MIC,VSS,STD,,,,
2458317.11629,9.540,,,V,ARX,,HD 200027,HD 200320,K V B-V FROM TYCHOII,CREFMAG=9.493|KREFMAG=8.923|TBV=2.440|TV_BV=-0.114,1,,Z,-14.732,-15.241,,ZZ MIC,VSS,STD,,,,
2458317.11850,9.527,,,V,ARX,,HD 200027,HD 200320,K V B-V FROM TYCHOII,CREFMAG=9.493|KREFMAG=8.923|TBV=2.440|TV_BV=-0.114,1,,Z,-14.737,-15.240,,ZZ MIC,VSS,STD,,,,
2458317.12071,9.494,,,V,ARX,,HD 200027,HD 200320,K V B-V FROM TYCHOII,CREFMAG=9.493|KREFMAG=8.923|TBV=2.440|TV_BV=-0.114,1,,Z,-14.733,-15.241,,ZZ MIC,VSS,STD,,,,
2458317.12292,9.464,,,V,ARX,,HD 200027,HD 200320,K V B-V FROM TYCHOII,CREFMAG=9.493|KREFMAG=8.923|TBV=2.440|TV_BV=-0.114,1,,Z,-14.736,-15.242,,ZZ MIC,VSS,STD,,,,
2458317.14427,9.254,,,V,ARX,,HD 200027,HD 200320,K V B-V FROM TYCHOII,CREFMAG=9.493|KREFMAG=8.923|TBV=2.440|TV_BV=-0.114,1,,Z,-14.733,-15.242,,ZZ MIC,VSS,STD,,,,
2458317.14648,9.296,,,V,ARX,,HD 200027,HD 200320,K V B-V FROM TYCHOII,CREFMAG=9.493|KREFMAG=8.923|TBV=2.440|TV_BV=-0.114,1,,Z,-14.740,-15.245,,ZZ MIC,VSS,STD,,,,
2458317.14868,9.325,,,V,ARX,,HD 200027,HD 200320,K V B-V FROM TYCHOII,CREFMAG=9.493|KREFMAG=8.923|TBV=2.440|TV_BV=-0.114,1,,Z,-14.735,-15.246,,ZZ MIC,VSS,STD,,,,
2458317.15087,9.356,,,V,ARX,,HD 200027,HD 200320,K V B-V FROM TYCHOII,CREFMAG=9.493|KREFMAG=8.923|TBV=2.440|TV_BV=-0.114,1,,Z,-14.741,-15.246,,ZZ MIC,VSS,STD,,,,
2458317.15308,9.398,,,V,ARX,,HD 200027,HD 200320,K V B-V FROM TYCHOII,CREFMAG=9.493|KREFMAG=8.923|TBV=2.440|TV_BV=-0.114,1,,Z,-14.736,-15.250,,ZZ MIC,VSS,STD,,,,
2458317.15529,9.425,,,V,ARX,,HD 200027,HD 200320,K V B-V FROM TYCHOII,CREFMAG=9.493|KREFMAG=8.923|TBV=2.440|TV_BV=-0.114,1,,Z,-14.739,-15.250,,ZZ MIC,VSS,STD,,,,
2458317.15750,9.446,,,V,ARX,,HD 200027,HD 200320,K V B-V FROM TYCHOII,CREFMAG=9.493|KREFMAG=8.923|TBV=2.440|TV_BV=-0.114,1,,Z,-14.735,-15.248,,ZZ MIC,VSS,STD,,,,
2458317.15971,9.488,,,V,ARX,,HD 200027,HD 200320,K V B-V FROM TYCHOII,CREFMAG=9.493|KREFMAG=8.923|TBV=2.440|TV_BV=-0.114,1,,Z,-14.741,-15.245,,ZZ MIC,VSS,STD,,,,
2458317.16192,9.487,,,V,ARX,,HD 200027,HD 200320,K V B-V FROM TYCHOII,CREFMAG=9.493|KREFMAG=8.923|TBV=2.440|TV_BV=-0.114,1,,Z,-14.732,-15.253,,ZZ MIC,VSS,STD,,,,
2458317.16413,9.511,,,V,ARX,,HD 200027,HD 200320,K V B-V FROM TYCHOII,CREFMAG=9.493|KREFMAG=8.923|TBV=2.440|TV_BV=-0.114,1,,Z,-14.733,-15.244,,ZZ MIC,VSS,STD,,,,
2458317.16634,9.520,,,V,ARX,,HD 200027,HD 200320,K V B-V FROM TYCHOII,CREFMAG=9.493|KREFMAG=8.923|TBV=2.440|TV_BV=-0.114,1,,Z,-14.737,-15.238,,ZZ MIC,VSS,STD,,,,
2458317.16854,9.524,,,V,ARX,,HD 200027,HD 200320,K V B-V FROM TYCHOII,CREFMAG=9.493|KREFMAG=8.923|TBV=2.440|TV_BV=-0.114,1,,Z,-14.727,-15.241,,ZZ MIC,VSS,STD,,,,
2458317.17075,9.549,,,V,ARX,,HD 200027,HD 200320,K V B-V FROM TYCHOII,CREFMAG=9.493|KREFMAG=8.923|TBV=2.440|TV_BV=-0.114,1,,Z,-14.723,-15.250,,ZZ MIC,VSS,STD,,,,
2458317.17297,9.556,,,V,ARX,,HD 200027,HD 200320,K V B-V FROM TYCHOII,CREFMAG=9.493|KREFMAG=8.923|TBV=2.440|TV_BV=-0.114,1,,Z,-14.723,-15.245,,ZZ MIC,VSS,STD,,,,
2458317.17519,9.581,,,V,ARX,,HD 200027,HD 200320,K V B-V FROM TYCHOII,CREFMAG=9.493|KREFMAG=8.923|TBV=2.440|TV_BV=-0.114,1,,Z,-14.723,-15.242,,ZZ MIC,VSS,STD,,,,
2458317.17740,9.579,,,V,ARX,,HD 200027,HD 200320,K V B-V FROM TYCHOII,CREFMAG=9.493|KREFMAG=8.923|TBV=2.440|TV_BV=-0.114,1,,Z,-14.726,-15.238,,ZZ MIC,VSS,STD,,,,
2458317.17961,9.586,,,V,ARX,,HD 200027,HD 200320,K V B-V FROM TYCHOII,CREFMAG=9.493|KREFMAG=8.923|TBV=2.440|TV_BV=-0.114,1,,Z,-14.724,-15.232,,ZZ MIC,VSS,STD,,,,
2458317.18182,9.573,,,V,ARX,,HD 200027,HD 200320,K V B-V FROM TYCHOII,CREFMAG=9.493|KREFMAG=8.923|TBV=2.440|TV_BV=-0.114,1,,Z,-14.722,-15.235,,ZZ MIC,VSS,STD,,,,
2458317.18403,9.559,,,V,ARX,,HD 200027,HD 200320,K V B-V FROM TYCHOII,CREFMAG=9.493|KREFMAG=8.923|TBV=2.440|TV_BV=-0.114,1,,Z,-14.721,-15.241,,ZZ MIC,VSS,STD,,,,
2458317.18624,9.551,,,V,ARX,,HD 200027,HD 200320,K V B-V FROM TYCHOII,CREFMAG=9.493|KREFMAG=8.923|TBV=2.440|TV_BV=-0.114,1,,Z,-14.721,-15.233,,ZZ MIC,VSS,STD,,,,
2458317.18845,9.516,,,V,ARX,,HD 200027,HD 200320,K V B-V FROM TYCHOII,CREFMAG=9.493|KREFMAG=8.923|TBV=2.440|TV_BV=-0.114,1,,Z,-14.714,-15.236,,ZZ MIC,VSS,STD,,,,
2458317.19066,9.476,,,V,ARX,,HD 200027,HD 200320,K V B-V FROM TYCHOII,CREFMAG=9.493|KREFMAG=8.923|TBV=2.440|TV_BV=-0.114,1,,Z,-14.718,-15.239,,ZZ MIC,VSS,STD,,,,
2458317.19287,9.431,,,V,ARX,,HD 200027,HD 200320,K V B-V FROM TYCHOII,CREFMAG=9.493|KREFMAG=8.923|TBV=2.440|TV_BV=-0.114,1,,Z,-14.704,-15.234,,ZZ MIC,VSS,STD,,,,
2458317.19508,9.362,,,V,ARX,,HD 200027,HD 200320,K V B-V FROM TYCHOII,CREFMAG=9.493|KREFMAG=8.923|TBV=2.440|TV_BV=-0.114,1,,Z,-14.706,-15.229,,ZZ MIC,VSS,STD,,,,
2458317.19729,9.312,,,V,ARX,,HD 200027,HD 200320,K V B-V FROM TYCHOII,CREFMAG=9.493|KREFMAG=8.923|TBV=2.440|TV_BV=-0.114,1,,Z,-14.718,-15.222,,ZZ MIC,VSS,STD,,,,
2458317.19950,9.249,,,V,ARX,,HD 200027,HD 200320,K V B-V FROM TYCHOII,CREFMAG=9.493|KREFMAG=8.923|TBV=2.440|TV_BV=-0.114,1,,Z,-14.709,-15.229,,ZZ MIC,VSS,STD,,,,
2458317.20171,9.207,,,V,ARX,,HD 200027,HD 200320,K V B-V FROM TYCHOII,CREFMAG=9.493|KREFMAG=8.923|TBV=2.440|TV_BV=-0.114,1,,Z,-14.712,-15.223,,ZZ MIC,VSS,STD,,,,
2458317.20391,9.173,,,V,ARX,,HD 200027,HD 200320,K V B-V FROM TYCHOII,CREFMAG=9.493|KREFMAG=8.923|TBV=2.440|TV_BV=-0.114,1,,Z,-14.707,-15.226,,ZZ MIC,VSS,STD,,,,
2458317.20612,9.189,,,V,ARX,,HD 200027,HD 200320,K V B-V FROM TYCHOII,CREFMAG=9.493|KREFMAG=8.923|TBV=2.440|TV_BV=-0.114,1,,Z,-14.723,-15.220,,ZZ MIC,VSS,STD,,,,
2458317.20833,9.182,,,V,ARX,,HD 200027,HD 200320,K V B-V FROM TYCHOII,CREFMAG=9.493|KREFMAG=8.923|TBV=2.440|TV_BV=-0.114,1,,Z,-14.702,-15.219,,ZZ MIC,VSS,STD,,,,
2458317.21054,9.218,,,V,ARX,,HD 200027,HD 200320,K V B-V FROM TYCHOII,CREFMAG=9.493|KREFMAG=8.923|TBV=2.440|TV_BV=-0.114,1,,Z,-14.702,-15.222,,ZZ MIC,VSS,STD,,,,
2458317.21276,9.252,,,V,ARX,,HD 200027,HD 200320,K V B-V FROM TYCHOII,CREFMAG=9.493|KREFMAG=8.923|TBV=2.440|TV_BV=-0.114,1,,Z,-14.697,-15.217,,ZZ MIC,VSS,STD,,,,
2458317.21497,9.294,,,V,ARX,,HD 200027,HD 200320,K V B-V FROM TYCHOII,CREFMAG=9.493|KREFMAG=8.923|TBV=2.440|TV_BV=-0.114,1,,Z,-14.699,-15.217,,ZZ MIC,VSS,STD,,,,
2458317.21719,9.330,,,V,ARX,,HD 200027,HD 200320,K V B-V FROM TYCHOII,CREFMAG=9.493|KREFMAG=8.923|TBV=2.440|TV_BV=-0.114,1,,Z,-14.696,-15.217,,ZZ MIC,VSS,STD,,,,
2458317.21939,9.372,,,V,ARX,,HD 200027,HD 200320,K V B-V FROM TYCHOII,CREFMAG=9.493|KREFMAG=8.923|TBV=2.440|TV_BV=-0.114,1,,Z,-14.700,-15.215,,ZZ MIC,VSS,STD,,,,
2458317.22160,9.405,,,V,ARX,,HD 200027,HD 200320,K V B-V FROM TYCHOII,CREFMAG=9.493|KREFMAG=8.923|TBV=2.440|TV_BV=-0.114,1,,Z,-14.701,-15.212,,ZZ MIC,VSS,STD,,,,
2458317.22381,9.452,,,V,ARX,,HD 200027,HD 200320,K V B-V FROM TYCHOII,CREFMAG=9.493|KREFMAG=8.923|TBV=2.440|TV_BV=-0.114,1,,Z,-14.706,-15.211,,ZZ MIC,VSS,STD,,,,
2458317.22602,9.456,,,V,ARX,,HD 200027,HD 200320,K V B-V FROM TYCHOII,CREFMAG=9.493|KREFMAG=8.923|TBV=2.440|TV_BV=-0.114,1,,Z,-14.694,-15.217,,ZZ MIC,VSS,STD,,,,
2458317.22823,9.486,,,V,ARX,,HD 200027,HD 200320,K V B-V FROM TYCHOII,CREFMAG=9.493|KREFMAG=8.923|TBV=2.440|TV_BV=-0.114,1,,Z,-14.698,-15.219,,ZZ MIC,VSS,STD,,,,
2458317.23044,9.485,,,V,ARX,,HD 200027,HD 200320,K V B-V FROM TYCHOII,CREFMAG=9.493|KREFMAG=8.923|TBV=2.440|TV_BV=-0.114,1,,Z,-14.688,-15.211,,ZZ MIC,VSS,STD,,,,
2458317.23265,9.509,,,V,ARX,,HD 200027,HD 200320,K V B-V FROM TYCHOII,CREFMAG=9.493|KREFMAG=8.923|TBV=2.440|TV_BV=-0.114,1,,Z,-14.694,-15.204,,ZZ MIC,VSS,STD,,,,
2458317.23486,9.534,,,V,ARX,,HD 200027,HD 200320,K V B-V FROM TYCHOII,CREFMAG=9.493|KREFMAG=8.923|TBV=2.440|TV_BV=-0.114,1,,Z,-14.687,-15.202,,ZZ MIC,VSS,STD,,,,
2458317.23707,9.538,,,V,ARX,,HD 200027,HD 200320,K V B-V FROM TYCHOII,CREFMAG=9.493|KREFMAG=8.923|TBV=2.440|TV_BV=-0.114,1,,Z,-14.689,-15.204,,ZZ MIC,VSS,STD,,,,
2458317.23928,9.556,,,V,ARX,,HD 200027,HD 200320,K V B-V FROM TYCHOII,CREFMAG=9.493|KREFMAG=8.923|TBV=2.440|TV_BV=-0.114,1,,Z,-14.688,-15.199,,ZZ MIC,VSS,STD,,,,
2458317.24149,9.547,,,V,ARX,,HD 200027,HD 200320,K V B-V FROM TYCHOII,CREFMAG=9.493|KREFMAG=8.923|TBV=2.440|TV_BV=-0.114,1,,Z,-14.681,-15.195,,ZZ MIC,VSS,STD,,,,
2458317.24370,9.577,,,V,ARX,,HD 200027,HD 200320,K V B-V FROM TYCHOII,CREFMAG=9.493|KREFMAG=8.923|TBV=2.440|TV_BV=-0.114,1,,Z,-14.695,-15.192,,ZZ MIC,VSS,STD,,,,
2458317.24593,9.545,,,V,ARX,,HD 200027,HD 200320,K V B-V FROM TYCHOII,CREFMAG=9.493|KREFMAG=8.923|TBV=2.440|TV_BV=-0.114,1,,Z,-14.676,-15.199,,ZZ MIC,VSS,STD,,,,
2458317.24813,9.552,,,V,ARX,,HD 200027,HD 200320,K V B-V FROM TYCHOII,CREFMAG=9.493|KREFMAG=8.923|TBV=2.440|TV_BV=-0.114,1,,Z,-14.678,-15.190,,ZZ MIC,VSS,STD,,,,
2458317.25035,9.535,,,V,ARX,,HD 200027,HD 200320,K V B-V FROM TYCHOII,CREFMAG=9.493|KREFMAG=8.923|TBV=2.440|TV_BV=-0.114,1,,Z,-14.674,-15.191,,ZZ MIC,VSS,STD,,,,
2458317.25256,9.543,,,V,ARX,,HD 200027,HD 200320,K V B-V FROM TYCHOII,CREFMAG=9.493|KREFMAG=8.923|TBV=2.440|TV_BV=-0.114,1,,Z,-14.676,-15.193,,ZZ MIC,VSS,STD,,,,
2458317.25477,9.496,,,V,ARX,,HD 200027,HD 200320,K V B-V FROM TYCHOII,CREFMAG=9.493|KREFMAG=8.923|TBV=2.440|TV_BV=-0.114,1,,Z,-14.669,-15.186,,ZZ MIC,VSS,STD,,,,
2458317.25698,9.473,,,V,ARX,,HD 200027,HD 200320,K V B-V FROM TYCHOII,CREFMAG=9.493|KREFMAG=8.923|TBV=2.440|TV_BV=-0.114,1,,Z,-14.668,-15.183,,ZZ MIC,VSS,STD,,,,
2458317.25919,9.419,,,V,ARX,,HD 200027,HD 200320,K V B-V FROM TYCHOII,CREFMAG=9.493|KREFMAG=8.923|TBV=2.440|TV_BV=-0.114,1,,Z,-14.658,-15.189,,ZZ MIC,VSS,STD,,,,
2458317.26139,9.395,,,V,ARX,,HD 200027,HD 200320,K V B-V FROM TYCHOII,CREFMAG=9.493|KREFMAG=8.923|TBV=2.440|TV_BV=-0.114,1,,Z,-14.670,-15.185,,ZZ MIC,VSS,STD,,,,
2458317.26360,9.327,,,V,ARX,,HD 200027,HD 200320,K V B-V FROM TYCHOII,CREFMAG=9.493|KREFMAG=8.923|TBV=2.440|TV_BV=-0.114,1,,Z,-14.664,-15.180,,ZZ MIC,VSS,STD,,,,
2458317.27987,9.274,,,V,ARX,,HD 200027,HD 200320,K V B-V FROM TYCHOII,CREFMAG=9.493|KREFMAG=8.923|TBV=2.440|TV_BV=-0.114,1,,Z,-14.654,-15.168,,ZZ MIC,VSS,STD,,,,
2458317.28208,9.307,,,V,ARX,,HD 200027,HD 200320,K V B-V FROM TYCHOII,CREFMAG=9.493|KREFMAG=8.923|TBV=2.440|TV_BV=-0.114,1,,Z,-14.651,-15.158,,ZZ MIC,VSS,STD,,,,
2458317.28429,9.331,,,V,ARX,,HD 200027,HD 200320,K V B-V FROM TYCHOII,CREFMAG=9.493|KREFMAG=8.923|TBV=2.440|TV_BV=-0.114,1,,Z,-14.646,-15.158,,ZZ MIC,VSS,STD,,,,
2458317.28651,9.358,,,V,ARX,,HD 200027,HD 200320,K V B-V FROM TYCHOII,CREFMAG=9.493|KREFMAG=8.923|TBV=2.440|TV_BV=-0.114,1,,Z,-14.643,-15.167,,ZZ MIC,VSS,STD,,,,
2458317.28872,9.391,,,V,ARX,,HD 200027,HD 200320,K V B-V FROM TYCHOII,CREFMAG=9.493|KREFMAG=8.923|TBV=2.440|TV_BV=-0.114,1,,Z,-14.633,-15.145,,ZZ MIC,VSS,STD,,,,
2458317.29093,9.424,,,V,ARX,,HD 200027,HD 200320,K V B-V FROM TYCHOII,CREFMAG=9.493|KREFMAG=8.923|TBV=2.440|TV_BV=-0.114,1,,Z,-14.639,-15.141,,ZZ MIC,VSS,STD,,,,
2458317.29314,9.437,,,V,ARX,,HD 200027,HD 200320,K V B-V FROM TYCHOII,CREFMAG=9.493|KREFMAG=8.923|TBV=2.440|TV_BV=-0.114,1,,Z,-14.620,-15.139,,ZZ MIC,VSS,STD,,,,
2458317.29535,9.465,,,V,ARX,,HD 200027,HD 200320,K V B-V FROM TYCHOII,CREFMAG=9.493|KREFMAG=8.923|TBV=2.440|TV_BV=-0.114,1,,Z,-14.621,-15.139,,ZZ MIC,VSS,STD,,,,
2458317.29756,9.467,,,V,ARX,,HD 200027,HD 200320,K V B-V FROM TYCHOII,CREFMAG=9.493|KREFMAG=8.923|TBV=2.440|TV_BV=-0.114,1,,Z,-14.610,-15.143,,ZZ MIC,VSS,STD,,,,
2458317.29977,9.512,,,V,ARX,,HD 200027,HD 200320,K V B-V FROM TYCHOII,CREFMAG=9.493|KREFMAG=8.923|TBV=2.440|TV_BV=-0.114,1,,Z,-14.628,-15.143,,ZZ MIC,VSS,STD,,,,
2458317.30198,9.522,,,V,ARX,,HD 200027,HD 200320,K V B-V FROM TYCHOII,CREFMAG=9.493|KREFMAG=8.923|TBV=2.440|TV_BV=-0.114,1,,Z,-14.621,-15.141,,ZZ MIC,VSS,STD,,,,
2458317.30418,9.538,,,V,ARX,,HD 200027,HD 200320,K V B-V FROM TYCHOII,CREFMAG=9.493|KREFMAG=8.923|TBV=2.440|TV_BV=-0.114,1,,Z,-14.621,-15.139,,ZZ MIC,VSS,STD,,,,
2458317.30639,9.540,,,V,ARX,,HD 200027,HD 200320,K V B-V FROM TYCHOII,CREFMAG=9.493|KREFMAG=8.923|TBV=2.440|TV_BV=-0.114,1,,Z,-14.623,-15.129,,ZZ MIC,VSS,STD,,,,
2458317.30860,9.565,,,V,ARX,,HD 200027,HD 200320,K V B-V FROM TYCHOII,CREFMAG=9.493|KREFMAG=8.923|TBV=2.440|TV_BV=-0.114,1,,Z,-14.611,-15.127,,ZZ MIC,VSS,STD,,,,
2458317.31081,9.563,,,V,ARX,,HD 200027,HD 200320,K V B-V FROM TYCHOII,CREFMAG=9.493|KREFMAG=8.923|TBV=2.440|TV_BV=-0.114,1,,Z,-14.586,-15.097,,ZZ MIC,VSS,STD,,,,
2458317.31301,9.576,,,V,ARX,,HD 200027,HD 200320,K V B-V FROM TYCHOII,CREFMAG=9.493|KREFMAG=8.923|TBV=2.440|TV_BV=-0.114,1,,Z,-14.602,-15.115,,ZZ MIC,VSS,STD,,,,
2458317.31522,9.570,,,V,ARX,,HD 200027,HD 200320,K V B-V FROM TYCHOII,CREFMAG=9.493|KREFMAG=8.923|TBV=2.440|TV_BV=-0.114,1,,Z,-14.595,-15.108,,ZZ MIC,VSS,STD,,,,
2458317.31743,9.549,,,V,ARX,,HD 200027,HD 200320,K V B-V FROM TYCHOII,CREFMAG=9.493|KREFMAG=8.923|TBV=2.440|TV_BV=-0.114,1,,Z,-14.581,-15.108,,ZZ MIC,VSS,STD,,,,
2458318.94076,9.399,,,V,ARX,,HD 200027,HD 200320,K V B-V FROM TYCHOII,CREFMAG=9.493|KREFMAG=8.923|TBV=2.440|TV_BV=-0.114,1,,Z,-14.527,-15.013,,ZZ MIC,VSS,STD,,,,
2458318.94299,9.375,,,V,ARX,,HD 200027,HD 200320,K V B-V FROM TYCHOII,CREFMAG=9.493|KREFMAG=8.923|TBV=2.440|TV_BV=-0.114,1,,Z,-14.538,-15.040,,ZZ MIC,VSS,STD,,,,
2458318.94520,9.283,,,V,ARX,,HD 200027,HD 200320,K V B-V FROM TYCHOII,CREFMAG=9.493|KREFMAG=8.923|TBV=2.440|TV_BV=-0.114,1,,Z,-14.516,-15.025,,ZZ MIC,VSS,STD,,,,
2458318.94741,9.304,,,V,ARX,,HD 200027,HD 200320,K V B-V FROM TYCHOII,CREFMAG=9.493|KREFMAG=8.923|TBV=2.440|TV_BV=-0.114,1,,Z,-14.540,-15.025,,ZZ MIC,VSS,STD,,,,
2458318.94963,9.242,,,V,ARX,,HD 200027,HD 200320,K V B-V FROM TYCHOII,CREFMAG=9.493|KREFMAG=8.923|TBV=2.440|TV_BV=-0.114,1,,Z,-14.518,-15.019,,ZZ MIC,VSS,STD,,,,
2458318.95184,9.210,,,V,ARX,,HD 200027,HD 200320,K V B-V FROM TYCHOII,CREFMAG=9.493|KREFMAG=8.923|TBV=2.440|TV_BV=-0.114,1,,Z,-14.494,-15.022,,ZZ MIC,VSS,STD,,,,
2458318.95405,9.217,,,V,ARX,,HD 200027,HD 200320,K V B-V FROM TYCHOII,CREFMAG=9.493|KREFMAG=8.923|TBV=2.440|TV_BV=-0.114,1,,Z,-14.506,-15.019,,ZZ MIC,VSS,STD,,,,
2458318.95627,9.232,,,V,ARX,,HD 200027,HD 200320,K V B-V FROM TYCHOII,CREFMAG=9.493|KREFMAG=8.923|TBV=2.440|TV_BV=-0.114,1,,Z,-14.498,-15.000,,ZZ MIC,VSS,STD,,,,
2458318.95848,9.265,,,V,ARX,,HD 200027,HD 200320,K V B-V FROM TYCHOII,CREFMAG=9.493|KREFMAG=8.923|TBV=2.440|TV_BV=-0.114,1,,Z,-14.491,-14.993,,ZZ MIC,VSS,STD,,,,
2458318.96071,9.337,,,V,ARX,,HD 200027,HD 200320,K V B-V FROM TYCHOII,CREFMAG=9.493|KREFMAG=8.923|TBV=2.440|TV_BV=-0.114,1,,Z,-14.466,-14.949,,ZZ MIC,VSS,STD,,,,
2458318.99618,9.576,,,V,ARX,,HD 200027,HD 200320,K V B-V FROM TYCHOII,CREFMAG=9.493|KREFMAG=8.923|TBV=2.440|TV_BV=-0.114,1,,Z,-14.497,-15.010,,ZZ MIC,VSS,STD,,,,
2458318.99840,9.558,,,V,ARX,,HD 200027,HD 200320,K V B-V FROM TYCHOII,CREFMAG=9.493|KREFMAG=8.923|TBV=2.440|TV_BV=-0.114,1,,Z,-14.527,-15.028,,ZZ MIC,VSS,STD,,,,
2458319.00061,9.530,,,V,ARX,,HD 200027,HD 200320,K V B-V FROM TYCHOII,CREFMAG=9.493|KREFMAG=8.923|TBV=2.440|TV_BV=-0.114,1,,Z,-14.538,-15.047,,ZZ MIC,VSS,STD,,,,
2458319.00282,9.467,,,V,ARX,,HD 200027,HD 200320,K V B-V FROM TYCHOII,CREFMAG=9.493|KREFMAG=8.923|TBV=2.440|TV_BV=-0.114,1,,Z,-14.533,-15.059,,ZZ MIC,VSS,STD,,,,
2458319.00505,9.463,,,V,ARX,,HD 200027,HD 200320,K V B-V FROM TYCHOII,CREFMAG=9.493|KREFMAG=8.923|TBV=2.440|TV_BV=-0.114,1,,Z,-14.580,-15.089,,ZZ MIC,VSS,STD,,,,
2458319.00727,9.439,,,V,ARX,,HD 200027,HD 200320,K V B-V FROM TYCHOII,CREFMAG=9.493|KREFMAG=8.923|TBV=2.440|TV_BV=-0.114,1,,Z,-14.593,-15.087,,ZZ MIC,VSS,STD,,,,
2458319.00950,9.351,,,V,ARX,,HD 200027,HD 200320,K V B-V FROM TYCHOII,CREFMAG=9.493|KREFMAG=8.923|TBV=2.440|TV_BV=-0.114,1,,Z,-14.597,-15.102,,ZZ MIC,VSS,STD,,,,
2458319.01174,9.304,,,V,ARX,,HD 200027,HD 200320,K V B-V FROM TYCHOII,CREFMAG=9.493|KREFMAG=8.923|TBV=2.440|TV_BV=-0.114,1,,Z,-14.622,-15.121,,ZZ MIC,VSS,STD,,,,
2458319.01397,9.240,,,V,ARX,,HD 200027,HD 200320,K V B-V FROM TYCHOII,CREFMAG=9.493|KREFMAG=8.923|TBV=2.440|TV_BV=-0.114,1,,Z,-14.626,-15.132,,ZZ MIC,VSS,STD,,,,
2458319.01619,9.157,,,V,ARX,,HD 200027,HD 200320,K V B-V FROM TYCHOII,CREFMAG=9.493|KREFMAG=8.923|TBV=2.440|TV_BV=-0.114,1,,Z,-14.622,-15.153,,ZZ MIC,VSS,STD,,,,
2458319.01843,9.191,,,V,ARX,,HD 200027,HD 200320,K V B-V FROM TYCHOII,CREFMAG=9.493|KREFMAG=8.923|TBV=2.440|TV_BV=-0.114,1,,Z,-14.658,-15.146,,ZZ MIC,VSS,STD,,,,
2458319.02066,9.204,,,V,ARX,,HD 200027,HD 200320,K V B-V FROM TYCHOII,CREFMAG=9.493|KREFMAG=8.923|TBV=2.440|TV_BV=-0.114,1,,Z,-14.656,-15.144,,ZZ MIC,VSS,STD,,,,
2458319.02287,9.222,,,V,ARX,,HD 200027,HD 200320,K V B-V FROM TYCHOII,CREFMAG=9.493|KREFMAG=8.923|TBV=2.440|TV_BV=-0.114,1,,Z,-14.657,-15.162,,ZZ MIC,VSS,STD,,,,
2458319.02509,9.223,,,V,ARX,,HD 200027,HD 200320,K V B-V FROM TYCHOII,CREFMAG=9.493|KREFMAG=8.923|TBV=2.440|TV_BV=-0.114,1,,Z,-14.641,-15.154,,ZZ MIC,VSS,STD,,,,
2458319.02730,9.259,,,V,ARX,,HD 200027,HD 200320,K V B-V FROM TYCHOII,CREFMAG=9.493|KREFMAG=8.923|TBV=2.440|TV_BV=-0.114,1,,Z,-14.637,-15.144,,ZZ MIC,VSS,STD,,,,
2458319.02953,9.289,,,V,ARX,,HD 200027,HD 200320,K V B-V FROM TYCHOII,CREFMAG=9.493|KREFMAG=8.923|TBV=2.440|TV_BV=-0.114,1,,Z,-14.644,-15.153,,ZZ MIC,VSS,STD,,,,
2458319.03174,9.350,,,V,ARX,,HD 200027,HD 200320,K V B-V FROM TYCHOII,CREFMAG=9.493|KREFMAG=8.923|TBV=2.440|TV_BV=-0.114,1,,Z,-14.645,-15.154,,ZZ MIC,VSS,STD,,,,
2458319.03395,9.373,,,V,ARX,,HD 200027,HD 200320,K V B-V FROM TYCHOII,CREFMAG=9.493|KREFMAG=8.923|TBV=2.440|TV_BV=-0.114,1,,Z,-14.646,-15.160,,ZZ MIC,VSS,STD,,,,
2458319.03616,9.429,,,V,ARX,,HD 200027,HD 200320,K V B-V FROM TYCHOII,CREFMAG=9.493|KREFMAG=8.923|TBV=2.440|TV_BV=-0.114,1,,Z,-14.652,-15.170,,ZZ MIC,VSS,STD,,,,
2458319.03838,9.451,,,V,ARX,,HD 200027,HD 200320,K V B-V FROM TYCHOII,CREFMAG=9.493|KREFMAG=8.923|TBV=2.440|TV_BV=-0.114,1,,Z,-14.660,-15.159,,ZZ MIC,VSS,STD,,,,
2458319.04059,9.453,,,V,ARX,,HD 200027,HD 200320,K V B-V FROM TYCHOII,CREFMAG=9.493|KREFMAG=8.923|TBV=2.440|TV_BV=-0.114,1,,Z,-14.648,-15.177,,ZZ MIC,VSS,STD,,,,
2458319.04281,9.456,,,V,ARX,,HD 200027,HD 200320,K V B-V FROM TYCHOII,CREFMAG=9.493|KREFMAG=8.923|TBV=2.440|TV_BV=-0.114,1,,Z,-14.643,-15.169,,ZZ MIC,VSS,STD,,,,
2458319.04502,9.507,,,V,ARX,,HD 200027,HD 200320,K V B-V FROM TYCHOII,CREFMAG=9.493|KREFMAG=8.923|TBV=2.440|TV_BV=-0.114,1,,Z,-14.661,-15.176,,ZZ MIC,VSS,STD,,,,
2458319.04725,9.523,,,V,ARX,,HD 200027,HD 200320,K V B-V FROM TYCHOII,CREFMAG=9.493|KREFMAG=8.923|TBV=2.440|TV_BV=-0.114,1,,Z,-14.658,-15.175,,ZZ MIC,VSS,STD,,,,
2458319.04947,9.518,,,V,ARX,,HD 200027,HD 200320,K V B-V FROM TYCHOII,CREFMAG=9.493|KREFMAG=8.923|TBV=2.440|TV_BV=-0.114,1,,Z,-14.661,-15.180,,ZZ MIC,VSS,STD,,,,
2458319.05169,9.528,,,V,ARX,,HD 200027,HD 200320,K V B-V FROM TYCHOII,CREFMAG=9.493|KREFMAG=8.923|TBV=2.440|TV_BV=-0.114,1,,Z,-14.652,-15.168,,ZZ MIC,VSS,STD,,,,
2458319.05390,9.543,,,V,ARX,,HD 200027,HD 200320,K V B-V FROM TYCHOII,CREFMAG=9.493|KREFMAG=8.923|TBV=2.440|TV_BV=-0.114,1,,Z,-14.660,-15.166,,ZZ MIC,VSS,STD,,,,
2458319.05611,9.540,,,V,ARX,,HD 200027,HD 200320,K V B-V FROM TYCHOII,CREFMAG=9.493|KREFMAG=8.923|TBV=2.440|TV_BV=-0.114,1,,Z,-14.667,-15.172,,ZZ MIC,VSS,STD,,,,
2458319.05833,9.543,,,V,ARX,,HD 200027,HD 200320,K V B-V FROM TYCHOII,CREFMAG=9.493|KREFMAG=8.923|TBV=2.440|TV_BV=-0.114,1,,Z,-14.672,-15.189,,ZZ MIC,VSS,STD,,,,
2458319.06054,9.544,,,V,ARX,,HD 200027,HD 200320,K V B-V FROM TYCHOII,CREFMAG=9.493|KREFMAG=8.923|TBV=2.440|TV_BV=-0.114,1,,Z,-14.676,-15.184,,ZZ MIC,VSS,STD,,,,
2458319.06277,9.529,,,V,ARX,,HD 200027,HD 200320,K V B-V FROM TYCHOII,CREFMAG=9.493|KREFMAG=8.923|TBV=2.440|TV_BV=-0.114,1,,Z,-14.661,-15.185,,ZZ MIC,VSS,STD,,,,
2458319.06497,9.571,,,V,ARX,,HD 200027,HD 200320,K V B-V FROM TYCHOII,CREFMAG=9.493|KREFMAG=8.923|TBV=2.440|TV_BV=-0.114,1,,Z,-14.692,-15.185,,ZZ MIC,VSS,STD,,,,
2458319.06718,9.489,,,V,ARX,,HD 200027,HD 200320,K V B-V FROM TYCHOII,CREFMAG=9.493|KREFMAG=8.923|TBV=2.440|TV_BV=-0.114,1,,Z,-14.673,-15.203,,ZZ MIC,VSS,STD,,,,
2458319.06940,9.488,,,V,ARX,,HD 200027,HD 200320,K V B-V FROM TYCHOII,CREFMAG=9.493|KREFMAG=8.923|TBV=2.440|TV_BV=-0.114,1,,Z,-14.686,-15.205,,ZZ MIC,VSS,STD,,,,
2458319.07162,9.464,,,V,ARX,,HD 200027,HD 200320,K V B-V FROM TYCHOII,CREFMAG=9.493|KREFMAG=8.923|TBV=2.440|TV_BV=-0.114,1,,Z,-14.691,-15.193,,ZZ MIC,VSS,STD,,,,
2458319.07383,9.436,,,V,ARX,,HD 200027,HD 200320,K V B-V FROM TYCHOII,CREFMAG=9.493|KREFMAG=8.923|TBV=2.440|TV_BV=-0.114,1,,Z,-14.701,-15.197,,ZZ MIC,VSS,STD,,,,
2458319.07605,9.378,,,V,ARX,,HD 200027,HD 200320,K V B-V FROM TYCHOII,CREFMAG=9.493|KREFMAG=8.923|TBV=2.440|TV_BV=-0.114,1,,Z,-14.694,-15.194,,ZZ MIC,VSS,STD,,,,
2458319.07826,9.289,,,V,ARX,,HD 200027,HD 200320,K V B-V FROM TYCHOII,CREFMAG=9.493|KREFMAG=8.923|TBV=2.440|TV_BV=-0.114,1,,Z,-14.669,-15.192,,ZZ MIC,VSS,STD,,,,
2458319.08047,9.291,,,V,ARX,,HD 200027,HD 200320,K V B-V FROM TYCHOII,CREFMAG=9.493|KREFMAG=8.923|TBV=2.440|TV_BV=-0.114,1,,Z,-14.699,-15.192,,ZZ MIC,VSS,STD,,,,
2458319.08270,9.239,,,V,ARX,,HD 200027,HD 200320,K V B-V FROM TYCHOII,CREFMAG=9.493|KREFMAG=8.923|TBV=2.440|TV_BV=-0.114,1,,Z,-14.694,-15.198,,ZZ MIC,VSS,STD,,,,
2458319.08492,9.217,,,V,ARX,,HD 200027,HD 200320,K V B-V FROM TYCHOII,CREFMAG=9.493|KREFMAG=8.923|TBV=2.440|TV_BV=-0.114,1,,Z,-14.685,-15.199,,ZZ MIC,VSS,STD,,,,
2458319.08714,9.206,,,V,ARX,,HD 200027,HD 200320,K V B-V FROM TYCHOII,CREFMAG=9.493|KREFMAG=8.923|TBV=2.440|TV_BV=-0.114,1,,Z,-14.689,-15.186,,ZZ MIC,VSS,STD,,,,
2458319.08935,9.221,,,V,ARX,,HD 200027,HD 200320,K V B-V FROM TYCHOII,CREFMAG=9.493|KREFMAG=8.923|TBV=2.440|TV_BV=-0.114,1,,Z,-14.689,-15.190,,ZZ MIC,VSS,STD,,,,
2458319.09157,9.227,,,V,ARX,,HD 200027,HD 200320,K V B-V FROM TYCHOII,CREFMAG=9.493|KREFMAG=8.923|TBV=2.440|TV_BV=-0.114,1,,Z,-14.680,-15.194,,ZZ MIC,VSS,STD,,,,
2458319.09379,9.261,,,V,ARX,,HD 200027,HD 200320,K V B-V FROM TYCHOII,CREFMAG=9.493|KREFMAG=8.923|TBV=2.440|TV_BV=-0.114,1,,Z,-14.677,-15.196,,ZZ MIC,VSS,STD,,,,
2458319.09600,9.307,,,V,ARX,,HD 200027,HD 200320,K V B-V FROM TYCHOII,CREFMAG=9.493|KREFMAG=8.923|TBV=2.440|TV_BV=-0.114,1,,Z,-14.701,-15.196,,ZZ MIC,VSS,STD,,,,
2458319.09822,9.346,,,V,ARX,,HD 200027,HD 200320,K V B-V FROM TYCHOII,CREFMAG=9.493|KREFMAG=8.923|TBV=2.440|TV_BV=-0.114,1,,Z,-14.691,-15.194,,ZZ MIC,VSS,STD,,,,
2458319.10043,9.351,,,V,ARX,,HD 200027,HD 200320,K V B-V FROM TYCHOII,CREFMAG=9.493|KREFMAG=8.923|TBV=2.440|TV_BV=-0.114,1,,Z,-14.687,-15.204,,ZZ MIC,VSS,STD,,,,
2458319.10265,9.398,,,V,ARX,,HD 200027,HD 200320,K V B-V FROM TYCHOII,CREFMAG=9.493|KREFMAG=8.923|TBV=2.440|TV_BV=-0.114,1,,Z,-14.684,-15.201,,ZZ MIC,VSS,STD,,,,
2458319.10486,9.403,,,V,ARX,,HD 200027,HD 200320,K V B-V FROM TYCHOII,CREFMAG=9.493|KREFMAG=8.923|TBV=2.440|TV_BV=-0.114,1,,Z,-14.682,-15.200,,ZZ MIC,VSS,STD,,,,
2458319.10707,9.405,,,V,ARX,,HD 200027,HD 200320,K V B-V FROM TYCHOII,CREFMAG=9.493|KREFMAG=8.923|TBV=2.440|TV_BV=-0.114,1,,Z,-14.683,-15.196,,ZZ MIC,VSS,STD,,,,
2458319.10929,9.455,,,V,ARX,,HD 200027,HD 200320,K V B-V FROM TYCHOII,CREFMAG=9.493|KREFMAG=8.923|TBV=2.440|TV_BV=-0.114,1,,Z,-14.702,-15.207,,ZZ MIC,VSS,STD,,,,
2458319.11151,9.463,,,V,ARX,,HD 200027,HD 200320,K V B-V FROM TYCHOII,CREFMAG=9.493|KREFMAG=8.923|TBV=2.440|TV_BV=-0.114,1,,Z,-14.686,-15.222,,ZZ MIC,VSS,STD,,,,
2458319.11372,9.495,,,V,ARX,,HD 200027,HD 200320,K V B-V FROM TYCHOII,CREFMAG=9.493|KREFMAG=8.923|TBV=2.440|TV_BV=-0.114,1,,Z,-14.695,-15.216,,ZZ MIC,VSS,STD,,,,
2458319.11593,9.500,,,V,ARX,,HD 200027,HD 200320,K V B-V FROM TYCHOII,CREFMAG=9.493|KREFMAG=8.923|TBV=2.440|TV_BV=-0.114,1,,Z,-14.705,-15.217,,ZZ MIC,VSS,STD,,,,
2458319.11815,9.538,,,V,ARX,,HD 200027,HD 200320,K V B-V FROM TYCHOII,CREFMAG=9.493|KREFMAG=8.923|TBV=2.440|TV_BV=-0.114,1,,Z,-14.707,-15.221,,ZZ MIC,VSS,STD,,,,
2458319.12036,9.549,,,V,ARX,,HD 200027,HD 200320,K V B-V FROM TYCHOII,CREFMAG=9.493|KREFMAG=8.923|TBV=2.440|TV_BV=-0.114,1,,Z,-14.696,-15.213,,ZZ MIC,VSS,STD,,,,
2458319.12258,9.553,,,V,ARX,,HD 200027,HD 200320,K V B-V FROM TYCHOII,CREFMAG=9.493|KREFMAG=8.923|TBV=2.440|TV_BV=-0.114,1,,Z,-14.707,-15.223,,ZZ MIC,VSS,STD,,,,
2458319.13655,9.525,,,V,ARX,,HD 200027,HD 200320,K V B-V FROM TYCHOII,CREFMAG=9.493|KREFMAG=8.923|TBV=2.440|TV_BV=-0.114,1,,Z,-14.692,-15.207,,ZZ MIC,VSS,STD,,,,
2458319.13876,9.459,,,V,ARX,,HD 200027,HD 200320,K V B-V FROM TYCHOII,CREFMAG=9.493|KREFMAG=8.923|TBV=2.440|TV_BV=-0.114,1,,Z,-14.696,-15.214,,ZZ MIC,VSS,STD,,,,
2458319.14097,9.444,,,V,ARX,,HD 200027,HD 200320,K V B-V FROM TYCHOII,CREFMAG=9.493|KREFMAG=8.923|TBV=2.440|TV_BV=-0.114,1,,Z,-14.709,-15.217,,ZZ MIC,VSS,STD,,,,
2458319.14318,9.375,,,V,ARX,,HD 200027,HD 200320,K V B-V FROM TYCHOII,CREFMAG=9.493|KREFMAG=8.923|TBV=2.440|TV_BV=-0.114,1,,Z,-14.703,-15.217,,ZZ MIC,VSS,STD,,,,
2458319.14539,9.307,,,V,ARX,,HD 200027,HD 200320,K V B-V FROM TYCHOII,CREFMAG=9.493|KREFMAG=8.923|TBV=2.440|TV_BV=-0.114,1,,Z,-14.704,-15.216,,ZZ MIC,VSS,STD,,,,
2458319.14762,9.243,,,V,ARX,,HD 200027,HD 200320,K V B-V FROM TYCHOII,CREFMAG=9.493|KREFMAG=8.923|TBV=2.440|TV_BV=-0.114,1,,Z,-14.695,-15.224,,ZZ MIC,VSS,STD,,,,
2458319.14983,9.201,,,V,ARX,,HD 200027,HD 200320,K V B-V FROM TYCHOII,CREFMAG=9.493|KREFMAG=8.923|TBV=2.440|TV_BV=-0.114,1,,Z,-14.703,-15.217,,ZZ MIC,VSS,STD,,,,
2458319.15204,9.166,,,V,ARX,,HD 200027,HD 200320,K V B-V FROM TYCHOII,CREFMAG=9.493|KREFMAG=8.923|TBV=2.440|TV_BV=-0.114,1,,Z,-14.704,-15.215,,ZZ MIC,VSS,STD,,,,
2458319.15425,9.174,,,V,ARX,,HD 200027,HD 200320,K V B-V FROM TYCHOII,CREFMAG=9.493|KREFMAG=8.923|TBV=2.440|TV_BV=-0.114,1,,Z,-14.705,-15.224,,ZZ MIC,VSS,STD,,,,
2458319.15647,9.190,,,V,ARX,,HD 200027,HD 200320,K V B-V FROM TYCHOII,CREFMAG=9.493|KREFMAG=8.923|TBV=2.440|TV_BV=-0.114,1,,Z,-14.708,-15.217,,ZZ MIC,VSS,STD,,,,
2458319.15869,9.234,,,V,ARX,,HD 200027,HD 200320,K V B-V FROM TYCHOII,CREFMAG=9.493|KREFMAG=8.923|TBV=2.440|TV_BV=-0.114,1,,Z,-14.710,-15.217,,ZZ MIC,VSS,STD,,,,
2458319.16090,9.268,,,V,ARX,,HD 200027,HD 200320,K V B-V FROM TYCHOII,CREFMAG=9.493|KREFMAG=8.923|TBV=2.440|TV_BV=-0.114,1,,Z,-14.699,-15.220,,ZZ MIC,VSS,STD,,,,
2458319.16311,9.318,,,V,ARX,,HD 200027,HD 200320,K V B-V FROM TYCHOII,CREFMAG=9.493|KREFMAG=8.923|TBV=2.440|TV_BV=-0.114,1,,Z,-14.714,-15.222,,ZZ MIC,VSS,STD,,,,
2458319.16532,9.357,,,V,ARX,,HD 200027,HD 200320,K V B-V FROM TYCHOII,CREFMAG=9.493|KREFMAG=8.923|TBV=2.440|TV_BV=-0.114,1,,Z,-14.714,-15.219,,ZZ MIC,VSS,STD,,,,
2458319.16755,9.391,,,V,ARX,,HD 200027,HD 200320,K V B-V FROM TYCHOII,CREFMAG=9.493|KREFMAG=8.923|TBV=2.440|TV_BV=-0.114,1,,Z,-14.710,-15.219,,ZZ MIC,VSS,STD,,,,
2458319.16976,9.413,,,V,ARX,,HD 200027,HD 200320,K V B-V FROM TYCHOII,CREFMAG=9.493|KREFMAG=8.923|TBV=2.440|TV_BV=-0.114,1,,Z,-14.706,-15.218,,ZZ MIC,VSS,STD,,,,
2458319.17198,9.452,,,V,ARX,,HD 200027,HD 200320,K V B-V FROM TYCHOII,CREFMAG=9.493|KREFMAG=8.923|TBV=2.440|TV_BV=-0.114,1,,Z,-14.716,-15.223,,ZZ MIC,VSS,STD,,,,
2458319.17418,9.471,,,V,ARX,,HD 200027,HD 200320,K V B-V FROM TYCHOII,CREFMAG=9.493|KREFMAG=8.923|TBV=2.440|TV_BV=-0.114,1,,Z,-14.706,-15.226,,ZZ MIC,VSS,STD,,,,
2458319.17639,9.497,,,V,ARX,,HD 200027,HD 200320,K V B-V FROM TYCHOII,CREFMAG=9.493|KREFMAG=8.923|TBV=2.440|TV_BV=-0.114,1,,Z,-14.719,-15.225,,ZZ MIC,VSS,STD,,,,
2458319.17861,9.518,,,V,ARX,,HD 200027,HD 200320,K V B-V FROM TYCHOII,CREFMAG=9.493|KREFMAG=8.923|TBV=2.440|TV_BV=-0.114,1,,Z,-14.706,-15.229,,ZZ MIC,VSS,STD,,,,
2458319.18083,9.526,,,V,ARX,,HD 200027,HD 200320,K V B-V FROM TYCHOII,CREFMAG=9.493|KREFMAG=8.923|TBV=2.440|TV_BV=-0.114,1,,Z,-14.709,-15.221,,ZZ MIC,VSS,STD,,,,
2458319.18306,9.530,,,V,ARX,,HD 200027,HD 200320,K V B-V FROM TYCHOII,CREFMAG=9.493|KREFMAG=8.923|TBV=2.440|TV_BV=-0.114,1,,Z,-14.704,-15.216,,ZZ MIC,VSS,STD,,,,
2458319.18527,9.537,,,V,ARX,,HD 200027,HD 200320,K V B-V FROM TYCHOII,CREFMAG=9.493|KREFMAG=8.923|TBV=2.440|TV_BV=-0.114,1,,Z,-14.699,-15.215,,ZZ MIC,VSS,STD,,,,
2458319.18748,9.548,,,V,ARX,,HD 200027,HD 200320,K V B-V FROM TYCHOII,CREFMAG=9.493|KREFMAG=8.923|TBV=2.440|TV_BV=-0.114,1,,Z,-14.711,-15.218,,ZZ MIC,VSS,STD,,,,
2458319.18969,9.567,,,V,ARX,,HD 200027,HD 200320,K V B-V FROM TYCHOII,CREFMAG=9.493|KREFMAG=8.923|TBV=2.440|TV_BV=-0.114,1,,Z,-14.718,-15.215,,ZZ MIC,VSS,STD,,,,
2458319.19190,9.563,,,V,ARX,,HD 200027,HD 200320,K V B-V FROM TYCHOII,CREFMAG=9.493|KREFMAG=8.923|TBV=2.440|TV_BV=-0.114,1,,Z,-14.707,-15.219,,ZZ MIC,VSS,STD,,,,
2458319.19411,9.563,,,V,ARX,,HD 200027,HD 200320,K V B-V FROM TYCHOII,CREFMAG=9.493|KREFMAG=8.923|TBV=2.440|TV_BV=-0.114,1,,Z,-14.712,-15.214,,ZZ MIC,VSS,STD,,,,
2458319.19632,9.557,,,V,ARX,,HD 200027,HD 200320,K V B-V FROM TYCHOII,CREFMAG=9.493|KREFMAG=8.923|TBV=2.440|TV_BV=-0.114,1,,Z,-14.700,-15.222,,ZZ MIC,VSS,STD,,,,
2458319.19854,9.533,,,V,ARX,,HD 200027,HD 200320,K V B-V FROM TYCHOII,CREFMAG=9.493|KREFMAG=8.923|TBV=2.440|TV_BV=-0.114,1,,Z,-14.694,-15.217,,ZZ MIC,VSS,STD,,,,
2458319.20075,9.515,,,V,ARX,,HD 200027,HD 200320,K V B-V FROM TYCHOII,CREFMAG=9.493|KREFMAG=8.923|TBV=2.440|TV_BV=-0.114,1,,Z,-14.697,-15.207,,ZZ MIC,VSS,STD,,,,
2458319.20296,9.507,,,V,ARX,,HD 200027,HD 200320,K V B-V FROM TYCHOII,CREFMAG=9.493|KREFMAG=8.923|TBV=2.440|TV_BV=-0.114,1,,Z,-14.703,-15.212,,ZZ MIC,VSS,STD,,,,
2458319.20517,9.479,,,V,ARX,,HD 200027,HD 200320,K V B-V FROM TYCHOII,CREFMAG=9.493|KREFMAG=8.923|TBV=2.440|TV_BV=-0.114,1,,Z,-14.694,-15.214,,ZZ MIC,VSS,STD,,,,
2458319.20738,9.440,,,V,ARX,,HD 200027,HD 200320,K V B-V FROM TYCHOII,CREFMAG=9.493|KREFMAG=8.923|TBV=2.440|TV_BV=-0.114,1,,Z,-14.696,-15.211,,ZZ MIC,VSS,STD,,,,
2458319.20961,9.379,,,V,ARX,,HD 200027,HD 200320,K V B-V FROM TYCHOII,CREFMAG=9.493|KREFMAG=8.923|TBV=2.440|TV_BV=-0.114,1,,Z,-14.694,-15.208,,ZZ MIC,VSS,STD,,,,
2458319.21182,9.344,,,V,ARX,,HD 200027,HD 200320,K V B-V FROM TYCHOII,CREFMAG=9.493|KREFMAG=8.923|TBV=2.440|TV_BV=-0.114,1,,Z,-14.694,-15.201,,ZZ MIC,VSS,STD,,,,
2458319.21403,9.286,,,V,ARX,,HD 200027,HD 200320,K V B-V FROM TYCHOII,CREFMAG=9.493|KREFMAG=8.923|TBV=2.440|TV_BV=-0.114,1,,Z,-14.692,-15.201,,ZZ MIC,VSS,STD,,,,
2458319.21624,9.237,,,V,ARX,,HD 200027,HD 200320,K V B-V FROM TYCHOII,CREFMAG=9.493|KREFMAG=8.923|TBV=2.440|TV_BV=-0.114,1,,Z,-14.685,-15.200,,ZZ MIC,VSS,STD,,,,
2458319.21845,9.216,,,V,ARX,,HD 200027,HD 200320,K V B-V FROM TYCHOII,CREFMAG=9.493|KREFMAG=8.923|TBV=2.440|TV_BV=-0.114,1,,Z,-14.684,-15.201,,ZZ MIC,VSS,STD,,,,
2458319.22066,9.210,,,V,ARX,,HD 200027,HD 200320,K V B-V FROM TYCHOII,CREFMAG=9.493|KREFMAG=8.923|TBV=2.440|TV_BV=-0.114,1,,Z,-14.693,-15.197,,ZZ MIC,VSS,STD,,,,
2458319.22288,9.216,,,V,ARX,,HD 200027,HD 200320,K V B-V FROM TYCHOII,CREFMAG=9.493|KREFMAG=8.923|TBV=2.440|TV_BV=-0.114,1,,Z,-14.683,-15.204,,ZZ MIC,VSS,STD,,,,
2458319.22509,9.234,,,V,ARX,,HD 200027,HD 200320,K V B-V FROM TYCHOII,CREFMAG=9.493|KREFMAG=8.923|TBV=2.440|TV_BV=-0.114,1,,Z,-14.680,-15.197,,ZZ MIC,VSS,STD,,,,
2458319.22730,9.252,,,V,ARX,,HD 200027,HD 200320,K V B-V FROM TYCHOII,CREFMAG=9.493|KREFMAG=8.923|TBV=2.440|TV_BV=-0.114,1,,Z,-14.686,-15.191,,ZZ MIC,VSS,STD,,,,
2458319.22951,9.285,,,V,ARX,,HD 200027,HD 200320,K V B-V FROM TYCHOII,CREFMAG=9.493|KREFMAG=8.923|TBV=2.440|TV_BV=-0.114,1,,Z,-14.678,-15.196,,ZZ MIC,VSS,STD,,,,
2458319.23172,9.332,,,V,ARX,,HD 200027,HD 200320,K V B-V FROM TYCHOII,CREFMAG=9.493|KREFMAG=8.923|TBV=2.440|TV_BV=-0.114,1,,Z,-14.686,-15.194,,ZZ MIC,VSS,STD,,,,
2458319.23394,9.341,,,V,ARX,,HD 200027,HD 200320,K V B-V FROM TYCHOII,CREFMAG=9.493|KREFMAG=8.923|TBV=2.440|TV_BV=-0.114,1,,Z,-14.672,-15.193,,ZZ MIC,VSS,STD,,,,
2458319.23616,9.384,,,V,ARX,,HD 200027,HD 200320,K V B-V FROM TYCHOII,CREFMAG=9.493|KREFMAG=8.923|TBV=2.440|TV_BV=-0.114,1,,Z,-14.672,-15.181,,ZZ MIC,VSS,STD,,,,
2458319.23837,9.414,,,V,ARX,,HD 200027,HD 200320,K V B-V FROM TYCHOII,CREFMAG=9.493|KREFMAG=8.923|TBV=2.440|TV_BV=-0.114,1,,Z,-14.674,-15.183,,ZZ MIC,VSS,STD,,,,
2458319.24058,9.435,,,V,ARX,,HD 200027,HD 200320,K V B-V FROM TYCHOII,CREFMAG=9.493|KREFMAG=8.923|TBV=2.440|TV_BV=-0.114,1,,Z,-14.676,-15.191,,ZZ MIC,VSS,STD,,,,
2458319.24280,9.455,,,V,ARX,,HD 200027,HD 200320,K V B-V FROM TYCHOII,CREFMAG=9.493|KREFMAG=8.923|TBV=2.440|TV_BV=-0.114,1,,Z,-14.669,-15.187,,ZZ MIC,VSS,STD,,,,
2458319.24501,9.503,,,V,ARX,,HD 200027,HD 200320,K V B-V FROM TYCHOII,CREFMAG=9.493|KREFMAG=8.923|TBV=2.440|TV_BV=-0.114,1,,Z,-14.641,-15.131,,ZZ MIC,VSS,STD,,,,
2458319.24722,9.536,,,V,ARX,,HD 200027,HD 200320,K V B-V FROM TYCHOII,CREFMAG=9.493|KREFMAG=8.923|TBV=2.440|TV_BV=-0.114,1,,Z,-14.410,-14.891,,ZZ MIC,VSS,STD,,,,
2458319.24943,9.519,,,V,ARX,,HD 200027,HD 200320,K V B-V FROM TYCHOII,CREFMAG=9.493|KREFMAG=8.923|TBV=2.440|TV_BV=-0.114,1,,Z,-14.458,-14.999,,ZZ MIC,VSS,STD,,,,
2458319.25166,9.530,,,V,ARX,,HD 200027,HD 200320,K V B-V FROM TYCHOII,CREFMAG=9.493|KREFMAG=8.923|TBV=2.440|TV_BV=-0.114,1,,Z,-14.630,-15.155,,ZZ MIC,VSS,STD,,,,
2458319.25387,9.533,,,V,ARX,,HD 200027,HD 200320,K V B-V FROM TYCHOII,CREFMAG=9.493|KREFMAG=8.923|TBV=2.440|TV_BV=-0.114,1,,Z,-14.658,-15.169,,ZZ MIC,VSS,STD,,,,
2458319.25608,9.556,,,V,ARX,,HD 200027,HD 200320,K V B-V FROM TYCHOII,CREFMAG=9.493|KREFMAG=8.923|TBV=2.440|TV_BV=-0.114,1,,Z,-14.658,-15.167,,ZZ MIC,VSS,STD,,,,
2458319.25829,9.548,,,V,ARX,,HD 200027,HD 200320,K V B-V FROM TYCHOII,CREFMAG=9.493|KREFMAG=8.923|TBV=2.440|TV_BV=-0.114,1,,Z,-14.653,-15.164,,ZZ MIC,VSS,STD,,,,
2458319.26050,9.570,,,V,ARX,,HD 200027,HD 200320,K V B-V FROM TYCHOII,CREFMAG=9.493|KREFMAG=8.923|TBV=2.440|TV_BV=-0.114,1,,Z,-14.642,-15.165,,ZZ MIC,VSS,STD,,,,
2458319.26272,9.558,,,V,ARX,,HD 200027,HD 200320,K V B-V FROM TYCHOII,CREFMAG=9.493|KREFMAG=8.923|TBV=2.440|TV_BV=-0.114,1,,Z,-14.633,-15.152,,ZZ MIC,VSS,STD,,,,
2458319.26493,9.550,,,V,ARX,,HD 200027,HD 200320,K V B-V FROM TYCHOII,CREFMAG=9.493|KREFMAG=8.923|TBV=2.440|TV_BV=-0.114,1,,Z,-14.633,-15.149,,ZZ MIC,VSS,STD,,,,
2458319.26714,9.546,,,V,ARX,,HD 200027,HD 200320,K V B-V FROM TYCHOII,CREFMAG=9.493|KREFMAG=8.923|TBV=2.440|TV_BV=-0.114,1,,Z,-14.633,-15.142,,ZZ MIC,VSS,STD,,,,
2458319.26936,9.527,,,V,ARX,,HD 200027,HD 200320,K V B-V FROM TYCHOII,CREFMAG=9.493|KREFMAG=8.923|TBV=2.440|TV_BV=-0.114,1,,Z,-14.629,-15.146,,ZZ MIC,VSS,STD,,,,
2458319.27157,9.479,,,V,ARX,,HD 200027,HD 200320,K V B-V FROM TYCHOII,CREFMAG=9.493|KREFMAG=8.923|TBV=2.440|TV_BV=-0.114,1,,Z,-14.623,-15.134,,ZZ MIC,VSS,STD,,,,
2458319.27380,9.466,,,V,ARX,,HD 200027,HD 200320,K V B-V FROM TYCHOII,CREFMAG=9.493|KREFMAG=8.923|TBV=2.440|TV_BV=-0.114,1,,Z,-14.627,-15.130,,ZZ MIC,VSS,STD,,,,
2458319.27602,9.382,,,V,ARX,,HD 200027,HD 200320,K V B-V FROM TYCHOII,CREFMAG=9.493|KREFMAG=8.923|TBV=2.440|TV_BV=-0.114,1,,Z,-14.599,-15.120,,ZZ MIC,VSS,STD,,,,
2458319.27823,9.347,,,V,ARX,,HD 200027,HD 200320,K V B-V FROM TYCHOII,CREFMAG=9.493|KREFMAG=8.923|TBV=2.440|TV_BV=-0.114,1,,Z,-14.609,-15.116,,ZZ MIC,VSS,STD,,,,
2458319.28044,9.276,,,V,ARX,,HD 200027,HD 200320,K V B-V FROM TYCHOII,CREFMAG=9.493|KREFMAG=8.923|TBV=2.440|TV_BV=-0.114,1,,Z,-14.582,-15.096,,ZZ MIC,VSS,STD,,,,
2458319.28266,9.209,,,V,ARX,,HD 200027,HD 200320,K V B-V FROM TYCHOII,CREFMAG=9.493|KREFMAG=8.923|TBV=2.440|TV_BV=-0.114,1,,Z,-14.559,-15.088,,ZZ MIC,VSS,STD,,,,
2458319.28487,9.178,,,V,ARX,,HD 200027,HD 200320,K V B-V FROM TYCHOII,CREFMAG=9.493|KREFMAG=8.923|TBV=2.440|TV_BV=-0.114,1,,Z,-14.591,-15.096,,ZZ MIC,VSS,STD,,,,
2458319.28710,9.156,,,V,ARX,,HD 200027,HD 200320,K V B-V FROM TYCHOII,CREFMAG=9.493|KREFMAG=8.923|TBV=2.440|TV_BV=-0.114,1,,Z,-14.594,-15.104,,ZZ MIC,VSS,STD,,,,
2458319.28932,9.188,,,V,ARX,,HD 200027,HD 200320,K V B-V FROM TYCHOII,CREFMAG=9.493|KREFMAG=8.923|TBV=2.440|TV_BV=-0.114,1,,Z,-14.585,-15.101,,ZZ MIC,VSS,STD,,,,
2458319.29153,9.194,,,V,ARX,,HD 200027,HD 200320,K V B-V FROM TYCHOII,CREFMAG=9.493|KREFMAG=8.923|TBV=2.440|TV_BV=-0.114,1,,Z,-14.559,-15.072,,ZZ MIC,VSS,STD,,,,
2458319.29374,9.239,,,V,ARX,,HD 200027,HD 200320,K V B-V FROM TYCHOII,CREFMAG=9.493|KREFMAG=8.923|TBV=2.440|TV_BV=-0.114,1,,Z,-14.534,-15.041,,ZZ MIC,VSS,STD,,,,
2458319.29596,9.275,,,V,ARX,,HD 200027,HD 200320,K V B-V FROM TYCHOII,CREFMAG=9.493|KREFMAG=8.923|TBV=2.440|TV_BV=-0.114,1,,Z,-14.531,-15.050,,ZZ MIC,VSS,STD,,,,
2458319.29817,9.342,,,V,ARX,,HD 200027,HD 200320,K V B-V FROM TYCHOII,CREFMAG=9.493|KREFMAG=8.923|TBV=2.440|TV_BV=-0.114,1,,Z,-14.516,-15.012,,ZZ MIC,VSS,STD,,,,
2458342.91428,9.582,,,V,ARX,,HD 200027,HD 199920,K V B-V FROM TYCHOII,CREFMAG=9.493|KREFMAG=9.423|TBV=2.404|TV_BV=-0.094,1,,Z,-15.615,-15.624,,ZZ MIC,VSS,STD,,,,
2458342.91649,9.535,,,V,ARX,,HD 200027,,K V B-V FROM TYCHOII,CREFMAG=9.493|KREFMAG=9.423|TBV=2.404|TV_BV=-0.094,1,,Z,-15.597,-15.618,,ZZ MIC,VSS,STD,,,,
2458342.91870,9.525,,,V,ARX,,HD 200027,,K V B-V FROM TYCHOII,CREFMAG=9.493|KREFMAG=9.423|TBV=2.404|TV_BV=-0.094,1,,Z,-15.609,-15.635,,ZZ MIC,VSS,STD,,,,
2458342.92091,9.476,,,V,ARX,,HD 200027,,K V B-V FROM TYCHOII,CREFMAG=9.493|KREFMAG=9.423|TBV=2.404|TV_BV=-0.094,1,,Z,-15.609,-15.635,,ZZ MIC,VSS,STD,,,,
2458342.92311,9.438,,,V,ARX,,HD 200027,,K V B-V FROM TYCHOII,CREFMAG=9.493|KREFMAG=9.423|TBV=2.404|TV_BV=-0.094,1,,Z,-15.604,-15.630,,ZZ MIC,VSS,STD,,,,
2458342.92532,9.358,,,V,ARX,,HD 200027,,K V B-V FROM TYCHOII,CREFMAG=9.493|KREFMAG=9.423|TBV=2.404|TV_BV=-0.094,1,,Z,-15.605,-15.631,,ZZ MIC,VSS,STD,,,,
2458342.92754,9.338,,,V,ARX,,HD 200027,,K V B-V FROM TYCHOII,CREFMAG=9.493|KREFMAG=9.423|TBV=2.404|TV_BV=-0.094,1,,Z,-15.605,-15.624,,ZZ MIC,VSS,STD,,,,
2458342.92975,9.252,,,V,ARX,,HD 200027,,K V B-V FROM TYCHOII,CREFMAG=9.493|KREFMAG=9.423|TBV=2.404|TV_BV=-0.094,1,,Z,-15.598,-15.625,,ZZ MIC,VSS,STD,,,,
2458342.93196,9.237,,,V,ARX,,HD 200027,,K V B-V FROM TYCHOII,CREFMAG=9.493|KREFMAG=9.423|TBV=2.404|TV_BV=-0.094,1,,Z,-15.598,-15.624,,ZZ MIC,VSS,STD,,,,
2458342.93417,9.212,,,V,ARX,,HD 200027,,K V B-V FROM TYCHOII,CREFMAG=9.493|KREFMAG=9.423|TBV=2.404|TV_BV=-0.094,1,,Z,-15.596,-15.627,,ZZ MIC,VSS,STD,,,,
2458342.93638,9.230,,,V,ARX,,HD 200027,,K V B-V FROM TYCHOII,CREFMAG=9.493|KREFMAG=9.423|TBV=2.404|TV_BV=-0.094,1,,Z,-15.614,-15.640,,ZZ MIC,VSS,STD,,,,
2458342.93858,9.214,,,V,ARX,,HD 200027,,K V B-V FROM TYCHOII,CREFMAG=9.493|KREFMAG=9.423|TBV=2.404|TV_BV=-0.094,1,,Z,-15.388,-15.400,,ZZ MIC,VSS,STD,,,,
2458342.94079,9.263,,,V,ARX,,HD 200027,,K V B-V FROM TYCHOII,CREFMAG=9.493|KREFMAG=9.423|TBV=2.404|TV_BV=-0.094,1,,Z,-15.617,-15.635,,ZZ MIC,VSS,STD,,,,
2458342.94300,9.300,,,V,ARX,,HD 200027,,K V B-V FROM TYCHOII,CREFMAG=9.493|KREFMAG=9.423|TBV=2.404|TV_BV=-0.094,1,,Z,-15.616,-15.638,,ZZ MIC,VSS,STD,,,,
2458342.94521,9.346,,,V,ARX,,HD 200027,,K V B-V FROM TYCHOII,CREFMAG=9.493|KREFMAG=9.423|TBV=2.404|TV_BV=-0.094,1,,Z,-15.602,-15.634,,ZZ MIC,VSS,STD,,,,
2458342.94742,9.377,,,V,ARX,,HD 200027,,K V B-V FROM TYCHOII,CREFMAG=9.493|KREFMAG=9.423|TBV=2.404|TV_BV=-0.094,1,,Z,-15.610,-15.636,,ZZ MIC,VSS,STD,,,,
2458342.94963,9.417,,,V,ARX,,HD 200027,,K V B-V FROM TYCHOII,CREFMAG=9.493|KREFMAG=9.423|TBV=2.404|TV_BV=-0.094,1,,Z,-15.608,-15.639,,ZZ MIC,VSS,STD,,,,
2458342.95183,9.438,,,V,ARX,,HD 200027,,K V B-V FROM TYCHOII,CREFMAG=9.493|KREFMAG=9.423|TBV=2.404|TV_BV=-0.094,1,,Z,-15.618,-15.641,,ZZ MIC,VSS,STD,,,,
2458342.95404,9.454,,,V,ARX,,HD 200027,,K V B-V FROM TYCHOII,CREFMAG=9.493|KREFMAG=9.423|TBV=2.404|TV_BV=-0.094,1,,Z,-15.610,-15.638,,ZZ MIC,VSS,STD,,,,
2458342.95625,9.506,,,V,ARX,,HD 200027,,K V B-V FROM TYCHOII,CREFMAG=9.493|KREFMAG=9.423|TBV=2.404|TV_BV=-0.094,1,,Z,-15.611,-15.631,,ZZ MIC,VSS,STD,,,,
2458342.95846,9.534,,,V,ARX,,HD 200027,,K V B-V FROM TYCHOII,CREFMAG=9.493|KREFMAG=9.423|TBV=2.404|TV_BV=-0.094,1,,Z,-15.608,-15.626,,ZZ MIC,VSS,STD,,,,
2458342.96067,9.517,,,V,ARX,,HD 200027,,K V B-V FROM TYCHOII,CREFMAG=9.493|KREFMAG=9.423|TBV=2.404|TV_BV=-0.094,1,,Z,-15.612,-15.638,,ZZ MIC,VSS,STD,,,,
2458342.96287,9.536,,,V,ARX,,HD 200027,,K V B-V FROM TYCHOII,CREFMAG=9.493|KREFMAG=9.423|TBV=2.404|TV_BV=-0.094,1,,Z,-15.617,-15.638,,ZZ MIC,VSS,STD,,,,
2458342.96508,9.559,,,V,ARX,,HD 200027,,K V B-V FROM TYCHOII,CREFMAG=9.493|KREFMAG=9.423|TBV=2.404|TV_BV=-0.094,1,,Z,-15.617,-15.638,,ZZ MIC,VSS,STD,,,,
2458342.96729,9.567,,,V,ARX,,HD 200027,,K V B-V FROM TYCHOII,CREFMAG=9.493|KREFMAG=9.423|TBV=2.404|TV_BV=-0.094,1,,Z,-15.606,-15.638,,ZZ MIC,VSS,STD,,,,
2458342.96950,9.600,,,V,ARX,,HD 200027,,K V B-V FROM TYCHOII,CREFMAG=9.493|KREFMAG=9.423|TBV=2.404|TV_BV=-0.094,1,,Z,-15.607,-15.642,,ZZ MIC,VSS,STD,,,,
2458342.97171,9.622,,,V,ARX,,HD 200027,,K V B-V FROM TYCHOII,CREFMAG=9.493|KREFMAG=9.423|TBV=2.404|TV_BV=-0.094,1,,Z,-15.608,-15.631,,ZZ MIC,VSS,STD,,,,
2458342.97392,9.599,,,V,ARX,,HD 200027,,K V B-V FROM TYCHOII,CREFMAG=9.493|KREFMAG=9.423|TBV=2.404|TV_BV=-0.094,1,,Z,-15.621,-15.647,,ZZ MIC,VSS,STD,,,,
2458342.97613,9.595,,,V,ARX,,HD 200027,,K V B-V FROM TYCHOII,CREFMAG=9.493|KREFMAG=9.423|TBV=2.404|TV_BV=-0.094,1,,Z,-15.626,-15.653,,ZZ MIC,VSS,STD,,,,
2458342.97833,9.579,,,V,ARX,,HD 200027,,K V B-V FROM TYCHOII,CREFMAG=9.493|KREFMAG=9.423|TBV=2.404|TV_BV=-0.094,1,,Z,-15.626,-15.662,,ZZ MIC,VSS,STD,,,,
2458342.98054,9.593,,,V,ARX,,HD 200027,,K V B-V FROM TYCHOII,CREFMAG=9.493|KREFMAG=9.423|TBV=2.404|TV_BV=-0.094,1,,Z,-15.633,-15.656,,ZZ MIC,VSS,STD,,,,
2458342.98276,9.574,,,V,ARX,,HD 200027,,K V B-V FROM TYCHOII,CREFMAG=9.493|KREFMAG=9.423|TBV=2.404|TV_BV=-0.094,1,,Z,-15.634,-15.657,,ZZ MIC,VSS,STD,,,,
2458342.98497,9.537,,,V,ARX,,HD 200027,,K V B-V FROM TYCHOII,CREFMAG=9.493|KREFMAG=9.423|TBV=2.404|TV_BV=-0.094,1,,Z,-15.638,-15.660,,ZZ MIC,VSS,STD,,,,
2458342.98718,9.497,,,V,ARX,,HD 200027,,K V B-V FROM TYCHOII,CREFMAG=9.493|KREFMAG=9.423|TBV=2.404|TV_BV=-0.094,1,,Z,-15.630,-15.658,,ZZ MIC,VSS,STD,,,,
2458342.98939,9.484,,,V,ARX,,HD 200027,,K V B-V FROM TYCHOII,CREFMAG=9.493|KREFMAG=9.423|TBV=2.404|TV_BV=-0.094,1,,Z,-15.630,-15.664,,ZZ MIC,VSS,STD,,,,
2458342.99160,9.413,,,V,ARX,,HD 200027,,K V B-V FROM TYCHOII,CREFMAG=9.493|KREFMAG=9.423|TBV=2.404|TV_BV=-0.094,1,,Z,-15.640,-15.665,,ZZ MIC,VSS,STD,,,,
2458342.99380,9.363,,,V,ARX,,HD 200027,,K V B-V FROM TYCHOII,CREFMAG=9.493|KREFMAG=9.423|TBV=2.404|TV_BV=-0.094,1,,Z,-15.641,-15.671,,ZZ MIC,VSS,STD,,,,
2458342.99601,9.318,,,V,ARX,,HD 200027,,K V B-V FROM TYCHOII,CREFMAG=9.493|KREFMAG=9.423|TBV=2.404|TV_BV=-0.094,1,,Z,-15.635,-15.671,,ZZ MIC,VSS,STD,,,,
2458342.99822,9.263,,,V,ARX,,HD 200027,,K V B-V FROM TYCHOII,CREFMAG=9.493|KREFMAG=9.423|TBV=2.404|TV_BV=-0.094,1,,Z,-15.634,-15.664,,ZZ MIC,VSS,STD,,,,
2458343.00043,9.220,,,V,ARX,,HD 200027,,K V B-V FROM TYCHOII,CREFMAG=9.493|KREFMAG=9.423|TBV=2.404|TV_BV=-0.094,1,,Z,-15.644,-15.672,,ZZ MIC,VSS,STD,,,,
2458343.00264,9.217,,,V,ARX,,HD 200027,,K V B-V FROM TYCHOII,CREFMAG=9.493|KREFMAG=9.423|TBV=2.404|TV_BV=-0.094,1,,Z,-15.646,-15.665,,ZZ MIC,VSS,STD,,,,
2458343.00485,9.226,,,V,ARX,,HD 200027,,K V B-V FROM TYCHOII,CREFMAG=9.493|KREFMAG=9.423|TBV=2.404|TV_BV=-0.094,1,,Z,-15.651,-15.669,,ZZ MIC,VSS,STD,,,,
2458343.00705,9.255,,,V,ARX,,HD 200027,,K V B-V FROM TYCHOII,CREFMAG=9.493|KREFMAG=9.423|TBV=2.404|TV_BV=-0.094,1,,Z,-15.644,-15.671,,ZZ MIC,VSS,STD,,,,
2458343.00926,9.278,,,V,ARX,,HD 200027,,K V B-V FROM TYCHOII,CREFMAG=9.493|KREFMAG=9.423|TBV=2.404|TV_BV=-0.094,1,,Z,-15.650,-15.671,,ZZ MIC,VSS,STD,,,,
2458343.01147,9.335,,,V,ARX,,HD 200027,,K V B-V FROM TYCHOII,CREFMAG=9.493|KREFMAG=9.423|TBV=2.404|TV_BV=-0.094,1,,Z,-15.639,-15.665,,ZZ MIC,VSS,STD,,,,
2458343.01368,9.372,,,V,ARX,,HD 200027,,K V B-V FROM TYCHOII,CREFMAG=9.493|KREFMAG=9.423|TBV=2.404|TV_BV=-0.094,1,,Z,-15.648,-15.672,,ZZ MIC,VSS,STD,,,,
2458343.01589,9.409,,,V,ARX,,HD 200027,,K V B-V FROM TYCHOII,CREFMAG=9.493|KREFMAG=9.423|TBV=2.404|TV_BV=-0.094,1,,Z,-15.644,-15.676,,ZZ MIC,VSS,STD,,,,
2458343.01809,9.427,,,V,ARX,,HD 200027,,K V B-V FROM TYCHOII,CREFMAG=9.493|KREFMAG=9.423|TBV=2.404|TV_BV=-0.094,1,,Z,-15.654,-15.676,,ZZ MIC,VSS,STD,,,,
2458343.02031,9.470,,,V,ARX,,HD 200027,,K V B-V FROM TYCHOII,CREFMAG=9.493|KREFMAG=9.423|TBV=2.404|TV_BV=-0.094,1,,Z,-15.637,-15.665,,ZZ MIC,VSS,STD,,,,
2458343.02252,9.491,,,V,ARX,,HD 200027,,K V B-V FROM TYCHOII,CREFMAG=9.493|KREFMAG=9.423|TBV=2.404|TV_BV=-0.094,1,,Z,-15.655,-15.673,,ZZ MIC,VSS,STD,,,,
2458343.02472,9.532,,,V,ARX,,HD 200027,,K V B-V FROM TYCHOII,CREFMAG=9.493|KREFMAG=9.423|TBV=2.404|TV_BV=-0.094,1,,Z,-15.652,-15.670,,ZZ MIC,VSS,STD,,,,
2458343.02693,9.550,,,V,ARX,,HD 200027,,K V B-V FROM TYCHOII,CREFMAG=9.493|KREFMAG=9.423|TBV=2.404|TV_BV=-0.094,1,,Z,-15.647,-15.674,,ZZ MIC,VSS,STD,,,,
2458343.02913,9.546,,,V,ARX,,HD 200027,,K V B-V FROM TYCHOII,CREFMAG=9.493|KREFMAG=9.423|TBV=2.404|TV_BV=-0.094,1,,Z,-15.653,-15.675,,ZZ MIC,VSS,STD,,,,
2458343.03134,9.553,,,V,ARX,,HD 200027,,K V B-V FROM TYCHOII,CREFMAG=9.493|KREFMAG=9.423|TBV=2.404|TV_BV=-0.094,1,,Z,-15.653,-15.678,,ZZ MIC,VSS,STD,,,,
2458343.03355,9.592,,,V,ARX,,HD 200027,,K V B-V FROM TYCHOII,CREFMAG=9.493|KREFMAG=9.423|TBV=2.404|TV_BV=-0.094,1,,Z,-15.644,-15.669,,ZZ MIC,VSS,STD,,,,
2458343.03576,9.607,,,V,ARX,,HD 200027,,K V B-V FROM TYCHOII,CREFMAG=9.493|KREFMAG=9.423|TBV=2.404|TV_BV=-0.094,1,,Z,-15.650,-15.672,,ZZ MIC,VSS,STD,,,,
2458343.03797,9.598,,,V,ARX,,HD 200027,,K V B-V FROM TYCHOII,CREFMAG=9.493|KREFMAG=9.423|TBV=2.404|TV_BV=-0.094,1,,Z,-15.646,-15.670,,ZZ MIC,VSS,STD,,,,
2458343.04019,9.601,,,V,ARX,,HD 200027,,K V B-V FROM TYCHOII,CREFMAG=9.493|KREFMAG=9.423|TBV=2.404|TV_BV=-0.094,1,,Z,-15.652,-15.671,,ZZ MIC,VSS,STD,,,,
2458343.04240,9.598,,,V,ARX,,HD 200027,,K V B-V FROM TYCHOII,CREFMAG=9.493|KREFMAG=9.423|TBV=2.404|TV_BV=-0.094,1,,Z,-15.654,-15.672,,ZZ MIC,VSS,STD,,,,
2458343.04461,9.618,,,V,ARX,,HD 200027,,K V B-V FROM TYCHOII,CREFMAG=9.493|KREFMAG=9.423|TBV=2.404|TV_BV=-0.094,1,,Z,-15.647,-15.667,,ZZ MIC,VSS,STD,,,,
2458343.04682,9.598,,,V,ARX,,HD 200027,,K V B-V FROM TYCHOII,CREFMAG=9.493|KREFMAG=9.423|TBV=2.404|TV_BV=-0.094,1,,Z,-15.652,-15.675,,ZZ MIC,VSS,STD,,,,
2458343.07650,9.293,,,V,ARX,,HD 200027,,K V B-V FROM TYCHOII,CREFMAG=9.493|KREFMAG=9.423|TBV=2.404|TV_BV=-0.094,1,,Z,-15.648,-15.665,,ZZ MIC,VSS,STD,,,,
2458343.07872,9.308,,,V,ARX,,HD 200027,,K V B-V FROM TYCHOII,CREFMAG=9.493|KREFMAG=9.423|TBV=2.404|TV_BV=-0.094,1,,Z,-15.630,-15.652,,ZZ MIC,VSS,STD,,,,
2458343.08091,9.360,,,V,ARX,,HD 200027,,K V B-V FROM TYCHOII,CREFMAG=9.493|KREFMAG=9.423|TBV=2.404|TV_BV=-0.094,1,,Z,-15.647,-15.663,,ZZ MIC,VSS,STD,,,,
2458343.08313,9.394,,,V,ARX,,HD 200027,,K V B-V FROM TYCHOII,CREFMAG=9.493|KREFMAG=9.423|TBV=2.404|TV_BV=-0.094,1,,Z,-15.644,-15.663,,ZZ MIC,VSS,STD,,,,
2458343.08534,9.428,,,V,ARX,,HD 200027,,K V B-V FROM TYCHOII,CREFMAG=9.493|KREFMAG=9.423|TBV=2.404|TV_BV=-0.094,1,,Z,-15.637,-15.651,,ZZ MIC,VSS,STD,,,,
2458343.08755,9.464,,,V,ARX,,HD 200027,,K V B-V FROM TYCHOII,CREFMAG=9.493|KREFMAG=9.423|TBV=2.404|TV_BV=-0.094,1,,Z,-15.609,-15.619,,ZZ MIC,VSS,STD,,,,
2458343.08976,9.461,,,V,ARX,,HD 200027,,K V B-V FROM TYCHOII,CREFMAG=9.493|KREFMAG=9.423|TBV=2.404|TV_BV=-0.094,1,,Z,-15.630,-15.652,,ZZ MIC,VSS,STD,,,,
2458343.09197,9.516,,,V,ARX,,HD 200027,,K V B-V FROM TYCHOII,CREFMAG=9.493|KREFMAG=9.423|TBV=2.404|TV_BV=-0.094,1,,Z,-15.643,-15.667,,ZZ MIC,VSS,STD,,,,
2458343.09417,9.518,,,V,ARX,,HD 200027,,K V B-V FROM TYCHOII,CREFMAG=9.493|KREFMAG=9.423|TBV=2.404|TV_BV=-0.094,1,,Z,-15.642,-15.675,,ZZ MIC,VSS,STD,,,,
2458343.09638,9.535,,,V,ARX,,HD 200027,,K V B-V FROM TYCHOII,CREFMAG=9.493|KREFMAG=9.423|TBV=2.404|TV_BV=-0.094,1,,Z,-15.641,-15.654,,ZZ MIC,VSS,STD,,,,
2458343.09859,9.549,,,V,ARX,,HD 200027,,K V B-V FROM TYCHOII,CREFMAG=9.493|KREFMAG=9.423|TBV=2.404|TV_BV=-0.094,1,,Z,-15.645,-15.659,,ZZ MIC,VSS,STD,,,,
2458343.10080,9.551,,,V,ARX,,HD 200027,,K V B-V FROM TYCHOII,CREFMAG=9.493|KREFMAG=9.423|TBV=2.404|TV_BV=-0.094,1,,Z,-15.637,-15.660,,ZZ MIC,VSS,STD,,,,
2458343.10301,9.583,,,V,ARX,,HD 200027,,K V B-V FROM TYCHOII,CREFMAG=9.493|KREFMAG=9.423|TBV=2.404|TV_BV=-0.094,1,,Z,-15.646,-15.650,,ZZ MIC,VSS,STD,,,,
2458343.10522,9.586,,,V,ARX,,HD 200027,,K V B-V FROM TYCHOII,CREFMAG=9.493|KREFMAG=9.423|TBV=2.404|TV_BV=-0.094,1,,Z,-15.622,-15.644,,ZZ MIC,VSS,STD,,,,
2458343.10743,9.582,,,V,ARX,,HD 200027,,K V B-V FROM TYCHOII,CREFMAG=9.493|KREFMAG=9.423|TBV=2.404|TV_BV=-0.094,1,,Z,-15.638,-15.658,,ZZ MIC,VSS,STD,,,,
2458343.10964,9.591,,,V,ARX,,HD 200027,,K V B-V FROM TYCHOII,CREFMAG=9.493|KREFMAG=9.423|TBV=2.404|TV_BV=-0.094,1,,Z,-15.640,-15.647,,ZZ MIC,VSS,STD,,,,
2458343.11184,9.608,,,V,ARX,,HD 200027,,K V B-V FROM TYCHOII,CREFMAG=9.493|KREFMAG=9.423|TBV=2.404|TV_BV=-0.094,1,,Z,-15.637,-15.646,,ZZ MIC,VSS,STD,,,,
2458343.11405,9.574,,,V,ARX,,HD 200027,,K V B-V FROM TYCHOII,CREFMAG=9.493|KREFMAG=9.423|TBV=2.404|TV_BV=-0.094,1,,Z,-15.634,-15.659,,ZZ MIC,VSS,STD,,,,
2458343.11626,9.562,,,V,ARX,,HD 200027,,K V B-V FROM TYCHOII,CREFMAG=9.493|KREFMAG=9.423|TBV=2.404|TV_BV=-0.094,1,,Z,-15.636,-15.658,,ZZ MIC,VSS,STD,,,,
2458343.11847,9.547,,,V,ARX,,HD 200027,,K V B-V FROM TYCHOII,CREFMAG=9.493|KREFMAG=9.423|TBV=2.404|TV_BV=-0.094,1,,Z,-15.635,-15.660,,ZZ MIC,VSS,STD,,,,
2458343.12067,9.537,,,V,ARX,,HD 200027,,K V B-V FROM TYCHOII,CREFMAG=9.493|KREFMAG=9.423|TBV=2.404|TV_BV=-0.094,1,,Z,-15.640,-15.657,,ZZ MIC,VSS,STD,,,,
2458343.12288,9.467,,,V,ARX,,HD 200027,,K V B-V FROM TYCHOII,CREFMAG=9.493|KREFMAG=9.423|TBV=2.404|TV_BV=-0.094,1,,Z,-15.631,-15.654,,ZZ MIC,VSS,STD,,,,
2458343.12509,9.428,,,V,ARX,,HD 200027,,K V B-V FROM TYCHOII,CREFMAG=9.493|KREFMAG=9.423|TBV=2.404|TV_BV=-0.094,1,,Z,-15.634,-15.649,,ZZ MIC,VSS,STD,,,,
2458343.12730,9.379,,,V,ARX,,HD 200027,,K V B-V FROM TYCHOII,CREFMAG=9.493|KREFMAG=9.423|TBV=2.404|TV_BV=-0.094,1,,Z,-15.633,-15.646,,ZZ MIC,VSS,STD,,,,
2458343.12951,9.324,,,V,ARX,,HD 200027,,K V B-V FROM TYCHOII,CREFMAG=9.493|KREFMAG=9.423|TBV=2.404|TV_BV=-0.094,1,,Z,-15.633,-15.651,,ZZ MIC,VSS,STD,,,,
2458343.13171,9.265,,,V,ARX,,HD 200027,,K V B-V FROM TYCHOII,CREFMAG=9.493|KREFMAG=9.423|TBV=2.404|TV_BV=-0.094,1,,Z,-15.629,-15.653,,ZZ MIC,VSS,STD,,,,
2458343.13392,9.233,,,V,ARX,,HD 200027,,K V B-V FROM TYCHOII,CREFMAG=9.493|KREFMAG=9.423|TBV=2.404|TV_BV=-0.094,1,,Z,-15.631,-15.652,,ZZ MIC,VSS,STD,,,,
2458343.13613,9.197,,,V,ARX,,HD 200027,,K V B-V FROM TYCHOII,CREFMAG=9.493|KREFMAG=9.423|TBV=2.404|TV_BV=-0.094,1,,Z,-15.626,-15.641,,ZZ MIC,VSS,STD,,,,
2458343.13835,9.215,,,V,ARX,,HD 200027,,K V B-V FROM TYCHOII,CREFMAG=9.493|KREFMAG=9.423|TBV=2.404|TV_BV=-0.094,1,,Z,-15.622,-15.636,,ZZ MIC,VSS,STD,,,,
2458343.14056,9.236,,,V,ARX,,HD 200027,,K V B-V FROM TYCHOII,CREFMAG=9.493|KREFMAG=9.423|TBV=2.404|TV_BV=-0.094,1,,Z,-15.623,-15.644,,ZZ MIC,VSS,STD,,,,
2458343.14277,9.275,,,V,ARX,,HD 200027,,K V B-V FROM TYCHOII,CREFMAG=9.493|KREFMAG=9.423|TBV=2.404|TV_BV=-0.094,1,,Z,-15.622,-15.638,,ZZ MIC,VSS,STD,,,,
2458343.14498,9.306,,,V,ARX,,HD 200027,,K V B-V FROM TYCHOII,CREFMAG=9.493|KREFMAG=9.423|TBV=2.404|TV_BV=-0.094,1,,Z,-15.623,-15.643,,ZZ MIC,VSS,STD,,,,
2458343.14719,9.346,,,V,ARX,,HD 200027,,K V B-V FROM TYCHOII,CREFMAG=9.493|KREFMAG=9.423|TBV=2.404|TV_BV=-0.094,1,,Z,-15.617,-15.637,,ZZ MIC,VSS,STD,,,,
2458343.14939,9.383,,,V,ARX,,HD 200027,,K V B-V FROM TYCHOII,CREFMAG=9.493|KREFMAG=9.423|TBV=2.404|TV_BV=-0.094,1,,Z,-15.614,-15.624,,ZZ MIC,VSS,STD,,,,
2458343.15160,9.404,,,V,ARX,,HD 200027,,K V B-V FROM TYCHOII,CREFMAG=9.493|KREFMAG=9.423|TBV=2.404|TV_BV=-0.094,1,,Z,-15.613,-15.634,,ZZ MIC,VSS,STD,,,,
2458343.15381,9.459,,,V,ARX,,HD 200027,,K V B-V FROM TYCHOII,CREFMAG=9.493|KREFMAG=9.423|TBV=2.404|TV_BV=-0.094,1,,Z,-15.621,-15.633,,ZZ MIC,VSS,STD,,,,
2458343.15601,9.483,,,V,ARX,,HD 200027,,K V B-V FROM TYCHOII,CREFMAG=9.493|KREFMAG=9.423|TBV=2.404|TV_BV=-0.094,1,,Z,-15.620,-15.637,,ZZ MIC,VSS,STD,,,,
2458343.15822,9.506,,,V,ARX,,HD 200027,,K V B-V FROM TYCHOII,CREFMAG=9.493|KREFMAG=9.423|TBV=2.404|TV_BV=-0.094,1,,Z,-15.621,-15.634,,ZZ MIC,VSS,STD,,,,
2458343.16042,9.537,,,V,ARX,,HD 200027,,K V B-V FROM TYCHOII,CREFMAG=9.493|KREFMAG=9.423|TBV=2.404|TV_BV=-0.094,1,,Z,-15.622,-15.632,,ZZ MIC,VSS,STD,,,,
2458343.16263,9.526,,,V,ARX,,HD 200027,,K V B-V FROM TYCHOII,CREFMAG=9.493|KREFMAG=9.423|TBV=2.404|TV_BV=-0.094,1,,Z,-15.606,-15.630,,ZZ MIC,VSS,STD,,,,
2458343.16484,9.562,,,V,ARX,,HD 200027,,K V B-V FROM TYCHOII,CREFMAG=9.493|KREFMAG=9.423|TBV=2.404|TV_BV=-0.094,1,,Z,-15.614,-15.637,,ZZ MIC,VSS,STD,,,,
2458343.16705,9.565,,,V,ARX,,HD 200027,,K V B-V FROM TYCHOII,CREFMAG=9.493|KREFMAG=9.423|TBV=2.404|TV_BV=-0.094,1,,Z,-15.615,-15.632,,ZZ MIC,VSS,STD,,,,
2458343.16925,9.570,,,V,ARX,,HD 200027,,K V B-V FROM TYCHOII,CREFMAG=9.493|KREFMAG=9.423|TBV=2.404|TV_BV=-0.094,1,,Z,-15.613,-15.619,,ZZ MIC,VSS,STD,,,,
2458343.17146,9.570,,,V,ARX,,HD 200027,,K V B-V FROM TYCHOII,CREFMAG=9.493|KREFMAG=9.423|TBV=2.404|TV_BV=-0.094,1,,Z,-15.614,-15.630,,ZZ MIC,VSS,STD,,,,
2458343.17367,9.581,,,V,ARX,,HD 200027,,K V B-V FROM TYCHOII,CREFMAG=9.493|KREFMAG=9.423|TBV=2.404|TV_BV=-0.094,1,,Z,-15.601,-15.627,,ZZ MIC,VSS,STD,,,,
2458343.17588,9.598,,,V,ARX,,HD 200027,,K V B-V FROM TYCHOII,CREFMAG=9.493|KREFMAG=9.423|TBV=2.404|TV_BV=-0.094,1,,Z,-15.606,-15.624,,ZZ MIC,VSS,STD,,,,
2458343.17808,9.600,,,V,ARX,,HD 200027,,K V B-V FROM TYCHOII,CREFMAG=9.493|KREFMAG=9.423|TBV=2.404|TV_BV=-0.094,1,,Z,-15.603,-15.626,,ZZ MIC,VSS,STD,,,,
2458343.18029,9.585,,,V,ARX,,HD 200027,,K V B-V FROM TYCHOII,CREFMAG=9.493|KREFMAG=9.423|TBV=2.404|TV_BV=-0.094,1,,Z,-15.606,-15.622,,ZZ MIC,VSS,STD,,,,
2458343.18249,9.595,,,V,ARX,,HD 200027,,K V B-V FROM TYCHOII,CREFMAG=9.493|KREFMAG=9.423|TBV=2.404|TV_BV=-0.094,1,,Z,-15.606,-15.617,,ZZ MIC,VSS,STD,,,,
2458343.18470,9.566,,,V,ARX,,HD 200027,,K V B-V FROM TYCHOII,CREFMAG=9.493|KREFMAG=9.423|TBV=2.404|TV_BV=-0.094,1,,Z,-15.600,-15.622,,ZZ MIC,VSS,STD,,,,
2458343.18691,9.517,,,V,ARX,,HD 200027,,K V B-V FROM TYCHOII,CREFMAG=9.493|KREFMAG=9.423|TBV=2.404|TV_BV=-0.094,1,,Z,-15.596,-15.620,,ZZ MIC,VSS,STD,,,,
2458343.18912,9.501,,,V,ARX,,HD 200027,,K V B-V FROM TYCHOII,CREFMAG=9.493|KREFMAG=9.423|TBV=2.404|TV_BV=-0.094,1,,Z,-15.601,-15.611,,ZZ MIC,VSS,STD,,,,
2458343.19132,9.463,,,V,ARX,,HD 200027,,K V B-V FROM TYCHOII,CREFMAG=9.493|KREFMAG=9.423|TBV=2.404|TV_BV=-0.094,1,,Z,-15.595,-15.614,,ZZ MIC,VSS,STD,,,,
2458343.19352,9.414,,,V,ARX,,HD 200027,,K V B-V FROM TYCHOII,CREFMAG=9.493|KREFMAG=9.423|TBV=2.404|TV_BV=-0.094,1,,Z,-15.598,-15.611,,ZZ MIC,VSS,STD,,,,
2458343.19573,9.356,,,V,ARX,,HD 200027,,K V B-V FROM TYCHOII,CREFMAG=9.493|KREFMAG=9.423|TBV=2.404|TV_BV=-0.094,1,,Z,-15.597,-15.606,,ZZ MIC,VSS,STD,,,,
2458343.19794,9.302,,,V,ARX,,HD 200027,,K V B-V FROM TYCHOII,CREFMAG=9.493|KREFMAG=9.423|TBV=2.404|TV_BV=-0.094,1,,Z,-15.591,-15.605,,ZZ MIC,VSS,STD,,,,
2458343.20014,9.245,,,V,ARX,,HD 200027,,K V B-V FROM TYCHOII,CREFMAG=9.493|KREFMAG=9.423|TBV=2.404|TV_BV=-0.094,1,,Z,-15.586,-15.612,,ZZ MIC,VSS,STD,,,,
2458343.20235,9.237,,,V,ARX,,HD 200027,,K V B-V FROM TYCHOII,CREFMAG=9.493|KREFMAG=9.423|TBV=2.404|TV_BV=-0.094,1,,Z,-15.591,-15.600,,ZZ MIC,VSS,STD,,,,
2458343.20456,9.217,,,V,ARX,,HD 200027,,K V B-V FROM TYCHOII,CREFMAG=9.493|KREFMAG=9.423|TBV=2.404|TV_BV=-0.094,1,,Z,-15.585,-15.604,,ZZ MIC,VSS,STD,,,,
2458343.20676,9.242,,,V,ARX,,HD 200027,,K V B-V FROM TYCHOII,CREFMAG=9.493|KREFMAG=9.423|TBV=2.404|TV_BV=-0.094,1,,Z,-15.586,-15.598,,ZZ MIC,VSS,STD,,,,
2458343.20897,9.253,,,V,ARX,,HD 200027,,K V B-V FROM TYCHOII,CREFMAG=9.493|KREFMAG=9.423|TBV=2.404|TV_BV=-0.094,1,,Z,-15.568,-15.593,,ZZ MIC,VSS,STD,,,,
2458343.21118,9.295,,,V,ARX,,HD 200027,,K V B-V FROM TYCHOII,CREFMAG=9.493|KREFMAG=9.423|TBV=2.404|TV_BV=-0.094,1,,Z,-15.568,-15.587,,ZZ MIC,VSS,STD,,,,
2458343.21339,9.326,,,V,ARX,,HD 200027,,K V B-V FROM TYCHOII,CREFMAG=9.493|KREFMAG=9.423|TBV=2.404|TV_BV=-0.094,1,,Z,-15.566,-15.579,,ZZ MIC,VSS,STD,,,,
2458343.21559,9.357,,,V,ARX,,HD 200027,,K V B-V FROM TYCHOII,CREFMAG=9.493|KREFMAG=9.423|TBV=2.404|TV_BV=-0.094,1,,Z,-15.562,-15.577,,ZZ MIC,VSS,STD,,,,
2458343.21780,9.400,,,V,ARX,,HD 200027,,K V B-V FROM TYCHOII,CREFMAG=9.493|KREFMAG=9.423|TBV=2.404|TV_BV=-0.094,1,,Z,-15.565,-15.576,,ZZ MIC,VSS,STD,,,,
2458343.22001,9.430,,,V,ARX,,HD 200027,,K V B-V FROM TYCHOII,CREFMAG=9.493|KREFMAG=9.423|TBV=2.404|TV_BV=-0.094,1,,Z,-15.556,-15.576,,ZZ MIC,VSS,STD,,,,
2458343.22221,9.451,,,V,ARX,,HD 200027,,K V B-V FROM TYCHOII,CREFMAG=9.493|KREFMAG=9.423|TBV=2.404|TV_BV=-0.094,1,,Z,-15.548,-15.568,,ZZ MIC,VSS,STD,,,,
2458343.22442,9.498,,,V,ARX,,HD 200027,,K V B-V FROM TYCHOII,CREFMAG=9.493|KREFMAG=9.423|TBV=2.404|TV_BV=-0.094,1,,Z,-15.550,-15.570,,ZZ MIC,VSS,STD,,,,
2458343.22663,9.511,,,V,ARX,,HD 200027,,K V B-V FROM TYCHOII,CREFMAG=9.493|KREFMAG=9.423|TBV=2.404|TV_BV=-0.094,1,,Z,-15.546,-15.558,,ZZ MIC,VSS,STD,,,,
2458343.22884,9.528,,,V,ARX,,HD 200027,,K V B-V FROM TYCHOII,CREFMAG=9.493|KREFMAG=9.423|TBV=2.404|TV_BV=-0.094,1,,Z,-15.535,-15.550,,ZZ MIC,VSS,STD,,,,
2458343.23105,9.535,,,V,ARX,,HD 200027,,K V B-V FROM TYCHOII,CREFMAG=9.493|KREFMAG=9.423|TBV=2.404|TV_BV=-0.094,1,,Z,-15.529,-15.548,,ZZ MIC,VSS,STD,,,,
2458343.23325,9.563,,,V,ARX,,HD 200027,,K V B-V FROM TYCHOII,CREFMAG=9.493|KREFMAG=9.423|TBV=2.404|TV_BV=-0.094,1,,Z,-15.528,-15.533,,ZZ MIC,VSS,STD,,,,
2458343.23546,9.582,,,V,ARX,,HD 200027,,K V B-V FROM TYCHOII,CREFMAG=9.493|KREFMAG=9.423|TBV=2.404|TV_BV=-0.094,1,,Z,-15.519,-15.537,,ZZ MIC,VSS,STD,,,,
2458343.23766,9.585,,,V,ARX,,HD 200027,,K V B-V FROM TYCHOII,CREFMAG=9.493|KREFMAG=9.423|TBV=2.404|TV_BV=-0.094,1,,Z,-15.519,-15.535,,ZZ MIC,VSS,STD,,,,
2458343.23987,9.589,,,V,ARX,,HD 200027,,K V B-V FROM TYCHOII,CREFMAG=9.493|KREFMAG=9.423|TBV=2.404|TV_BV=-0.094,1,,Z,-15.504,-15.530,,ZZ MIC,VSS,STD,,,,
2458343.24208,9.600,,,V,ARX,,HD 200027,,K V B-V FROM TYCHOII,CREFMAG=9.493|KREFMAG=9.423|TBV=2.404|TV_BV=-0.094,1,,Z,-15.508,-15.526,,ZZ MIC,VSS,STD,,,,
2458343.24428,9.607,,,V,ARX,,HD 200027,,K V B-V FROM TYCHOII,CREFMAG=9.493|KREFMAG=9.423|TBV=2.404|TV_BV=-0.094,1,,Z,-15.497,-15.524,,ZZ MIC,VSS,STD,,,,
2458343.24649,9.595,,,V,ARX,,HD 200027,,K V B-V FROM TYCHOII,CREFMAG=9.493|KREFMAG=9.423|TBV=2.404|TV_BV=-0.094,1,,Z,-15.498,-15.509,,ZZ MIC,VSS,STD,,,,
2458343.24869,9.577,,,V,ARX,,HD 200027,,K V B-V FROM TYCHOII,CREFMAG=9.493|KREFMAG=9.423|TBV=2.404|TV_BV=-0.094,1,,Z,-15.490,-15.507,,ZZ MIC,VSS,STD,,,,
2458343.25090,9.567,,,V,ARX,,HD 200027,,K V B-V FROM TYCHOII,CREFMAG=9.493|KREFMAG=9.423|TBV=2.404|TV_BV=-0.094,1,,Z,-15.489,-15.504,,ZZ MIC,VSS,STD,,,,
2458343.25311,9.543,,,V,ARX,,HD 200027,,K V B-V FROM TYCHOII,CREFMAG=9.493|KREFMAG=9.423|TBV=2.404|TV_BV=-0.094,1,,Z,-15.483,-15.486,,ZZ MIC,VSS,STD,,,,
2458343.25532,9.503,,,V,ARX,,HD 200027,,K V B-V FROM TYCHOII,CREFMAG=9.493|KREFMAG=9.423|TBV=2.404|TV_BV=-0.094,1,,Z,-15.475,-15.487,,ZZ MIC,VSS,STD,,,,
2458343.25752,9.467,,,V,ARX,,HD 200027,,K V B-V FROM TYCHOII,CREFMAG=9.493|KREFMAG=9.423|TBV=2.404|TV_BV=-0.094,1,,Z,-15.454,-15.478,,ZZ MIC,VSS,STD,,,,
2458343.25973,9.428,,,V,ARX,,HD 200027,,K V B-V FROM TYCHOII,CREFMAG=9.493|KREFMAG=9.423|TBV=2.404|TV_BV=-0.094,1,,Z,-15.460,-15.471,,ZZ MIC,VSS,STD,,,,
2458343.26194,9.357,,,V,ARX,,HD 200027,,K V B-V FROM TYCHOII,CREFMAG=9.493|KREFMAG=9.423|TBV=2.404|TV_BV=-0.094,1,,Z,-15.448,-15.468,,ZZ MIC,VSS,STD,,,,
2458343.26416,9.281,,,V,ARX,,HD 200027,,K V B-V FROM TYCHOII,CREFMAG=9.493|KREFMAG=9.423|TBV=2.404|TV_BV=-0.094,1,,Z,-15.435,-15.460,,ZZ MIC,VSS,STD,,,,
2458343.26637,9.241,,,V,ARX,,HD 200027,,K V B-V FROM TYCHOII,CREFMAG=9.493|KREFMAG=9.423|TBV=2.404|TV_BV=-0.094,1,,Z,-15.445,-15.455,,ZZ MIC,VSS,STD,,,,
2458343.26857,9.221,,,V,ARX,,HD 200027,,K V B-V FROM TYCHOII,CREFMAG=9.493|KREFMAG=9.423|TBV=2.404|TV_BV=-0.094,1,,Z,-15.435,-15.449,,ZZ MIC,VSS,STD,,,,
2458343.27078,9.225,,,V,ARX,,HD 200027,,K V B-V FROM TYCHOII,CREFMAG=9.493|KREFMAG=9.423|TBV=2.404|TV_BV=-0.094,1,,Z,-15.424,-15.433,,ZZ MIC,VSS,STD,,,,
2458343.27299,9.229,,,V,ARX,,HD 200027,,K V B-V FROM TYCHOII,CREFMAG=9.493|KREFMAG=9.423|TBV=2.404|TV_BV=-0.094,1,,Z,-15.423,-15.431,,ZZ MIC,VSS,STD,,,,
2458343.27520,9.239,,,V,ARX,,HD 200027,,K V B-V FROM TYCHOII,CREFMAG=9.493|KREFMAG=9.423|TBV=2.404|TV_BV=-0.094,1,,Z,-15.396,-15.414,,ZZ MIC,VSS,STD,,,,
2458343.27740,9.292,,,V,ARX,,HD 200027,,K V B-V FROM TYCHOII,CREFMAG=9.493|KREFMAG=9.423|TBV=2.404|TV_BV=-0.094,1,,Z,-15.397,-15.425,,ZZ MIC,VSS,STD,,,,
2458343.27962,9.327,,,V,ARX,,HD 200027,,K V B-V FROM TYCHOII,CREFMAG=9.493|KREFMAG=9.423|TBV=2.404|TV_BV=-0.094,1,,Z,-15.400,-15.410,,ZZ MIC,VSS,STD,,,,
2458343.28183,9.415,,,V,ARX,,HD 200027,,K V B-V FROM TYCHOII,CREFMAG=9.493|KREFMAG=9.423|TBV=2.404|TV_BV=-0.094,1,,Z,-15.389,-15.389,,ZZ MIC,VSS,STD,,,,
2460567.923166,9.45,0.0,,V,NLX,,UCAC4 237-172142,237-172119,X38805ALB,|VMAGINS=16.10|CMAGINS=16.88|CREFMAG=10.23|CREFERR=0.00|KMAGINS=18.24|KREFMAG=11.38|KREFERR=0.01,0,1.071,Z,16.88,18.24,,ZZ Mic,,STD,,,,
2460567.923491,9.46,0.0,,V,NLX,,UCAC4 237-172142,237-172119,X38805ALB,|VMAGINS=16.09|CMAGINS=16.86|CREFMAG=10.23|CREFERR=0.00|KMAGINS=18.22|KREFMAG=11.38|KREFERR=0.01,0,1.071,Z,16.86,18.22,,ZZ Mic,,STD,,,,
2460567.923744,9.47,0.0,,V,NLX,,UCAC4 237-172142,237-172119,X38805ALB,|VMAGINS=16.10|CMAGINS=16.86|CREFMAG=10.23|CREFERR=0.00|KMAGINS=18.22|KREFMAG=11.38|KREFERR=0.01,0,1.07,Z,16.86,18.22,,ZZ Mic,,STD,,,,
2460567.924071,9.48,0.0,,V,NLX,,UCAC4 237-172142,237-172119,X38805ALB,|VMAGINS=16.10|CMAGINS=16.85|CREFMAG=10.23|CREFERR=0.00|KMAGINS=18.20|KREFMAG=11.38|KREFERR=0.01,0,1.07,Z,16.85,18.2,,ZZ Mic,,STD,,,,
2460567.924322,9.47,0.0,,V,NLX,,UCAC4 237-172142,237-172119,X38805ALB,|VMAGINS=16.10|CMAGINS=16.85|CREFMAG=10.23|CREFERR=0.00|KMAGINS=18.23|KREFMAG=11.38|KREFERR=0.01,0,1.069,Z,16.85,18.23,,ZZ Mic,,STD,,,,
2460567.924574,9.47,0.0,,V,NLX,,UCAC4 237-172142,237-172119,X38805ALB,|VMAGINS=16.08|CMAGINS=16.84|CREFMAG=10.23|CREFERR=0.00|KMAGINS=18.20|KREFMAG=11.38|KREFERR=0.01,0,1.069,Z,16.84,18.2,,ZZ Mic,,STD,,,,
2460567.924824,9.48,0.0,,V,NLX,,UCAC4 237-172142,237-172119,X38805ALB,|VMAGINS=16.09|CMAGINS=16.84|CREFMAG=10.23|CREFERR=0.00|KMAGINS=18.21|KREFMAG=11.38|KREFERR=0.01,0,1.068,Z,16.84,18.21,,ZZ Mic,,STD,,,,
2460567.92508,9.49,0.0,,V,NLX,,UCAC4 237-172142,237-172119,X38805ALB,|VMAGINS=16.10|CMAGINS=16.84|CREFMAG=10.23|CREFERR=0.00|KMAGINS=18.21|KREFMAG=11.38|KREFERR=0.01,0,1.068,Z,16.84,18.21,,ZZ Mic,,STD,,,,
2460567.925406,9.49,0.0,,V,NLX,,UCAC4 237-172142,237-172119,X38805ALB,|VMAGINS=16.12|CMAGINS=16.86|CREFMAG=10.23|CREFERR=0.00|KMAGINS=18.23|KREFMAG=11.38|KREFERR=0.01,0,1.067,Z,16.86,18.23,,ZZ Mic,,STD,,,,
2460567.925653,9.49,0.0,,V,NLX,,UCAC4 237-172142,237-172119,X38805ALB,|VMAGINS=16.10|CMAGINS=16.84|CREFMAG=10.23|CREFERR=0.00|KMAGINS=18.22|KREFMAG=11.38|KREFERR=0.01,0,1.067,Z,16.84,18.22,,ZZ Mic,,STD,,,,
2460567.925902,9.5,0.0,,V,NLX,,UCAC4 237-172142,237-172119,X38805ALB,|VMAGINS=16.12|CMAGINS=16.85|CREFMAG=10.23|CREFERR=0.00|KMAGINS=18.23|KREFMAG=11.38|KREFERR=0.01,0,1.066,Z,16.85,18.23,,ZZ Mic,,STD,,,,
2460567.926153,9.5,0.0,,V,NLX,,UCAC4 237-172142,237-172119,X38805ALB,|VMAGINS=16.13|CMAGINS=16.87|CREFMAG=10.23|CREFERR=0.00|KMAGINS=18.23|KREFMAG=11.38|KREFERR=0.01,0,1.066,Z,16.87,18.23,,ZZ Mic,,STD,,,,
2460567.92641,9.51,0.0,,V,NLX,,UCAC4 237-172142,237-172119,X38805ALB,|VMAGINS=16.14|CMAGINS=16.86|CREFMAG=10.23|CREFERR=0.00|KMAGINS=18.23|KREFMAG=11.38|KREFERR=0.01,0,1.065,Z,16.86,18.23,,ZZ Mic,,STD,,,,
2460567.926743,9.51,0.0,,V,NLX,,UCAC4 237-172142,237-172119,X38805ALB,|VMAGINS=16.13|CMAGINS=16.85|CREFMAG=10.23|CREFERR=0.00|KMAGINS=18.20|KREFMAG=11.38|KREFERR=0.01,0,1.065,Z,16.85,18.2,,ZZ Mic,,STD,,,,
2460567.926992,9.51,0.0,,V,NLX,,UCAC4 237-172142,237-172119,X38805ALB,|VMAGINS=16.15|CMAGINS=16.86|CREFMAG=10.23|CREFERR=0.00|KMAGINS=18.22|KREFMAG=11.38|KREFERR=0.01,0,1.064,Z,16.86,18.22,,ZZ Mic,,STD,,,,
2460567.927244,9.52,0.0,,V,NLX,,UCAC4 237-172142,237-172119,X38805ALB,|VMAGINS=16.14|CMAGINS=16.85|CREFMAG=10.23|CREFERR=0.00|KMAGINS=18.22|KREFMAG=11.38|KREFERR=0.01,0,1.064,Z,16.85,18.22,,ZZ Mic,,STD,,,,
2460567.927494,9.52,0.0,,V,NLX,,UCAC4 237-172142,237-172119,X38805ALB,|VMAGINS=16.13|CMAGINS=16.83|CREFMAG=10.23|CREFERR=0.00|KMAGINS=18.21|KREFMAG=11.38|KREFERR=0.01,0,1.063,Z,16.83,18.21,,ZZ Mic,,STD,,,,
2460567.927818,9.53,0.0,,V,NLX,,UCAC4 237-172142,237-172119,X38805ALB,|VMAGINS=16.14|CMAGINS=16.84|CREFMAG=10.23|CREFERR=0.00|KMAGINS=18.21|KREFMAG=11.38|KREFERR=0.01,0,1.063,Z,16.84,18.21,,ZZ Mic,,STD,,,,
2460567.928067,9.54,0.0,,V,NLX,,UCAC4 237-172142,237-172119,X38805ALB,|VMAGINS=16.14|CMAGINS=16.83|CREFMAG=10.23|CREFERR=0.00|KMAGINS=18.20|KREFMAG=11.38|KREFERR=0.01,0,1.062,Z,16.83,18.2,,ZZ Mic,,STD,,,,
2460567.928317,9.53,0.0,,V,NLX,,UCAC4 237-172142,237-172119,X38805ALB,|VMAGINS=16.14|CMAGINS=16.84|CREFMAG=10.23|CREFERR=0.00|KMAGINS=18.21|KREFMAG=11.38|KREFERR=0.01,0,1.062,Z,16.84,18.21,,ZZ Mic,,STD,,,,
2460567.928642,9.54,0.0,,V,NLX,,UCAC4 237-172142,237-172119,X38805ALB,|VMAGINS=16.14|CMAGINS=16.83|CREFMAG=10.23|CREFERR=0.00|KMAGINS=18.21|KREFMAG=11.38|KREFERR=0.01,0,1.061,Z,16.83,18.21,,ZZ Mic,,STD,,,,
2460567.928892,9.55,0.0,,V,NLX,,UCAC4 237-172142,237-172119,X38805ALB,|VMAGINS=16.16|CMAGINS=16.84|CREFMAG=10.23|CREFERR=0.00|KMAGINS=18.21|KREFMAG=11.38|KREFERR=0.01,0,1.061,Z,16.84,18.21,,ZZ Mic,,STD,,,,
2460567.929142,9.55,0.0,,V,NLX,,UCAC4 237-172142,237-172119,X38805ALB,|VMAGINS=16.16|CMAGINS=16.84|CREFMAG=10.23|CREFERR=0.00|KMAGINS=18.21|KREFMAG=11.38|KREFERR=0.01,0,1.061,Z,16.84,18.21,,ZZ Mic,,STD,,,,
2460567.929392,9.55,0.0,,V,NLX,,UCAC4 237-172142,237-172119,X38805ALB,|VMAGINS=16.18|CMAGINS=16.85|CREFMAG=10.23|CREFERR=0.00|KMAGINS=18.22|KREFMAG=11.38|KREFERR=0.01,0,1.06,Z,16.85,18.22,,ZZ Mic,,STD,,,,
2460567.929723,9.56,0.0,,V,NLX,,UCAC4 237-172142,237-172119,X38805ALB,|VMAGINS=16.16|CMAGINS=16.83|CREFMAG=10.23|CREFERR=0.00|KMAGINS=18.20|KREFMAG=11.38|KREFERR=0.01,0,1.06,Z,16.83,18.2,,ZZ Mic,,STD,,,,
2460567.929971,9.55,0.0,,V,NLX,,UCAC4 237-172142,237-172119,X38805ALB,|VMAGINS=16.17|CMAGINS=16.84|CREFMAG=10.23|CREFERR=0.00|KMAGINS=18.20|KREFMAG=11.38|KREFERR=0.01,0,1.059,Z,16.84,18.2,,ZZ Mic,,STD,,,,
2460567.930224,9.56,0.0,,V,NLX,,UCAC4 237-172142,237-172119,X38805ALB,|VMAGINS=16.16|CMAGINS=16.83|CREFMAG=10.23|CREFERR=0.00|KMAGINS=18.20|KREFMAG=11.38|KREFERR=0.01,0,1.059,Z,16.83,18.2,,ZZ Mic,,STD,,,,
2460567.930473,9.56,0.0,,V,NLX,,UCAC4 237-172142,237-172119,X38805ALB,|VMAGINS=16.17|CMAGINS=16.84|CREFMAG=10.23|CREFERR=0.00|KMAGINS=18.20|KREFMAG=11.38|KREFERR=0.01,0,1.058,Z,16.84,18.2,,ZZ Mic,,STD,,,,
2460567.930846,9.58,0.0,,V,NLX,,UCAC4 237-172142,237-172119,X38805ALB,|VMAGINS=16.18|CMAGINS=16.83|CREFMAG=10.23|CREFERR=0.00|KMAGINS=18.20|KREFMAG=11.38|KREFERR=0.01,0,1.057,Z,16.83,18.2,,ZZ Mic,,STD,,,,
2460567.931096,9.57,0.0,,V,NLX,,UCAC4 237-172142,237-172119,X38805ALB,|VMAGINS=16.19|CMAGINS=16.85|CREFMAG=10.23|CREFERR=0.00|KMAGINS=18.22|KREFMAG=11.38|KREFERR=0.01,0,1.057,Z,16.85,18.22,,ZZ Mic,,STD,,,,
2460567.93135,9.57,0.0,,V,NLX,,UCAC4 237-172142,237-172119,X38805ALB,|VMAGINS=16.20|CMAGINS=16.86|CREFMAG=10.23|CREFERR=0.00|KMAGINS=18.24|KREFMAG=11.38|KREFERR=0.01,0,1.057,Z,16.86,18.24,,ZZ Mic,,STD,,,,
2460567.931604,9.58,0.0,,V,NLX,,UCAC4 237-172142,237-172119,X38805ALB,|VMAGINS=16.20|CMAGINS=16.85|CREFMAG=10.23|CREFERR=0.00|KMAGINS=18.22|KREFMAG=11.38|KREFERR=0.01,0,1.056,Z,16.85,18.22,,ZZ Mic,,STD,,,,
2460567.931915,9.58,0.0,,V,NLX,,UCAC4 237-172142,237-172119,X38805ALB,|VMAGINS=16.20|CMAGINS=16.84|CREFMAG=10.23|CREFERR=0.00|KMAGINS=18.22|KREFMAG=11.38|KREFERR=0.01,0,1.056,Z,16.84,18.22,,ZZ Mic,,STD,,,,
2460567.932164,9.58,0.0,,V,NLX,,UCAC4 237-172142,237-172119,X38805ALB,|VMAGINS=16.20|CMAGINS=16.85|CREFMAG=10.23|CREFERR=0.00|KMAGINS=18.21|KREFMAG=11.38|KREFERR=0.01,0,1.055,Z,16.85,18.21,,ZZ Mic,,STD,,,,
2460567.932418,9.6,0.0,,V,NLX,,UCAC4 237-172142,237-172119,X38805ALB,|VMAGINS=16.20|CMAGINS=16.84|CREFMAG=10.23|CREFERR=0.00|KMAGINS=18.22|KREFMAG=11.38|KREFERR=0.01,0,1.055,Z,16.84,18.22,,ZZ Mic,,STD,,,,
2460567.932744,9.59,0.0,,V,NLX,,UCAC4 237-172142,237-172119,X38805ALB,|VMAGINS=16.20|CMAGINS=16.84|CREFMAG=10.23|CREFERR=0.00|KMAGINS=18.21|KREFMAG=11.38|KREFERR=0.01,0,1.055,Z,16.84,18.21,,ZZ Mic,,STD,,,,
2460567.932992,9.6,0.0,,V,NLX,,UCAC4 237-172142,237-172119,X38805ALB,|VMAGINS=16.21|CMAGINS=16.84|CREFMAG=10.23|CREFERR=0.00|KMAGINS=18.21|KREFMAG=11.38|KREFERR=0.01,0,1.054,Z,16.84,18.21,,ZZ Mic,,STD,,,,
2460567.933246,9.6,0.0,,V,NLX,,UCAC4 237-172142,237-172119,X38805ALB,|VMAGINS=16.22|CMAGINS=16.85|CREFMAG=10.23|CREFERR=0.00|KMAGINS=18.21|KREFMAG=11.38|KREFERR=0.01,0,1.054,Z,16.85,18.21,,ZZ Mic,,STD,,,,
2460567.933571,9.6,0.0,,V,NLX,,UCAC4 237-172142,237-172119,X38805ALB,|VMAGINS=16.22|CMAGINS=16.85|CREFMAG=10.23|CREFERR=0.00|KMAGINS=18.21|KREFMAG=11.38|KREFERR=0.01,0,1.053,Z,16.85,18.21,,ZZ Mic,,STD,,,,
2460567.933823,9.6,0.0,,V,NLX,,UCAC4 237-172142,237-172119,X38805ALB,|VMAGINS=16.22|CMAGINS=16.85|CREFMAG=10.23|CREFERR=0.00|KMAGINS=18.22|KREFMAG=11.38|KREFERR=0.01,0,1.053,Z,16.85,18.22,,ZZ Mic,,STD,,,,
2460567.934149,9.61,0.0,,V,NLX,,UCAC4 237-172142,237-172119,X38805ALB,|VMAGINS=16.21|CMAGINS=16.84|CREFMAG=10.23|CREFERR=0.00|KMAGINS=18.21|KREFMAG=11.38|KREFERR=0.01,0,1.052,Z,16.84,18.21,,ZZ Mic,,STD,,,,
2460567.934403,9.61,0.0,,V,NLX,,UCAC4 237-172142,237-172119,X38805ALB,|VMAGINS=16.22|CMAGINS=16.84|CREFMAG=10.23|CREFERR=0.00|KMAGINS=18.20|KREFMAG=11.38|KREFERR=0.01,0,1.052,Z,16.84,18.2,,ZZ Mic,,STD,,,,
2460567.934657,9.61,0.0,,V,NLX,,UCAC4 237-172142,237-172119,X38805ALB,|VMAGINS=16.25|CMAGINS=16.87|CREFMAG=10.23|CREFERR=0.00|KMAGINS=18.23|KREFMAG=11.38|KREFERR=0.01,0,1.051,Z,16.87,18.23,,ZZ Mic,,STD,,,,
2460567.934984,9.62,0.0,,V,NLX,,UCAC4 237-172142,237-172119,X38805ALB,|VMAGINS=16.22|CMAGINS=16.84|CREFMAG=10.23|CREFERR=0.00|KMAGINS=18.21|KREFMAG=11.38|KREFERR=0.01,0,1.051,Z,16.84,18.21,,ZZ Mic,,STD,,,,
2460567.935233,9.62,0.0,,V,NLX,,UCAC4 237-172142,237-172119,X38805ALB,|VMAGINS=16.23|CMAGINS=16.85|CREFMAG=10.23|CREFERR=0.00|KMAGINS=18.22|KREFMAG=11.38|KREFERR=0.01,0,1.051,Z,16.85,18.22,,ZZ Mic,,STD,,,,
2460567.935483,9.61,0.0,,V,NLX,,UCAC4 237-172142,237-172119,X38805ALB,|VMAGINS=16.23|CMAGINS=16.85|CREFMAG=10.23|CREFERR=0.00|KMAGINS=18.21|KREFMAG=11.38|KREFERR=0.01,0,1.05,Z,16.85,18.21,,ZZ Mic,,STD,,,,
2460567.93581,9.63,0.0,,V,NLX,,UCAC4 237-172142,237-172119,X38805ALB,|VMAGINS=16.24|CMAGINS=16.84|CREFMAG=10.23|CREFERR=0.00|KMAGINS=18.21|KREFMAG=11.38|KREFERR=0.01,0,1.05,Z,16.84,18.21,,ZZ Mic,,STD,,,,
2460567.936065,9.63,0.0,,V,NLX,,UCAC4 237-172142,237-172119,X38805ALB,|VMAGINS=16.24|CMAGINS=16.84|CREFMAG=10.23|CREFERR=0.00|KMAGINS=18.23|KREFMAG=11.38|KREFERR=0.01,0,1.049,Z,16.84,18.23,,ZZ Mic,,STD,,,,
2460567.936393,9.62,0.0,,V,NLX,,UCAC4 237-172142,237-172119,X38805ALB,|VMAGINS=16.25|CMAGINS=16.86|CREFMAG=10.23|CREFERR=0.00|KMAGINS=18.21|KREFMAG=11.38|KREFERR=0.01,0,1.049,Z,16.86,18.21,,ZZ Mic,,STD,,,,
2460567.936643,9.63,0.0,,V,NLX,,UCAC4 237-172142,237-172119,X38805ALB,|VMAGINS=16.26|CMAGINS=16.86|CREFMAG=10.23|CREFERR=0.00|KMAGINS=18.23|KREFMAG=11.38|KREFERR=0.01,0,1.048,Z,16.86,18.23,,ZZ Mic,,STD,,,,
2460567.936973,9.63,0.0,,V,NLX,,UCAC4 237-172142,237-172119,X38805ALB,|VMAGINS=16.24|CMAGINS=16.84|CREFMAG=10.23|CREFERR=0.00|KMAGINS=18.22|KREFMAG=11.38|KREFERR=0.01,0,1.048,Z,16.84,18.22,,ZZ Mic,,STD,,,,
2460567.937224,9.63,0.0,,V,NLX,,UCAC4 237-172142,237-172119,X38805ALB,|VMAGINS=16.26|CMAGINS=16.86|CREFMAG=10.23|CREFERR=0.00|KMAGINS=18.23|KREFMAG=11.38|KREFERR=0.01,0,1.048,Z,16.86,18.23,,ZZ Mic,,STD,,,,
2460567.937476,9.64,0.0,,V,NLX,,UCAC4 237-172142,237-172119,X38805ALB,|VMAGINS=16.26|CMAGINS=16.85|CREFMAG=10.23|CREFERR=0.00|KMAGINS=18.23|KREFMAG=11.38|KREFERR=0.01,0,1.047,Z,16.85,18.23,,ZZ Mic,,STD,,,,
2460567.937724,9.64,0.0,,V,NLX,,UCAC4 237-172142,237-172119,X38805ALB,|VMAGINS=16.29|CMAGINS=16.87|CREFMAG=10.23|CREFERR=0.00|KMAGINS=18.25|KREFMAG=11.38|KREFERR=0.01,0,1.047,Z,16.87,18.25,,ZZ Mic,,STD,,,,
2460567.938054,9.65,0.0,,V,NLX,,UCAC4 237-172142,237-172119,X38805ALB,|VMAGINS=16.29|CMAGINS=16.87|CREFMAG=10.23|CREFERR=0.00|KMAGINS=18.23|KREFMAG=11.38|KREFERR=0.01,0,1.046,Z,16.87,18.23,,ZZ Mic,,STD,,,,
2460567.938304,9.64,0.0,,V,NLX,,UCAC4 237-172142,237-172119,X38805ALB,|VMAGINS=16.26|CMAGINS=16.85|CREFMAG=10.23|CREFERR=0.00|KMAGINS=18.22|KREFMAG=11.38|KREFERR=0.01,0,1.046,Z,16.85,18.22,,ZZ Mic,,STD,,,,
2460567.938557,9.64,0.0,,V,NLX,,UCAC4 237-172142,237-172119,X38805ALB,|VMAGINS=16.26|CMAGINS=16.85|CREFMAG=10.23|CREFERR=0.00|KMAGINS=18.23|KREFMAG=11.38|KREFERR=0.01,0,1.046,Z,16.85,18.23,,ZZ Mic,,STD,,,,
2460567.938891,9.63,0.0,,V,NLX,,UCAC4 237-172142,237-172119,X38805ALB,|VMAGINS=16.25|CMAGINS=16.85|CREFMAG=10.23|CREFERR=0.00|KMAGINS=18.22|KREFMAG=11.38|KREFERR=0.01,0,1.045,Z,16.85,18.22,,ZZ Mic,,STD,,,,
2460567.939144,9.66,0.0,,V,NLX,,UCAC4 237-172142,237-172119,X38805ALB,|VMAGINS=16.29|CMAGINS=16.86|CREFMAG=10.23|CREFERR=0.00|KMAGINS=18.25|KREFMAG=11.38|KREFERR=0.01,0,1.045,Z,16.86,18.25,,ZZ Mic,,STD,,,,
2460567.939474,9.64,0.0,,V,NLX,,UCAC4 237-172142,237-172119,X38805ALB,|VMAGINS=16.29|CMAGINS=16.88|CREFMAG=10.23|CREFERR=0.00|KMAGINS=18.24|KREFMAG=11.38|KREFERR=0.01,0,1.044,Z,16.88,18.24,,ZZ Mic,,STD,,,,
2460567.939724,9.65,0.0,,V,NLX,,UCAC4 237-172142,237-172119,X38805ALB,|VMAGINS=16.29|CMAGINS=16.87|CREFMAG=10.23|CREFERR=0.00|KMAGINS=18.25|KREFMAG=11.38|KREFERR=0.01,0,1.044,Z,16.87,18.25,,ZZ Mic,,STD,,,,
2460567.939977,9.65,0.0,,V,NLX,,UCAC4 237-172142,237-172119,X38805ALB,|VMAGINS=16.32|CMAGINS=16.90|CREFMAG=10.23|CREFERR=0.00|KMAGINS=18.27|KREFMAG=11.38|KREFERR=0.01,0,1.044,Z,16.9,18.27,,ZZ Mic,,STD,,,,
2460567.940298,9.65,0.0,,V,NLX,,UCAC4 237-172142,237-172119,X38805ALB,|VMAGINS=16.29|CMAGINS=16.87|CREFMAG=10.23|CREFERR=0.00|KMAGINS=18.24|KREFMAG=11.38|KREFERR=0.01,0,1.043,Z,16.87,18.24,,ZZ Mic,,STD,,,,
2460567.940551,9.66,0.0,,V,NLX,,UCAC4 237-172142,237-172119,X38805ALB,|VMAGINS=16.30|CMAGINS=16.87|CREFMAG=10.23|CREFERR=0.00|KMAGINS=18.24|KREFMAG=11.38|KREFERR=0.01,0,1.043,Z,16.87,18.24,,ZZ Mic,,STD,,,,
2460567.940802,9.65,0.0,,V,NLX,,UCAC4 237-172142,237-172119,X38805ALB,|VMAGINS=16.29|CMAGINS=16.87|CREFMAG=10.23|CREFERR=0.00|KMAGINS=18.24|KREFMAG=11.38|KREFERR=0.01,0,1.042,Z,16.87,18.24,,ZZ Mic,,STD,,,,
2460567.941129,9.66,0.0,,V,NLX,,UCAC4 237-172142,237-172119,X38805ALB,|VMAGINS=16.29|CMAGINS=16.86|CREFMAG=10.23|CREFERR=0.00|KMAGINS=18.22|KREFMAG=11.38|KREFERR=0.01,0,1.042,Z,16.86,18.22,,ZZ Mic,,STD,,,,
2460567.941378,9.64,0.0,,V,NLX,,UCAC4 237-172142,237-172119,X38805ALB,|VMAGINS=16.31|CMAGINS=16.90|CREFMAG=10.23|CREFERR=0.00|KMAGINS=18.26|KREFMAG=11.38|KREFERR=0.01,0,1.042,Z,16.9,18.26,,ZZ Mic,,STD,,,,
2460567.941709,9.65,0.0,,V,NLX,,UCAC4 237-172142,237-172119,X38805ALB,|VMAGINS=16.29|CMAGINS=16.87|CREFMAG=10.23|CREFERR=0.00|KMAGINS=18.23|KREFMAG=11.38|KREFERR=0.01,0,1.041,Z,16.87,18.23,,ZZ Mic,,STD,,,,
2460567.94196,9.67,0.0,,V,NLX,,UCAC4 237-172142,237-172119,X38805ALB,|VMAGINS=16.30|CMAGINS=16.87|CREFMAG=10.23|CREFERR=0.00|KMAGINS=18.23|KREFMAG=11.38|KREFERR=0.01,0,1.041,Z,16.87,18.23,,ZZ Mic,,STD,,,,
2460567.942212,9.66,0.0,,V,NLX,,UCAC4 237-172142,237-172119,X38805ALB,|VMAGINS=16.31|CMAGINS=16.89|CREFMAG=10.23|CREFERR=0.00|KMAGINS=18.25|KREFMAG=11.38|KREFERR=0.01,0,1.041,Z,16.89,18.25,,ZZ Mic,,STD,,,,
2460567.942539,9.66,0.0,,V,NLX,,UCAC4 237-172142,237-172119,X38805ALB,|VMAGINS=16.31|CMAGINS=16.88|CREFMAG=10.23|CREFERR=0.00|KMAGINS=18.25|KREFMAG=11.38|KREFERR=0.01,0,1.04,Z,16.88,18.25,,ZZ Mic,,STD,,,,
2460567.942794,9.66,0.0,,V,NLX,,UCAC4 237-172142,237-172119,X38805ALB,|VMAGINS=16.30|CMAGINS=16.88|CREFMAG=10.23|CREFERR=0.00|KMAGINS=18.24|KREFMAG=11.38|KREFERR=0.01,0,1.04,Z,16.88,18.24,,ZZ Mic,,STD,,,,
2460567.943047,9.66,0.0,,V,NLX,,UCAC4 237-172142,237-172119,X38805ALB,|VMAGINS=16.32|CMAGINS=16.89|CREFMAG=10.23|CREFERR=0.00|KMAGINS=18.27|KREFMAG=11.38|KREFERR=0.01,0,1.039,Z,16.89,18.27,,ZZ Mic,,STD,,,,
2460567.943382,9.66,0.0,,V,NLX,,UCAC4 237-172142,237-172119,X38805ALB,|VMAGINS=16.30|CMAGINS=16.87|CREFMAG=10.23|CREFERR=0.00|KMAGINS=18.24|KREFMAG=11.38|KREFERR=0.01,0,1.039,Z,16.87,18.24,,ZZ Mic,,STD,,,,
2460567.943634,9.68,0.0,,V,NLX,,UCAC4 237-172142,237-172119,X38805ALB,|VMAGINS=16.31|CMAGINS=16.86|CREFMAG=10.23|CREFERR=0.00|KMAGINS=18.24|KREFMAG=11.38|KREFERR=0.01,0,1.039,Z,16.86,18.24,,ZZ Mic,,STD,,,,
2460567.943887,9.68,0.0,,V,NLX,,UCAC4 237-172142,237-172119,X38805ALB,|VMAGINS=16.29|CMAGINS=16.84|CREFMAG=10.23|CREFERR=0.00|KMAGINS=18.22|KREFMAG=11.38|KREFERR=0.01,0,1.038,Z,16.84,18.22,,ZZ Mic,,STD,,,,
2460567.944141,9.68,0.0,,V,NLX,,UCAC4 237-172142,237-172119,X38805ALB,|VMAGINS=16.31|CMAGINS=16.86|CREFMAG=10.23|CREFERR=0.00|KMAGINS=18.22|KREFMAG=11.38|KREFERR=0.01,0,1.038,Z,16.86,18.22,,ZZ Mic,,STD,,,,
2460567.944471,9.67,0.0,,V,NLX,,UCAC4 237-172142,237-172119,X38805ALB,|VMAGINS=16.31|CMAGINS=16.87|CREFMAG=10.23|CREFERR=0.00|KMAGINS=18.23|KREFMAG=11.38|KREFERR=0.01,0,1.038,Z,16.87,18.23,,ZZ Mic,,STD,,,,
2460567.944722,9.67,0.0,,V,NLX,,UCAC4 237-172142,237-172119,X38805ALB,|VMAGINS=16.31|CMAGINS=16.87|CREFMAG=10.23|CREFERR=0.00|KMAGINS=18.23|KREFMAG=11.38|KREFERR=0.01,0,1.037,Z,16.87,18.23,,ZZ Mic,,STD,,,,
2460567.94497,9.68,0.0,,V,NLX,,UCAC4 237-172142,237-172119,X38805ALB,|VMAGINS=16.32|CMAGINS=16.88|CREFMAG=10.23|CREFERR=0.00|KMAGINS=18.26|KREFMAG=11.38|KREFERR=0.01,0,1.037,Z,16.88,18.26,,ZZ Mic,,STD,,,,
2460567.945295,9.68,0.0,,V,NLX,,UCAC4 237-172142,237-172119,X38805ALB,|VMAGINS=16.33|CMAGINS=16.88|CREFMAG=10.23|CREFERR=0.00|KMAGINS=18.24|KREFMAG=11.38|KREFERR=0.01,0,1.037,Z,16.88,18.24,,ZZ Mic,,STD,,,,
2460567.945546,9.69,0.0,,V,NLX,,UCAC4 237-172142,237-172119,X38805ALB,|VMAGINS=16.32|CMAGINS=16.87|CREFMAG=10.23|CREFERR=0.00|KMAGINS=18.25|KREFMAG=11.38|KREFERR=0.01,0,1.036,Z,16.87,18.25,,ZZ Mic,,STD,,,,
2460567.945796,9.68,0.0,,V,NLX,,UCAC4 237-172142,237-172119,X38805ALB,|VMAGINS=16.34|CMAGINS=16.89|CREFMAG=10.23|CREFERR=0.00|KMAGINS=18.25|KREFMAG=11.38|KREFERR=0.01,0,1.036,Z,16.89,18.25,,ZZ Mic,,STD,,,,
2460567.946125,9.68,0.0,,V,NLX,,UCAC4 237-172142,237-172119,X38805ALB,|VMAGINS=16.32|CMAGINS=16.87|CREFMAG=10.23|CREFERR=0.00|KMAGINS=18.25|KREFMAG=11.38|KREFERR=0.01,0,1.035,Z,16.87,18.25,,ZZ Mic,,STD,,,,
2460567.946378,9.68,0.0,,V,NLX,,UCAC4 237-172142,237-172119,X38805ALB,|VMAGINS=16.34|CMAGINS=16.89|CREFMAG=10.23|CREFERR=0.00|KMAGINS=18.23|KREFMAG=11.38|KREFERR=0.01,0,1.035,Z,16.89,18.23,,ZZ Mic,,STD,,,,
2460567.946634,9.68,0.0,,V,NLX,,UCAC4 237-172142,237-172119,X38805ALB,|VMAGINS=16.32|CMAGINS=16.88|CREFMAG=10.23|CREFERR=0.00|KMAGINS=18.24|KREFMAG=11.38|KREFERR=0.01,0,1.035,Z,16.88,18.24,,ZZ Mic,,STD,,,,
2460567.946963,9.69,0.0,,V,NLX,,UCAC4 237-172142,237-172119,X38805ALB,|VMAGINS=16.32|CMAGINS=16.86|CREFMAG=10.23|CREFERR=0.00|KMAGINS=18.23|KREFMAG=11.38|KREFERR=0.01,0,1.034,Z,16.86,18.23,,ZZ Mic,,STD,,,,
2460567.947215,9.69,0.0,,V,NLX,,UCAC4 237-172142,237-172119,X38805ALB,|VMAGINS=16.33|CMAGINS=16.88|CREFMAG=10.23|CREFERR=0.00|KMAGINS=18.25|KREFMAG=11.38|KREFERR=0.01,0,1.034,Z,16.88,18.25,,ZZ Mic,,STD,,,,
2460567.947532,9.69,0.0,,V,NLX,,UCAC4 237-172142,237-172119,X38805ALB,|VMAGINS=16.33|CMAGINS=16.87|CREFMAG=10.23|CREFERR=0.00|KMAGINS=18.24|KREFMAG=11.38|KREFERR=0.01,0,1.034,Z,16.87,18.24,,ZZ Mic,,STD,,,,
2460567.947784,9.69,0.0,,V,NLX,,UCAC4 237-172142,237-172119,X38805ALB,|VMAGINS=16.35|CMAGINS=16.89|CREFMAG=10.23|CREFERR=0.00|KMAGINS=18.27|KREFMAG=11.38|KREFERR=0.01,0,1.033,Z,16.89,18.27,,ZZ Mic,,STD,,,,
2460567.948033,9.7,0.0,,V,NLX,,UCAC4 237-172142,237-172119,X38805ALB,|VMAGINS=16.36|CMAGINS=16.90|CREFMAG=10.23|CREFERR=0.00|KMAGINS=18.27|KREFMAG=11.38|KREFERR=0.01,0,1.033,Z,16.9,18.27,,ZZ Mic,,STD,,,,
2460567.948354,9.69,0.0,,V,NLX,,UCAC4 237-172142,237-172119,X38805ALB,|VMAGINS=16.34|CMAGINS=16.88|CREFMAG=10.23|CREFERR=0.00|KMAGINS=18.24|KREFMAG=11.38|KREFERR=0.01,0,1.033,Z,16.88,18.24,,ZZ Mic,,STD,,,,
2460567.948678,9.69,0.0,,V,NLX,,UCAC4 237-172142,237-172119,X38805ALB,|VMAGINS=16.34|CMAGINS=16.88|CREFMAG=10.23|CREFERR=0.00|KMAGINS=18.24|KREFMAG=11.38|KREFERR=0.01,0,1.032,Z,16.88,18.24,,ZZ Mic,,STD,,,,
2460567.948929,9.7,0.0,,V,NLX,,UCAC4 237-172142,237-172119,X38805ALB,|VMAGINS=16.36|CMAGINS=16.89|CREFMAG=10.23|CREFERR=0.00|KMAGINS=18.25|KREFMAG=11.38|KREFERR=0.01,0,1.032,Z,16.89,18.25,,ZZ Mic,,STD,,,,
2460567.949256,9.69,0.0,,V,NLX,,UCAC4 237-172142,237-172119,X38805ALB,|VMAGINS=16.35|CMAGINS=16.89|CREFMAG=10.23|CREFERR=0.00|KMAGINS=18.25|KREFMAG=11.38|KREFERR=0.01,0,1.032,Z,16.89,18.25,,ZZ Mic,,STD,,,,
2460567.949509,9.7,0.0,,V,NLX,,UCAC4 237-172142,237-172119,X38805ALB,|VMAGINS=16.36|CMAGINS=16.89|CREFMAG=10.23|CREFERR=0.00|KMAGINS=18.26|KREFMAG=11.38|KREFERR=0.01,0,1.031,Z,16.89,18.26,,ZZ Mic,,STD,,,,
2460567.949764,9.69,0.0,,V,NLX,,UCAC4 237-172142,237-172119,X38805ALB,|VMAGINS=16.35|CMAGINS=16.88|CREFMAG=10.23|CREFERR=0.00|KMAGINS=18.24|KREFMAG=11.38|KREFERR=0.01,0,1.031,Z,16.88,18.24,,ZZ Mic,,STD,,,,
2460567.950086,9.71,0.0,,V,NLX,,UCAC4 237-172142,237-172119,X38805ALB,|VMAGINS=16.36|CMAGINS=16.88|CREFMAG=10.23|CREFERR=0.00|KMAGINS=18.25|KREFMAG=11.38|KREFERR=0.01,0,1.031,Z,16.88,18.25,,ZZ Mic,,STD,,,,
2460567.950339,9.7,0.0,,V,NLX,,UCAC4 237-172142,237-172119,X38805ALB,|VMAGINS=16.35|CMAGINS=16.88|CREFMAG=10.23|CREFERR=0.00|KMAGINS=18.24|KREFMAG=11.38|KREFERR=0.01,0,1.03,Z,16.88,18.24,,ZZ Mic,,STD,,,,
2460567.950589,9.71,0.0,,V,NLX,,UCAC4 237-172142,237-172119,X38805ALB,|VMAGINS=16.36|CMAGINS=16.88|CREFMAG=10.23|CREFERR=0.00|KMAGINS=18.27|KREFMAG=11.38|KREFERR=0.01,0,1.03,Z,16.88,18.27,,ZZ Mic,,STD,,,,
2460567.951009,9.7,0.0,,V,NLX,,UCAC4 237-172142,237-172119,X38805ALB,|VMAGINS=16.37|CMAGINS=16.90|CREFMAG=10.23|CREFERR=0.00|KMAGINS=18.27|KREFMAG=11.38|KREFERR=0.01,0,1.03,Z,16.9,18.27,,ZZ Mic,,STD,,,,
2460567.951257,9.7,0.0,,V,NLX,,UCAC4 237-172142,237-172119,X38805ALB,|VMAGINS=16.36|CMAGINS=16.89|CREFMAG=10.23|CREFERR=0.00|KMAGINS=18.26|KREFMAG=11.38|KREFERR=0.01,0,1.029,Z,16.89,18.26,,ZZ Mic,,STD,,,,
2460567.951511,9.71,0.0,,V,NLX,,UCAC4 237-172142,237-172119,X38805ALB,|VMAGINS=16.36|CMAGINS=16.89|CREFMAG=10.23|CREFERR=0.00|KMAGINS=18.26|KREFMAG=11.38|KREFERR=0.01,0,1.029,Z,16.89,18.26,,ZZ Mic,,STD,,,,
2460567.951829,9.7,0.0,,V,NLX,,UCAC4 237-172142,237-172119,X38805ALB,|VMAGINS=16.36|CMAGINS=16.89|CREFMAG=10.23|CREFERR=0.00|KMAGINS=18.26|KREFMAG=11.38|KREFERR=0.01,0,1.029,Z,16.89,18.26,,ZZ Mic,,STD,,,,
2460567.95208,9.7,0.0,,V,NLX,,UCAC4 237-172142,237-172119,X38805ALB,|VMAGINS=16.36|CMAGINS=16.88|CREFMAG=10.23|CREFERR=0.00|KMAGINS=18.25|KREFMAG=11.38|KREFERR=0.01,0,1.029,Z,16.88,18.25,,ZZ Mic,,STD,,,,
2460567.95241,9.72,0.0,,V,NLX,,UCAC4 237-172142,237-172119,X38805ALB,|VMAGINS=16.35|CMAGINS=16.87|CREFMAG=10.23|CREFERR=0.00|KMAGINS=18.24|KREFMAG=11.38|KREFERR=0.01,0,1.028,Z,16.87,18.24,,ZZ Mic,,STD,,,,
2460567.95266,9.7,0.0,,V,NLX,,UCAC4 237-172142,237-172119,X38805ALB,|VMAGINS=16.37|CMAGINS=16.90|CREFMAG=10.23|CREFERR=0.00|KMAGINS=18.27|KREFMAG=11.38|KREFERR=0.01,0,1.028,Z,16.9,18.27,,ZZ Mic,,STD,,,,
2460567.952916,9.71,0.0,,V,NLX,,UCAC4 237-172142,237-172119,X38805ALB,|VMAGINS=16.37|CMAGINS=16.89|CREFMAG=10.23|CREFERR=0.00|KMAGINS=18.27|KREFMAG=11.38|KREFERR=0.01,0,1.028,Z,16.89,18.27,,ZZ Mic,,STD,,,,
2460567.953235,9.71,0.0,,V,NLX,,UCAC4 237-172142,237-172119,X38805ALB,|VMAGINS=16.40|CMAGINS=16.92|CREFMAG=10.23|CREFERR=0.00|KMAGINS=18.28|KREFMAG=11.38|KREFERR=0.01,0,1.027,Z,16.92,18.28,,ZZ Mic,,STD,,,,
2460567.953485,9.71,0.0,,V,NLX,,UCAC4 237-172142,237-172119,X38805ALB,|VMAGINS=16.40|CMAGINS=16.92|CREFMAG=10.23|CREFERR=0.00|KMAGINS=18.27|KREFMAG=11.38|KREFERR=0.01,0,1.027,Z,16.92,18.27,,ZZ Mic,,STD,,,,
2460567.953735,9.71,0.0,,V,NLX,,UCAC4 237-172142,237-172119,X38805ALB,|VMAGINS=16.41|CMAGINS=16.93|CREFMAG=10.23|CREFERR=0.00|KMAGINS=18.30|KREFMAG=11.38|KREFERR=0.01,0,1.027,Z,16.93,18.3,,ZZ Mic,,STD,,,,
2460567.954051,9.7,0.0,,V,NLX,,UCAC4 237-172142,237-172119,X38805ALB,|VMAGINS=16.36|CMAGINS=16.89|CREFMAG=10.23|CREFERR=0.00|KMAGINS=18.26|KREFMAG=11.38|KREFERR=0.01,0,1.026,Z,16.89,18.26,,ZZ Mic,,STD,,,,
2460567.954302,9.7,0.0,,V,NLX,,UCAC4 237-172142,237-172119,X38805ALB,|VMAGINS=16.37|CMAGINS=16.90|CREFMAG=10.23|CREFERR=0.00|KMAGINS=18.26|KREFMAG=11.38|KREFERR=0.01,0,1.026,Z,16.9,18.26,,ZZ Mic,,STD,,,,
2460567.954631,9.71,0.0,,V,NLX,,UCAC4 237-172142,237-172119,X38805ALB,|VMAGINS=16.37|CMAGINS=16.89|CREFMAG=10.23|CREFERR=0.00|KMAGINS=18.24|KREFMAG=11.38|KREFERR=0.01,0,1.026,Z,16.89,18.24,,ZZ Mic,,STD,,,,
2460567.954883,9.7,0.0,,V,NLX,,UCAC4 237-172142,237-172119,X38805ALB,|VMAGINS=16.35|CMAGINS=16.87|CREFMAG=10.23|CREFERR=0.00|KMAGINS=18.23|KREFMAG=11.38|KREFERR=0.01,0,1.026,Z,16.87,18.23,,ZZ Mic,,STD,,,,
2460567.955202,9.71,0.0,,V,NLX,,UCAC4 237-172142,237-172119,X38805ALB,|VMAGINS=16.37|CMAGINS=16.90|CREFMAG=10.23|CREFERR=0.00|KMAGINS=18.26|KREFMAG=11.38|KREFERR=0.01,0,1.025,Z,16.9,18.26,,ZZ Mic,,STD,,,,
2460567.955449,9.7,0.0,,V,NLX,,UCAC4 237-172142,237-172119,X38805ALB,|VMAGINS=16.37|CMAGINS=16.90|CREFMAG=10.23|CREFERR=0.00|KMAGINS=18.25|KREFMAG=11.38|KREFERR=0.01,0,1.025,Z,16.9,18.25,,ZZ Mic,,STD,,,,
2460567.9557,9.71,0.0,,V,NLX,,UCAC4 237-172142,237-172119,X38805ALB,|VMAGINS=16.37|CMAGINS=16.89|CREFMAG=10.23|CREFERR=0.00|KMAGINS=18.26|KREFMAG=11.38|KREFERR=0.01,0,1.025,Z,16.89,18.26,,ZZ Mic,,STD,,,,
2460567.956017,9.71,0.0,,V,NLX,,UCAC4 237-172142,237-172119,X38805ALB,|VMAGINS=16.37|CMAGINS=16.89|CREFMAG=10.23|CREFERR=0.00|KMAGINS=18.26|KREFMAG=11.38|KREFERR=0.01,0,1.024,Z,16.89,18.26,,ZZ Mic,,STD,,,,
2460567.95627,9.71,0.0,,V,NLX,,UCAC4 237-172142,237-172119,X38805ALB,|VMAGINS=16.36|CMAGINS=16.88|CREFMAG=10.23|CREFERR=0.00|KMAGINS=18.25|KREFMAG=11.38|KREFERR=0.01,0,1.024,Z,16.88,18.25,,ZZ Mic,,STD,,,,
2460567.956523,9.7,0.0,,V,NLX,,UCAC4 237-172142,237-172119,X38805ALB,|VMAGINS=16.37|CMAGINS=16.90|CREFMAG=10.23|CREFERR=0.00|KMAGINS=18.26|KREFMAG=11.38|KREFERR=0.01,0,1.024,Z,16.9,18.26,,ZZ Mic,,STD,,,,
2460567.956847,9.7,0.0,,V,NLX,,UCAC4 237-172142,237-172119,X38805ALB,|VMAGINS=16.38|CMAGINS=16.91|CREFMAG=10.23|CREFERR=0.00|KMAGINS=18.27|KREFMAG=11.38|KREFERR=0.01,0,1.024,Z,16.91,18.27,,ZZ Mic,,STD,,,,
2460567.957098,9.7,0.0,,V,NLX,,UCAC4 237-172142,237-172119,X38805ALB,|VMAGINS=16.39|CMAGINS=16.92|CREFMAG=10.23|CREFERR=0.00|KMAGINS=18.29|KREFMAG=11.38|KREFERR=0.01,0,1.023,Z,16.92,18.29,,ZZ Mic,,STD,,,,
2460567.957349,9.7,0.0,,V,NLX,,UCAC4 237-172142,237-172119,X38805ALB,|VMAGINS=16.39|CMAGINS=16.92|CREFMAG=10.23|CREFERR=0.00|KMAGINS=18.28|KREFMAG=11.38|KREFERR=0.01,0,1.023,Z,16.92,18.28,,ZZ Mic,,STD,,,,
2460567.957672,9.69,0.0,,V,NLX,,UCAC4 237-172142,237-172119,X38805ALB,|VMAGINS=16.38|CMAGINS=16.92|CREFMAG=10.23|CREFERR=0.00|KMAGINS=18.28|KREFMAG=11.38|KREFERR=0.01,0,1.023,Z,16.92,18.28,,ZZ Mic,,STD,,,,
2460567.957922,9.7,0.0,,V,NLX,,UCAC4 237-172142,237-172119,X38805ALB,|VMAGINS=16.39|CMAGINS=16.92|CREFMAG=10.23|CREFERR=0.00|KMAGINS=18.28|KREFMAG=11.38|KREFERR=0.01,0,1.023,Z,16.92,18.28,,ZZ Mic,,STD,,,,
2460567.958173,9.7,0.0,,V,NLX,,UCAC4 237-172142,237-172119,X38805ALB,|VMAGINS=16.36|CMAGINS=16.89|CREFMAG=10.23|CREFERR=0.00|KMAGINS=18.26|KREFMAG=11.38|KREFERR=0.01,0,1.022,Z,16.89,18.26,,ZZ Mic,,STD,,,,
2460567.958491,9.69,0.0,,V,NLX,,UCAC4 237-172142,237-172119,X38805ALB,|VMAGINS=16.37|CMAGINS=16.90|CREFMAG=10.23|CREFERR=0.00|KMAGINS=18.27|KREFMAG=11.38|KREFERR=0.01,0,1.022,Z,16.9,18.27,,ZZ Mic,,STD,,,,
2460567.958744,9.68,0.0,,V,NLX,,UCAC4 237-172142,237-172119,X38805ALB,|VMAGINS=16.35|CMAGINS=16.90|CREFMAG=10.23|CREFERR=0.00|KMAGINS=18.26|KREFMAG=11.38|KREFERR=0.01,0,1.022,Z,16.9,18.26,,ZZ Mic,,STD,,,,
2460567.959072,9.69,0.0,,V,NLX,,UCAC4 237-172142,237-172119,X38805ALB,|VMAGINS=16.37|CMAGINS=16.91|CREFMAG=10.23|CREFERR=0.00|KMAGINS=18.27|KREFMAG=11.38|KREFERR=0.01,0,1.022,Z,16.91,18.27,,ZZ Mic,,STD,,,,
2460567.959323,9.7,0.0,,V,NLX,,UCAC4 237-172142,237-172119,X38805ALB,|VMAGINS=16.37|CMAGINS=16.90|CREFMAG=10.23|CREFERR=0.00|KMAGINS=18.26|KREFMAG=11.38|KREFERR=0.01,0,1.021,Z,16.9,18.26,,ZZ Mic,,STD,,,,
2460567.959575,9.68,0.0,,V,NLX,,UCAC4 237-172142,237-172119,X38805ALB,|VMAGINS=16.37|CMAGINS=16.92|CREFMAG=10.23|CREFERR=0.00|KMAGINS=18.28|KREFMAG=11.38|KREFERR=0.01,0,1.021,Z,16.92,18.28,,ZZ Mic,,STD,,,,
2460567.959907,9.69,0.0,,V,NLX,,UCAC4 237-172142,237-172119,X38805ALB,|VMAGINS=16.37|CMAGINS=16.91|CREFMAG=10.23|CREFERR=0.00|KMAGINS=18.26|KREFMAG=11.38|KREFERR=0.01,0,1.021,Z,16.91,18.26,,ZZ Mic,,STD,,,,
2460567.960158,9.68,0.0,,V,NLX,,UCAC4 237-172142,237-172119,X38805ALB,|VMAGINS=16.37|CMAGINS=16.92|CREFMAG=10.23|CREFERR=0.00|KMAGINS=18.29|KREFMAG=11.38|KREFERR=0.01,0,1.021,Z,16.92,18.29,,ZZ Mic,,STD,,,,
2460567.96041,9.68,0.0,,V,NLX,,UCAC4 237-172142,237-172119,X38805ALB,|VMAGINS=16.40|CMAGINS=16.95|CREFMAG=10.23|CREFERR=0.00|KMAGINS=18.32|KREFMAG=11.38|KREFERR=0.01,0,1.02,Z,16.95,18.32,,ZZ Mic,,STD,,,,
2460567.960663,9.68,0.0,,V,NLX,,UCAC4 237-172142,237-172119,X38805ALB,|VMAGINS=16.36|CMAGINS=16.91|CREFMAG=10.23|CREFERR=0.00|KMAGINS=18.27|KREFMAG=11.38|KREFERR=0.01,0,1.02,Z,16.91,18.27,,ZZ Mic,,STD,,,,
2460567.960982,9.67,0.0,,V,NLX,,UCAC4 237-172142,237-172119,X38805ALB,|VMAGINS=16.35|CMAGINS=16.90|CREFMAG=10.23|CREFERR=0.00|KMAGINS=18.27|KREFMAG=11.38|KREFERR=0.01,0,1.02,Z,16.9,18.27,,ZZ Mic,,STD,,,,
2460567.961304,9.67,0.0,,V,NLX,,UCAC4 237-172142,237-172119,X38805ALB,|VMAGINS=16.36|CMAGINS=16.92|CREFMAG=10.23|CREFERR=0.00|KMAGINS=18.27|KREFMAG=11.38|KREFERR=0.01,0,1.02,Z,16.92,18.27,,ZZ Mic,,STD,,,,
2460567.961552,9.67,0.0,,V,NLX,,UCAC4 237-172142,237-172119,X38805ALB,|VMAGINS=16.35|CMAGINS=16.91|CREFMAG=10.23|CREFERR=0.00|KMAGINS=18.28|KREFMAG=11.38|KREFERR=0.01,0,1.019,Z,16.91,18.28,,ZZ Mic,,STD,,,,
2460567.961811,9.66,0.0,,V,NLX,,UCAC4 237-172142,237-172119,X38805ALB,|VMAGINS=16.36|CMAGINS=16.93|CREFMAG=10.23|CREFERR=0.00|KMAGINS=18.29|KREFMAG=11.38|KREFERR=0.01,0,1.019,Z,16.93,18.29,,ZZ Mic,,STD,,,,
2460567.96213,9.67,0.0,,V,NLX,,UCAC4 237-172142,237-172119,X38805ALB,|VMAGINS=16.38|CMAGINS=16.94|CREFMAG=10.23|CREFERR=0.00|KMAGINS=18.31|KREFMAG=11.38|KREFERR=0.01,0,1.019,Z,16.94,18.31,,ZZ Mic,,STD,,,,
2460567.962384,9.66,0.0,,V,NLX,,UCAC4 237-172142,237-172119,X38805ALB,|VMAGINS=16.36|CMAGINS=16.93|CREFMAG=10.23|CREFERR=0.00|KMAGINS=18.30|KREFMAG=11.38|KREFERR=0.01,0,1.019,Z,16.93,18.3,,ZZ Mic,,STD,,,,
2460567.962704,9.66,0.0,,V,NLX,,UCAC4 237-172142,237-172119,X38805ALB,|VMAGINS=16.38|CMAGINS=16.95|CREFMAG=10.23|CREFERR=0.00|KMAGINS=18.31|KREFMAG=11.38|KREFERR=0.01,0,1.018,Z,16.95,18.31,,ZZ Mic,,STD,,,,
2460567.962957,9.66,0.0,,V,NLX,,UCAC4 237-172142,237-172119,X38805ALB,|VMAGINS=16.34|CMAGINS=16.92|CREFMAG=10.23|CREFERR=0.00|KMAGINS=18.28|KREFMAG=11.38|KREFERR=0.01,0,1.018,Z,16.92,18.28,,ZZ Mic,,STD,,,,
2460567.963286,9.64,0.0,,V,NLX,,UCAC4 237-172142,237-172119,X38805ALB,|VMAGINS=16.34|CMAGINS=16.93|CREFMAG=10.23|CREFERR=0.00|KMAGINS=18.29|KREFMAG=11.38|KREFERR=0.01,0,1.018,Z,16.93,18.29,,ZZ Mic,,STD,,,,
2460567.963539,9.64,0.0,,V,NLX,,UCAC4 237-172142,237-172119,X38805ALB,|VMAGINS=16.32|CMAGINS=16.91|CREFMAG=10.23|CREFERR=0.00|KMAGINS=18.27|KREFMAG=11.38|KREFERR=0.01,0,1.018,Z,16.91,18.27,,ZZ Mic,,STD,,,,
2460567.963791,9.64,0.0,,V,NLX,,UCAC4 237-172142,237-172119,X38805ALB,|VMAGINS=16.32|CMAGINS=16.91|CREFMAG=10.23|CREFERR=0.00|KMAGINS=18.27|KREFMAG=11.38|KREFERR=0.01,0,1.018,Z,16.91,18.27,,ZZ Mic,,STD,,,,
2460567.964105,9.63,0.0,,V,NLX,,UCAC4 237-172142,237-172119,X38805ALB,|VMAGINS=16.33|CMAGINS=16.93|CREFMAG=10.23|CREFERR=0.00|KMAGINS=18.30|KREFMAG=11.38|KREFERR=0.01,0,1.017,Z,16.93,18.3,,ZZ Mic,,STD,,,,
2460567.964354,9.64,0.0,,V,NLX,,UCAC4 237-172142,237-172119,X38805ALB,|VMAGINS=16.31|CMAGINS=16.90|CREFMAG=10.23|CREFERR=0.00|KMAGINS=18.26|KREFMAG=11.38|KREFERR=0.01,0,1.017,Z,16.9,18.26,,ZZ Mic,,STD,,,,
2460567.964605,9.63,0.0,,V,NLX,,UCAC4 237-172142,237-172119,X38805ALB,|VMAGINS=16.31|CMAGINS=16.91|CREFMAG=10.23|CREFERR=0.00|KMAGINS=18.28|KREFMAG=11.38|KREFERR=0.01,0,1.017,Z,16.91,18.28,,ZZ Mic,,STD,,,,
2460567.964926,9.63,0.0,,V,NLX,,UCAC4 237-172142,237-172119,X38805ALB,|VMAGINS=16.34|CMAGINS=16.95|CREFMAG=10.23|CREFERR=0.00|KMAGINS=18.30|KREFMAG=11.38|KREFERR=0.01,0,1.017,Z,16.95,18.3,,ZZ Mic,,STD,,,,
2460567.965177,9.62,0.0,,V,NLX,,UCAC4 237-172142,237-172119,X38805ALB,|VMAGINS=16.33|CMAGINS=16.94|CREFMAG=10.23|CREFERR=0.00|KMAGINS=18.31|KREFMAG=11.38|KREFERR=0.01,0,1.017,Z,16.94,18.31,,ZZ Mic,,STD,,,,
2460567.965497,9.62,0.0,,V,NLX,,UCAC4 237-172142,237-172119,X38805ALB,|VMAGINS=16.29|CMAGINS=16.90|CREFMAG=10.23|CREFERR=0.00|KMAGINS=18.28|KREFMAG=11.38|KREFERR=0.01,0,1.016,Z,16.9,18.28,,ZZ Mic,,STD,,,,
2460567.965751,9.62,0.0,,V,NLX,,UCAC4 237-172142,237-172119,X38805ALB,|VMAGINS=16.28|CMAGINS=16.89|CREFMAG=10.23|CREFERR=0.00|KMAGINS=18.25|KREFMAG=11.38|KREFERR=0.01,0,1.016,Z,16.89,18.25,,ZZ Mic,,STD,,,,
2460567.966003,9.61,0.0,,V,NLX,,UCAC4 237-172142,237-172119,X38805ALB,|VMAGINS=16.28|CMAGINS=16.90|CREFMAG=10.23|CREFERR=0.00|KMAGINS=18.28|KREFMAG=11.38|KREFERR=0.01,0,1.016,Z,16.9,18.28,,ZZ Mic,,STD,,,,
2460567.966322,9.6,0.0,,V,NLX,,UCAC4 237-172142,237-172119,X38805ALB,|VMAGINS=16.30|CMAGINS=16.93|CREFMAG=10.23|CREFERR=0.00|KMAGINS=18.31|KREFMAG=11.38|KREFERR=0.01,0,1.016,Z,16.93,18.31,,ZZ Mic,,STD,,,,
2460567.966573,9.6,0.0,,V,NLX,,UCAC4 237-172142,237-172119,X38805ALB,|VMAGINS=16.30|CMAGINS=16.93|CREFMAG=10.23|CREFERR=0.00|KMAGINS=18.30|KREFMAG=11.38|KREFERR=0.01,0,1.016,Z,16.93,18.3,,ZZ Mic,,STD,,,,
2460567.966824,9.59,0.0,,V,NLX,,UCAC4 237-172142,237-172119,X38805ALB,|VMAGINS=16.32|CMAGINS=16.96|CREFMAG=10.23|CREFERR=0.00|KMAGINS=18.32|KREFMAG=11.38|KREFERR=0.01,0,1.015,Z,16.96,18.32,,ZZ Mic,,STD,,,,
2460567.96714,9.58,0.0,,V,NLX,,UCAC4 237-172142,237-172119,X38805ALB,|VMAGINS=16.34|CMAGINS=16.98|CREFMAG=10.23|CREFERR=0.00|KMAGINS=18.35|KREFMAG=11.38|KREFERR=0.01,0,1.015,Z,16.98,18.35,,ZZ Mic,,STD,,,,
2460567.967391,9.58,0.0,,V,NLX,,UCAC4 237-172142,237-172119,X38805ALB,|VMAGINS=16.30|CMAGINS=16.95|CREFMAG=10.23|CREFERR=0.00|KMAGINS=18.32|KREFMAG=11.38|KREFERR=0.01,0,1.015,Z,16.95,18.32,,ZZ Mic,,STD,,,,
2460567.967717,9.58,0.0,,V,NLX,,UCAC4 237-172142,237-172119,X38805ALB,|VMAGINS=16.27|CMAGINS=16.92|CREFMAG=10.23|CREFERR=0.00|KMAGINS=18.30|KREFMAG=11.38|KREFERR=0.01,0,1.015,Z,16.92,18.3,,ZZ Mic,,STD,,,,
2460567.967967,9.57,0.0,,V,NLX,,UCAC4 237-172142,237-172119,X38805ALB,|VMAGINS=16.25|CMAGINS=16.92|CREFMAG=10.23|CREFERR=0.00|KMAGINS=18.28|KREFMAG=11.38|KREFERR=0.01,0,1.015,Z,16.92,18.28,,ZZ Mic,,STD,,,,
2460567.968219,9.56,0.0,,V,NLX,,UCAC4 237-172142,237-172119,X38805ALB,|VMAGINS=16.25|CMAGINS=16.92|CREFMAG=10.23|CREFERR=0.00|KMAGINS=18.28|KREFMAG=11.38|KREFERR=0.01,0,1.014,Z,16.92,18.28,,ZZ Mic,,STD,,,,
2460567.968535,9.55,0.0,,V,NLX,,UCAC4 237-172142,237-172119,X38805ALB,|VMAGINS=16.24|CMAGINS=16.92|CREFMAG=10.23|CREFERR=0.00|KMAGINS=18.28|KREFMAG=11.38|KREFERR=0.01,0,1.014,Z,16.92,18.28,,ZZ Mic,,STD,,,,
2460567.968784,9.55,0.0,,V,NLX,,UCAC4 237-172142,237-172119,X38805ALB,|VMAGINS=16.30|CMAGINS=16.98|CREFMAG=10.23|CREFERR=0.00|KMAGINS=18.34|KREFMAG=11.38|KREFERR=0.01,0,1.014,Z,16.98,18.34,,ZZ Mic,,STD,,,,
2460567.969105,9.55,0.0,,V,NLX,,UCAC4 237-172142,237-172119,X38805ALB,|VMAGINS=16.27|CMAGINS=16.95|CREFMAG=10.23|CREFERR=0.00|KMAGINS=18.32|KREFMAG=11.38|KREFERR=0.01,0,1.014,Z,16.95,18.32,,ZZ Mic,,STD,,,,
2460567.969359,9.54,0.0,,V,NLX,,UCAC4 237-172142,237-172119,X38805ALB,|VMAGINS=16.24|CMAGINS=16.93|CREFMAG=10.23|CREFERR=0.00|KMAGINS=18.29|KREFMAG=11.38|KREFERR=0.01,0,1.014,Z,16.93,18.29,,ZZ Mic,,STD,,,,
2460567.969682,9.53,0.0,,V,NLX,,UCAC4 237-172142,237-172119,X38805ALB,|VMAGINS=16.22|CMAGINS=16.92|CREFMAG=10.23|CREFERR=0.00|KMAGINS=18.28|KREFMAG=11.38|KREFERR=0.01,0,1.013,Z,16.92,18.28,,ZZ Mic,,STD,,,,
2460567.969936,9.52,0.0,,V,NLX,,UCAC4 237-172142,237-172119,X38805ALB,|VMAGINS=16.23|CMAGINS=16.94|CREFMAG=10.23|CREFERR=0.00|KMAGINS=18.30|KREFMAG=11.38|KREFERR=0.01,0,1.013,Z,16.94,18.3,,ZZ Mic,,STD,,,,
2460567.970261,9.52,0.0,,V,NLX,,UCAC4 237-172142,237-172119,X38805ALB,|VMAGINS=16.22|CMAGINS=16.93|CREFMAG=10.23|CREFERR=0.00|KMAGINS=18.30|KREFMAG=11.38|KREFERR=0.01,0,1.013,Z,16.93,18.3,,ZZ Mic,,STD,,,,
2460567.970513,9.51,0.0,,V,NLX,,UCAC4 237-172142,237-172119,X38805ALB,|VMAGINS=16.22|CMAGINS=16.93|CREFMAG=10.23|CREFERR=0.00|KMAGINS=18.29|KREFMAG=11.38|KREFERR=0.01,0,1.013,Z,16.93,18.29,,ZZ Mic,,STD,,,,
2460567.970835,9.5,0.0,,V,NLX,,UCAC4 237-172142,237-172119,X38805ALB,|VMAGINS=16.20|CMAGINS=16.93|CREFMAG=10.23|CREFERR=0.00|KMAGINS=18.30|KREFMAG=11.38|KREFERR=0.01,0,1.013,Z,16.93,18.3,,ZZ Mic,,STD,,,,
2460567.971086,9.5,0.0,,V,NLX,,UCAC4 237-172142,237-172119,X38805ALB,|VMAGINS=16.19|CMAGINS=16.92|CREFMAG=10.23|CREFERR=0.00|KMAGINS=18.29|KREFMAG=11.38|KREFERR=0.01,0,1.013,Z,16.92,18.29,,ZZ Mic,,STD,,,,
2460567.971341,9.49,0.0,,V,NLX,,UCAC4 237-172142,237-172119,X38805ALB,|VMAGINS=16.22|CMAGINS=16.96|CREFMAG=10.23|CREFERR=0.00|KMAGINS=18.32|KREFMAG=11.38|KREFERR=0.01,0,1.012,Z,16.96,18.32,,ZZ Mic,,STD,,,,
2460567.97166,9.47,0.0,,V,NLX,,UCAC4 237-172142,237-172119,X38805ALB,|VMAGINS=16.18|CMAGINS=16.93|CREFMAG=10.23|CREFERR=0.00|KMAGINS=18.30|KREFMAG=11.38|KREFERR=0.01,0,1.012,Z,16.93,18.3,,ZZ Mic,,STD,,,,
2460567.971978,9.47,0.0,,V,NLX,,UCAC4 237-172142,237-172119,X38805ALB,|VMAGINS=16.19|CMAGINS=16.95|CREFMAG=10.23|CREFERR=0.00|KMAGINS=18.31|KREFMAG=11.38|KREFERR=0.01,0,1.012,Z,16.95,18.31,,ZZ Mic,,STD,,,,
2460567.972229,9.46,0.0,,V,NLX,,UCAC4 237-172142,237-172119,X38805ALB,|VMAGINS=16.20|CMAGINS=16.97|CREFMAG=10.23|CREFERR=0.00|KMAGINS=18.33|KREFMAG=11.38|KREFERR=0.01,0,1.012,Z,16.97,18.33,,ZZ Mic,,STD,,,,
2460567.972475,9.45,0.0,,V,NLX,,UCAC4 237-172142,237-172119,X38805ALB,|VMAGINS=16.16|CMAGINS=16.93|CREFMAG=10.23|CREFERR=0.00|KMAGINS=18.31|KREFMAG=11.38|KREFERR=0.01,0,1.012,Z,16.93,18.31,,ZZ Mic,,STD,,,,
2460567.972793,9.46,0.0,,V,NLX,,UCAC4 237-172142,237-172119,X38805ALB,|VMAGINS=16.19|CMAGINS=16.96|CREFMAG=10.23|CREFERR=0.00|KMAGINS=18.35|KREFMAG=11.38|KREFERR=0.01,0,1.012,Z,16.96,18.35,,ZZ Mic,,STD,,,,
2460567.973043,9.45,0.0,,V,NLX,,UCAC4 237-172142,237-172119,X38805ALB,|VMAGINS=16.17|CMAGINS=16.95|CREFMAG=10.23|CREFERR=0.00|KMAGINS=18.34|KREFMAG=11.38|KREFERR=0.01,0,1.011,Z,16.95,18.34,,ZZ Mic,,STD,,,,
2460567.97329,9.44,0.0,,V,NLX,,UCAC4 237-172142,237-172119,X38805ALB,|VMAGINS=16.18|CMAGINS=16.97|CREFMAG=10.23|CREFERR=0.00|KMAGINS=18.34|KREFMAG=11.38|KREFERR=0.01,0,1.011,Z,16.97,18.34,,ZZ Mic,,STD,,,,
2460567.973609,9.43,0.0,,V,NLX,,UCAC4 237-172142,237-172119,X38805ALB,|VMAGINS=16.14|CMAGINS=16.94|CREFMAG=10.23|CREFERR=0.00|KMAGINS=18.31|KREFMAG=11.38|KREFERR=0.01,0,1.011,Z,16.94,18.31,,ZZ Mic,,STD,,,,
2460567.973864,9.42,0.0,,V,NLX,,UCAC4 237-172142,237-172119,X38805ALB,|VMAGINS=16.13|CMAGINS=16.94|CREFMAG=10.23|CREFERR=0.00|KMAGINS=18.31|KREFMAG=11.38|KREFERR=0.01,0,1.011,Z,16.94,18.31,,ZZ Mic,,STD,,,,
2460567.974184,9.41,0.0,,V,NLX,,UCAC4 237-172142,237-172119,X38805ALB,|VMAGINS=16.13|CMAGINS=16.95|CREFMAG=10.23|CREFERR=0.00|KMAGINS=18.31|KREFMAG=11.38|KREFERR=0.01,0,1.011,Z,16.95,18.31,,ZZ Mic,,STD,,,,
2460567.974436,9.41,0.0,,V,NLX,,UCAC4 237-172142,237-172119,X38805ALB,|VMAGINS=16.13|CMAGINS=16.95|CREFMAG=10.23|CREFERR=0.00|KMAGINS=18.31|KREFMAG=11.38|KREFERR=0.01,0,1.011,Z,16.95,18.31,,ZZ Mic,,STD,,,,
2460567.974695,9.4,0.0,,V,NLX,,UCAC4 237-172142,237-172119,X38805ALB,|VMAGINS=16.13|CMAGINS=16.96|CREFMAG=10.23|CREFERR=0.00|KMAGINS=18.34|KREFMAG=11.38|KREFERR=0.01,0,1.011,Z,16.96,18.34,,ZZ Mic,,STD,,,,
2460567.975022,9.39,0.0,,V,NLX,,UCAC4 237-172142,237-172119,X38805ALB,|VMAGINS=16.10|CMAGINS=16.93|CREFMAG=10.23|CREFERR=0.00|KMAGINS=18.29|KREFMAG=11.38|KREFERR=0.01,0,1.01,Z,16.93,18.29,,ZZ Mic,,STD,,,,
2460567.975274,9.39,0.0,,V,NLX,,UCAC4 237-172142,237-172119,X38805ALB,|VMAGINS=16.08|CMAGINS=16.92|CREFMAG=10.23|CREFERR=0.00|KMAGINS=18.28|KREFMAG=11.38|KREFERR=0.01,0,1.01,Z,16.92,18.28,,ZZ Mic,,STD,,,,
2460567.975527,9.39,0.0,,V,NLX,,UCAC4 237-172142,237-172119,X38805ALB,|VMAGINS=16.09|CMAGINS=16.93|CREFMAG=10.23|CREFERR=0.00|KMAGINS=18.29|KREFMAG=11.38|KREFERR=0.01,0,1.01,Z,16.93,18.29,,ZZ Mic,,STD,,,,
2460567.975846,9.37,0.0,,V,NLX,,UCAC4 237-172142,237-172119,X38805ALB,|VMAGINS=16.10|CMAGINS=16.96|CREFMAG=10.23|CREFERR=0.00|KMAGINS=18.30|KREFMAG=11.38|KREFERR=0.01,0,1.01,Z,16.96,18.3,,ZZ Mic,,STD,,,,
2460567.97617,9.37,0.0,,V,NLX,,UCAC4 237-172142,237-172119,X38805ALB,|VMAGINS=16.09|CMAGINS=16.95|CREFMAG=10.23|CREFERR=0.00|KMAGINS=18.32|KREFMAG=11.38|KREFERR=0.01,0,1.01,Z,16.95,18.32,,ZZ Mic,,STD,,,,
2460567.976419,9.36,0.0,,V,NLX,,UCAC4 237-172142,237-172119,X38805ALB,|VMAGINS=16.08|CMAGINS=16.95|CREFMAG=10.23|CREFERR=0.00|KMAGINS=18.31|KREFMAG=11.38|KREFERR=0.01,0,1.01,Z,16.95,18.31,,ZZ Mic,,STD,,,,
2460567.976737,9.36,0.0,,V,NLX,,UCAC4 237-172142,237-172119,X38805ALB,|VMAGINS=16.09|CMAGINS=16.96|CREFMAG=10.23|CREFERR=0.00|KMAGINS=18.33|KREFMAG=11.38|KREFERR=0.01,0,1.01,Z,16.96,18.33,,ZZ Mic,,STD,,,,
2460567.976989,9.35,0.0,,V,NLX,,UCAC4 237-172142,237-172119,X38805ALB,|VMAGINS=16.07|CMAGINS=16.95|CREFMAG=10.23|CREFERR=0.00|KMAGINS=18.33|KREFMAG=11.38|KREFERR=0.01,0,1.009,Z,16.95,18.33,,ZZ Mic,,STD,,,,
2460567.977243,9.34,0.0,,V,NLX,,UCAC4 237-172142,237-172119,X38805ALB,|VMAGINS=16.06|CMAGINS=16.95|CREFMAG=10.23|CREFERR=0.00|KMAGINS=18.31|KREFMAG=11.38|KREFERR=0.01,0,1.009,Z,16.95,18.31,,ZZ Mic,,STD,,,,
2460567.977558,9.35,0.0,,V,NLX,,UCAC4 237-172142,237-172119,X38805ALB,|VMAGINS=16.07|CMAGINS=16.95|CREFMAG=10.23|CREFERR=0.00|KMAGINS=18.32|KREFMAG=11.38|KREFERR=0.01,0,1.009,Z,16.95,18.32,,ZZ Mic,,STD,,,,
2460567.977809,9.35,0.0,,V,NLX,,UCAC4 237-172142,237-172119,X38805ALB,|VMAGINS=16.09|CMAGINS=16.98|CREFMAG=10.23|CREFERR=0.00|KMAGINS=18.35|KREFMAG=11.38|KREFERR=0.01,0,1.009,Z,16.98,18.35,,ZZ Mic,,STD,,,,
2460567.978127,9.34,0.0,,V,NLX,,UCAC4 237-172142,237-172119,X38805ALB,|VMAGINS=16.07|CMAGINS=16.96|CREFMAG=10.23|CREFERR=0.00|KMAGINS=18.32|KREFMAG=11.38|KREFERR=0.01,0,1.009,Z,16.96,18.32,,ZZ Mic,,STD,,,,
2460567.978379,9.33,0.0,,V,NLX,,UCAC4 237-172142,237-172119,X38805ALB,|VMAGINS=16.06|CMAGINS=16.95|CREFMAG=10.23|CREFERR=0.00|KMAGINS=18.33|KREFMAG=11.38|KREFERR=0.01,0,1.009,Z,16.95,18.33,,ZZ Mic,,STD,,,,
2460567.978631,9.33,0.0,,V,NLX,,UCAC4 237-172142,237-172119,X38805ALB,|VMAGINS=16.05|CMAGINS=16.95|CREFMAG=10.23|CREFERR=0.00|KMAGINS=18.31|KREFMAG=11.38|KREFERR=0.01,0,1.009,Z,16.95,18.31,,ZZ Mic,,STD,,,,
2460567.979024,9.33,0.0,,V,NLX,,UCAC4 237-172142,237-172119,X38805ALB,|VMAGINS=16.03|CMAGINS=16.94|CREFMAG=10.23|CREFERR=0.00|KMAGINS=18.29|KREFMAG=11.38|KREFERR=0.01,0,1.008,Z,16.94,18.29,,ZZ Mic,,STD,,,,
2460567.979272,9.33,0.0,,V,NLX,,UCAC4 237-172142,237-172119,X38805ALB,|VMAGINS=16.04|CMAGINS=16.94|CREFMAG=10.23|CREFERR=0.00|KMAGINS=18.30|KREFMAG=11.38|KREFERR=0.01,0,1.008,Z,16.94,18.3,,ZZ Mic,,STD,,,,
2460567.979527,9.32,0.0,,V,NLX,,UCAC4 237-172142,237-172119,X38805ALB,|VMAGINS=16.05|CMAGINS=16.95|CREFMAG=10.23|CREFERR=0.00|KMAGINS=18.31|KREFMAG=11.38|KREFERR=0.01,0,1.008,Z,16.95,18.31,,ZZ Mic,,STD,,,,
2460567.979848,9.34,0.0,,V,NLX,,UCAC4 237-172142,237-172119,X38805ALB,|VMAGINS=16.06|CMAGINS=16.95|CREFMAG=10.23|CREFERR=0.00|KMAGINS=18.32|KREFMAG=11.38|KREFERR=0.01,0,1.008,Z,16.95,18.32,,ZZ Mic,,STD,,,,
2460567.980172,9.33,0.0,,V,NLX,,UCAC4 237-172142,237-172119,X38805ALB,|VMAGINS=16.04|CMAGINS=16.95|CREFMAG=10.23|CREFERR=0.00|KMAGINS=18.32|KREFMAG=11.38|KREFERR=0.01,0,1.008,Z,16.95,18.32,,ZZ Mic,,STD,,,,
2460567.980425,9.33,0.0,,V,NLX,,UCAC4 237-172142,237-172119,X38805ALB,|VMAGINS=16.05|CMAGINS=16.95|CREFMAG=10.23|CREFERR=0.00|KMAGINS=18.32|KREFMAG=11.38|KREFERR=0.01,0,1.008,Z,16.95,18.32,,ZZ Mic,,STD,,,,
2460567.980676,9.33,0.0,,V,NLX,,UCAC4 237-172142,237-172119,X38805ALB,|VMAGINS=16.06|CMAGINS=16.96|CREFMAG=10.23|CREFERR=0.00|KMAGINS=18.33|KREFMAG=11.38|KREFERR=0.01,0,1.008,Z,16.96,18.33,,ZZ Mic,,STD,,,,
2460567.980996,9.33,0.0,,V,NLX,,UCAC4 237-172142,237-172119,X38805ALB,|VMAGINS=16.06|CMAGINS=16.96|CREFMAG=10.23|CREFERR=0.00|KMAGINS=18.33|KREFMAG=11.38|KREFERR=0.01,0,1.008,Z,16.96,18.33,,ZZ Mic,,STD,,,,
2460567.981248,9.33,0.0,,V,NLX,,UCAC4 237-172142,237-172119,X38805ALB,|VMAGINS=16.07|CMAGINS=16.97|CREFMAG=10.23|CREFERR=0.00|KMAGINS=18.34|KREFMAG=11.38|KREFERR=0.01,0,1.008,Z,16.97,18.34,,ZZ Mic,,STD,,,,
2460567.981565,9.33,0.0,,V,NLX,,UCAC4 237-172142,237-172119,X38805ALB,|VMAGINS=16.07|CMAGINS=16.98|CREFMAG=10.23|CREFERR=0.00|KMAGINS=18.35|KREFMAG=11.38|KREFERR=0.01,0,1.008,Z,16.98,18.35,,ZZ Mic,,STD,,,,
2460567.98182,9.33,0.0,,V,NLX,,UCAC4 237-172142,237-172119,X38805ALB,|VMAGINS=16.08|CMAGINS=16.98|CREFMAG=10.23|CREFERR=0.00|KMAGINS=18.34|KREFMAG=11.38|KREFERR=0.01,0,1.007,Z,16.98,18.34,,ZZ Mic,,STD,,,,
2460567.982141,9.33,0.0,,V,NLX,,UCAC4 237-172142,237-172119,X38805ALB,|VMAGINS=16.08|CMAGINS=16.97|CREFMAG=10.23|CREFERR=0.00|KMAGINS=18.34|KREFMAG=11.38|KREFERR=0.01,0,1.007,Z,16.97,18.34,,ZZ Mic,,STD,,,,
2460567.982388,9.33,0.0,,V,NLX,,UCAC4 237-172142,237-172119,X38805ALB,|VMAGINS=16.10|CMAGINS=17.00|CREFMAG=10.23|CREFERR=0.00|KMAGINS=18.37|KREFMAG=11.38|KREFERR=0.01,0,1.007,Z,17.0,18.37,,ZZ Mic,,STD,,,,
2460567.982639,9.34,0.0,,V,NLX,,UCAC4 237-172142,237-172119,X38805ALB,|VMAGINS=16.10|CMAGINS=16.99|CREFMAG=10.23|CREFERR=0.00|KMAGINS=18.36|KREFMAG=11.38|KREFERR=0.01,0,1.007,Z,16.99,18.36,,ZZ Mic,,STD,,,,
2460567.982957,9.33,0.0,,V,NLX,,UCAC4 237-172142,237-172119,X38805ALB,|VMAGINS=16.10|CMAGINS=16.99|CREFMAG=10.23|CREFERR=0.00|KMAGINS=18.37|KREFMAG=11.38|KREFERR=0.01,0,1.007,Z,16.99,18.37,,ZZ Mic,,STD,,,,
2460567.983209,9.34,0.0,,V,NLX,,UCAC4 237-172142,237-172119,X38805ALB,|VMAGINS=16.10|CMAGINS=16.99|CREFMAG=10.23|CREFERR=0.00|KMAGINS=18.36|KREFMAG=11.38|KREFERR=0.01,0,1.007,Z,16.99,18.36,,ZZ Mic,,STD,,,,
2460567.983463,9.35,0.0,,V,NLX,,UCAC4 237-172142,237-172119,X38805ALB,|VMAGINS=16.10|CMAGINS=16.99|CREFMAG=10.23|CREFERR=0.00|KMAGINS=18.35|KREFMAG=11.38|KREFERR=0.01,0,1.007,Z,16.99,18.35,,ZZ Mic,,STD,,,,
2460567.983716,9.34,0.0,,V,NLX,,UCAC4 237-172142,237-172119,X38805ALB,|VMAGINS=16.12|CMAGINS=17.01|CREFMAG=10.23|CREFERR=0.00|KMAGINS=18.37|KREFMAG=11.38|KREFERR=0.01,0,1.007,Z,17.01,18.37,,ZZ Mic,,STD,,,,
2460567.984037,9.35,0.0,,V,NLX,,UCAC4 237-172142,237-172119,X38805ALB,|VMAGINS=16.12|CMAGINS=17.00|CREFMAG=10.23|CREFERR=0.00|KMAGINS=18.36|KREFMAG=11.38|KREFERR=0.01,0,1.007,Z,17.0,18.36,,ZZ Mic,,STD,,,,
2460567.984292,9.36,0.0,,V,NLX,,UCAC4 237-172142,237-172119,X38805ALB,|VMAGINS=16.13|CMAGINS=17.00|CREFMAG=10.23|CREFERR=0.00|KMAGINS=18.37|KREFMAG=11.38|KREFERR=0.01,0,1.007,Z,17.0,18.37,,ZZ Mic,,STD,,,,
2460567.984546,9.35,0.0,,V,NLX,,UCAC4 237-172142,237-172119,X38805ALB,|VMAGINS=16.15|CMAGINS=17.03|CREFMAG=10.23|CREFERR=0.00|KMAGINS=18.40|KREFMAG=11.38|KREFERR=0.01,0,1.007,Z,17.03,18.4,,ZZ Mic,,STD,,,,
2460567.984864,9.35,0.0,,V,NLX,,UCAC4 237-172142,237-172119,X38805ALB,|VMAGINS=16.15|CMAGINS=17.03|CREFMAG=10.23|CREFERR=0.00|KMAGINS=18.39|KREFMAG=11.38|KREFERR=0.01,0,1.006,Z,17.03,18.39,,ZZ Mic,,STD,,,,
2460567.985115,9.37,0.0,,V,NLX,,UCAC4 237-172142,237-172119,X38805ALB,|VMAGINS=16.16|CMAGINS=17.02|CREFMAG=10.23|CREFERR=0.00|KMAGINS=18.39|KREFMAG=11.38|KREFERR=0.01,0,1.006,Z,17.02,18.39,,ZZ Mic,,STD,,,,
2460567.98544,9.38,0.0,,V,NLX,,UCAC4 237-172142,237-172119,X38805ALB,|VMAGINS=16.17|CMAGINS=17.02|CREFMAG=10.23|CREFERR=0.00|KMAGINS=18.39|KREFMAG=11.38|KREFERR=0.01,0,1.006,Z,17.02,18.39,,ZZ Mic,,STD,,,,
2460567.985689,9.36,0.0,,V,NLX,,UCAC4 237-172142,237-172119,X38805ALB,|VMAGINS=16.17|CMAGINS=17.04|CREFMAG=10.23|CREFERR=0.00|KMAGINS=18.40|KREFMAG=11.38|KREFERR=0.01,0,1.006,Z,17.04,18.4,,ZZ Mic,,STD,,,,
2460567.985942,9.38,0.0,,V,NLX,,UCAC4 237-172142,237-172119,X38805ALB,|VMAGINS=16.20|CMAGINS=17.05|CREFMAG=10.23|CREFERR=0.00|KMAGINS=18.41|KREFMAG=11.38|KREFERR=0.01,0,1.006,Z,17.05,18.41,,ZZ Mic,,STD,,,,
2460567.986195,9.37,0.0,,V,NLX,,UCAC4 237-172142,237-172119,X38805ALB,|VMAGINS=16.19|CMAGINS=17.05|CREFMAG=10.23|CREFERR=0.00|KMAGINS=18.42|KREFMAG=11.38|KREFERR=0.01,0,1.006,Z,17.05,18.42,,ZZ Mic,,STD,,,,
2460567.986514,9.39,0.0,,V,NLX,,UCAC4 237-172142,237-172119,X38805ALB,|VMAGINS=16.20|CMAGINS=17.04|CREFMAG=10.23|CREFERR=0.00|KMAGINS=18.40|KREFMAG=11.38|KREFERR=0.01,0,1.006,Z,17.04,18.4,,ZZ Mic,,STD,,,,
2460567.986764,9.38,0.0,,V,NLX,,UCAC4 237-172142,237-172119,X38805ALB,|VMAGINS=16.20|CMAGINS=17.05|CREFMAG=10.23|CREFERR=0.00|KMAGINS=18.40|KREFMAG=11.38|KREFERR=0.01,0,1.006,Z,17.05,18.4,,ZZ Mic,,STD,,,,
2460567.98709,9.38,0.0,,V,NLX,,UCAC4 237-172142,237-172119,X38805ALB,|VMAGINS=16.20|CMAGINS=17.05|CREFMAG=10.23|CREFERR=0.00|KMAGINS=18.41|KREFMAG=11.38|KREFERR=0.01,0,1.006,Z,17.05,18.41,,ZZ Mic,,STD,,,,
2460567.987343,9.4,0.0,,V,NLX,,UCAC4 237-172142,237-172119,X38805ALB,|VMAGINS=16.22|CMAGINS=17.05|CREFMAG=10.23|CREFERR=0.00|KMAGINS=18.41|KREFMAG=11.38|KREFERR=0.01,0,1.006,Z,17.05,18.41,,ZZ Mic,,STD,,,,
2460567.987667,9.41,0.0,,V,NLX,,UCAC4 237-172142,237-172119,X38805ALB,|VMAGINS=16.22|CMAGINS=17.04|CREFMAG=10.23|CREFERR=0.00|KMAGINS=18.42|KREFMAG=11.38|KREFERR=0.01,0,1.006,Z,17.04,18.42,,ZZ Mic,,STD,,,,
2460567.987921,9.42,0.0,,V,NLX,,UCAC4 237-172142,237-172119,X38805ALB,|VMAGINS=16.24|CMAGINS=17.05|CREFMAG=10.23|CREFERR=0.00|KMAGINS=18.41|KREFMAG=11.38|KREFERR=0.01,0,1.006,Z,17.05,18.41,,ZZ Mic,,STD,,,,
2460567.988237,9.41,0.0,,V,NLX,,UCAC4 237-172142,237-172119,X38805ALB,|VMAGINS=16.22|CMAGINS=17.04|CREFMAG=10.23|CREFERR=0.00|KMAGINS=18.40|KREFMAG=11.38|KREFERR=0.01,0,1.006,Z,17.04,18.4,,ZZ Mic,,STD,,,,
2460567.98849,9.42,0.0,,V,NLX,,UCAC4 237-172142,237-172119,X38805ALB,|VMAGINS=16.23|CMAGINS=17.04|CREFMAG=10.23|CREFERR=0.00|KMAGINS=18.41|KREFMAG=11.38|KREFERR=0.01,0,1.006,Z,17.04,18.41,,ZZ Mic,,STD,,,,
2460567.98874,9.42,0.0,,V,NLX,,UCAC4 237-172142,237-172119,X38805ALB,|VMAGINS=16.25|CMAGINS=17.05|CREFMAG=10.23|CREFERR=0.00|KMAGINS=18.43|KREFMAG=11.38|KREFERR=0.01,0,1.006,Z,17.05,18.43,,ZZ Mic,,STD,,,,
2460567.989055,9.42,0.0,,V,NLX,,UCAC4 237-172142,237-172119,X38805ALB,|VMAGINS=16.24|CMAGINS=17.05|CREFMAG=10.23|CREFERR=0.00|KMAGINS=18.40|KREFMAG=11.38|KREFERR=0.01,0,1.006,Z,17.05,18.4,,ZZ Mic,,STD,,,,
2460567.989304,9.44,0.0,,V,NLX,,UCAC4 237-172142,237-172119,X38805ALB,|VMAGINS=16.27|CMAGINS=17.07|CREFMAG=10.23|CREFERR=0.00|KMAGINS=18.44|KREFMAG=11.38|KREFERR=0.01,0,1.005,Z,17.07,18.44,,ZZ Mic,,STD,,,,
2460567.989552,9.43,0.0,,V,NLX,,UCAC4 237-172142,237-172119,X38805ALB,|VMAGINS=16.26|CMAGINS=17.06|CREFMAG=10.23|CREFERR=0.00|KMAGINS=18.42|KREFMAG=11.38|KREFERR=0.01,0,1.005,Z,17.06,18.42,,ZZ Mic,,STD,,,,
2460567.989876,9.43,0.0,,V,NLX,,UCAC4 237-172142,237-172119,X38805ALB,|VMAGINS=16.26|CMAGINS=17.05|CREFMAG=10.23|CREFERR=0.00|KMAGINS=18.41|KREFMAG=11.38|KREFERR=0.01,0,1.005,Z,17.05,18.41,,ZZ Mic,,STD,,,,
2460567.990126,9.44,0.0,,V,NLX,,UCAC4 237-172142,237-172119,X38805ALB,|VMAGINS=16.26|CMAGINS=17.05|CREFMAG=10.23|CREFERR=0.00|KMAGINS=18.41|KREFMAG=11.38|KREFERR=0.01,0,1.005,Z,17.05,18.41,,ZZ Mic,,STD,,,,
2460567.990376,9.45,0.0,,V,NLX,,UCAC4 237-172142,237-172119,X38805ALB,|VMAGINS=16.28|CMAGINS=17.05|CREFMAG=10.23|CREFERR=0.00|KMAGINS=18.41|KREFMAG=11.38|KREFERR=0.01,0,1.005,Z,17.05,18.41,,ZZ Mic,,STD,,,,
2460567.990696,9.46,0.0,,V,NLX,,UCAC4 237-172142,237-172119,X38805ALB,|VMAGINS=16.27|CMAGINS=17.05|CREFMAG=10.23|CREFERR=0.00|KMAGINS=18.41|KREFMAG=11.38|KREFERR=0.01,0,1.005,Z,17.05,18.41,,ZZ Mic,,STD,,,,
2460567.990947,9.45,0.0,,V,NLX,,UCAC4 237-172142,237-172119,X38805ALB,|VMAGINS=16.28|CMAGINS=17.05|CREFMAG=10.23|CREFERR=0.00|KMAGINS=18.40|KREFMAG=11.38|KREFERR=0.01,0,1.005,Z,17.05,18.4,,ZZ Mic,,STD,,,,
2460567.991198,9.47,0.0,,V,NLX,,UCAC4 237-172142,237-172119,X38805ALB,|VMAGINS=16.28|CMAGINS=17.04|CREFMAG=10.23|CREFERR=0.00|KMAGINS=18.41|KREFMAG=11.38|KREFERR=0.01,0,1.005,Z,17.04,18.41,,ZZ Mic,,STD,,,,
2460567.991515,9.48,0.0,,V,NLX,,UCAC4 237-172142,237-172119,X38805ALB,|VMAGINS=16.29|CMAGINS=17.04|CREFMAG=10.23|CREFERR=0.00|KMAGINS=18.41|KREFMAG=11.38|KREFERR=0.01,0,1.005,Z,17.04,18.41,,ZZ Mic,,STD,,,,
2460567.991763,9.47,0.0,,V,NLX,,UCAC4 237-172142,237-172119,X38805ALB,|VMAGINS=16.29|CMAGINS=17.05|CREFMAG=10.23|CREFERR=0.00|KMAGINS=18.43|KREFMAG=11.38|KREFERR=0.01,0,1.005,Z,17.05,18.43,,ZZ Mic,,STD,,,,
2460567.992015,9.47,0.0,,V,NLX,,UCAC4 237-172142,237-172119,X38805ALB,|VMAGINS=16.29|CMAGINS=17.05|CREFMAG=10.23|CREFERR=0.00|KMAGINS=18.41|KREFMAG=11.38|KREFERR=0.01,0,1.005,Z,17.05,18.41,,ZZ Mic,,STD,,,,
2460567.992338,9.47,0.0,,V,NLX,,UCAC4 237-172142,237-172119,X38805ALB,|VMAGINS=16.30|CMAGINS=17.06|CREFMAG=10.23|CREFERR=0.00|KMAGINS=18.41|KREFMAG=11.38|KREFERR=0.01,0,1.005,Z,17.06,18.41,,ZZ Mic,,STD,,,,
2460567.992658,9.49,0.0,,V,NLX,,UCAC4 237-172142,237-172119,X38805ALB,|VMAGINS=16.30|CMAGINS=17.04|CREFMAG=10.23|CREFERR=0.00|KMAGINS=18.41|KREFMAG=11.38|KREFERR=0.01,0,1.005,Z,17.04,18.41,,ZZ Mic,,STD,,,,
2460567.992913,9.5,0.0,,V,NLX,,UCAC4 237-172142,237-172119,X38805ALB,|VMAGINS=16.30|CMAGINS=17.03|CREFMAG=10.23|CREFERR=0.00|KMAGINS=18.40|KREFMAG=11.38|KREFERR=0.01,0,1.005,Z,17.03,18.4,,ZZ Mic,,STD,,,,
2460567.993166,9.5,0.0,,V,NLX,,UCAC4 237-172142,237-172119,X38805ALB,|VMAGINS=16.29|CMAGINS=17.02|CREFMAG=10.23|CREFERR=0.00|KMAGINS=18.38|KREFMAG=11.38|KREFERR=0.01,0,1.005,Z,17.02,18.38,,ZZ Mic,,STD,,,,
2460567.99342,9.49,0.0,,V,NLX,,UCAC4 237-172142,237-172119,X38805ALB,|VMAGINS=16.30|CMAGINS=17.04|CREFMAG=10.23|CREFERR=0.00|KMAGINS=18.40|KREFMAG=11.38|KREFERR=0.01,0,1.005,Z,17.04,18.4,,ZZ Mic,,STD,,,,
2460567.993748,9.5,0.0,,V,NLX,,UCAC4 237-172142,237-172119,X38805ALB,|VMAGINS=16.30|CMAGINS=17.03|CREFMAG=10.23|CREFERR=0.00|KMAGINS=18.39|KREFMAG=11.38|KREFERR=0.01,0,1.005,Z,17.03,18.39,,ZZ Mic,,STD,,,,
2460567.993997,9.51,0.0,,V,NLX,,UCAC4 237-172142,237-172119,X38805ALB,|VMAGINS=16.30|CMAGINS=17.02|CREFMAG=10.23|CREFERR=0.00|KMAGINS=18.39|KREFMAG=11.38|KREFERR=0.01,0,1.005,Z,17.02,18.39,,ZZ Mic,,STD,,,,
2460567.994249,9.52,0.0,,V,NLX,,UCAC4 237-172142,237-172119,X38805ALB,|VMAGINS=16.32|CMAGINS=17.03|CREFMAG=10.23|CREFERR=0.00|KMAGINS=18.41|KREFMAG=11.38|KREFERR=0.01,0,1.005,Z,17.03,18.41,,ZZ Mic,,STD,,,,
2460567.994563,9.51,0.0,,V,NLX,,UCAC4 237-172142,237-172119,X38805ALB,|VMAGINS=16.30|CMAGINS=17.02|CREFMAG=10.23|CREFERR=0.00|KMAGINS=18.39|KREFMAG=11.38|KREFERR=0.01,0,1.005,Z,17.02,18.39,,ZZ Mic,,STD,,,,
2460567.994812,9.52,0.0,,V,NLX,,UCAC4 237-172142,237-172119,X38805ALB,|VMAGINS=16.32|CMAGINS=17.02|CREFMAG=10.23|CREFERR=0.00|KMAGINS=18.39|KREFMAG=11.38|KREFERR=0.01,0,1.005,Z,17.02,18.39,,ZZ Mic,,STD,,,,
2460567.995128,9.53,0.0,,V,NLX,,UCAC4 237-172142,237-172119,X38805ALB,|VMAGINS=16.31|CMAGINS=17.01|CREFMAG=10.23|CREFERR=0.00|KMAGINS=18.38|KREFMAG=11.38|KREFERR=0.01,0,1.005,Z,17.01,18.38,,ZZ Mic,,STD,,,,
2460567.995383,9.53,0.0,,V,NLX,,UCAC4 237-172142,237-172119,X38805ALB,|VMAGINS=16.31|CMAGINS=17.00|CREFMAG=10.23|CREFERR=0.00|KMAGINS=18.37|KREFMAG=11.38|KREFERR=0.01,0,1.005,Z,17.0,18.37,,ZZ Mic,,STD,,,,
2460567.995638,9.53,0.0,,V,NLX,,UCAC4 237-172142,237-172119,X38805ALB,|VMAGINS=16.30|CMAGINS=17.00|CREFMAG=10.23|CREFERR=0.00|KMAGINS=18.36|KREFMAG=11.38|KREFERR=0.01,0,1.005,Z,17.0,18.36,,ZZ Mic,,STD,,,,
2460567.995957,9.55,0.0,,V,NLX,,UCAC4 237-172142,237-172119,X38805ALB,|VMAGINS=16.33|CMAGINS=17.01|CREFMAG=10.23|CREFERR=0.00|KMAGINS=18.37|KREFMAG=11.38|KREFERR=0.01,0,1.005,Z,17.01,18.37,,ZZ Mic,,STD,,,,
2460567.996207,9.55,0.0,,V,NLX,,UCAC4 237-172142,237-172119,X38805ALB,|VMAGINS=16.33|CMAGINS=17.01|CREFMAG=10.23|CREFERR=0.00|KMAGINS=18.38|KREFMAG=11.38|KREFERR=0.01,0,1.005,Z,17.01,18.38,,ZZ Mic,,STD,,,,
2460568.019556,9.72,0.0,,V,NLX,,UCAC4 237-172142,237-172119,X38805ALB,|VMAGINS=16.67|CMAGINS=17.17|CREFMAG=10.23|CREFERR=0.00|KMAGINS=18.55|KREFMAG=11.38|KREFERR=0.01,0,1.011,Z,17.17,18.55,,ZZ Mic,,STD,,,,
2460568.019875,9.73,0.0,,V,NLX,,UCAC4 237-172142,237-172119,X38805ALB,|VMAGINS=16.67|CMAGINS=17.18|CREFMAG=10.23|CREFERR=0.00|KMAGINS=18.56|KREFMAG=11.38|KREFERR=0.01,0,1.011,Z,17.18,18.56,,ZZ Mic,,STD,,,,
2460568.020125,9.73,0.0,,V,NLX,,UCAC4 237-172142,237-172119,X38805ALB,|VMAGINS=16.68|CMAGINS=17.18|CREFMAG=10.23|CREFERR=0.00|KMAGINS=18.55|KREFMAG=11.38|KREFERR=0.01,0,1.012,Z,17.18,18.55,,ZZ Mic,,STD,,,,
2460568.020378,9.71,0.0,,V,NLX,,UCAC4 237-172142,237-172119,X38805ALB,|VMAGINS=16.68|CMAGINS=17.20|CREFMAG=10.23|CREFERR=0.00|KMAGINS=18.57|KREFMAG=11.38|KREFERR=0.01,0,1.012,Z,17.2,18.57,,ZZ Mic,,STD,,,,
2460568.020628,9.73,0.0,,V,NLX,,UCAC4 237-172142,237-172119,X38805ALB,|VMAGINS=16.68|CMAGINS=17.18|CREFMAG=10.23|CREFERR=0.00|KMAGINS=18.56|KREFMAG=11.38|KREFERR=0.01,0,1.012,Z,17.18,18.56,,ZZ Mic,,STD,,,,
2460568.020879,9.72,0.0,,V,NLX,,UCAC4 237-172142,237-172119,X38805ALB,|VMAGINS=16.69|CMAGINS=17.20|CREFMAG=10.23|CREFERR=0.00|KMAGINS=18.57|KREFMAG=11.38|KREFERR=0.01,0,1.012,Z,17.2,18.57,,ZZ Mic,,STD,,,,
2460568.02113,9.72,0.0,,V,NLX,,UCAC4 237-172142,237-172119,X38805ALB,|VMAGINS=16.68|CMAGINS=17.19|CREFMAG=10.23|CREFERR=0.00|KMAGINS=18.55|KREFMAG=11.38|KREFERR=0.01,0,1.012,Z,17.19,18.55,,ZZ Mic,,STD,,,,
2460568.021378,9.72,0.0,,V,NLX,,UCAC4 237-172142,237-172119,X38805ALB,|VMAGINS=16.70|CMAGINS=17.20|CREFMAG=10.23|CREFERR=0.00|KMAGINS=18.57|KREFMAG=11.38|KREFERR=0.01,0,1.012,Z,17.2,18.57,,ZZ Mic,,STD,,,,
2460568.021702,9.72,0.0,,V,NLX,,UCAC4 237-172142,237-172119,X38805ALB,|VMAGINS=16.67|CMAGINS=17.19|CREFMAG=10.23|CREFERR=0.00|KMAGINS=18.56|KREFMAG=11.38|KREFERR=0.01,0,1.012,Z,17.19,18.56,,ZZ Mic,,STD,,,,
2460568.021953,9.71,0.0,,V,NLX,,UCAC4 237-172142,237-172119,X38805ALB,|VMAGINS=16.68|CMAGINS=17.20|CREFMAG=10.23|CREFERR=0.00|KMAGINS=18.57|KREFMAG=11.38|KREFERR=0.01,0,1.013,Z,17.2,18.57,,ZZ Mic,,STD,,,,
2460568.022208,9.72,0.0,,V,NLX,,UCAC4 237-172142,237-172119,X38805ALB,|VMAGINS=16.68|CMAGINS=17.19|CREFMAG=10.23|CREFERR=0.00|KMAGINS=18.55|KREFMAG=11.38|KREFERR=0.01,0,1.013,Z,17.19,18.55,,ZZ Mic,,STD,,,,
2460568.022458,9.72,0.0,,V,NLX,,UCAC4 237-172142,237-172119,X38805ALB,|VMAGINS=16.68|CMAGINS=17.19|CREFMAG=10.23|CREFERR=0.00|KMAGINS=18.56|KREFMAG=11.38|KREFERR=0.01,0,1.013,Z,17.19,18.56,,ZZ Mic,,STD,,,,
2460568.022712,9.71,0.0,,V,NLX,,UCAC4 237-172142,237-172119,X38805ALB,|VMAGINS=16.66|CMAGINS=17.18|CREFMAG=10.23|CREFERR=0.00|KMAGINS=18.56|KREFMAG=11.38|KREFERR=0.01,0,1.013,Z,17.18,18.56,,ZZ Mic,,STD,,,,
2460568.02303,9.71,0.0,,V,NLX,,UCAC4 237-172142,237-172119,X38805ALB,|VMAGINS=16.69|CMAGINS=17.21|CREFMAG=10.23|CREFERR=0.00|KMAGINS=18.58|KREFMAG=11.38|KREFERR=0.01,0,1.013,Z,17.21,18.58,,ZZ Mic,,STD,,,,
2460568.023279,9.71,0.0,,V,NLX,,UCAC4 237-172142,237-172119,X38805ALB,|VMAGINS=16.68|CMAGINS=17.20|CREFMAG=10.23|CREFERR=0.00|KMAGINS=18.55|KREFMAG=11.38|KREFERR=0.01,0,1.013,Z,17.2,18.55,,ZZ Mic,,STD,,,,
2460568.023599,9.71,0.0,,V,NLX,,UCAC4 237-172142,237-172119,X38805ALB,|VMAGINS=16.67|CMAGINS=17.19|CREFMAG=10.23|CREFERR=0.00|KMAGINS=18.56|KREFMAG=11.38|KREFERR=0.01,0,1.014,Z,17.19,18.56,,ZZ Mic,,STD,,,,
2460568.023848,9.7,0.0,,V,NLX,,UCAC4 237-172142,237-172119,X38805ALB,|VMAGINS=16.66|CMAGINS=17.19|CREFMAG=10.23|CREFERR=0.00|KMAGINS=18.54|KREFMAG=11.38|KREFERR=0.01,0,1.014,Z,17.19,18.54,,ZZ Mic,,STD,,,,
2460568.024099,9.71,0.0,,V,NLX,,UCAC4 237-172142,237-172119,X38805ALB,|VMAGINS=16.65|CMAGINS=17.17|CREFMAG=10.23|CREFERR=0.00|KMAGINS=18.55|KREFMAG=11.38|KREFERR=0.01,0,1.014,Z,17.17,18.55,,ZZ Mic,,STD,,,,
2460568.024421,9.7,0.0,,V,NLX,,UCAC4 237-172142,237-172119,X38805ALB,|VMAGINS=16.66|CMAGINS=17.19|CREFMAG=10.23|CREFERR=0.00|KMAGINS=18.55|KREFMAG=11.38|KREFERR=0.01,0,1.014,Z,17.19,18.55,,ZZ Mic,,STD,,,,
2460568.024675,9.71,0.0,,V,NLX,,UCAC4 237-172142,237-172119,X38805ALB,|VMAGINS=16.65|CMAGINS=17.18|CREFMAG=10.23|CREFERR=0.00|KMAGINS=18.55|KREFMAG=11.38|KREFERR=0.01,0,1.014,Z,17.18,18.55,,ZZ Mic,,STD,,,,
2460568.024932,9.72,0.0,,V,NLX,,UCAC4 237-172142,237-172119,X38805ALB,|VMAGINS=16.68|CMAGINS=17.19|CREFMAG=10.23|CREFERR=0.00|KMAGINS=18.56|KREFMAG=11.38|KREFERR=0.01,0,1.015,Z,17.19,18.56,,ZZ Mic,,STD,,,,
2460568.025183,9.7,0.0,,V,NLX,,UCAC4 237-172142,237-172119,X38805ALB,|VMAGINS=16.67|CMAGINS=17.20|CREFMAG=10.23|CREFERR=0.00|KMAGINS=18.57|KREFMAG=11.38|KREFERR=0.01,0,1.015,Z,17.2,18.57,,ZZ Mic,,STD,,,,
2460568.025511,9.71,0.0,,V,NLX,,UCAC4 237-172142,237-172119,X38805ALB,|VMAGINS=16.67|CMAGINS=17.19|CREFMAG=10.23|CREFERR=0.00|KMAGINS=18.56|KREFMAG=11.38|KREFERR=0.01,0,1.015,Z,17.19,18.56,,ZZ Mic,,STD,,,,
2460568.025765,9.69,0.0,,V,NLX,,UCAC4 237-172142,237-172119,X38805ALB,|VMAGINS=16.65|CMAGINS=17.19|CREFMAG=10.23|CREFERR=0.00|KMAGINS=18.55|KREFMAG=11.38|KREFERR=0.01,0,1.015,Z,17.19,18.55,,ZZ Mic,,STD,,,,
2460568.026015,9.71,0.0,,V,NLX,,UCAC4 237-172142,237-172119,X38805ALB,|VMAGINS=16.68|CMAGINS=17.20|CREFMAG=10.23|CREFERR=0.00|KMAGINS=18.59|KREFMAG=11.38|KREFERR=0.01,0,1.015,Z,17.2,18.59,,ZZ Mic,,STD,,,,
2460568.026334,9.69,0.0,,V,NLX,,UCAC4 237-172142,237-172119,X38805ALB,|VMAGINS=16.65|CMAGINS=17.19|CREFMAG=10.23|CREFERR=0.00|KMAGINS=18.56|KREFMAG=11.38|KREFERR=0.01,0,1.016,Z,17.19,18.56,,ZZ Mic,,STD,,,,
2460568.026585,9.69,0.0,,V,NLX,,UCAC4 237-172142,237-172119,X38805ALB,|VMAGINS=16.65|CMAGINS=17.18|CREFMAG=10.23|CREFERR=0.00|KMAGINS=18.55|KREFMAG=11.38|KREFERR=0.01,0,1.016,Z,17.18,18.55,,ZZ Mic,,STD,,,,
2460568.026837,9.69,0.0,,V,NLX,,UCAC4 237-172142,237-172119,X38805ALB,|VMAGINS=16.66|CMAGINS=17.20|CREFMAG=10.23|CREFERR=0.00|KMAGINS=18.56|KREFMAG=11.38|KREFERR=0.01,0,1.016,Z,17.2,18.56,,ZZ Mic,,STD,,,,
2460568.027153,9.69,0.0,,V,NLX,,UCAC4 237-172142,237-172119,X38805ALB,|VMAGINS=16.65|CMAGINS=17.19|CREFMAG=10.23|CREFERR=0.00|KMAGINS=18.57|KREFMAG=11.38|KREFERR=0.01,0,1.016,Z,17.19,18.57,,ZZ Mic,,STD,,,,
2460568.027407,9.67,0.0,,V,NLX,,UCAC4 237-172142,237-172119,X38805ALB,|VMAGINS=16.63|CMAGINS=17.19|CREFMAG=10.23|CREFERR=0.00|KMAGINS=18.55|KREFMAG=11.38|KREFERR=0.01,0,1.016,Z,17.19,18.55,,ZZ Mic,,STD,,,,
2460568.027658,9.68,0.0,,V,NLX,,UCAC4 237-172142,237-172119,X38805ALB,|VMAGINS=16.65|CMAGINS=17.20|CREFMAG=10.23|CREFERR=0.00|KMAGINS=18.56|KREFMAG=11.38|KREFERR=0.01,0,1.016,Z,17.2,18.56,,ZZ Mic,,STD,,,,
2460568.02798,9.67,0.0,,V,NLX,,UCAC4 237-172142,237-172119,X38805ALB,|VMAGINS=16.64|CMAGINS=17.20|CREFMAG=10.23|CREFERR=0.00|KMAGINS=18.56|KREFMAG=11.38|KREFERR=0.01,0,1.017,Z,17.2,18.56,,ZZ Mic,,STD,,,,
2460568.028232,9.67,0.0,,V,NLX,,UCAC4 237-172142,237-172119,X38805ALB,|VMAGINS=16.63|CMAGINS=17.19|CREFMAG=10.23|CREFERR=0.00|KMAGINS=18.55|KREFMAG=11.38|KREFERR=0.01,0,1.017,Z,17.19,18.55,,ZZ Mic,,STD,,,,
2460568.028483,9.67,0.0,,V,NLX,,UCAC4 237-172142,237-172119,X38805ALB,|VMAGINS=16.62|CMAGINS=17.17|CREFMAG=10.23|CREFERR=0.00|KMAGINS=18.56|KREFMAG=11.38|KREFERR=0.01,0,1.017,Z,17.17,18.56,,ZZ Mic,,STD,,,,
2460568.028794,9.66,0.0,,V,NLX,,UCAC4 237-172142,237-172119,X38805ALB,|VMAGINS=16.62|CMAGINS=17.19|CREFMAG=10.23|CREFERR=0.00|KMAGINS=18.56|KREFMAG=11.38|KREFERR=0.01,0,1.017,Z,17.19,18.56,,ZZ Mic,,STD,,,,
2460568.029045,9.66,0.0,,V,NLX,,UCAC4 237-172142,237-172119,X38805ALB,|VMAGINS=16.61|CMAGINS=17.18|CREFMAG=10.23|CREFERR=0.00|KMAGINS=18.55|KREFMAG=11.38|KREFERR=0.01,0,1.018,Z,17.18,18.55,,ZZ Mic,,STD,,,,
2460568.029297,9.67,0.0,,V,NLX,,UCAC4 237-172142,237-172119,X38805ALB,|VMAGINS=16.63|CMAGINS=17.19|CREFMAG=10.23|CREFERR=0.00|KMAGINS=18.57|KREFMAG=11.38|KREFERR=0.01,0,1.018,Z,17.19,18.57,,ZZ Mic,,STD,,,,
2460568.029549,9.66,0.0,,V,NLX,,UCAC4 237-172142,237-172119,X38805ALB,|VMAGINS=16.63|CMAGINS=17.20|CREFMAG=10.23|CREFERR=0.00|KMAGINS=18.58|KREFMAG=11.38|KREFERR=0.01,0,1.018,Z,17.2,18.58,,ZZ Mic,,STD,,,,
2460568.029875,9.65,0.0,,V,NLX,,UCAC4 237-172142,237-172119,X38805ALB,|VMAGINS=16.62|CMAGINS=17.20|CREFMAG=10.23|CREFERR=0.00|KMAGINS=18.56|KREFMAG=11.38|KREFERR=0.01,0,1.018,Z,17.2,18.56,,ZZ Mic,,STD,,,,
2460568.030126,9.64,0.0,,V,NLX,,UCAC4 237-172142,237-172119,X38805ALB,|VMAGINS=16.62|CMAGINS=17.21|CREFMAG=10.23|CREFERR=0.00|KMAGINS=18.57|KREFMAG=11.38|KREFERR=0.01,0,1.018,Z,17.21,18.57,,ZZ Mic,,STD,,,,
2460568.030447,9.64,0.0,,V,NLX,,UCAC4 237-172142,237-172119,X38805ALB,|VMAGINS=16.62|CMAGINS=17.21|CREFMAG=10.23|CREFERR=0.00|KMAGINS=18.58|KREFMAG=11.38|KREFERR=0.01,0,1.019,Z,17.21,18.58,,ZZ Mic,,STD,,,,
2460568.030697,9.64,0.0,,V,NLX,,UCAC4 237-172142,237-172119,X38805ALB,|VMAGINS=16.61|CMAGINS=17.20|CREFMAG=10.23|CREFERR=0.00|KMAGINS=18.58|KREFMAG=11.38|KREFERR=0.01,0,1.019,Z,17.2,18.58,,ZZ Mic,,STD,,,,
2460568.030951,9.64,0.0,,V,NLX,,UCAC4 237-172142,237-172119,X38805ALB,|VMAGINS=16.60|CMAGINS=17.19|CREFMAG=10.23|CREFERR=0.00|KMAGINS=18.56|KREFMAG=11.38|KREFERR=0.01,0,1.019,Z,17.19,18.56,,ZZ Mic,,STD,,,,
2460568.031265,9.63,0.0,,V,NLX,,UCAC4 237-172142,237-172119,X38805ALB,|VMAGINS=16.60|CMAGINS=17.20|CREFMAG=10.23|CREFERR=0.00|KMAGINS=18.56|KREFMAG=11.38|KREFERR=0.01,0,1.019,Z,17.2,18.56,,ZZ Mic,,STD,,,,
2460568.031518,9.63,0.0,,V,NLX,,UCAC4 237-172142,237-172119,X38805ALB,|VMAGINS=16.59|CMAGINS=17.19|CREFMAG=10.23|CREFERR=0.00|KMAGINS=18.55|KREFMAG=11.38|KREFERR=0.01,0,1.02,Z,17.19,18.55,,ZZ Mic,,STD,,,,
2460568.031836,9.62,0.0,,V,NLX,,UCAC4 237-172142,237-172119,X38805ALB,|VMAGINS=16.57|CMAGINS=17.18|CREFMAG=10.23|CREFERR=0.00|KMAGINS=18.54|KREFMAG=11.38|KREFERR=0.01,0,1.02,Z,17.18,18.54,,ZZ Mic,,STD,,,,
2460568.032084,9.61,0.0,,V,NLX,,UCAC4 237-172142,237-172119,X38805ALB,|VMAGINS=16.56|CMAGINS=17.17|CREFMAG=10.23|CREFERR=0.00|KMAGINS=18.54|KREFMAG=11.38|KREFERR=0.01,0,1.02,Z,17.17,18.54,,ZZ Mic,,STD,,,,
2460568.032414,9.61,0.0,,V,NLX,,UCAC4 237-172142,237-172119,X38805ALB,|VMAGINS=16.55|CMAGINS=17.18|CREFMAG=10.23|CREFERR=0.00|KMAGINS=18.55|KREFMAG=11.38|KREFERR=0.01,0,1.02,Z,17.18,18.55,,ZZ Mic,,STD,,,,
2460568.032666,9.61,0.0,,V,NLX,,UCAC4 237-172142,237-172119,X38805ALB,|VMAGINS=16.57|CMAGINS=17.19|CREFMAG=10.23|CREFERR=0.00|KMAGINS=18.55|KREFMAG=11.38|KREFERR=0.01,0,1.021,Z,17.19,18.55,,ZZ Mic,,STD,,,,
2460568.032988,9.6,0.0,,V,NLX,,UCAC4 237-172142,237-172119,X38805ALB,|VMAGINS=16.56|CMAGINS=17.19|CREFMAG=10.23|CREFERR=0.00|KMAGINS=18.58|KREFMAG=11.38|KREFERR=0.01,0,1.021,Z,17.19,18.58,,ZZ Mic,,STD,,,,
2460568.033238,9.6,0.0,,V,NLX,,UCAC4 237-172142,237-172119,X38805ALB,|VMAGINS=16.57|CMAGINS=17.20|CREFMAG=10.23|CREFERR=0.00|KMAGINS=18.57|KREFMAG=11.38|KREFERR=0.01,0,1.021,Z,17.2,18.57,,ZZ Mic,,STD,,,,
2460568.033555,9.58,0.0,,V,NLX,,UCAC4 237-172142,237-172119,X38805ALB,|VMAGINS=16.55|CMAGINS=17.19|CREFMAG=10.23|CREFERR=0.00|KMAGINS=18.57|KREFMAG=11.38|KREFERR=0.01,0,1.021,Z,17.19,18.57,,ZZ Mic,,STD,,,,
2460568.03381,9.59,0.0,,V,NLX,,UCAC4 237-172142,237-172119,X38805ALB,|VMAGINS=16.56|CMAGINS=17.20|CREFMAG=10.23|CREFERR=0.00|KMAGINS=18.56|KREFMAG=11.38|KREFERR=0.01,0,1.022,Z,17.2,18.56,,ZZ Mic,,STD,,,,
2460568.034127,9.58,0.0,,V,NLX,,UCAC4 237-172142,237-172119,X38805ALB,|VMAGINS=16.55|CMAGINS=17.20|CREFMAG=10.23|CREFERR=0.00|KMAGINS=18.57|KREFMAG=11.38|KREFERR=0.01,0,1.022,Z,17.2,18.57,,ZZ Mic,,STD,,,,
2460568.034379,9.56,0.0,,V,NLX,,UCAC4 237-172142,237-172119,X38805ALB,|VMAGINS=16.51|CMAGINS=17.18|CREFMAG=10.23|CREFERR=0.00|KMAGINS=18.55|KREFMAG=11.38|KREFERR=0.01,0,1.022,Z,17.18,18.55,,ZZ Mic,,STD,,,,
2460568.03463,9.56,0.0,,V,NLX,,UCAC4 237-172142,237-172119,X38805ALB,|VMAGINS=16.54|CMAGINS=17.21|CREFMAG=10.23|CREFERR=0.00|KMAGINS=18.59|KREFMAG=11.38|KREFERR=0.01,0,1.022,Z,17.21,18.59,,ZZ Mic,,STD,,,,
2460568.034948,9.55,0.0,,V,NLX,,UCAC4 237-172142,237-172119,X38805ALB,|VMAGINS=16.52|CMAGINS=17.20|CREFMAG=10.23|CREFERR=0.00|KMAGINS=18.57|KREFMAG=11.38|KREFERR=0.01,0,1.023,Z,17.2,18.57,,ZZ Mic,,STD,,,,
2460568.035198,9.55,0.0,,V,NLX,,UCAC4 237-172142,237-172119,X38805ALB,|VMAGINS=16.54|CMAGINS=17.22|CREFMAG=10.23|CREFERR=0.00|KMAGINS=18.58|KREFMAG=11.38|KREFERR=0.01,0,1.023,Z,17.22,18.58,,ZZ Mic,,STD,,,,
2460568.035524,9.54,0.0,,V,NLX,,UCAC4 237-172142,237-172119,X38805ALB,|VMAGINS=16.51|CMAGINS=17.20|CREFMAG=10.23|CREFERR=0.00|KMAGINS=18.57|KREFMAG=11.38|KREFERR=0.01,0,1.023,Z,17.2,18.57,,ZZ Mic,,STD,,,,
2460568.035777,9.53,0.0,,V,NLX,,UCAC4 237-172142,237-172119,X38805ALB,|VMAGINS=16.49|CMAGINS=17.19|CREFMAG=10.23|CREFERR=0.00|KMAGINS=18.56|KREFMAG=11.38|KREFERR=0.01,0,1.023,Z,17.19,18.56,,ZZ Mic,,STD,,,,
2460568.036028,9.53,0.0,,V,NLX,,UCAC4 237-172142,237-172119,X38805ALB,|VMAGINS=16.49|CMAGINS=17.19|CREFMAG=10.23|CREFERR=0.00|KMAGINS=18.57|KREFMAG=11.38|KREFERR=0.01,0,1.024,Z,17.19,18.57,,ZZ Mic,,STD,,,,
2460568.036343,9.52,0.0,,V,NLX,,UCAC4 237-172142,237-172119,X38805ALB,|VMAGINS=16.49|CMAGINS=17.20|CREFMAG=10.23|CREFERR=0.00|KMAGINS=18.58|KREFMAG=11.38|KREFERR=0.01,0,1.024,Z,17.2,18.58,,ZZ Mic,,STD,,,,
2460568.036593,9.52,0.0,,V,NLX,,UCAC4 237-172142,237-172119,X38805ALB,|VMAGINS=16.50|CMAGINS=17.20|CREFMAG=10.23|CREFERR=0.00|KMAGINS=18.57|KREFMAG=11.38|KREFERR=0.01,0,1.024,Z,17.2,18.57,,ZZ Mic,,STD,,,,
2460568.036841,9.53,0.0,,V,NLX,,UCAC4 237-172142,237-172119,X38805ALB,|VMAGINS=16.50|CMAGINS=17.20|CREFMAG=10.23|CREFERR=0.00|KMAGINS=18.56|KREFMAG=11.38|KREFERR=0.01,0,1.024,Z,17.2,18.56,,ZZ Mic,,STD,,,,
2460568.037156,9.5,0.0,,V,NLX,,UCAC4 237-172142,237-172119,X38805ALB,|VMAGINS=16.49|CMAGINS=17.22|CREFMAG=10.23|CREFERR=0.00|KMAGINS=18.61|KREFMAG=11.38|KREFERR=0.01,0,1.025,Z,17.22,18.61,,ZZ Mic,,STD,,,,
2460568.037408,9.5,0.0,,V,NLX,,UCAC4 237-172142,237-172119,X38805ALB,|VMAGINS=16.47|CMAGINS=17.19|CREFMAG=10.23|CREFERR=0.00|KMAGINS=18.56|KREFMAG=11.38|KREFERR=0.01,0,1.025,Z,17.19,18.56,,ZZ Mic,,STD,,,,
2460568.037662,9.49,0.0,,V,NLX,,UCAC4 237-172142,237-172119,X38805ALB,|VMAGINS=16.46|CMAGINS=17.20|CREFMAG=10.23|CREFERR=0.00|KMAGINS=18.56|KREFMAG=11.38|KREFERR=0.01,0,1.025,Z,17.2,18.56,,ZZ Mic,,STD,,,,
2460568.037984,9.48,0.0,,V,NLX,,UCAC4 237-172142,237-172119,X38805ALB,|VMAGINS=16.46|CMAGINS=17.21|CREFMAG=10.23|CREFERR=0.00|KMAGINS=18.58|KREFMAG=11.38|KREFERR=0.01,0,1.026,Z,17.21,18.58,,ZZ Mic,,STD,,,,
2460568.038241,9.47,0.0,,V,NLX,,UCAC4 237-172142,237-172119,X38805ALB,|VMAGINS=16.45|CMAGINS=17.21|CREFMAG=10.23|CREFERR=0.00|KMAGINS=18.58|KREFMAG=11.38|KREFERR=0.01,0,1.026,Z,17.21,18.58,,ZZ Mic,,STD,,,,
2460568.038561,9.46,0.0,,V,NLX,,UCAC4 237-172142,237-172119,X38805ALB,|VMAGINS=16.45|CMAGINS=17.22|CREFMAG=10.23|CREFERR=0.00|KMAGINS=18.58|KREFMAG=11.38|KREFERR=0.01,0,1.026,Z,17.22,18.58,,ZZ Mic,,STD,,,,
2460568.038811,9.46,0.0,,V,NLX,,UCAC4 237-172142,237-172119,X38805ALB,|VMAGINS=16.45|CMAGINS=17.22|CREFMAG=10.23|CREFERR=0.00|KMAGINS=18.58|KREFMAG=11.38|KREFERR=0.01,0,1.026,Z,17.22,18.58,,ZZ Mic,,STD,,,,
2460568.039065,9.45,0.0,,V,NLX,,UCAC4 237-172142,237-172119,X38805ALB,|VMAGINS=16.45|CMAGINS=17.22|CREFMAG=10.23|CREFERR=0.00|KMAGINS=18.60|KREFMAG=11.38|KREFERR=0.01,0,1.027,Z,17.22,18.6,,ZZ Mic,,STD,,,,
2460568.039392,9.44,0.0,,V,NLX,,UCAC4 237-172142,237-172119,X38805ALB,|VMAGINS=16.45|CMAGINS=17.24|CREFMAG=10.23|CREFERR=0.00|KMAGINS=18.60|KREFMAG=11.38|KREFERR=0.01,0,1.027,Z,17.24,18.6,,ZZ Mic,,STD,,,,
2460568.039641,9.44,0.0,,V,NLX,,UCAC4 237-172142,237-172119,X38805ALB,|VMAGINS=16.43|CMAGINS=17.22|CREFMAG=10.23|CREFERR=0.00|KMAGINS=18.59|KREFMAG=11.38|KREFERR=0.01,0,1.027,Z,17.22,18.59,,ZZ Mic,,STD,,,,
2460568.039893,9.43,0.0,,V,NLX,,UCAC4 237-172142,237-172119,X38805ALB,|VMAGINS=16.42|CMAGINS=17.21|CREFMAG=10.23|CREFERR=0.00|KMAGINS=18.58|KREFMAG=11.38|KREFERR=0.01,0,1.027,Z,17.21,18.58,,ZZ Mic,,STD,,,,
2460568.040203,9.43,0.0,,V,NLX,,UCAC4 237-172142,237-172119,X38805ALB,|VMAGINS=16.43|CMAGINS=17.23|CREFMAG=10.23|CREFERR=0.00|KMAGINS=18.59|KREFMAG=11.38|KREFERR=0.01,0,1.028,Z,17.23,18.59,,ZZ Mic,,STD,,,,
2460568.040457,9.42,0.0,,V,NLX,,UCAC4 237-172142,237-172119,X38805ALB,|VMAGINS=16.40|CMAGINS=17.21|CREFMAG=10.23|CREFERR=0.00|KMAGINS=18.58|KREFMAG=11.38|KREFERR=0.01,0,1.028,Z,17.21,18.58,,ZZ Mic,,STD,,,,
2460568.040709,9.42,0.0,,V,NLX,,UCAC4 237-172142,237-172119,X38805ALB,|VMAGINS=16.40|CMAGINS=17.21|CREFMAG=10.23|CREFERR=0.00|KMAGINS=18.57|KREFMAG=11.38|KREFERR=0.01,0,1.028,Z,17.21,18.57,,ZZ Mic,,STD,,,,
2460568.041027,9.41,0.0,,V,NLX,,UCAC4 237-172142,237-172119,X38805ALB,|VMAGINS=16.39|CMAGINS=17.21|CREFMAG=10.23|CREFERR=0.00|KMAGINS=18.58|KREFMAG=11.38|KREFERR=0.01,0,1.029,Z,17.21,18.58,,ZZ Mic,,STD,,,,
2460568.041276,9.4,0.0,,V,NLX,,UCAC4 237-172142,237-172119,X38805ALB,|VMAGINS=16.39|CMAGINS=17.22|CREFMAG=10.23|CREFERR=0.00|KMAGINS=18.57|KREFMAG=11.38|KREFERR=0.01,0,1.029,Z,17.22,18.57,,ZZ Mic,,STD,,,,
2460568.041527,9.39,0.0,,V,NLX,,UCAC4 237-172142,237-172119,X38805ALB,|VMAGINS=16.38|CMAGINS=17.22|CREFMAG=10.23|CREFERR=0.00|KMAGINS=18.60|KREFMAG=11.38|KREFERR=0.01,0,1.029,Z,17.22,18.6,,ZZ Mic,,STD,,,,
2460568.041846,9.39,0.0,,V,NLX,,UCAC4 237-172142,237-172119,X38805ALB,|VMAGINS=16.39|CMAGINS=17.23|CREFMAG=10.23|CREFERR=0.00|KMAGINS=18.61|KREFMAG=11.38|KREFERR=0.01,0,1.03,Z,17.23,18.61,,ZZ Mic,,STD,,,,
2460568.042098,9.37,0.0,,V,NLX,,UCAC4 237-172142,237-172119,X38805ALB,|VMAGINS=16.38|CMAGINS=17.23|CREFMAG=10.23|CREFERR=0.00|KMAGINS=18.60|KREFMAG=11.38|KREFERR=0.01,0,1.03,Z,17.23,18.6,,ZZ Mic,,STD,,,,
2460568.042351,9.39,0.0,,V,NLX,,UCAC4 237-172142,237-172119,X38805ALB,|VMAGINS=16.38|CMAGINS=17.22|CREFMAG=10.23|CREFERR=0.00|KMAGINS=18.61|KREFMAG=11.38|KREFERR=0.01,0,1.03,Z,17.22,18.61,,ZZ Mic,,STD,,,,
2460568.042602,9.38,0.0,,V,NLX,,UCAC4 237-172142,237-172119,X38805ALB,|VMAGINS=16.38|CMAGINS=17.23|CREFMAG=10.23|CREFERR=0.00|KMAGINS=18.59|KREFMAG=11.38|KREFERR=0.01,0,1.03,Z,17.23,18.59,,ZZ Mic,,STD,,,,
2460568.042926,9.37,0.0,,V,NLX,,UCAC4 237-172142,237-172119,X38805ALB,|VMAGINS=16.37|CMAGINS=17.23|CREFMAG=10.23|CREFERR=0.00|KMAGINS=18.60|KREFMAG=11.38|KREFERR=0.01,0,1.031,Z,17.23,18.6,,ZZ Mic,,STD,,,,
2460568.043177,9.37,0.0,,V,NLX,,UCAC4 237-172142,237-172119,X38805ALB,|VMAGINS=16.38|CMAGINS=17.24|CREFMAG=10.23|CREFERR=0.00|KMAGINS=18.61|KREFMAG=11.38|KREFERR=0.01,0,1.031,Z,17.24,18.61,,ZZ Mic,,STD,,,,
2460568.043425,9.37,0.0,,V,NLX,,UCAC4 237-172142,237-172119,X38805ALB,|VMAGINS=16.38|CMAGINS=17.24|CREFMAG=10.23|CREFERR=0.00|KMAGINS=18.61|KREFMAG=11.38|KREFERR=0.01,0,1.031,Z,17.24,18.61,,ZZ Mic,,STD,,,,
2460568.043676,9.36,0.0,,V,NLX,,UCAC4 237-172142,237-172119,X38805ALB,|VMAGINS=16.38|CMAGINS=17.25|CREFMAG=10.23|CREFERR=0.00|KMAGINS=18.63|KREFMAG=11.38|KREFERR=0.01,0,1.032,Z,17.25,18.63,,ZZ Mic,,STD,,,,
2460568.044004,9.35,0.0,,V,NLX,,UCAC4 237-172142,237-172119,X38805ALB,|VMAGINS=16.37|CMAGINS=17.25|CREFMAG=10.23|CREFERR=0.00|KMAGINS=18.60|KREFMAG=11.38|KREFERR=0.01,0,1.032,Z,17.25,18.6,,ZZ Mic,,STD,,,,
2460568.044254,9.35,0.0,,V,NLX,,UCAC4 237-172142,237-172119,X38805ALB,|VMAGINS=16.37|CMAGINS=17.25|CREFMAG=10.23|CREFERR=0.00|KMAGINS=18.60|KREFMAG=11.38|KREFERR=0.01,0,1.032,Z,17.25,18.6,,ZZ Mic,,STD,,,,
2460568.044511,9.35,0.0,,V,NLX,,UCAC4 237-172142,237-172119,X38805ALB,|VMAGINS=16.36|CMAGINS=17.24|CREFMAG=10.23|CREFERR=0.00|KMAGINS=18.60|KREFMAG=11.38|KREFERR=0.01,0,1.033,Z,17.24,18.6,,ZZ Mic,,STD,,,,
2460568.044838,9.35,0.0,,V,NLX,,UCAC4 237-172142,237-172119,X38805ALB,|VMAGINS=16.36|CMAGINS=17.24|CREFMAG=10.23|CREFERR=0.00|KMAGINS=18.61|KREFMAG=11.38|KREFERR=0.01,0,1.033,Z,17.24,18.61,,ZZ Mic,,STD,,,,
2460568.045089,9.35,0.0,,V,NLX,,UCAC4 237-172142,237-172119,X38805ALB,|VMAGINS=16.35|CMAGINS=17.23|CREFMAG=10.23|CREFERR=0.00|KMAGINS=18.61|KREFMAG=11.38|KREFERR=0.01,0,1.033,Z,17.23,18.61,,ZZ Mic,,STD,,,,
2460568.045345,9.35,0.0,,V,NLX,,UCAC4 237-172142,237-172119,X38805ALB,|VMAGINS=16.36|CMAGINS=17.24|CREFMAG=10.23|CREFERR=0.00|KMAGINS=18.60|KREFMAG=11.38|KREFERR=0.01,0,1.034,Z,17.24,18.6,,ZZ Mic,,STD,,,,
2460568.045663,9.35,0.0,,V,NLX,,UCAC4 237-172142,237-172119,X38805ALB,|VMAGINS=16.36|CMAGINS=17.24|CREFMAG=10.23|CREFERR=0.00|KMAGINS=18.61|KREFMAG=11.38|KREFERR=0.01,0,1.034,Z,17.24,18.61,,ZZ Mic,,STD,,,,
2460568.045915,9.35,0.0,,V,NLX,,UCAC4 237-172142,237-172119,X38805ALB,|VMAGINS=16.35|CMAGINS=17.23|CREFMAG=10.23|CREFERR=0.00|KMAGINS=18.60|KREFMAG=11.38|KREFERR=0.01,0,1.034,Z,17.23,18.6,,ZZ Mic,,STD,,,,
2460568.046166,9.35,0.0,,V,NLX,,UCAC4 237-172142,237-172119,X38805ALB,|VMAGINS=16.35|CMAGINS=17.23|CREFMAG=10.23|CREFERR=0.00|KMAGINS=18.60|KREFMAG=11.38|KREFERR=0.01,0,1.035,Z,17.23,18.6,,ZZ Mic,,STD,,,,
2460568.046415,9.34,0.0,,V,NLX,,UCAC4 237-172142,237-172119,X38805ALB,|VMAGINS=16.35|CMAGINS=17.24|CREFMAG=10.23|CREFERR=0.00|KMAGINS=18.60|KREFMAG=11.38|KREFERR=0.01,0,1.035,Z,17.24,18.6,,ZZ Mic,,STD,,,,
2460568.046665,9.34,0.0,,V,NLX,,UCAC4 237-172142,237-172119,X38805ALB,|VMAGINS=16.35|CMAGINS=17.24|CREFMAG=10.23|CREFERR=0.00|KMAGINS=18.61|KREFMAG=11.38|KREFERR=0.01,0,1.035,Z,17.24,18.61,,ZZ Mic,,STD,,,,
2460568.047087,9.35,0.0,,V,NLX,,UCAC4 237-172142,237-172119,X38805ALB,|VMAGINS=16.35|CMAGINS=17.23|CREFMAG=10.23|CREFERR=0.00|KMAGINS=18.60|KREFMAG=11.38|KREFERR=0.01,0,1.036,Z,17.23,18.6,,ZZ Mic,,STD,,,,
2460568.047401,9.35,0.0,,V,NLX,,UCAC4 237-172142,237-172119,X38805ALB,|VMAGINS=16.35|CMAGINS=17.23|CREFMAG=10.23|CREFERR=0.00|KMAGINS=18.61|KREFMAG=11.38|KREFERR=0.01,0,1.036,Z,17.23,18.61,,ZZ Mic,,STD,,,,
2460568.047651,9.34,0.0,,V,NLX,,UCAC4 237-172142,237-172119,X38805ALB,|VMAGINS=16.35|CMAGINS=17.24|CREFMAG=10.23|CREFERR=0.00|KMAGINS=18.60|KREFMAG=11.38|KREFERR=0.01,0,1.036,Z,17.24,18.6,,ZZ Mic,,STD,,,,
2460568.047975,9.35,0.0,,V,NLX,,UCAC4 237-172142,237-172119,X38805ALB,|VMAGINS=16.36|CMAGINS=17.24|CREFMAG=10.23|CREFERR=0.00|KMAGINS=18.62|KREFMAG=11.38|KREFERR=0.01,0,1.037,Z,17.24,18.62,,ZZ Mic,,STD,,,,
2460568.048225,9.35,0.0,,V,NLX,,UCAC4 237-172142,237-172119,X38805ALB,|VMAGINS=16.37|CMAGINS=17.24|CREFMAG=10.23|CREFERR=0.00|KMAGINS=18.63|KREFMAG=11.38|KREFERR=0.01,0,1.037,Z,17.24,18.63,,ZZ Mic,,STD,,,,
2460568.048555,9.35,0.0,,V,NLX,,UCAC4 237-172142,237-172119,X38805ALB,|VMAGINS=16.36|CMAGINS=17.24|CREFMAG=10.23|CREFERR=0.00|KMAGINS=18.61|KREFMAG=11.38|KREFERR=0.01,0,1.038,Z,17.24,18.61,,ZZ Mic,,STD,,,,
2460568.048806,9.36,0.0,,V,NLX,,UCAC4 237-172142,237-172119,X38805ALB,|VMAGINS=16.38|CMAGINS=17.25|CREFMAG=10.23|CREFERR=0.00|KMAGINS=18.62|KREFMAG=11.38|KREFERR=0.01,0,1.038,Z,17.25,18.62,,ZZ Mic,,STD,,,,
2460568.049129,9.36,0.0,,V,NLX,,UCAC4 237-172142,237-172119,X38805ALB,|VMAGINS=16.38|CMAGINS=17.25|CREFMAG=10.23|CREFERR=0.00|KMAGINS=18.62|KREFMAG=11.38|KREFERR=0.01,0,1.038,Z,17.25,18.62,,ZZ Mic,,STD,,,,
2460568.04938,9.36,0.0,,V,NLX,,UCAC4 237-172142,237-172119,X38805ALB,|VMAGINS=16.39|CMAGINS=17.26|CREFMAG=10.23|CREFERR=0.00|KMAGINS=18.62|KREFMAG=11.38|KREFERR=0.01,0,1.039,Z,17.26,18.62,,ZZ Mic,,STD,,,,
2460568.049707,9.37,0.0,,V,NLX,,UCAC4 237-172142,237-172119,X38805ALB,|VMAGINS=16.38|CMAGINS=17.24|CREFMAG=10.23|CREFERR=0.00|KMAGINS=18.60|KREFMAG=11.38|KREFERR=0.01,0,1.039,Z,17.24,18.6,,ZZ Mic,,STD,,,,
2460568.049957,9.37,0.0,,V,NLX,,UCAC4 237-172142,237-172119,X38805ALB,|VMAGINS=16.37|CMAGINS=17.24|CREFMAG=10.23|CREFERR=0.00|KMAGINS=18.60|KREFMAG=11.38|KREFERR=0.01,0,1.039,Z,17.24,18.6,,ZZ Mic,,STD,,,,
2460568.050207,9.36,0.0,,V,NLX,,UCAC4 237-172142,237-172119,X38805ALB,|VMAGINS=16.38|CMAGINS=17.25|CREFMAG=10.23|CREFERR=0.00|KMAGINS=18.62|KREFMAG=11.38|KREFERR=0.01,0,1.04,Z,17.25,18.62,,ZZ Mic,,STD,,,,
2460568.050456,9.37,0.0,,V,NLX,,UCAC4 237-172142,237-172119,X38805ALB,|VMAGINS=16.38|CMAGINS=17.25|CREFMAG=10.23|CREFERR=0.00|KMAGINS=18.62|KREFMAG=11.38|KREFERR=0.01,0,1.04,Z,17.25,18.62,,ZZ Mic,,STD,,,,
2460568.050703,9.38,0.0,,V,NLX,,UCAC4 237-172142,237-172119,X38805ALB,|VMAGINS=16.42|CMAGINS=17.27|CREFMAG=10.23|CREFERR=0.00|KMAGINS=18.64|KREFMAG=11.38|KREFERR=0.01,0,1.04,Z,17.27,18.64,,ZZ Mic,,STD,,,,
2460568.051028,9.36,0.0,,V,NLX,,UCAC4 237-172142,237-172119,X38805ALB,|VMAGINS=16.38|CMAGINS=17.25|CREFMAG=10.23|CREFERR=0.00|KMAGINS=18.63|KREFMAG=11.38|KREFERR=0.01,0,1.041,Z,17.25,18.63,,ZZ Mic,,STD,,,,
2460568.051359,9.39,0.0,,V,NLX,,UCAC4 237-172142,237-172119,X38805ALB,|VMAGINS=16.41|CMAGINS=17.24|CREFMAG=10.23|CREFERR=0.00|KMAGINS=18.62|KREFMAG=11.38|KREFERR=0.01,0,1.041,Z,17.24,18.62,,ZZ Mic,,STD,,,,
2460568.051609,9.38,0.0,,V,NLX,,UCAC4 237-172142,237-172119,X38805ALB,|VMAGINS=16.42|CMAGINS=17.27|CREFMAG=10.23|CREFERR=0.00|KMAGINS=18.63|KREFMAG=11.38|KREFERR=0.01,0,1.042,Z,17.27,18.63,,ZZ Mic,,STD,,,,
2460568.051862,9.38,0.0,,V,NLX,,UCAC4 237-172142,237-172119,X38805ALB,|VMAGINS=16.42|CMAGINS=17.27|CREFMAG=10.23|CREFERR=0.00|KMAGINS=18.65|KREFMAG=11.38|KREFERR=0.01,0,1.042,Z,17.27,18.65,,ZZ Mic,,STD,,,,
2460568.052193,9.38,0.0,,V,NLX,,UCAC4 237-172142,237-172119,X38805ALB,|VMAGINS=16.43|CMAGINS=17.28|CREFMAG=10.23|CREFERR=0.00|KMAGINS=18.65|KREFMAG=11.38|KREFERR=0.01,0,1.042,Z,17.28,18.65,,ZZ Mic,,STD,,,,
2460568.052443,9.39,0.0,,V,NLX,,UCAC4 237-172142,237-172119,X38805ALB,|VMAGINS=16.43|CMAGINS=17.27|CREFMAG=10.23|CREFERR=0.00|KMAGINS=18.64|KREFMAG=11.38|KREFERR=0.01,0,1.043,Z,17.27,18.64,,ZZ Mic,,STD,,,,
2460568.052693,9.4,0.0,,V,NLX,,UCAC4 237-172142,237-172119,X38805ALB,|VMAGINS=16.44|CMAGINS=17.27|CREFMAG=10.23|CREFERR=0.00|KMAGINS=18.64|KREFMAG=11.38|KREFERR=0.01,0,1.043,Z,17.27,18.64,,ZZ Mic,,STD,,,,
2460568.053017,9.4,0.0,,V,NLX,,UCAC4 237-172142,237-172119,X38805ALB,|VMAGINS=16.45|CMAGINS=17.27|CREFMAG=10.23|CREFERR=0.00|KMAGINS=18.65|KREFMAG=11.38|KREFERR=0.01,0,1.044,Z,17.27,18.65,,ZZ Mic,,STD,,,,
2460568.053266,9.41,0.0,,V,NLX,,UCAC4 237-172142,237-172119,X38805ALB,|VMAGINS=16.45|CMAGINS=17.27|CREFMAG=10.23|CREFERR=0.00|KMAGINS=18.64|KREFMAG=11.38|KREFERR=0.01,0,1.044,Z,17.27,18.64,,ZZ Mic,,STD,,,,
2460568.05352,9.41,0.0,,V,NLX,,UCAC4 237-172142,237-172119,X38805ALB,|VMAGINS=16.45|CMAGINS=17.27|CREFMAG=10.23|CREFERR=0.00|KMAGINS=18.64|KREFMAG=11.38|KREFERR=0.01,0,1.044,Z,17.27,18.64,,ZZ Mic,,STD,,,,
2460568.053846,9.42,0.0,,V,NLX,,UCAC4 237-172142,237-172119,X38805ALB,|VMAGINS=16.48|CMAGINS=17.29|CREFMAG=10.23|CREFERR=0.00|KMAGINS=18.66|KREFMAG=11.38|KREFERR=0.01,0,1.045,Z,17.29,18.66,,ZZ Mic,,STD,,,,
2460568.054097,9.42,0.0,,V,NLX,,UCAC4 237-172142,237-172119,X38805ALB,|VMAGINS=16.47|CMAGINS=17.28|CREFMAG=10.23|CREFERR=0.00|KMAGINS=18.65|KREFMAG=11.38|KREFERR=0.01,0,1.045,Z,17.28,18.65,,ZZ Mic,,STD,,,,
2460568.054349,9.42,0.0,,V,NLX,,UCAC4 237-172142,237-172119,X38805ALB,|VMAGINS=16.47|CMAGINS=17.28|CREFMAG=10.23|CREFERR=0.00|KMAGINS=18.65|KREFMAG=11.38|KREFERR=0.01,0,1.046,Z,17.28,18.65,,ZZ Mic,,STD,,,,
2460568.054682,9.43,0.0,,V,NLX,,UCAC4 237-172142,237-172119,X38805ALB,|VMAGINS=16.47|CMAGINS=17.26|CREFMAG=10.23|CREFERR=0.00|KMAGINS=18.64|KREFMAG=11.38|KREFERR=0.01,0,1.046,Z,17.26,18.64,,ZZ Mic,,STD,,,,
2460568.054933,9.43,0.0,,V,NLX,,UCAC4 237-172142,237-172119,X38805ALB,|VMAGINS=16.48|CMAGINS=17.27|CREFMAG=10.23|CREFERR=0.00|KMAGINS=18.66|KREFMAG=11.38|KREFERR=0.01,0,1.046,Z,17.27,18.66,,ZZ Mic,,STD,,,,
2460568.055185,9.44,0.0,,V,NLX,,UCAC4 237-172142,237-172119,X38805ALB,|VMAGINS=16.50|CMAGINS=17.29|CREFMAG=10.23|CREFERR=0.00|KMAGINS=18.66|KREFMAG=11.38|KREFERR=0.01,0,1.047,Z,17.29,18.66,,ZZ Mic,,STD,,,,
2460568.055519,9.44,0.0,,V,NLX,,UCAC4 237-172142,237-172119,X38805ALB,|VMAGINS=16.50|CMAGINS=17.29|CREFMAG=10.23|CREFERR=0.00|KMAGINS=18.68|KREFMAG=11.38|KREFERR=0.01,0,1.047,Z,17.29,18.68,,ZZ Mic,,STD,,,,
2460568.055771,9.45,0.0,,V,NLX,,UCAC4 237-172142,237-172119,X38805ALB,|VMAGINS=16.52|CMAGINS=17.30|CREFMAG=10.23|CREFERR=0.00|KMAGINS=18.66|KREFMAG=11.38|KREFERR=0.01,0,1.048,Z,17.3,18.66,,ZZ Mic,,STD,,,,
2460568.056025,9.45,0.0,,V,NLX,,UCAC4 237-172142,237-172119,X38805ALB,|VMAGINS=16.52|CMAGINS=17.29|CREFMAG=10.23|CREFERR=0.00|KMAGINS=18.67|KREFMAG=11.38|KREFERR=0.01,0,1.048,Z,17.29,18.67,,ZZ Mic,,STD,,,,
2460568.05635,9.45,0.0,,V,NLX,,UCAC4 237-172142,237-172119,X38805ALB,|VMAGINS=16.50|CMAGINS=17.28|CREFMAG=10.23|CREFERR=0.00|KMAGINS=18.67|KREFMAG=11.38|KREFERR=0.01,0,1.048,Z,17.28,18.67,,ZZ Mic,,STD,,,,
2460568.056601,9.46,0.0,,V,NLX,,UCAC4 237-172142,237-172119,X38805ALB,|VMAGINS=16.50|CMAGINS=17.27|CREFMAG=10.23|CREFERR=0.00|KMAGINS=18.63|KREFMAG=11.38|KREFERR=0.01,0,1.049,Z,17.27,18.63,,ZZ Mic,,STD,,,,
2460568.056852,9.47,0.0,,V,NLX,,UCAC4 237-172142,237-172119,X38805ALB,|VMAGINS=16.52|CMAGINS=17.28|CREFMAG=10.23|CREFERR=0.00|KMAGINS=18.66|KREFMAG=11.38|KREFERR=0.01,0,1.049,Z,17.28,18.66,,ZZ Mic,,STD,,,,
2460568.057181,9.47,0.0,,V,NLX,,UCAC4 237-172142,237-172119,X38805ALB,|VMAGINS=16.51|CMAGINS=17.28|CREFMAG=10.23|CREFERR=0.00|KMAGINS=18.64|KREFMAG=11.38|KREFERR=0.01,0,1.05,Z,17.28,18.64,,ZZ Mic,,STD,,,,
2460568.057507,9.47,0.0,,V,NLX,,UCAC4 237-172142,237-172119,X38805ALB,|VMAGINS=16.54|CMAGINS=17.30|CREFMAG=10.23|CREFERR=0.00|KMAGINS=18.67|KREFMAG=11.38|KREFERR=0.01,0,1.05,Z,17.3,18.67,,ZZ Mic,,STD,,,,
2460568.05776,9.48,0.0,,V,NLX,,UCAC4 237-172142,237-172119,X38805ALB,|VMAGINS=16.53|CMAGINS=17.28|CREFMAG=10.23|CREFERR=0.00|KMAGINS=18.67|KREFMAG=11.38|KREFERR=0.01,0,1.051,Z,17.28,18.67,,ZZ Mic,,STD,,,,
2460568.058014,9.48,0.0,,V,NLX,,UCAC4 237-172142,237-172119,X38805ALB,|VMAGINS=16.54|CMAGINS=17.29|CREFMAG=10.23|CREFERR=0.00|KMAGINS=18.67|KREFMAG=11.38|KREFERR=0.01,0,1.051,Z,17.29,18.67,,ZZ Mic,,STD,,,,
2460568.058345,9.48,0.0,,V,NLX,,UCAC4 237-172142,237-172119,X38805ALB,|VMAGINS=16.54|CMAGINS=17.29|CREFMAG=10.23|CREFERR=0.00|KMAGINS=18.66|KREFMAG=11.38|KREFERR=0.01,0,1.052,Z,17.29,18.66,,ZZ Mic,,STD,,,,
2460568.0586,9.49,0.0,,V,NLX,,UCAC4 237-172142,237-172119,X38805ALB,|VMAGINS=16.57|CMAGINS=17.31|CREFMAG=10.23|CREFERR=0.00|KMAGINS=18.68|KREFMAG=11.38|KREFERR=0.01,0,1.052,Z,17.31,18.68,,ZZ Mic,,STD,,,,
2460568.058928,9.49,0.0,,V,NLX,,UCAC4 237-172142,237-172119,X38805ALB,|VMAGINS=16.60|CMAGINS=17.34|CREFMAG=10.23|CREFERR=0.01|KMAGINS=18.71|KREFMAG=11.38|KREFERR=0.01,0,1.052,Z,17.34,18.71,,ZZ Mic,,STD,,,,
2460568.059181,9.5,0.0,,V,NLX,,UCAC4 237-172142,237-172119,X38805ALB,|VMAGINS=16.59|CMAGINS=17.32|CREFMAG=10.23|CREFERR=0.00|KMAGINS=18.69|KREFMAG=11.38|KREFERR=0.01,0,1.053,Z,17.32,18.69,,ZZ Mic,,STD,,,,
2460568.059506,9.5,0.0,,V,NLX,,UCAC4 237-172142,237-172119,X38805ALB,|VMAGINS=16.61|CMAGINS=17.34|CREFMAG=10.23|CREFERR=0.01|KMAGINS=18.72|KREFMAG=11.38|KREFERR=0.01,0,1.053,Z,17.34,18.72,,ZZ Mic,,STD,,,,
2460568.059759,9.51,0.0,,V,NLX,,UCAC4 237-172142,237-172119,X38805ALB,|VMAGINS=16.63|CMAGINS=17.34|CREFMAG=10.23|CREFERR=0.01|KMAGINS=18.72|KREFMAG=11.38|KREFERR=0.01,0,1.054,Z,17.34,18.72,,ZZ Mic,,STD,,,,
2460568.060011,9.51,0.0,,V,NLX,,UCAC4 237-172142,237-172119,X38805ALB,|VMAGINS=16.62|CMAGINS=17.34|CREFMAG=10.23|CREFERR=0.01|KMAGINS=18.74|KREFMAG=11.38|KREFERR=0.01,0,1.054,Z,17.34,18.74,,ZZ Mic,,STD,,,,
2460568.06034,9.5,0.0,,V,NLX,,UCAC4 237-172142,237-172119,X38805ALB,|VMAGINS=16.61|CMAGINS=17.33|CREFMAG=10.23|CREFERR=0.01|KMAGINS=18.71|KREFMAG=11.38|KREFERR=0.01,0,1.055,Z,17.33,18.71,,ZZ Mic,,STD,,,,
2460568.060592,9.52,0.0,,V,NLX,,UCAC4 237-172142,237-172119,X38805ALB,|VMAGINS=16.64|CMAGINS=17.35|CREFMAG=10.23|CREFERR=0.01|KMAGINS=18.72|KREFMAG=11.38|KREFERR=0.01,0,1.055,Z,17.35,18.72,,ZZ Mic,,STD,,,,
2460568.060922,9.52,0.0,,V,NLX,,UCAC4 237-172142,237-172119,X38805ALB,|VMAGINS=16.63|CMAGINS=17.34|CREFMAG=10.23|CREFERR=0.01|KMAGINS=18.71|KREFMAG=11.38|KREFERR=0.01,0,1.056,Z,17.34,18.71,,ZZ Mic,,STD,,,,
2460568.061171,9.53,0.0,,V,NLX,,UCAC4 237-172142,237-172119,X38805ALB,|VMAGINS=16.70|CMAGINS=17.39|CREFMAG=10.23|CREFERR=0.01|KMAGINS=18.77|KREFMAG=11.38|KREFERR=0.01,0,1.056,Z,17.39,18.77,,ZZ Mic,,STD,,,,
2460568.066265,9.6,0.0,,V,NLX,,UCAC4 237-172142,237-172119,X38805ALB,|VMAGINS=16.77|CMAGINS=17.40|CREFMAG=10.23|CREFERR=0.01|KMAGINS=18.77|KREFMAG=11.38|KREFERR=0.01,0,1.065,Z,17.4,18.77,,ZZ Mic,,STD,,,,
2460568.066504,9.6,0.0,,V,NLX,,UCAC4 237-172142,237-172119,X38805ALB,|VMAGINS=16.76|CMAGINS=17.39|CREFMAG=10.23|CREFERR=0.01|KMAGINS=18.76|KREFMAG=11.38|KREFERR=0.01,0,1.065,Z,17.39,18.76,,ZZ Mic,,STD,,,,
2460568.066746,9.59,0.0,,V,NLX,,UCAC4 237-172142,237-172119,X38805ALB,|VMAGINS=16.80|CMAGINS=17.44|CREFMAG=10.23|CREFERR=0.01|KMAGINS=18.80|KREFMAG=11.38|KREFERR=0.01,0,1.066,Z,17.44,18.8,,ZZ Mic,,STD,,,,
2460568.066984,9.59,0.0,,V,NLX,,UCAC4 237-172142,237-172119,X38805ALB,|VMAGINS=16.79|CMAGINS=17.42|CREFMAG=10.23|CREFERR=0.01|KMAGINS=18.77|KREFMAG=11.38|KREFERR=0.01,0,1.066,Z,17.42,18.77,,ZZ Mic,,STD,,,,
2460568.067222,9.61,0.0,,V,NLX,,UCAC4 237-172142,237-172119,X38805ALB,|VMAGINS=16.78|CMAGINS=17.40|CREFMAG=10.23|CREFERR=0.01|KMAGINS=18.77|KREFMAG=11.38|KREFERR=0.01,0,1.066,Z,17.4,18.77,,ZZ Mic,,STD,,,,
2460568.067527,9.61,0.0,,V,NLX,,UCAC4 237-172142,237-172119,X38805ALB,|VMAGINS=16.76|CMAGINS=17.38|CREFMAG=10.23|CREFERR=0.01|KMAGINS=18.74|KREFMAG=11.38|KREFERR=0.01,0,1.067,Z,17.38,18.74,,ZZ Mic,,STD,,,,
2460568.067765,9.61,0.0,,V,NLX,,UCAC4 237-172142,237-172119,X38805ALB,|VMAGINS=16.75|CMAGINS=17.37|CREFMAG=10.23|CREFERR=0.01|KMAGINS=18.74|KREFMAG=11.38|KREFERR=0.01,0,1.067,Z,17.37,18.74,,ZZ Mic,,STD,,,,
2460568.067999,9.6,0.0,,V,NLX,,UCAC4 237-172142,237-172119,X38805ALB,|VMAGINS=16.75|CMAGINS=17.38|CREFMAG=10.23|CREFERR=0.01|KMAGINS=18.73|KREFMAG=11.38|KREFERR=0.01,0,1.068,Z,17.38,18.73,,ZZ Mic,,STD,,,,
2460568.068236,9.62,0.0,,V,NLX,,UCAC4 237-172142,237-172119,X38805ALB,|VMAGINS=16.76|CMAGINS=17.37|CREFMAG=10.23|CREFERR=0.01|KMAGINS=18.75|KREFMAG=11.38|KREFERR=0.01,0,1.068,Z,17.37,18.75,,ZZ Mic,,STD,,,,
2460568.068471,9.61,0.0,,V,NLX,,UCAC4 237-172142,237-172119,X38805ALB,|VMAGINS=16.76|CMAGINS=17.38|CREFMAG=10.23|CREFERR=0.01|KMAGINS=18.74|KREFMAG=11.38|KREFERR=0.01,0,1.069,Z,17.38,18.74,,ZZ Mic,,STD,,,,
2460568.068708,9.62,0.0,,V,NLX,,UCAC4 237-172142,237-172119,X38805ALB,|VMAGINS=16.75|CMAGINS=17.37|CREFMAG=10.23|CREFERR=0.01|KMAGINS=18.75|KREFMAG=11.38|KREFERR=0.01,0,1.069,Z,17.37,18.75,,ZZ Mic,,STD,,,,
2460568.068942,9.62,0.0,,V,NLX,,UCAC4 237-172142,237-172119,X38805ALB,|VMAGINS=16.76|CMAGINS=17.37|CREFMAG=10.23|CREFERR=0.01|KMAGINS=18.75|KREFMAG=11.38|KREFERR=0.01,0,1.07,Z,17.37,18.75,,ZZ Mic,,STD,,,,
2460568.069255,9.62,0.0,,V,NLX,,UCAC4 237-172142,237-172119,X38805ALB,|VMAGINS=16.76|CMAGINS=17.37|CREFMAG=10.23|CREFERR=0.01|KMAGINS=18.74|KREFMAG=11.38|KREFERR=0.01,0,1.07,Z,17.37,18.74,,ZZ Mic,,STD,,,,
2460568.06949,9.62,0.0,,V,NLX,,UCAC4 237-172142,237-172119,X38805ALB,|VMAGINS=16.76|CMAGINS=17.37|CREFMAG=10.23|CREFERR=0.01|KMAGINS=18.76|KREFMAG=11.38|KREFERR=0.01,0,1.071,Z,17.37,18.76,,ZZ Mic,,STD,,,,
2460568.069729,9.62,0.0,,V,NLX,,UCAC4 237-172142,237-172119,X38805ALB,|VMAGINS=16.78|CMAGINS=17.39|CREFMAG=10.23|CREFERR=0.01|KMAGINS=18.76|KREFMAG=11.38|KREFERR=0.01,0,1.071,Z,17.39,18.76,,ZZ Mic,,STD,,,,
2460568.069962,9.64,0.0,,V,NLX,,UCAC4 237-172142,237-172119,X38805ALB,|VMAGINS=16.79|CMAGINS=17.38|CREFMAG=10.23|CREFERR=0.01|KMAGINS=18.74|KREFMAG=11.38|KREFERR=0.01,0,1.072,Z,17.38,18.74,,ZZ Mic,,STD,,,,
2460568.070197,9.64,0.0,,V,NLX,,UCAC4 237-172142,237-172119,X38805ALB,|VMAGINS=16.79|CMAGINS=17.38|CREFMAG=10.23|CREFERR=0.01|KMAGINS=18.76|KREFMAG=11.38|KREFERR=0.01,0,1.072,Z,17.38,18.76,,ZZ Mic,,STD,,,,
2460568.070434,9.63,0.0,,V,NLX,,UCAC4 237-172142,237-172119,X38805ALB,|VMAGINS=16.77|CMAGINS=17.38|CREFMAG=10.23|CREFERR=0.01|KMAGINS=18.74|KREFMAG=11.38|KREFERR=0.01,0,1.072,Z,17.38,18.74,,ZZ Mic,,STD,,,,
2460568.070676,9.64,0.0,,V,NLX,,UCAC4 237-172142,237-172119,X38805ALB,|VMAGINS=16.77|CMAGINS=17.36|CREFMAG=10.23|CREFERR=0.01|KMAGINS=18.74|KREFMAG=11.38|KREFERR=0.01,0,1.073,Z,17.36,18.74,,ZZ Mic,,STD,,,,
2460568.070915,9.64,0.0,,V,NLX,,UCAC4 237-172142,237-172119,X38805ALB,|VMAGINS=16.79|CMAGINS=17.38|CREFMAG=10.23|CREFERR=0.01|KMAGINS=18.75|KREFMAG=11.38|KREFERR=0.01,0,1.073,Z,17.38,18.75,,ZZ Mic,,STD,,,,
2460568.071152,9.65,0.0,,V,NLX,,UCAC4 237-172142,237-172119,X38805ALB,|VMAGINS=16.78|CMAGINS=17.36|CREFMAG=10.23|CREFERR=0.01|KMAGINS=18.74|KREFMAG=11.38|KREFERR=0.01,0,1.074,Z,17.36,18.74,,ZZ Mic,,STD,,,,
2460568.071464,9.65,0.0,,V,NLX,,UCAC4 237-172142,237-172119,X38805ALB,|VMAGINS=16.78|CMAGINS=17.36|CREFMAG=10.23|CREFERR=0.01|KMAGINS=18.73|KREFMAG=11.38|KREFERR=0.01,0,1.074,Z,17.36,18.73,,ZZ Mic,,STD,,,,
2460568.071703,9.65,0.0,,V,NLX,,UCAC4 237-172142,237-172119,X38805ALB,|VMAGINS=16.78|CMAGINS=17.37|CREFMAG=10.23|CREFERR=0.01|KMAGINS=18.73|KREFMAG=11.38|KREFERR=0.01,0,1.075,Z,17.37,18.73,,ZZ Mic,,STD,,,,
2460568.071944,9.64,0.0,,V,NLX,,UCAC4 237-172142,237-172119,X38805ALB,|VMAGINS=16.78|CMAGINS=17.38|CREFMAG=10.23|CREFERR=0.01|KMAGINS=18.74|KREFMAG=11.38|KREFERR=0.01,0,1.075,Z,17.38,18.74,,ZZ Mic,,STD,,,,
2460568.072182,9.65,0.0,,V,NLX,,UCAC4 237-172142,237-172119,X38805ALB,|VMAGINS=16.80|CMAGINS=17.38|CREFMAG=10.23|CREFERR=0.01|KMAGINS=18.75|KREFMAG=11.38|KREFERR=0.01,0,1.076,Z,17.38,18.75,,ZZ Mic,,STD,,,,
2460568.072418,9.66,0.0,,V,NLX,,UCAC4 237-172142,237-172119,X38805ALB,|VMAGINS=16.80|CMAGINS=17.37|CREFMAG=10.23|CREFERR=0.01|KMAGINS=18.74|KREFMAG=11.38|KREFERR=0.01,0,1.076,Z,17.37,18.74,,ZZ Mic,,STD,,,,
2460568.072686,9.66,0.0,,V,NLX,,UCAC4 237-172142,237-172119,X38805ALB,|VMAGINS=16.80|CMAGINS=17.37|CREFMAG=10.23|CREFERR=0.01|KMAGINS=18.75|KREFMAG=11.38|KREFERR=0.01,0,1.077,Z,17.37,18.75,,ZZ Mic,,STD,,,,
2460568.072923,9.65,0.0,,V,NLX,,UCAC4 237-172142,237-172119,X38805ALB,|VMAGINS=16.80|CMAGINS=17.39|CREFMAG=10.23|CREFERR=0.01|KMAGINS=18.76|KREFMAG=11.38|KREFERR=0.01,0,1.077,Z,17.39,18.76,,ZZ Mic,,STD,,,,
2460568.073158,9.67,0.0,,V,NLX,,UCAC4 237-172142,237-172119,X38805ALB,|VMAGINS=16.81|CMAGINS=17.37|CREFMAG=10.23|CREFERR=0.01|KMAGINS=18.75|KREFMAG=11.38|KREFERR=0.01,0,1.078,Z,17.37,18.75,,ZZ Mic,,STD,,,,
2460568.073394,9.65,0.0,,V,NLX,,UCAC4 237-172142,237-172119,X38805ALB,|VMAGINS=16.80|CMAGINS=17.38|CREFMAG=10.23|CREFERR=0.01|KMAGINS=18.75|KREFMAG=11.38|KREFERR=0.01,0,1.078,Z,17.38,18.75,,ZZ Mic,,STD,,,,
2460568.073718,9.65,0.01,,V,NLX,,UCAC4 237-172142,237-172119,X38805ALB,|VMAGINS=16.81|CMAGINS=17.39|CREFMAG=10.23|CREFERR=0.01|KMAGINS=18.76|KREFMAG=11.38|KREFERR=0.01,0,1.079,Z,17.39,18.76,,ZZ Mic,,STD,,,,
2460568.074043,9.67,0.0,,V,NLX,,UCAC4 237-172142,237-172119,X38805ALB,|VMAGINS=16.81|CMAGINS=17.37|CREFMAG=10.23|CREFERR=0.01|KMAGINS=18.72|KREFMAG=11.38|KREFERR=0.01,0,1.08,Z,17.37,18.72,,ZZ Mic,,STD,,,,
2460568.074293,9.67,0.0,,V,NLX,,UCAC4 237-172142,237-172119,X38805ALB,|VMAGINS=16.81|CMAGINS=17.37|CREFMAG=10.23|CREFERR=0.01|KMAGINS=18.75|KREFMAG=11.38|KREFERR=0.01,0,1.08,Z,17.37,18.75,,ZZ Mic,,STD,,,,
2460568.074549,9.67,0.0,,V,NLX,,UCAC4 237-172142,237-172119,X38805ALB,|VMAGINS=16.81|CMAGINS=17.37|CREFMAG=10.23|CREFERR=0.01|KMAGINS=18.74|KREFMAG=11.38|KREFERR=0.01,0,1.081,Z,17.37,18.74,,ZZ Mic,,STD,,,,
2460568.074799,9.67,0.0,,V,NLX,,UCAC4 237-172142,237-172119,X38805ALB,|VMAGINS=16.82|CMAGINS=17.38|CREFMAG=10.23|CREFERR=0.01|KMAGINS=18.74|KREFMAG=11.38|KREFERR=0.01,0,1.081,Z,17.38,18.74,,ZZ Mic,,STD,,,,
2460568.075129,9.66,0.0,,V,NLX,,UCAC4 237-172142,237-172119,X38805ALB,|VMAGINS=16.81|CMAGINS=17.39|CREFMAG=10.23|CREFERR=0.01|KMAGINS=18.74|KREFMAG=11.38|KREFERR=0.01,0,1.082,Z,17.39,18.74,,ZZ Mic,,STD,,,,
2460568.075382,9.68,0.0,,V,NLX,,UCAC4 237-172142,237-172119,X38805ALB,|VMAGINS=16.82|CMAGINS=17.37|CREFMAG=10.23|CREFERR=0.01|KMAGINS=18.74|KREFMAG=11.38|KREFERR=0.01,0,1.082,Z,17.37,18.74,,ZZ Mic,,STD,,,,
2460568.075635,9.68,0.0,,V,NLX,,UCAC4 237-172142,237-172119,X38805ALB,|VMAGINS=16.81|CMAGINS=17.37|CREFMAG=10.23|CREFERR=0.01|KMAGINS=18.74|KREFMAG=11.38|KREFERR=0.01,0,1.083,Z,17.37,18.74,,ZZ Mic,,STD,,,,
2460568.075889,9.67,0.0,,V,NLX,,UCAC4 237-172142,237-172119,X38805ALB,|VMAGINS=16.81|CMAGINS=17.37|CREFMAG=10.23|CREFERR=0.01|KMAGINS=18.74|KREFMAG=11.38|KREFERR=0.01,0,1.083,Z,17.37,18.74,,ZZ Mic,,STD,,,,
2460568.076219,9.68,0.0,,V,NLX,,UCAC4 237-172142,237-172119,X38805ALB,|VMAGINS=16.83|CMAGINS=17.38|CREFMAG=10.23|CREFERR=0.01|KMAGINS=18.77|KREFMAG=11.38|KREFERR=0.01,0,1.084,Z,17.38,18.77,,ZZ Mic,,STD,,,,
2460568.076472,9.68,0.0,,V,NLX,,UCAC4 237-172142,237-172119,X38805ALB,|VMAGINS=16.82|CMAGINS=17.37|CREFMAG=10.23|CREFERR=0.01|KMAGINS=18.74|KREFMAG=11.38|KREFERR=0.01,0,1.085,Z,17.37,18.74,,ZZ Mic,,STD,,,,
2460568.076724,9.69,0.0,,V,NLX,,UCAC4 237-172142,237-172119,X38805ALB,|VMAGINS=16.83|CMAGINS=17.37|CREFMAG=10.23|CREFERR=0.01|KMAGINS=18.74|KREFMAG=11.38|KREFERR=0.01,0,1.085,Z,17.37,18.74,,ZZ Mic,,STD,,,,
2460568.07705,9.68,0.0,,V,NLX,,UCAC4 237-172142,237-172119,X38805ALB,|VMAGINS=16.82|CMAGINS=17.37|CREFMAG=10.23|CREFERR=0.01|KMAGINS=18.73|KREFMAG=11.38|KREFERR=0.01,0,1.086,Z,17.37,18.73,,ZZ Mic,,STD,,,,
2460568.0773,9.69,0.0,,V,NLX,,UCAC4 237-172142,237-172119,X38805ALB,|VMAGINS=16.83|CMAGINS=17.37|CREFMAG=10.23|CREFERR=0.01|KMAGINS=18.76|KREFMAG=11.38|KREFERR=0.01,0,1.086,Z,17.37,18.76,,ZZ Mic,,STD,,,,
2460568.077552,9.68,0.0,,V,NLX,,UCAC4 237-172142,237-172119,X38805ALB,|VMAGINS=16.82|CMAGINS=17.37|CREFMAG=10.23|CREFERR=0.01|KMAGINS=18.75|KREFMAG=11.38|KREFERR=0.01,0,1.087,Z,17.37,18.75,,ZZ Mic,,STD,,,,
2460568.077882,9.68,0.0,,V,NLX,,UCAC4 237-172142,237-172119,X38805ALB,|VMAGINS=16.82|CMAGINS=17.37|CREFMAG=10.23|CREFERR=0.01|KMAGINS=18.74|KREFMAG=11.38|KREFERR=0.01,0,1.088,Z,17.37,18.74,,ZZ Mic,,STD,,,,
2460568.078133,9.69,0.0,,V,NLX,,UCAC4 237-172142,237-172119,X38805ALB,|VMAGINS=16.83|CMAGINS=17.37|CREFMAG=10.23|CREFERR=0.01|KMAGINS=18.75|KREFMAG=11.38|KREFERR=0.01,0,1.088,Z,17.37,18.75,,ZZ Mic,,STD,,,,
2460568.078385,9.69,0.0,,V,NLX,,UCAC4 237-172142,237-172119,X38805ALB,|VMAGINS=16.84|CMAGINS=17.38|CREFMAG=10.23|CREFERR=0.01|KMAGINS=18.75|KREFMAG=11.38|KREFERR=0.01,0,1.089,Z,17.38,18.75,,ZZ Mic,,STD,,,,
2460568.078638,9.69,0.0,,V,NLX,,UCAC4 237-172142,237-172119,X38805ALB,|VMAGINS=16.83|CMAGINS=17.37|CREFMAG=10.23|CREFERR=0.01|KMAGINS=18.73|KREFMAG=11.38|KREFERR=0.01,0,1.089,Z,17.37,18.73,,ZZ Mic,,STD,,,,
2460568.078973,9.69,0.0,,V,NLX,,UCAC4 237-172142,237-172119,X38805ALB,|VMAGINS=16.84|CMAGINS=17.37|CREFMAG=10.23|CREFERR=0.01|KMAGINS=18.75|KREFMAG=11.38|KREFERR=0.01,0,1.09,Z,17.37,18.75,,ZZ Mic,,STD,,,,
2460568.079226,9.68,0.0,,V,NLX,,UCAC4 237-172142,237-172119,X38805ALB,|VMAGINS=16.83|CMAGINS=17.38|CREFMAG=10.23|CREFERR=0.01|KMAGINS=18.76|KREFMAG=11.38|KREFERR=0.01,0,1.09,Z,17.38,18.76,,ZZ Mic,,STD,,,,
2460568.079477,9.69,0.0,,V,NLX,,UCAC4 237-172142,237-172119,X38805ALB,|VMAGINS=16.84|CMAGINS=17.37|CREFMAG=10.23|CREFERR=0.01|KMAGINS=18.74|KREFMAG=11.38|KREFERR=0.01,0,1.091,Z,17.37,18.74,,ZZ Mic,,STD,,,,
2460568.079728,9.7,0.0,,V,NLX,,UCAC4 237-172142,237-172119,X38805ALB,|VMAGINS=16.84|CMAGINS=17.37|CREFMAG=10.23|CREFERR=0.01|KMAGINS=18.76|KREFMAG=11.38|KREFERR=0.01,0,1.092,Z,17.37,18.76,,ZZ Mic,,STD,,,,
2460568.080061,9.69,0.0,,V,NLX,,UCAC4 237-172142,237-172119,X38805ALB,|VMAGINS=16.85|CMAGINS=17.39|CREFMAG=10.23|CREFERR=0.01|KMAGINS=18.73|KREFMAG=11.38|KREFERR=0.01,0,1.092,Z,17.39,18.73,,ZZ Mic,,STD,,,,
2460568.080313,9.71,0.0,,V,NLX,,UCAC4 237-172142,237-172119,X38805ALB,|VMAGINS=16.85|CMAGINS=17.37|CREFMAG=10.23|CREFERR=0.01|KMAGINS=18.74|KREFMAG=11.38|KREFERR=0.01,0,1.093,Z,17.37,18.74,,ZZ Mic,,STD,,,,
2460568.080562,9.71,0.0,,V,NLX,,UCAC4 237-172142,237-172119,X38805ALB,|VMAGINS=16.87|CMAGINS=17.40|CREFMAG=10.23|CREFERR=0.01|KMAGINS=18.74|KREFMAG=11.38|KREFERR=0.01,0,1.093,Z,17.4,18.74,,ZZ Mic,,STD,,,,
2460568.080888,9.69,0.0,,V,NLX,,UCAC4 237-172142,237-172119,X38805ALB,|VMAGINS=16.86|CMAGINS=17.40|CREFMAG=10.23|CREFERR=0.01|KMAGINS=18.77|KREFMAG=11.38|KREFERR=0.01,0,1.094,Z,17.4,18.77,,ZZ Mic,,STD,,,,
2460568.081136,9.69,0.0,,V,NLX,,UCAC4 237-172142,237-172119,X38805ALB,|VMAGINS=16.85|CMAGINS=17.39|CREFMAG=10.23|CREFERR=0.01|KMAGINS=18.75|KREFMAG=11.38|KREFERR=0.01,0,1.095,Z,17.39,18.75,,ZZ Mic,,STD,,,,
2460568.081392,9.69,0.0,,V,NLX,,UCAC4 237-172142,237-172119,X38805ALB,|VMAGINS=16.85|CMAGINS=17.39|CREFMAG=10.23|CREFERR=0.01|KMAGINS=18.76|KREFMAG=11.38|KREFERR=0.01,0,1.095,Z,17.39,18.76,,ZZ Mic,,STD,,,,
2460568.081724,9.7,0.0,,V,NLX,,UCAC4 237-172142,237-172119,X38805ALB,|VMAGINS=16.87|CMAGINS=17.40|CREFMAG=10.23|CREFERR=0.01|KMAGINS=18.78|KREFMAG=11.38|KREFERR=0.01,0,1.096,Z,17.4,18.78,,ZZ Mic,,STD,,,,
2460568.081973,9.69,0.0,,V,NLX,,UCAC4 237-172142,237-172119,X38805ALB,|VMAGINS=16.86|CMAGINS=17.40|CREFMAG=10.23|CREFERR=0.01|KMAGINS=18.76|KREFMAG=11.38|KREFERR=0.01,0,1.097,Z,17.4,18.76,,ZZ Mic,,STD,,,,
2460568.082223,9.71,0.0,,V,NLX,,UCAC4 237-172142,237-172119,X38805ALB,|VMAGINS=16.87|CMAGINS=17.39|CREFMAG=10.23|CREFERR=0.01|KMAGINS=18.78|KREFMAG=11.38|KREFERR=0.01,0,1.097,Z,17.39,18.78,,ZZ Mic,,STD,,,,
2460568.082552,9.71,0.0,,V,NLX,,UCAC4 237-172142,237-172119,X38805ALB,|VMAGINS=16.87|CMAGINS=17.39|CREFMAG=10.23|CREFERR=0.01|KMAGINS=18.78|KREFMAG=11.38|KREFERR=0.01,0,1.098,Z,17.39,18.78,,ZZ Mic,,STD,,,,
2460568.082804,9.71,0.0,,V,NLX,,UCAC4 237-172142,237-172119,X38805ALB,|VMAGINS=16.87|CMAGINS=17.40|CREFMAG=10.23|CREFERR=0.01|KMAGINS=18.76|KREFMAG=11.38|KREFERR=0.01,0,1.099,Z,17.4,18.76,,ZZ Mic,,STD,,,,
2460568.083054,9.71,0.0,,V,NLX,,UCAC4 237-172142,237-172119,X38805ALB,|VMAGINS=16.87|CMAGINS=17.39|CREFMAG=10.23|CREFERR=0.01|KMAGINS=18.75|KREFMAG=11.38|KREFERR=0.01,0,1.099,Z,17.39,18.75,,ZZ Mic,,STD,,,,
2460568.083385,9.69,0.0,,V,NLX,,UCAC4 237-172142,237-172119,X38805ALB,|VMAGINS=16.88|CMAGINS=17.42|CREFMAG=10.23|CREFERR=0.01|KMAGINS=18.77|KREFMAG=11.38|KREFERR=0.01,0,1.1,Z,17.42,18.77,,ZZ Mic,,STD,,,,
2460568.083635,9.71,0.0,,V,NLX,,UCAC4 237-172142,237-172119,X38805ALB,|VMAGINS=16.88|CMAGINS=17.41|CREFMAG=10.23|CREFERR=0.01|KMAGINS=18.77|KREFMAG=11.38|KREFERR=0.01,0,1.1,Z,17.41,18.77,,ZZ Mic,,STD,,,,
2460568.083885,9.72,0.0,,V,NLX,,UCAC4 237-172142,237-172119,X38805ALB,|VMAGINS=16.89|CMAGINS=17.40|CREFMAG=10.23|CREFERR=0.01|KMAGINS=18.77|KREFMAG=11.38|KREFERR=0.01,0,1.101,Z,17.4,18.77,,ZZ Mic,,STD,,,,
2460568.084207,9.72,0.0,,V,NLX,,UCAC4 237-172142,237-172119,X38805ALB,|VMAGINS=16.89|CMAGINS=17.41|CREFMAG=10.23|CREFERR=0.01|KMAGINS=18.79|KREFMAG=11.38|KREFERR=0.01,0,1.102,Z,17.41,18.79,,ZZ Mic,,STD,,,,
2460568.084459,9.71,0.0,,V,NLX,,UCAC4 237-172142,237-172119,X38805ALB,|VMAGINS=16.87|CMAGINS=17.39|CREFMAG=10.23|CREFERR=0.01|KMAGINS=18.74|KREFMAG=11.38|KREFERR=0.01,0,1.102,Z,17.39,18.74,,ZZ Mic,,STD,,,,
2460568.084713,9.71,0.0,,V,NLX,,UCAC4 237-172142,237-172119,X38805ALB,|VMAGINS=16.88|CMAGINS=17.40|CREFMAG=10.23|CREFERR=0.01|KMAGINS=18.77|KREFMAG=11.38|KREFERR=0.01,0,1.103,Z,17.4,18.77,,ZZ Mic,,STD,,,,
2460568.085044,9.71,0.0,,V,NLX,,UCAC4 237-172142,237-172119,X38805ALB,|VMAGINS=16.88|CMAGINS=17.39|CREFMAG=10.23|CREFERR=0.01|KMAGINS=18.74|KREFMAG=11.38|KREFERR=0.01,0,1.104,Z,17.39,18.74,,ZZ Mic,,STD,,,,
2460568.085298,9.71,0.0,,V,NLX,,UCAC4 237-172142,237-172119,X38805ALB,|VMAGINS=16.86|CMAGINS=17.38|CREFMAG=10.23|CREFERR=0.01|KMAGINS=18.74|KREFMAG=11.38|KREFERR=0.01,0,1.104,Z,17.38,18.74,,ZZ Mic,,STD,,,,
2460568.085555,9.72,0.0,,V,NLX,,UCAC4 237-172142,237-172119,X38805ALB,|VMAGINS=16.88|CMAGINS=17.38|CREFMAG=10.23|CREFERR=0.01|KMAGINS=18.76|KREFMAG=11.38|KREFERR=0.01,0,1.105,Z,17.38,18.76,,ZZ Mic,,STD,,,,
2460568.085805,9.72,0.0,,V,NLX,,UCAC4 237-172142,237-172119,X38805ALB,|VMAGINS=16.87|CMAGINS=17.38|CREFMAG=10.23|CREFERR=0.01|KMAGINS=18.75|KREFMAG=11.38|KREFERR=0.01,0,1.106,Z,17.38,18.75,,ZZ Mic,,STD,,,,
2460568.086123,9.72,0.0,,V,NLX,,UCAC4 237-172142,237-172119,X38805ALB,|VMAGINS=16.86|CMAGINS=17.37|CREFMAG=10.23|CREFERR=0.01|KMAGINS=18.74|KREFMAG=11.38|KREFERR=0.01,0,1.106,Z,17.37,18.74,,ZZ Mic,,STD,,,,
2460568.086374,9.72,0.0,,V,NLX,,UCAC4 237-172142,237-172119,X38805ALB,|VMAGINS=16.85|CMAGINS=17.36|CREFMAG=10.23|CREFERR=0.01|KMAGINS=18.74|KREFMAG=11.38|KREFERR=0.01,0,1.107,Z,17.36,18.74,,ZZ Mic,,STD,,,,
2460568.086623,9.72,0.0,,V,NLX,,UCAC4 237-172142,237-172119,X38805ALB,|VMAGINS=16.86|CMAGINS=17.36|CREFMAG=10.23|CREFERR=0.01|KMAGINS=18.74|KREFMAG=11.38|KREFERR=0.01,0,1.108,Z,17.36,18.74,,ZZ Mic,,STD,,,,
2460568.086947,9.72,0.0,,V,NLX,,UCAC4 237-172142,237-172119,X38805ALB,|VMAGINS=16.86|CMAGINS=17.38|CREFMAG=10.23|CREFERR=0.01|KMAGINS=18.76|KREFMAG=11.38|KREFERR=0.01,0,1.108,Z,17.38,18.76,,ZZ Mic,,STD,,,,
2460568.087198,9.71,0.0,,V,NLX,,UCAC4 237-172142,237-172119,X38805ALB,|VMAGINS=16.88|CMAGINS=17.40|CREFMAG=10.23|CREFERR=0.01|KMAGINS=18.77|KREFMAG=11.38|KREFERR=0.01,0,1.109,Z,17.4,18.77,,ZZ Mic,,STD,,,,
2460568.087451,9.71,0.0,,V,NLX,,UCAC4 237-172142,237-172119,X38805ALB,|VMAGINS=16.87|CMAGINS=17.38|CREFMAG=10.23|CREFERR=0.01|KMAGINS=18.75|KREFMAG=11.38|KREFERR=0.01,0,1.11,Z,17.38,18.75,,ZZ Mic,,STD,,,,
2460568.087783,9.73,0.0,,V,NLX,,UCAC4 237-172142,237-172119,X38805ALB,|VMAGINS=16.86|CMAGINS=17.37|CREFMAG=10.23|CREFERR=0.01|KMAGINS=18.75|KREFMAG=11.38|KREFERR=0.01,0,1.11,Z,17.37,18.75,,ZZ Mic,,STD,,,,
2460568.088031,9.71,0.0,,V,NLX,,UCAC4 237-172142,237-172119,X38805ALB,|VMAGINS=16.85|CMAGINS=17.37|CREFMAG=10.23|CREFERR=0.01|KMAGINS=18.73|KREFMAG=11.38|KREFERR=0.01,0,1.111,Z,17.37,18.73,,ZZ Mic,,STD,,,,
2460568.088283,9.72,0.0,,V,NLX,,UCAC4 237-172142,237-172119,X38805ALB,|VMAGINS=16.86|CMAGINS=17.37|CREFMAG=10.23|CREFERR=0.01|KMAGINS=18.72|KREFMAG=11.38|KREFERR=0.01,0,1.112,Z,17.37,18.72,,ZZ Mic,,STD,,,,
2460568.088535,9.72,0.0,,V,NLX,,UCAC4 237-172142,237-172119,X38805ALB,|VMAGINS=16.85|CMAGINS=17.37|CREFMAG=10.23|CREFERR=0.01|KMAGINS=18.73|KREFMAG=11.38|KREFERR=0.01,0,1.112,Z,17.37,18.73,,ZZ Mic,,STD,,,,
2460568.088861,9.71,0.0,,V,NLX,,UCAC4 237-172142,237-172119,X38805ALB,|VMAGINS=16.85|CMAGINS=17.37|CREFMAG=10.23|CREFERR=0.01|KMAGINS=18.73|KREFMAG=11.38|KREFERR=0.01,0,1.113,Z,17.37,18.73,,ZZ Mic,,STD,,,,
2460568.089112,9.71,0.0,,V,NLX,,UCAC4 237-172142,237-172119,X38805ALB,|VMAGINS=16.86|CMAGINS=17.37|CREFMAG=10.23|CREFERR=0.01|KMAGINS=18.74|KREFMAG=11.38|KREFERR=0.01,0,1.114,Z,17.37,18.74,,ZZ Mic,,STD,,,,
2460568.089361,9.72,0.0,,V,NLX,,UCAC4 237-172142,237-172119,X38805ALB,|VMAGINS=16.85|CMAGINS=17.36|CREFMAG=10.23|CREFERR=0.01|KMAGINS=18.74|KREFMAG=11.38|KREFERR=0.01,0,1.114,Z,17.36,18.74,,ZZ Mic,,STD,,,,
2460568.089693,9.71,0.0,,V,NLX,,UCAC4 237-172142,237-172119,X38805ALB,|VMAGINS=16.86|CMAGINS=17.37|CREFMAG=10.23|CREFERR=0.01|KMAGINS=18.74|KREFMAG=11.38|KREFERR=0.01,0,1.115,Z,17.37,18.74,,ZZ Mic,,STD,,,,
2460568.089948,9.72,0.0,,V,NLX,,UCAC4 237-172142,237-172119,X38805ALB,|VMAGINS=16.84|CMAGINS=17.35|CREFMAG=10.23|CREFERR=0.01|KMAGINS=18.73|KREFMAG=11.38|KREFERR=0.01,0,1.116,Z,17.35,18.73,,ZZ Mic,,STD,,,,
2460568.0902,9.71,0.0,,V,NLX,,UCAC4 237-172142,237-172119,X38805ALB,|VMAGINS=16.82|CMAGINS=17.35|CREFMAG=10.23|CREFERR=0.01|KMAGINS=18.73|KREFMAG=11.38|KREFERR=0.01,0,1.117,Z,17.35,18.73,,ZZ Mic,,STD,,,,
2460568.090514,9.72,0.0,,V,NLX,,UCAC4 237-172142,237-172119,X38805ALB,|VMAGINS=16.83|CMAGINS=17.34|CREFMAG=10.23|CREFERR=0.01|KMAGINS=18.71|KREFMAG=11.38|KREFERR=0.02,0,1.117,Z,17.34,18.71,,ZZ Mic,,STD,,,,
2460568.090769,9.71,0.0,,V,NLX,,UCAC4 237-172142,237-172119,X38805ALB,|VMAGINS=16.84|CMAGINS=17.37|CREFMAG=10.23|CREFERR=0.01|KMAGINS=18.72|KREFMAG=11.38|KREFERR=0.01,0,1.118,Z,17.37,18.72,,ZZ Mic,,STD,,,,
2460568.091022,9.71,0.0,,V,NLX,,UCAC4 237-172142,237-172119,X38805ALB,|VMAGINS=16.84|CMAGINS=17.36|CREFMAG=10.23|CREFERR=0.01|KMAGINS=18.74|KREFMAG=11.38|KREFERR=0.01,0,1.119,Z,17.36,18.74,,ZZ Mic,,STD,,,,
2460568.091343,9.7,0.0,,V,NLX,,UCAC4 237-172142,237-172119,X38805ALB,|VMAGINS=16.82|CMAGINS=17.35|CREFMAG=10.23|CREFERR=0.01|KMAGINS=18.73|KREFMAG=11.38|KREFERR=0.01,0,1.12,Z,17.35,18.73,,ZZ Mic,,STD,,,,
2460568.091598,9.7,0.0,,V,NLX,,UCAC4 237-172142,237-172119,X38805ALB,|VMAGINS=16.83|CMAGINS=17.36|CREFMAG=10.23|CREFERR=0.01|KMAGINS=18.70|KREFMAG=11.38|KREFERR=0.01,0,1.12,Z,17.36,18.7,,ZZ Mic,,STD,,,,
2460568.09185,9.71,0.0,,V,NLX,,UCAC4 237-172142,237-172119,X38805ALB,|VMAGINS=16.84|CMAGINS=17.36|CREFMAG=10.23|CREFERR=0.01|KMAGINS=18.74|KREFMAG=11.38|KREFERR=0.01,0,1.121,Z,17.36,18.74,,ZZ Mic,,STD,,,,
2460568.092171,9.7,0.0,,V,NLX,,UCAC4 237-172142,237-172119,X38805ALB,|VMAGINS=16.84|CMAGINS=17.37|CREFMAG=10.23|CREFERR=0.01|KMAGINS=18.73|KREFMAG=11.38|KREFERR=0.01,0,1.122,Z,17.37,18.73,,ZZ Mic,,STD,,,,
2460568.092425,9.71,0.0,,V,NLX,,UCAC4 237-172142,237-172119,X38805ALB,|VMAGINS=16.83|CMAGINS=17.35|CREFMAG=10.23|CREFERR=0.01|KMAGINS=18.72|KREFMAG=11.38|KREFERR=0.01,0,1.122,Z,17.35,18.72,,ZZ Mic,,STD,,,,
2460568.092675,9.7,0.0,,V,NLX,,UCAC4 237-172142,237-172119,X38805ALB,|VMAGINS=16.84|CMAGINS=17.37|CREFMAG=10.23|CREFERR=0.01|KMAGINS=18.75|KREFMAG=11.38|KREFERR=0.01,0,1.123,Z,17.37,18.75,,ZZ Mic,,STD,,,,
2460568.092933,9.72,0.0,,V,NLX,,UCAC4 237-172142,237-172119,X38805ALB,|VMAGINS=16.83|CMAGINS=17.34|CREFMAG=10.23|CREFERR=0.01|KMAGINS=18.72|KREFMAG=11.38|KREFERR=0.01,0,1.124,Z,17.34,18.72,,ZZ Mic,,STD,,,,
2460568.093186,9.7,0.0,,V,NLX,,UCAC4 237-172142,237-172119,X38805ALB,|VMAGINS=16.84|CMAGINS=17.37|CREFMAG=10.23|CREFERR=0.01|KMAGINS=18.72|KREFMAG=11.38|KREFERR=0.01,0,1.124,Z,17.37,18.72,,ZZ Mic,,STD,,,,
2460568.093513,9.71,0.0,,V,NLX,,UCAC4 237-172142,237-172119,X38805ALB,|VMAGINS=16.83|CMAGINS=17.34|CREFMAG=10.23|CREFERR=0.01|KMAGINS=18.73|KREFMAG=11.38|KREFERR=0.01,0,1.125,Z,17.34,18.73,,ZZ Mic,,STD,,,,
2460568.093766,9.7,0.0,,V,NLX,,UCAC4 237-172142,237-172119,X38805ALB,|VMAGINS=16.81|CMAGINS=17.34|CREFMAG=10.23|CREFERR=0.01|KMAGINS=18.71|KREFMAG=11.38|KREFERR=0.01,0,1.126,Z,17.34,18.71,,ZZ Mic,,STD,,,,
2460568.094018,9.7,0.0,,V,NLX,,UCAC4 237-172142,237-172119,X38805ALB,|VMAGINS=16.81|CMAGINS=17.34|CREFMAG=10.23|CREFERR=0.01|KMAGINS=18.72|KREFMAG=11.38|KREFERR=0.01,0,1.127,Z,17.34,18.72,,ZZ Mic,,STD,,,,
2460568.09427,9.69,0.0,,V,NLX,,UCAC4 237-172142,237-172119,X38805ALB,|VMAGINS=16.81|CMAGINS=17.35|CREFMAG=10.23|CREFERR=0.01|KMAGINS=18.72|KREFMAG=11.38|KREFERR=0.01,0,1.127,Z,17.35,18.72,,ZZ Mic,,STD,,,,
2460568.094594,9.69,0.0,,V,NLX,,UCAC4 237-172142,237-172119,X38805ALB,|VMAGINS=16.81|CMAGINS=17.35|CREFMAG=10.23|CREFERR=0.01|KMAGINS=18.74|KREFMAG=11.38|KREFERR=0.01,0,1.128,Z,17.35,18.74,,ZZ Mic,,STD,,,,
2460568.094845,9.69,0.0,,V,NLX,,UCAC4 237-172142,237-172119,X38805ALB,|VMAGINS=16.82|CMAGINS=17.36|CREFMAG=10.23|CREFERR=0.01|KMAGINS=18.75|KREFMAG=11.38|KREFERR=0.01,0,1.129,Z,17.36,18.75,,ZZ Mic,,STD,,,,
2460568.0951,9.69,0.0,,V,NLX,,UCAC4 237-172142,237-172119,X38805ALB,|VMAGINS=16.82|CMAGINS=17.36|CREFMAG=10.23|CREFERR=0.01|KMAGINS=18.73|KREFMAG=11.38|KREFERR=0.01,0,1.13,Z,17.36,18.73,,ZZ Mic,,STD,,,,
2460568.095351,9.68,0.0,,V,NLX,,UCAC4 237-172142,237-172119,X38805ALB,|VMAGINS=16.82|CMAGINS=17.37|CREFMAG=10.23|CREFERR=0.01|KMAGINS=18.71|KREFMAG=11.38|KREFERR=0.01,0,1.13,Z,17.37,18.71,,ZZ Mic,,STD,,,,
2460568.095678,9.66,0.0,,V,NLX,,UCAC4 237-172142,237-172119,X38805ALB,|VMAGINS=16.79|CMAGINS=17.36|CREFMAG=10.23|CREFERR=0.01|KMAGINS=18.72|KREFMAG=11.38|KREFERR=0.01,0,1.131,Z,17.36,18.72,,ZZ Mic,,STD,,,,
2460568.095931,9.68,0.0,,V,NLX,,UCAC4 237-172142,237-172119,X38805ALB,|VMAGINS=16.80|CMAGINS=17.35|CREFMAG=10.23|CREFERR=0.01|KMAGINS=18.72|KREFMAG=11.38|KREFERR=0.01,0,1.132,Z,17.35,18.72,,ZZ Mic,,STD,,,,
2460568.096182,9.68,0.0,,V,NLX,,UCAC4 237-172142,237-172119,X38805ALB,|VMAGINS=16.80|CMAGINS=17.35|CREFMAG=10.23|CREFERR=0.01|KMAGINS=18.73|KREFMAG=11.38|KREFERR=0.01,0,1.133,Z,17.35,18.73,,ZZ Mic,,STD,,,,
2460568.096434,9.67,0.0,,V,NLX,,UCAC4 237-172142,237-172119,X38805ALB,|VMAGINS=16.79|CMAGINS=17.35|CREFMAG=10.23|CREFERR=0.01|KMAGINS=18.72|KREFMAG=11.38|KREFERR=0.01,0,1.133,Z,17.35,18.72,,ZZ Mic,,STD,,,,
2460568.096754,9.66,0.0,,V,NLX,,UCAC4 237-172142,237-172119,X38805ALB,|VMAGINS=16.80|CMAGINS=17.37|CREFMAG=10.23|CREFERR=0.01|KMAGINS=18.73|KREFMAG=11.38|KREFERR=0.01,0,1.134,Z,17.37,18.73,,ZZ Mic,,STD,,,,
2460568.097009,9.65,0.0,,V,NLX,,UCAC4 237-172142,237-172119,X38805ALB,|VMAGINS=16.79|CMAGINS=17.37|CREFMAG=10.23|CREFERR=0.01|KMAGINS=18.74|KREFMAG=11.38|KREFERR=0.01,0,1.135,Z,17.37,18.74,,ZZ Mic,,STD,,,,
2460568.097261,9.66,0.0,,V,NLX,,UCAC4 237-172142,237-172119,X38805ALB,|VMAGINS=16.79|CMAGINS=17.36|CREFMAG=10.23|CREFERR=0.01|KMAGINS=18.71|KREFMAG=11.38|KREFERR=0.01,0,1.136,Z,17.36,18.71,,ZZ Mic,,STD,,,,
2460568.097588,9.65,0.0,,V,NLX,,UCAC4 237-172142,237-172119,X38805ALB,|VMAGINS=16.77|CMAGINS=17.36|CREFMAG=10.23|CREFERR=0.01|KMAGINS=18.71|KREFMAG=11.38|KREFERR=0.01,0,1.137,Z,17.36,18.71,,ZZ Mic,,STD,,,,
2460568.097839,9.66,0.0,,V,NLX,,UCAC4 237-172142,237-172119,X38805ALB,|VMAGINS=16.77|CMAGINS=17.35|CREFMAG=10.23|CREFERR=0.01|KMAGINS=18.71|KREFMAG=11.38|KREFERR=0.01,0,1.137,Z,17.35,18.71,,ZZ Mic,,STD,,,,
2460568.098088,9.66,0.0,,V,NLX,,UCAC4 237-172142,237-172119,X38805ALB,|VMAGINS=16.77|CMAGINS=17.34|CREFMAG=10.23|CREFERR=0.01|KMAGINS=18.70|KREFMAG=11.38|KREFERR=0.01,0,1.138,Z,17.34,18.7,,ZZ Mic,,STD,,,,
2460568.098341,9.65,0.0,,V,NLX,,UCAC4 237-172142,237-172119,X38805ALB,|VMAGINS=16.77|CMAGINS=17.35|CREFMAG=10.23|CREFERR=0.01|KMAGINS=18.72|KREFMAG=11.38|KREFERR=0.01,0,1.139,Z,17.35,18.72,,ZZ Mic,,STD,,,,
2460568.098674,9.65,0.0,,V,NLX,,UCAC4 237-172142,237-172119,X38805ALB,|VMAGINS=16.75|CMAGINS=17.34|CREFMAG=10.23|CREFERR=0.01|KMAGINS=18.70|KREFMAG=11.38|KREFERR=0.01,0,1.14,Z,17.34,18.7,,ZZ Mic,,STD,,,,
2460568.098921,9.63,0.0,,V,NLX,,UCAC4 237-172142,237-172119,X38805ALB,|VMAGINS=16.74|CMAGINS=17.34|CREFMAG=10.23|CREFERR=0.01|KMAGINS=18.72|KREFMAG=11.38|KREFERR=0.01,0,1.14,Z,17.34,18.72,,ZZ Mic,,STD,,,,
2460568.099171,9.64,0.0,,V,NLX,,UCAC4 237-172142,237-172119,X38805ALB,|VMAGINS=16.75|CMAGINS=17.34|CREFMAG=10.23|CREFERR=0.01|KMAGINS=18.68|KREFMAG=11.38|KREFERR=0.01,0,1.141,Z,17.34,18.68,,ZZ Mic,,STD,,,,
2460568.099424,9.63,0.0,,V,NLX,,UCAC4 237-172142,237-172119,X38805ALB,|VMAGINS=16.76|CMAGINS=17.36|CREFMAG=10.23|CREFERR=0.01|KMAGINS=18.73|KREFMAG=11.38|KREFERR=0.01,0,1.142,Z,17.36,18.73,,ZZ Mic,,STD,,,,
2460568.099743,9.63,0.0,,V,NLX,,UCAC4 237-172142,237-172119,X38805ALB,|VMAGINS=16.75|CMAGINS=17.35|CREFMAG=10.23|CREFERR=0.01|KMAGINS=18.71|KREFMAG=11.38|KREFERR=0.01,0,1.143,Z,17.35,18.71,,ZZ Mic,,STD,,,,
2460568.099995,9.62,0.0,,V,NLX,,UCAC4 237-172142,237-172119,X38805ALB,|VMAGINS=16.73|CMAGINS=17.34|CREFMAG=10.23|CREFERR=0.01|KMAGINS=18.69|KREFMAG=11.38|KREFERR=0.01,0,1.144,Z,17.34,18.69,,ZZ Mic,,STD,,,,
2460568.100248,9.6,0.0,,V,NLX,,UCAC4 237-172142,237-172119,X38805ALB,|VMAGINS=16.73|CMAGINS=17.36|CREFMAG=10.23|CREFERR=0.01|KMAGINS=18.72|KREFMAG=11.38|KREFERR=0.01,0,1.144,Z,17.36,18.72,,ZZ Mic,,STD,,,,
2460568.100499,9.61,0.0,,V,NLX,,UCAC4 237-172142,237-172119,X38805ALB,|VMAGINS=16.72|CMAGINS=17.34|CREFMAG=10.23|CREFERR=0.01|KMAGINS=18.72|KREFMAG=11.38|KREFERR=0.01,0,1.145,Z,17.34,18.72,,ZZ Mic,,STD,,,,
2460568.10082,9.61,0.0,,V,NLX,,UCAC4 237-172142,237-172119,X38805ALB,|VMAGINS=16.72|CMAGINS=17.34|CREFMAG=10.23|CREFERR=0.01|KMAGINS=18.70|KREFMAG=11.38|KREFERR=0.01,0,1.146,Z,17.34,18.7,,ZZ Mic,,STD,,,,
2460568.10115,9.6,0.0,,V,NLX,,UCAC4 237-172142,237-172119,X38805ALB,|VMAGINS=16.69|CMAGINS=17.31|CREFMAG=10.23|CREFERR=0.01|KMAGINS=18.70|KREFMAG=11.38|KREFERR=0.01,0,1.147,Z,17.31,18.7,,ZZ Mic,,STD,,,,
2460568.101403,9.59,0.0,,V,NLX,,UCAC4 237-172142,237-172119,X38805ALB,|VMAGINS=16.69|CMAGINS=17.33|CREFMAG=10.23|CREFERR=0.01|KMAGINS=18.70|KREFMAG=11.38|KREFERR=0.01,0,1.148,Z,17.33,18.7,,ZZ Mic,,STD,,,,
2460568.101729,9.59,0.0,,V,NLX,,UCAC4 237-172142,237-172119,X38805ALB,|VMAGINS=16.67|CMAGINS=17.31|CREFMAG=10.23|CREFERR=0.01|KMAGINS=18.67|KREFMAG=11.38|KREFERR=0.01,0,1.149,Z,17.31,18.67,,ZZ Mic,,STD,,,,
2460568.10205,9.59,0.0,,V,NLX,,UCAC4 237-172142,237-172119,X38805ALB,|VMAGINS=16.67|CMAGINS=17.31|CREFMAG=10.23|CREFERR=0.01|KMAGINS=18.67|KREFMAG=11.38|KREFERR=0.01,0,1.15,Z,17.31,18.67,,ZZ Mic,,STD,,,,
2460568.1023,9.59,0.0,,V,NLX,,UCAC4 237-172142,237-172119,X38805ALB,|VMAGINS=16.65|CMAGINS=17.30|CREFMAG=10.23|CREFERR=0.01|KMAGINS=18.67|KREFMAG=11.38|KREFERR=0.01,0,1.15,Z,17.3,18.67,,ZZ Mic,,STD,,,,
2460568.102555,9.56,0.0,,V,NLX,,UCAC4 237-172142,237-172119,X38805ALB,|VMAGINS=16.63|CMAGINS=17.30|CREFMAG=10.23|CREFERR=0.01|KMAGINS=18.67|KREFMAG=11.38|KREFERR=0.01,0,1.151,Z,17.3,18.67,,ZZ Mic,,STD,,,,
2460568.10287,9.58,0.0,,V,NLX,,UCAC4 237-172142,237-172119,X38805ALB,|VMAGINS=16.64|CMAGINS=17.29|CREFMAG=10.23|CREFERR=0.01|KMAGINS=18.66|KREFMAG=11.38|KREFERR=0.01,0,1.152,Z,17.29,18.66,,ZZ Mic,,STD,,,,
2460568.10312,9.56,0.0,,V,NLX,,UCAC4 237-172142,237-172119,X38805ALB,|VMAGINS=16.62|CMAGINS=17.29|CREFMAG=10.23|CREFERR=0.01|KMAGINS=18.65|KREFMAG=11.38|KREFERR=0.01,0,1.153,Z,17.29,18.65,,ZZ Mic,,STD,,,,
2460568.10337,9.55,0.0,,V,NLX,,UCAC4 237-172142,237-172119,X38805ALB,|VMAGINS=16.61|CMAGINS=17.28|CREFMAG=10.23|CREFERR=0.01|KMAGINS=18.66|KREFMAG=11.38|KREFERR=0.01,0,1.154,Z,17.28,18.66,,ZZ Mic,,STD,,,,
2460568.103689,9.55,0.0,,V,NLX,,UCAC4 237-172142,237-172119,X38805ALB,|VMAGINS=16.60|CMAGINS=17.28|CREFMAG=10.23|CREFERR=0.01|KMAGINS=18.65|KREFMAG=11.38|KREFERR=0.01,0,1.155,Z,17.28,18.65,,ZZ Mic,,STD,,,,
2460568.103942,9.55,0.0,,V,NLX,,UCAC4 237-172142,237-172119,X38805ALB,|VMAGINS=16.58|CMAGINS=17.26|CREFMAG=10.23|CREFERR=0.01|KMAGINS=18.62|KREFMAG=11.38|KREFERR=0.01,0,1.155,Z,17.26,18.62,,ZZ Mic,,STD,,,,
2460568.104193,9.53,0.0,,V,NLX,,UCAC4 237-172142,237-172119,X38805ALB,|VMAGINS=16.56|CMAGINS=17.26|CREFMAG=10.23|CREFERR=0.01|KMAGINS=18.62|KREFMAG=11.38|KREFERR=0.01,0,1.156,Z,17.26,18.62,,ZZ Mic,,STD,,,,
2460568.104446,9.52,0.0,,V,NLX,,UCAC4 237-172142,237-172119,X38805ALB,|VMAGINS=16.56|CMAGINS=17.27|CREFMAG=10.23|CREFERR=0.01|KMAGINS=18.62|KREFMAG=11.38|KREFERR=0.01,0,1.157,Z,17.27,18.62,,ZZ Mic,,STD,,,,
2460568.104768,9.52,0.0,,V,NLX,,UCAC4 237-172142,237-172119,X38805ALB,|VMAGINS=16.54|CMAGINS=17.26|CREFMAG=10.23|CREFERR=0.01|KMAGINS=18.61|KREFMAG=11.38|KREFERR=0.01,0,1.158,Z,17.26,18.61,,ZZ Mic,,STD,,,,
2460568.105018,9.51,0.0,,V,NLX,,UCAC4 237-172142,237-172119,X38805ALB,|VMAGINS=16.54|CMAGINS=17.26|CREFMAG=10.23|CREFERR=0.01|KMAGINS=18.62|KREFMAG=11.38|KREFERR=0.01,0,1.159,Z,17.26,18.62,,ZZ Mic,,STD,,,,
2460568.105273,9.51,0.0,,V,NLX,,UCAC4 237-172142,237-172119,X38805ALB,|VMAGINS=16.53|CMAGINS=17.25|CREFMAG=10.23|CREFERR=0.01|KMAGINS=18.61|KREFMAG=11.38|KREFERR=0.01,0,1.16,Z,17.25,18.61,,ZZ Mic,,STD,,,,
2460568.105594,9.49,0.0,,V,NLX,,UCAC4 237-172142,237-172119,X38805ALB,|VMAGINS=16.49|CMAGINS=17.23|CREFMAG=10.23|CREFERR=0.01|KMAGINS=18.61|KREFMAG=11.38|KREFERR=0.01,0,1.161,Z,17.23,18.61,,ZZ Mic,,STD,,,,
2460568.105847,9.5,0.0,,V,NLX,,UCAC4 237-172142,237-172119,X38805ALB,|VMAGINS=16.50|CMAGINS=17.23|CREFMAG=10.23|CREFERR=0.01|KMAGINS=18.61|KREFMAG=11.38|KREFERR=0.01,0,1.161,Z,17.23,18.61,,ZZ Mic,,STD,,,,
2460568.106103,9.48,0.0,,V,NLX,,UCAC4 237-172142,237-172119,X38805ALB,|VMAGINS=16.47|CMAGINS=17.22|CREFMAG=10.23|CREFERR=0.01|KMAGINS=18.59|KREFMAG=11.38|KREFERR=0.01,0,1.162,Z,17.22,18.59,,ZZ Mic,,STD,,,,
2460568.106438,9.47,0.0,,V,NLX,,UCAC4 237-172142,237-172119,X38805ALB,|VMAGINS=16.44|CMAGINS=17.20|CREFMAG=10.23|CREFERR=0.00|KMAGINS=18.56|KREFMAG=11.38|KREFERR=0.01,0,1.163,Z,17.2,18.56,,ZZ Mic,,STD,,,,
2460568.106686,9.47,0.0,,V,NLX,,UCAC4 237-172142,237-172119,X38805ALB,|VMAGINS=16.43|CMAGINS=17.20|CREFMAG=10.23|CREFERR=0.00|KMAGINS=18.56|KREFMAG=11.38|KREFERR=0.01,0,1.164,Z,17.2,18.56,,ZZ Mic,,STD,,,,
2460568.106938,9.46,0.0,,V,NLX,,UCAC4 237-172142,237-172119,X38805ALB,|VMAGINS=16.42|CMAGINS=17.19|CREFMAG=10.23|CREFERR=0.00|KMAGINS=18.56|KREFMAG=11.38|KREFERR=0.01,0,1.165,Z,17.19,18.56,,ZZ Mic,,STD,,,,
2460568.107195,9.46,0.0,,V,NLX,,UCAC4 237-172142,237-172119,X38805ALB,|VMAGINS=16.42|CMAGINS=17.19|CREFMAG=10.23|CREFERR=0.00|KMAGINS=18.56|KREFMAG=11.38|KREFERR=0.01,0,1.166,Z,17.19,18.56,,ZZ Mic,,STD,,,,
2460568.107444,9.46,0.0,,V,NLX,,UCAC4 237-172142,237-172119,X38805ALB,|VMAGINS=16.41|CMAGINS=17.18|CREFMAG=10.23|CREFERR=0.00|KMAGINS=18.55|KREFMAG=11.38|KREFERR=0.01,0,1.167,Z,17.18,18.55,,ZZ Mic,,STD,,,,
2460568.107767,9.43,0.0,,V,NLX,,UCAC4 237-172142,237-172119,X38805ALB,|VMAGINS=16.38|CMAGINS=17.18|CREFMAG=10.23|CREFERR=0.00|KMAGINS=18.53|KREFMAG=11.38|KREFERR=0.01,0,1.168,Z,17.18,18.53,,ZZ Mic,,STD,,,,
2460568.108019,9.45,0.0,,V,NLX,,UCAC4 237-172142,237-172119,X38805ALB,|VMAGINS=16.38|CMAGINS=17.16|CREFMAG=10.23|CREFERR=0.01|KMAGINS=18.54|KREFMAG=11.38|KREFERR=0.01,0,1.168,Z,17.16,18.54,,ZZ Mic,,STD,,,,
2460568.108275,9.43,0.0,,V,NLX,,UCAC4 237-172142,237-172119,X38805ALB,|VMAGINS=16.37|CMAGINS=17.16|CREFMAG=10.23|CREFERR=0.00|KMAGINS=18.54|KREFMAG=11.38|KREFERR=0.01,0,1.169,Z,17.16,18.54,,ZZ Mic,,STD,,,,
2460568.108526,9.44,0.0,,V,NLX,,UCAC4 237-172142,237-172119,X38805ALB,|VMAGINS=16.37|CMAGINS=17.16|CREFMAG=10.23|CREFERR=0.00|KMAGINS=18.54|KREFMAG=11.38|KREFERR=0.01,0,1.17,Z,17.16,18.54,,ZZ Mic,,STD,,,,
2460568.108849,9.41,0.0,,V,NLX,,UCAC4 237-172142,237-172119,X38805ALB,|VMAGINS=16.34|CMAGINS=17.16|CREFMAG=10.23|CREFERR=0.00|KMAGINS=18.53|KREFMAG=11.38|KREFERR=0.01,0,1.171,Z,17.16,18.53,,ZZ Mic,,STD,,,,
2460568.109099,9.41,0.0,,V,NLX,,UCAC4 237-172142,237-172119,X38805ALB,|VMAGINS=16.33|CMAGINS=17.15|CREFMAG=10.23|CREFERR=0.00|KMAGINS=18.52|KREFMAG=11.38|KREFERR=0.01,0,1.172,Z,17.15,18.52,,ZZ Mic,,STD,,,,
2460568.10935,9.4,0.0,,V,NLX,,UCAC4 237-172142,237-172119,X38805ALB,|VMAGINS=16.33|CMAGINS=17.16|CREFMAG=10.23|CREFERR=0.00|KMAGINS=18.51|KREFMAG=11.38|KREFERR=0.01,0,1.173,Z,17.16,18.51,,ZZ Mic,,STD,,,,
2460568.109673,9.4,0.0,,V,NLX,,UCAC4 237-172142,237-172119,X38805ALB,|VMAGINS=16.31|CMAGINS=17.14|CREFMAG=10.23|CREFERR=0.00|KMAGINS=18.50|KREFMAG=11.38|KREFERR=0.01,0,1.174,Z,17.14,18.5,,ZZ Mic,,STD,,,,
2460568.109924,9.39,0.0,,V,NLX,,UCAC4 237-172142,237-172119,X38805ALB,|VMAGINS=16.30|CMAGINS=17.14|CREFMAG=10.23|CREFERR=0.00|KMAGINS=18.50|KREFMAG=11.38|KREFERR=0.01,0,1.175,Z,17.14,18.5,,ZZ Mic,,STD,,,,
2460568.110177,9.38,0.0,,V,NLX,,UCAC4 237-172142,237-172119,X38805ALB,|VMAGINS=16.29|CMAGINS=17.14|CREFMAG=10.23|CREFERR=0.00|KMAGINS=18.49|KREFMAG=11.38|KREFERR=0.01,0,1.176,Z,17.14,18.49,,ZZ Mic,,STD,,,,
2460568.110431,9.38,0.0,,V,NLX,,UCAC4 237-172142,237-172119,X38805ALB,|VMAGINS=16.30|CMAGINS=17.14|CREFMAG=10.23|CREFERR=0.00|KMAGINS=18.51|KREFMAG=11.38|KREFERR=0.01,0,1.176,Z,17.14,18.51,,ZZ Mic,,STD,,,,
2460568.110681,9.37,0.0,,V,NLX,,UCAC4 237-172142,237-172119,X38805ALB,|VMAGINS=16.28|CMAGINS=17.14|CREFMAG=10.23|CREFERR=0.00|KMAGINS=18.50|KREFMAG=11.38|KREFERR=0.01,0,1.177,Z,17.14,18.5,,ZZ Mic,,STD,,,,
2460568.111005,9.37,0.0,,V,NLX,,UCAC4 237-172142,237-172119,X38805ALB,|VMAGINS=16.27|CMAGINS=17.14|CREFMAG=10.23|CREFERR=0.00|KMAGINS=18.50|KREFMAG=11.38|KREFERR=0.01,0,1.178,Z,17.14,18.5,,ZZ Mic,,STD,,,,
2460568.111259,9.37,0.0,,V,NLX,,UCAC4 237-172142,237-172119,X38805ALB,|VMAGINS=16.28|CMAGINS=17.14|CREFMAG=10.23|CREFERR=0.00|KMAGINS=18.51|KREFMAG=11.38|KREFERR=0.01,0,1.179,Z,17.14,18.51,,ZZ Mic,,STD,,,,
2460568.111512,9.36,0.0,,V,NLX,,UCAC4 237-172142,237-172119,X38805ALB,|VMAGINS=16.26|CMAGINS=17.14|CREFMAG=10.23|CREFERR=0.00|KMAGINS=18.50|KREFMAG=11.38|KREFERR=0.01,0,1.18,Z,17.14,18.5,,ZZ Mic,,STD,,,,
2460568.111759,9.36,0.0,,V,NLX,,UCAC4 237-172142,237-172119,X38805ALB,|VMAGINS=16.26|CMAGINS=17.13|CREFMAG=10.23|CREFERR=0.00|KMAGINS=18.50|KREFMAG=11.38|KREFERR=0.01,0,1.181,Z,17.13,18.5,,ZZ Mic,,STD,,,,
2460568.112075,9.35,0.0,,V,NLX,,UCAC4 237-172142,237-172119,X38805ALB,|VMAGINS=16.26|CMAGINS=17.13|CREFMAG=10.23|CREFERR=0.00|KMAGINS=18.49|KREFMAG=11.38|KREFERR=0.01,0,1.182,Z,17.13,18.49,,ZZ Mic,,STD,,,,
2460568.112396,9.36,0.0,,V,NLX,,UCAC4 237-172142,237-172119,X38805ALB,|VMAGINS=16.26|CMAGINS=17.13|CREFMAG=10.23|CREFERR=0.00|KMAGINS=18.51|KREFMAG=11.38|KREFERR=0.01,0,1.183,Z,17.13,18.51,,ZZ Mic,,STD,,,,
2460568.112652,9.36,0.0,,V,NLX,,UCAC4 237-172142,237-172119,X38805ALB,|VMAGINS=16.25|CMAGINS=17.13|CREFMAG=10.23|CREFERR=0.00|KMAGINS=18.50|KREFMAG=11.38|KREFERR=0.01,0,1.184,Z,17.13,18.5,,ZZ Mic,,STD,,,,
2460568.112909,9.34,0.0,,V,NLX,,UCAC4 237-172142,237-172119,X38805ALB,|VMAGINS=16.24|CMAGINS=17.13|CREFMAG=10.23|CREFERR=0.00|KMAGINS=18.48|KREFMAG=11.38|KREFERR=0.01,0,1.185,Z,17.13,18.48,,ZZ Mic,,STD,,,,
2460568.113237,9.34,0.0,,V,NLX,,UCAC4 237-172142,237-172119,X38805ALB,|VMAGINS=16.23|CMAGINS=17.12|CREFMAG=10.23|CREFERR=0.00|KMAGINS=18.49|KREFMAG=11.38|KREFERR=0.01,0,1.186,Z,17.12,18.49,,ZZ Mic,,STD,,,,
2460568.11349,9.34,0.0,,V,NLX,,UCAC4 237-172142,237-172119,X38805ALB,|VMAGINS=16.24|CMAGINS=17.13|CREFMAG=10.23|CREFERR=0.00|KMAGINS=18.50|KREFMAG=11.38|KREFERR=0.01,0,1.187,Z,17.13,18.5,,ZZ Mic,,STD,,,,
2460568.113745,9.35,0.0,,V,NLX,,UCAC4 237-172142,237-172119,X38805ALB,|VMAGINS=16.24|CMAGINS=17.12|CREFMAG=10.23|CREFERR=0.00|KMAGINS=18.50|KREFMAG=11.38|KREFERR=0.01,0,1.188,Z,17.12,18.5,,ZZ Mic,,STD,,,,
2460568.114062,9.33,0.0,,V,NLX,,UCAC4 237-172142,237-172119,X38805ALB,|VMAGINS=16.23|CMAGINS=17.12|CREFMAG=10.23|CREFERR=0.00|KMAGINS=18.48|KREFMAG=11.38|KREFERR=0.01,0,1.189,Z,17.12,18.48,,ZZ Mic,,STD,,,,
2460568.114315,9.33,0.0,,V,NLX,,UCAC4 237-172142,237-172119,X38805ALB,|VMAGINS=16.23|CMAGINS=17.13|CREFMAG=10.23|CREFERR=0.00|KMAGINS=18.50|KREFMAG=11.38|KREFERR=0.01,0,1.19,Z,17.13,18.5,,ZZ Mic,,STD,,,,
2460568.114567,9.34,0.0,,V,NLX,,UCAC4 237-172142,237-172119,X38805ALB,|VMAGINS=16.23|CMAGINS=17.13|CREFMAG=10.23|CREFERR=0.00|KMAGINS=18.49|KREFMAG=11.38|KREFERR=0.01,0,1.191,Z,17.13,18.49,,ZZ Mic,,STD,,,,
2460568.114818,9.34,0.0,,V,NLX,,UCAC4 237-172142,237-172119,X38805ALB,|VMAGINS=16.23|CMAGINS=17.12|CREFMAG=10.23|CREFERR=0.00|KMAGINS=18.49|KREFMAG=11.38|KREFERR=0.01,0,1.192,Z,17.12,18.49,,ZZ Mic,,STD,,,,
2460568.115135,9.34,0.0,,V,NLX,,UCAC4 237-172142,237-172119,X38805ALB,|VMAGINS=16.23|CMAGINS=17.12|CREFMAG=10.23|CREFERR=0.00|KMAGINS=18.49|KREFMAG=11.38|KREFERR=0.01,0,1.193,Z,17.12,18.49,,ZZ Mic,,STD,,,,
2460568.115385,9.34,0.0,,V,NLX,,UCAC4 237-172142,237-172119,X38805ALB,|VMAGINS=16.24|CMAGINS=17.13|CREFMAG=10.23|CREFERR=0.00|KMAGINS=18.51|KREFMAG=11.38|KREFERR=0.01,0,1.194,Z,17.13,18.51,,ZZ Mic,,STD,,,,
2460568.115641,9.34,0.0,,V,NLX,,UCAC4 237-172142,237-172119,X38805ALB,|VMAGINS=16.23|CMAGINS=17.12|CREFMAG=10.23|CREFERR=0.00|KMAGINS=18.47|KREFMAG=11.38|KREFERR=0.01,0,1.195,Z,17.12,18.47,,ZZ Mic,,STD,,,,
2460568.115891,9.35,0.0,,V,NLX,,UCAC4 237-172142,237-172119,X38805ALB,|VMAGINS=16.22|CMAGINS=17.11|CREFMAG=10.23|CREFERR=0.00|KMAGINS=18.46|KREFMAG=11.38|KREFERR=0.01,0,1.195,Z,17.11,18.46,,ZZ Mic,,STD,,,,
2460568.116212,9.34,0.0,,V,NLX,,UCAC4 237-172142,237-172119,X38805ALB,|VMAGINS=16.22|CMAGINS=17.11|CREFMAG=10.23|CREFERR=0.00|KMAGINS=18.47|KREFMAG=11.38|KREFERR=0.01,0,1.203,Z,17.11,18.47,,ZZ Mic,,STD,,,,
2460568.116461,9.34,0.0,,V,NLX,,UCAC4 237-172142,237-172119,X38805ALB,|VMAGINS=16.22|CMAGINS=17.11|CREFMAG=10.23|CREFERR=0.00|KMAGINS=18.47|KREFMAG=11.38|KREFERR=0.01,0,1.198,Z,17.11,18.47,,ZZ Mic,,STD,,,,
2460568.116714,9.35,0.0,,V,NLX,,UCAC4 237-172142,237-172119,X38805ALB,|VMAGINS=16.23|CMAGINS=17.11|CREFMAG=10.23|CREFERR=0.00|KMAGINS=18.48|KREFMAG=11.38|KREFERR=0.01,0,1.198,Z,17.11,18.48,,ZZ Mic,,STD,,,,
2460568.117033,9.35,0.0,,V,NLX,,UCAC4 237-172142,237-172119,X38805ALB,|VMAGINS=16.23|CMAGINS=17.11|CREFMAG=10.23|CREFERR=0.00|KMAGINS=18.49|KREFMAG=11.38|KREFERR=0.01,0,1.2,Z,17.11,18.49,,ZZ Mic,,STD,,,,
2460568.117282,9.36,0.0,,V,NLX,,UCAC4 237-172142,237-172119,X38805ALB,|VMAGINS=16.23|CMAGINS=17.10|CREFMAG=10.23|CREFERR=0.00|KMAGINS=18.48|KREFMAG=11.38|KREFERR=0.01,0,1.201,Z,17.1,18.48,,ZZ Mic,,STD,,,,
2460568.117539,9.35,0.0,,V,NLX,,UCAC4 237-172142,237-172119,X38805ALB,|VMAGINS=16.23|CMAGINS=17.11|CREFMAG=10.23|CREFERR=0.00|KMAGINS=18.47|KREFMAG=11.38|KREFERR=0.01,0,1.201,Z,17.11,18.47,,ZZ Mic,,STD,,,,
2460568.117793,9.35,0.0,,V,NLX,,UCAC4 237-172142,237-172119,X38805ALB,|VMAGINS=16.23|CMAGINS=17.11|CREFMAG=10.23|CREFERR=0.00|KMAGINS=18.48|KREFMAG=11.38|KREFERR=0.01,0,1.202,Z,17.11,18.48,,ZZ Mic,,STD,,,,
2460568.118115,9.36,0.0,,V,NLX,,UCAC4 237-172142,237-172119,X38805ALB,|VMAGINS=16.24|CMAGINS=17.11|CREFMAG=10.23|CREFERR=0.00|KMAGINS=18.49|KREFMAG=11.38|KREFERR=0.01,0,1.204,Z,17.11,18.49,,ZZ Mic,,STD,,,,
2460568.118366,9.36,0.0,,V,NLX,,UCAC4 237-172142,237-172119,X38805ALB,|VMAGINS=16.23|CMAGINS=17.11|CREFMAG=10.23|CREFERR=0.00|KMAGINS=18.48|KREFMAG=11.38|KREFERR=0.01,0,1.205,Z,17.11,18.48,,ZZ Mic,,STD,,,,
2460568.118616,9.36,0.0,,V,NLX,,UCAC4 237-172142,237-172119,X38805ALB,|VMAGINS=16.24|CMAGINS=17.11|CREFMAG=10.23|CREFERR=0.00|KMAGINS=18.47|KREFMAG=11.38|KREFERR=0.01,0,1.205,Z,17.11,18.47,,ZZ Mic,,STD,,,,
2460568.118868,9.37,0.0,,V,NLX,,UCAC4 237-172142,237-172119,X38805ALB,|VMAGINS=16.24|CMAGINS=17.10|CREFMAG=10.23|CREFERR=0.00|KMAGINS=18.48|KREFMAG=11.38|KREFERR=0.01,0,1.206,Z,17.1,18.48,,ZZ Mic,,STD,,,,
2460568.119187,9.37,0.0,,V,NLX,,UCAC4 237-172142,237-172119,X38805ALB,|VMAGINS=16.25|CMAGINS=17.11|CREFMAG=10.23|CREFERR=0.00|KMAGINS=18.47|KREFMAG=11.38|KREFERR=0.01,0,1.208,Z,17.11,18.47,,ZZ Mic,,STD,,,,
2460568.119436,9.37,0.0,,V,NLX,,UCAC4 237-172142,237-172119,X38805ALB,|VMAGINS=16.25|CMAGINS=17.10|CREFMAG=10.23|CREFERR=0.00|KMAGINS=18.48|KREFMAG=11.38|KREFERR=0.01,0,1.209,Z,17.1,18.48,,ZZ Mic,,STD,,,,
2460568.119685,9.39,0.0,,V,NLX,,UCAC4 237-172142,237-172119,X38805ALB,|VMAGINS=16.25|CMAGINS=17.09|CREFMAG=10.23|CREFERR=0.00|KMAGINS=18.47|KREFMAG=11.38|KREFERR=0.01,0,1.209,Z,17.09,18.47,,ZZ Mic,,STD,,,,
2460568.119936,9.38,0.0,,V,NLX,,UCAC4 237-172142,237-172119,X38805ALB,|VMAGINS=16.25|CMAGINS=17.10|CREFMAG=10.23|CREFERR=0.00|KMAGINS=18.46|KREFMAG=11.38|KREFERR=0.01,0,1.21,Z,17.1,18.46,,ZZ Mic,,STD,,,,
2460568.120259,9.38,0.0,,V,NLX,,UCAC4 237-172142,237-172119,X38805ALB,|VMAGINS=16.24|CMAGINS=17.09|CREFMAG=10.23|CREFERR=0.00|KMAGINS=18.46|KREFMAG=11.38|KREFERR=0.01,0,1.212,Z,17.09,18.46,,ZZ Mic,,STD,,,,
2460568.120512,9.4,0.0,,V,NLX,,UCAC4 237-172142,237-172119,X38805ALB,|VMAGINS=16.26|CMAGINS=17.09|CREFMAG=10.23|CREFERR=0.00|KMAGINS=18.45|KREFMAG=11.38|KREFERR=0.01,0,1.213,Z,17.09,18.45,,ZZ Mic,,STD,,,,
2460568.120766,9.39,0.0,,V,NLX,,UCAC4 237-172142,237-172119,X38805ALB,|VMAGINS=16.26|CMAGINS=17.10|CREFMAG=10.23|CREFERR=0.00|KMAGINS=18.46|KREFMAG=11.38|KREFERR=0.01,0,1.214,Z,17.1,18.46,,ZZ Mic,,STD,,,,
2460568.121016,9.4,0.0,,V,NLX,,UCAC4 237-172142,237-172119,X38805ALB,|VMAGINS=16.27|CMAGINS=17.09|CREFMAG=10.23|CREFERR=0.00|KMAGINS=18.45|KREFMAG=11.38|KREFERR=0.01,0,1.215,Z,17.09,18.45,,ZZ Mic,,STD,,,,
2460568.121339,9.41,0.0,,V,NLX,,UCAC4 237-172142,237-172119,X38805ALB,|VMAGINS=16.27|CMAGINS=17.09|CREFMAG=10.23|CREFERR=0.00|KMAGINS=18.45|KREFMAG=11.38|KREFERR=0.01,0,1.216,Z,17.09,18.45,,ZZ Mic,,STD,,,,
2460568.121591,9.42,0.0,,V,NLX,,UCAC4 237-172142,237-172119,X38805ALB,|VMAGINS=16.26|CMAGINS=17.08|CREFMAG=10.23|CREFERR=0.00|KMAGINS=18.46|KREFMAG=11.38|KREFERR=0.01,0,1.217,Z,17.08,18.46,,ZZ Mic,,STD,,,,
2460568.121844,9.41,0.0,,V,NLX,,UCAC4 237-172142,237-172119,X38805ALB,|VMAGINS=16.26|CMAGINS=17.08|CREFMAG=10.23|CREFERR=0.00|KMAGINS=18.44|KREFMAG=11.38|KREFERR=0.01,0,1.218,Z,17.08,18.44,,ZZ Mic,,STD,,,,
2460568.122099,9.41,0.0,,V,NLX,,UCAC4 237-172142,237-172119,X38805ALB,|VMAGINS=16.27|CMAGINS=17.09|CREFMAG=10.23|CREFERR=0.00|KMAGINS=18.45|KREFMAG=11.38|KREFERR=0.01,0,1.219,Z,17.09,18.45,,ZZ Mic,,STD,,,,
2460568.122423,9.42,0.0,,V,NLX,,UCAC4 237-172142,237-172119,X38805ALB,|VMAGINS=16.27|CMAGINS=17.08|CREFMAG=10.23|CREFERR=0.00|KMAGINS=18.44|KREFMAG=11.38|KREFERR=0.01,0,1.22,Z,17.08,18.44,,ZZ Mic,,STD,,,,
2460568.122676,9.42,0.0,,V,NLX,,UCAC4 237-172142,237-172119,X38805ALB,|VMAGINS=16.27|CMAGINS=17.08|CREFMAG=10.23|CREFERR=0.00|KMAGINS=18.46|KREFMAG=11.38|KREFERR=0.01,0,1.221,Z,17.08,18.46,,ZZ Mic,,STD,,,,
2460568.122927,9.43,0.0,,V,NLX,,UCAC4 237-172142,237-172119,X38805ALB,|VMAGINS=16.27|CMAGINS=17.08|CREFMAG=10.23|CREFERR=0.00|KMAGINS=18.44|KREFMAG=11.38|KREFERR=0.01,0,1.222,Z,17.08,18.44,,ZZ Mic,,STD,,,,
2460568.123182,9.42,0.0,,V,NLX,,UCAC4 237-172142,237-172119,X38805ALB,|VMAGINS=16.28|CMAGINS=17.08|CREFMAG=10.23|CREFERR=0.00|KMAGINS=18.44|KREFMAG=11.38|KREFERR=0.01,0,1.223,Z,17.08,18.44,,ZZ Mic,,STD,,,,
2460568.123502,9.42,0.0,,V,NLX,,UCAC4 237-172142,237-172119,X38805ALB,|VMAGINS=16.28|CMAGINS=17.09|CREFMAG=10.23|CREFERR=0.00|KMAGINS=18.45|KREFMAG=11.38|KREFERR=0.01,0,1.224,Z,17.09,18.45,,ZZ Mic,,STD,,,,
2460568.123752,9.43,0.0,,V,NLX,,UCAC4 237-172142,237-172119,X38805ALB,|VMAGINS=16.29|CMAGINS=17.09|CREFMAG=10.23|CREFERR=0.00|KMAGINS=18.46|KREFMAG=11.38|KREFERR=0.01,0,1.225,Z,17.09,18.46,,ZZ Mic,,STD,,,,
2460568.124001,9.45,0.0,,V,NLX,,UCAC4 237-172142,237-172119,X38805ALB,|VMAGINS=16.30|CMAGINS=17.08|CREFMAG=10.23|CREFERR=0.00|KMAGINS=18.45|KREFMAG=11.38|KREFERR=0.01,0,1.226,Z,17.08,18.45,,ZZ Mic,,STD,,,,
2460568.124251,9.45,0.0,,V,NLX,,UCAC4 237-172142,237-172119,X38805ALB,|VMAGINS=16.31|CMAGINS=17.09|CREFMAG=10.23|CREFERR=0.00|KMAGINS=18.47|KREFMAG=11.38|KREFERR=0.01,0,1.227,Z,17.09,18.47,,ZZ Mic,,STD,,,,
2460568.124573,9.45,0.0,,V,NLX,,UCAC4 237-172142,237-172119,X38805ALB,|VMAGINS=16.31|CMAGINS=17.08|CREFMAG=10.23|CREFERR=0.00|KMAGINS=18.46|KREFMAG=11.38|KREFERR=0.01,0,1.229,Z,17.08,18.46,,ZZ Mic,,STD,,,,
2460568.124823,9.46,0.0,,V,NLX,,UCAC4 237-172142,237-172119,X38805ALB,|VMAGINS=16.32|CMAGINS=17.08|CREFMAG=10.23|CREFERR=0.00|KMAGINS=18.46|KREFMAG=11.38|KREFERR=0.01,0,1.23,Z,17.08,18.46,,ZZ Mic,,STD,,,,
2460568.125074,9.46,0.0,,V,NLX,,UCAC4 237-172142,237-172119,X38805ALB,|VMAGINS=16.32|CMAGINS=17.09|CREFMAG=10.23|CREFERR=0.00|KMAGINS=18.46|KREFMAG=11.38|KREFERR=0.01,0,1.231,Z,17.09,18.46,,ZZ Mic,,STD,,,,
2460568.125324,9.46,0.0,,V,NLX,,UCAC4 237-172142,237-172119,X38805ALB,|VMAGINS=16.32|CMAGINS=17.09|CREFMAG=10.23|CREFERR=0.00|KMAGINS=18.46|KREFMAG=11.38|KREFERR=0.01,0,1.232,Z,17.09,18.46,,ZZ Mic,,STD,,,,
2460568.125643,9.47,0.0,,V,NLX,,UCAC4 237-172142,237-172119,X38805ALB,|VMAGINS=16.32|CMAGINS=17.08|CREFMAG=10.23|CREFERR=0.00|KMAGINS=18.46|KREFMAG=11.38|KREFERR=0.01,0,1.233,Z,17.08,18.46,,ZZ Mic,,STD,,,,
2460568.125893,9.47,0.0,,V,NLX,,UCAC4 237-172142,237-172119,X38805ALB,|VMAGINS=16.33|CMAGINS=17.09|CREFMAG=10.23|CREFERR=0.00|KMAGINS=18.46|KREFMAG=11.38|KREFERR=0.01,0,1.234,Z,17.09,18.46,,ZZ Mic,,STD,,,,
2460568.12615,9.48,0.0,,V,NLX,,UCAC4 237-172142,237-172119,X38805ALB,|VMAGINS=16.33|CMAGINS=17.08|CREFMAG=10.23|CREFERR=0.00|KMAGINS=18.46|KREFMAG=11.38|KREFERR=0.01,0,1.235,Z,17.08,18.46,,ZZ Mic,,STD,,,,
2460568.1264,9.48,0.0,,V,NLX,,UCAC4 237-172142,237-172119,X38805ALB,|VMAGINS=16.34|CMAGINS=17.09|CREFMAG=10.23|CREFERR=0.00|KMAGINS=18.45|KREFMAG=11.38|KREFERR=0.01,0,1.236,Z,17.09,18.45,,ZZ Mic,,STD,,,,
2460568.126722,9.49,0.0,,V,NLX,,UCAC4 237-172142,237-172119,X38805ALB,|VMAGINS=16.35|CMAGINS=17.09|CREFMAG=10.23|CREFERR=0.00|KMAGINS=18.46|KREFMAG=11.38|KREFERR=0.01,0,1.237,Z,17.09,18.46,,ZZ Mic,,STD,,,,
2460568.126976,9.49,0.0,,V,NLX,,UCAC4 237-172142,237-172119,X38805ALB,|VMAGINS=16.35|CMAGINS=17.09|CREFMAG=10.23|CREFERR=0.00|KMAGINS=18.46|KREFMAG=11.38|KREFERR=0.01,0,1.238,Z,17.09,18.46,,ZZ Mic,,STD,,,,
2460568.127226,9.5,0.0,,V,NLX,,UCAC4 237-172142,237-172119,X38805ALB,|VMAGINS=16.36|CMAGINS=17.09|CREFMAG=10.23|CREFERR=0.00|KMAGINS=18.45|KREFMAG=11.38|KREFERR=0.01,0,1.24,Z,17.09,18.45,,ZZ Mic,,STD,,,,
2460568.127548,9.51,0.0,,V,NLX,,UCAC4 237-172142,237-172119,X38805ALB,|VMAGINS=16.36|CMAGINS=17.08|CREFMAG=10.23|CREFERR=0.00|KMAGINS=18.45|KREFMAG=11.38|KREFERR=0.01,0,1.241,Z,17.08,18.45,,ZZ Mic,,STD,,,,
2460568.127805,9.51,0.0,,V,NLX,,UCAC4 237-172142,237-172119,X38805ALB,|VMAGINS=16.36|CMAGINS=17.08|CREFMAG=10.23|CREFERR=0.00|KMAGINS=18.46|KREFMAG=11.38|KREFERR=0.01,0,1.242,Z,17.08,18.46,,ZZ Mic,,STD,,,,
2460568.128056,9.51,0.0,,V,NLX,,UCAC4 237-172142,237-172119,X38805ALB,|VMAGINS=16.37|CMAGINS=17.09|CREFMAG=10.23|CREFERR=0.00|KMAGINS=18.46|KREFMAG=11.38|KREFERR=0.01,0,1.243,Z,17.09,18.46,,ZZ Mic,,STD,,,,
2460568.1284,9.52,0.0,,V,NLX,,UCAC4 237-172142,237-172119,X38805ALB,|VMAGINS=16.38|CMAGINS=17.09|CREFMAG=10.23|CREFERR=0.00|KMAGINS=18.46|KREFMAG=11.38|KREFERR=0.01,0,1.244,Z,17.09,18.46,,ZZ Mic,,STD,,,,
2460568.128714,9.52,0.0,,V,NLX,,UCAC4 237-172142,237-172119,X38805ALB,|VMAGINS=16.38|CMAGINS=17.09|CREFMAG=10.23|CREFERR=0.00|KMAGINS=18.46|KREFMAG=11.38|KREFERR=0.01,0,1.246,Z,17.09,18.46,,ZZ Mic,,STD,,,,
2460568.128963,9.54,0.0,,V,NLX,,UCAC4 237-172142,237-172119,X38805ALB,|VMAGINS=16.40|CMAGINS=17.09|CREFMAG=10.23|CREFERR=0.00|KMAGINS=18.47|KREFMAG=11.38|KREFERR=0.01,0,1.247,Z,17.09,18.47,,ZZ Mic,,STD,,,,
2460568.129215,9.52,0.0,,V,NLX,,UCAC4 237-172142,237-172119,X38805ALB,|VMAGINS=16.39|CMAGINS=17.10|CREFMAG=10.23|CREFERR=0.00|KMAGINS=18.46|KREFMAG=11.38|KREFERR=0.01,0,1.248,Z,17.1,18.46,,ZZ Mic,,STD,,,,
2460568.129469,9.53,0.0,,V,NLX,,UCAC4 237-172142,237-172119,X38805ALB,|VMAGINS=16.40|CMAGINS=17.10|CREFMAG=10.23|CREFERR=0.00|KMAGINS=18.47|KREFMAG=11.38|KREFERR=0.01,0,1.249,Z,17.1,18.47,,ZZ Mic,,STD,,,,
2460568.129791,9.55,0.0,,V,NLX,,UCAC4 237-172142,237-172119,X38805ALB,|VMAGINS=16.42|CMAGINS=17.10|CREFMAG=10.23|CREFERR=0.00|KMAGINS=18.48|KREFMAG=11.38|KREFERR=0.01,0,1.25,Z,17.1,18.48,,ZZ Mic,,STD,,,,
2460568.130042,9.55,0.0,,V,NLX,,UCAC4 237-172142,237-172119,X38805ALB,|VMAGINS=16.43|CMAGINS=17.11|CREFMAG=10.23|CREFERR=0.00|KMAGINS=18.49|KREFMAG=11.38|KREFERR=0.01,0,1.251,Z,17.11,18.49,,ZZ Mic,,STD,,,,
2460568.130293,9.55,0.0,,V,NLX,,UCAC4 237-172142,237-172119,X38805ALB,|VMAGINS=16.42|CMAGINS=17.11|CREFMAG=10.23|CREFERR=0.00|KMAGINS=18.47|KREFMAG=11.38|KREFERR=0.01,0,1.253,Z,17.11,18.47,,ZZ Mic,,STD,,,,
2460568.130546,9.55,0.0,,V,NLX,,UCAC4 237-172142,237-172119,X38805ALB,|VMAGINS=16.43|CMAGINS=17.11|CREFMAG=10.23|CREFERR=0.00|KMAGINS=18.49|KREFMAG=11.38|KREFERR=0.01,0,1.254,Z,17.11,18.49,,ZZ Mic,,STD,,,,
2460568.130868,9.56,0.0,,V,NLX,,UCAC4 237-172142,237-172119,X38805ALB,|VMAGINS=16.45|CMAGINS=17.12|CREFMAG=10.23|CREFERR=0.00|KMAGINS=18.49|KREFMAG=11.38|KREFERR=0.01,0,1.255,Z,17.12,18.49,,ZZ Mic,,STD,,,,
2460568.131118,9.56,0.0,,V,NLX,,UCAC4 237-172142,237-172119,X38805ALB,|VMAGINS=16.43|CMAGINS=17.10|CREFMAG=10.23|CREFERR=0.00|KMAGINS=18.49|KREFMAG=11.38|KREFERR=0.01,0,1.256,Z,17.1,18.49,,ZZ Mic,,STD,,,,
2460568.131374,9.56,0.0,,V,NLX,,UCAC4 237-172142,237-172119,X38805ALB,|VMAGINS=16.46|CMAGINS=17.12|CREFMAG=10.23|CREFERR=0.00|KMAGINS=18.48|KREFMAG=11.38|KREFERR=0.01,0,1.257,Z,17.12,18.48,,ZZ Mic,,STD,,,,
2460568.131622,9.56,0.0,,V,NLX,,UCAC4 237-172142,237-172119,X38805ALB,|VMAGINS=16.43|CMAGINS=17.10|CREFMAG=10.23|CREFERR=0.00|KMAGINS=18.46|KREFMAG=11.38|KREFERR=0.01,0,1.258,Z,17.1,18.46,,ZZ Mic,,STD,,,,
2460568.131944,9.57,0.0,,V,NLX,,UCAC4 237-172142,237-172119,X38805ALB,|VMAGINS=16.45|CMAGINS=17.11|CREFMAG=10.23|CREFERR=0.00|KMAGINS=18.49|KREFMAG=11.38|KREFERR=0.01,0,1.26,Z,17.11,18.49,,ZZ Mic,,STD,,,,
2460568.132195,9.58,0.0,,V,NLX,,UCAC4 237-172142,237-172119,X38805ALB,|VMAGINS=16.44|CMAGINS=17.10|CREFMAG=10.23|CREFERR=0.00|KMAGINS=18.48|KREFMAG=11.38|KREFERR=0.01,0,1.261,Z,17.1,18.48,,ZZ Mic,,STD,,,,
2460568.132446,9.57,0.0,,V,NLX,,UCAC4 237-172142,237-172119,X38805ALB,|VMAGINS=16.45|CMAGINS=17.11|CREFMAG=10.23|CREFERR=0.00|KMAGINS=18.49|KREFMAG=11.38|KREFERR=0.01,0,1.262,Z,17.11,18.49,,ZZ Mic,,STD,,,,
2460568.132696,9.59,0.0,,V,NLX,,UCAC4 237-172142,237-172119,X38805ALB,|VMAGINS=16.47|CMAGINS=17.11|CREFMAG=10.23|CREFERR=0.00|KMAGINS=18.47|KREFMAG=11.38|KREFERR=0.01,0,1.263,Z,17.11,18.47,,ZZ Mic,,STD,,,,
2460568.133021,9.58,0.0,,V,NLX,,UCAC4 237-172142,237-172119,X38805ALB,|VMAGINS=16.46|CMAGINS=17.11|CREFMAG=10.23|CREFERR=0.00|KMAGINS=18.48|KREFMAG=11.38|KREFERR=0.01,0,1.265,Z,17.11,18.48,,ZZ Mic,,STD,,,,
2460568.133276,9.58,0.0,,V,NLX,,UCAC4 237-172142,237-172119,X38805ALB,|VMAGINS=16.47|CMAGINS=17.11|CREFMAG=10.23|CREFERR=0.00|KMAGINS=18.47|KREFMAG=11.38|KREFERR=0.01,0,1.266,Z,17.11,18.47,,ZZ Mic,,STD,,,,
2460568.133531,9.59,0.0,,V,NLX,,UCAC4 237-172142,237-172119,X38805ALB,|VMAGINS=16.47|CMAGINS=17.11|CREFMAG=10.23|CREFERR=0.00|KMAGINS=18.47|KREFMAG=11.38|KREFERR=0.01,0,1.267,Z,17.11,18.47,,ZZ Mic,,STD,,,,
2460568.133786,9.59,0.0,,V,NLX,,UCAC4 237-172142,237-172119,X38805ALB,|VMAGINS=16.46|CMAGINS=17.09|CREFMAG=10.23|CREFERR=0.00|KMAGINS=18.46|KREFMAG=11.38|KREFERR=0.01,0,1.268,Z,17.09,18.46,,ZZ Mic,,STD,,,,
2460568.134102,9.6,0.0,,V,NLX,,UCAC4 237-172142,237-172119,X38805ALB,|VMAGINS=16.50|CMAGINS=17.13|CREFMAG=10.23|CREFERR=0.00|KMAGINS=18.50|KREFMAG=11.38|KREFERR=0.01,0,1.269,Z,17.13,18.5,,ZZ Mic,,STD,,,,
2460568.134355,9.6,0.0,,V,NLX,,UCAC4 237-172142,237-172119,X38805ALB,|VMAGINS=16.49|CMAGINS=17.11|CREFMAG=10.23|CREFERR=0.00|KMAGINS=18.48|KREFMAG=11.38|KREFERR=0.01,0,1.271,Z,17.11,18.48,,ZZ Mic,,STD,,,,
2460568.134606,9.61,0.0,,V,NLX,,UCAC4 237-172142,237-172119,X38805ALB,|VMAGINS=16.50|CMAGINS=17.12|CREFMAG=10.23|CREFERR=0.00|KMAGINS=18.48|KREFMAG=11.38|KREFERR=0.01,0,1.272,Z,17.12,18.48,,ZZ Mic,,STD,,,,
2460568.134858,9.61,0.0,,V,NLX,,UCAC4 237-172142,237-172119,X38805ALB,|VMAGINS=16.49|CMAGINS=17.11|CREFMAG=10.23|CREFERR=0.00|KMAGINS=18.47|KREFMAG=11.38|KREFERR=0.01,0,1.273,Z,17.11,18.47,,ZZ Mic,,STD,,,,
2460568.13511,9.61,0.0,,V,NLX,,UCAC4 237-172142,237-172119,X38805ALB,|VMAGINS=16.49|CMAGINS=17.10|CREFMAG=10.23|CREFERR=0.00|KMAGINS=18.46|KREFMAG=11.38|KREFERR=0.01,0,1.274,Z,17.1,18.46,,ZZ Mic,,STD,,,,
2460568.135362,9.61,0.0,,V,NLX,,UCAC4 237-172142,237-172119,X38805ALB,|VMAGINS=16.49|CMAGINS=17.11|CREFMAG=10.23|CREFERR=0.00|KMAGINS=18.49|KREFMAG=11.38|KREFERR=0.01,0,1.275,Z,17.11,18.49,,ZZ Mic,,STD,,,,
2460568.135682,9.6,0.0,,V,NLX,,UCAC4 237-172142,237-172119,X38805ALB,|VMAGINS=16.50|CMAGINS=17.12|CREFMAG=10.23|CREFERR=0.00|KMAGINS=18.49|KREFMAG=11.38|KREFERR=0.01,0,1.277,Z,17.12,18.49,,ZZ Mic,,STD,,,,
2460568.136006,9.62,0.0,,V,NLX,,UCAC4 237-172142,237-172119,X38805ALB,|VMAGINS=16.51|CMAGINS=17.12|CREFMAG=10.23|CREFERR=0.00|KMAGINS=18.47|KREFMAG=11.38|KREFERR=0.01,0,1.278,Z,17.12,18.47,,ZZ Mic,,STD,,,,
2460568.136259,9.62,0.0,,V,NLX,,UCAC4 237-172142,237-172119,X38805ALB,|VMAGINS=16.49|CMAGINS=17.11|CREFMAG=10.23|CREFERR=0.00|KMAGINS=18.48|KREFMAG=11.38|KREFERR=0.01,0,1.279,Z,17.11,18.48,,ZZ Mic,,STD,,,,
2460568.136509,9.63,0.0,,V,NLX,,UCAC4 237-172142,237-172119,X38805ALB,|VMAGINS=16.51|CMAGINS=17.10|CREFMAG=10.23|CREFERR=0.00|KMAGINS=18.46|KREFMAG=11.38|KREFERR=0.01,0,1.281,Z,17.1,18.46,,ZZ Mic,,STD,,,,
2460568.136755,9.63,0.0,,V,NLX,,UCAC4 237-172142,237-172119,X38805ALB,|VMAGINS=16.51|CMAGINS=17.11|CREFMAG=10.23|CREFERR=0.00|KMAGINS=18.47|KREFMAG=11.38|KREFERR=0.01,0,1.282,Z,17.11,18.47,,ZZ Mic,,STD,,,,
2460568.13708,9.64,0.0,,V,NLX,,UCAC4 237-172142,237-172119,X38805ALB,|VMAGINS=16.52|CMAGINS=17.11|CREFMAG=10.23|CREFERR=0.00|KMAGINS=18.49|KREFMAG=11.38|KREFERR=0.01,0,1.283,Z,17.11,18.49,,ZZ Mic,,STD,,,,
2460568.137331,9.63,0.0,,V,NLX,,UCAC4 237-172142,237-172119,X38805ALB,|VMAGINS=16.51|CMAGINS=17.11|CREFMAG=10.23|CREFERR=0.00|KMAGINS=18.47|KREFMAG=11.38|KREFERR=0.01,0,1.284,Z,17.11,18.47,,ZZ Mic,,STD,,,,
2460568.137585,9.65,0.0,,V,NLX,,UCAC4 237-172142,237-172119,X38805ALB,|VMAGINS=16.50|CMAGINS=17.08|CREFMAG=10.23|CREFERR=0.00|KMAGINS=18.46|KREFMAG=11.38|KREFERR=0.01,0,1.286,Z,17.08,18.46,,ZZ Mic,,STD,,,,
2460568.137835,9.66,0.0,,V,NLX,,UCAC4 237-172142,237-172119,X38805ALB,|VMAGINS=16.53|CMAGINS=17.10|CREFMAG=10.23|CREFERR=0.00|KMAGINS=18.47|KREFMAG=11.38|KREFERR=0.01,0,1.287,Z,17.1,18.47,,ZZ Mic,,STD,,,,
2460568.138087,9.64,0.0,,V,NLX,,UCAC4 237-172142,237-172119,X38805ALB,|VMAGINS=16.51|CMAGINS=17.10|CREFMAG=10.23|CREFERR=0.00|KMAGINS=18.48|KREFMAG=11.38|KREFERR=0.01,0,1.288,Z,17.1,18.48,,ZZ Mic,,STD,,,,
2460568.138411,9.66,0.0,,V,NLX,,UCAC4 237-172142,237-172119,X38805ALB,|VMAGINS=16.53|CMAGINS=17.10|CREFMAG=10.23|CREFERR=0.00|KMAGINS=18.47|KREFMAG=11.38|KREFERR=0.01,0,1.29,Z,17.1,18.47,,ZZ Mic,,STD,,,,
2460568.138663,9.65,0.0,,V,NLX,,UCAC4 237-172142,237-172119,X38805ALB,|VMAGINS=16.53|CMAGINS=17.12|CREFMAG=10.23|CREFERR=0.00|KMAGINS=18.50|KREFMAG=11.38|KREFERR=0.01,0,1.291,Z,17.12,18.5,,ZZ Mic,,STD,,,,
2460568.138914,9.65,0.0,,V,NLX,,UCAC4 237-172142,237-172119,X38805ALB,|VMAGINS=16.51|CMAGINS=17.09|CREFMAG=10.23|CREFERR=0.00|KMAGINS=18.47|KREFMAG=11.38|KREFERR=0.01,0,1.292,Z,17.09,18.47,,ZZ Mic,,STD,,,,
2460568.139168,9.65,0.0,,V,NLX,,UCAC4 237-172142,237-172119,X38805ALB,|VMAGINS=16.52|CMAGINS=17.11|CREFMAG=10.23|CREFERR=0.00|KMAGINS=18.46|KREFMAG=11.38|KREFERR=0.01,0,1.293,Z,17.11,18.46,,ZZ Mic,,STD,,,,
2460568.13949,9.65,0.0,,V,NLX,,UCAC4 237-172142,237-172119,X38805ALB,|VMAGINS=16.53|CMAGINS=17.11|CREFMAG=10.23|CREFERR=0.00|KMAGINS=18.46|KREFMAG=11.38|KREFERR=0.01,0,1.295,Z,17.11,18.46,,ZZ Mic,,STD,,,,
2460568.139738,9.66,0.0,,V,NLX,,UCAC4 237-172142,237-172119,X38805ALB,|VMAGINS=16.54|CMAGINS=17.11|CREFMAG=10.23|CREFERR=0.00|KMAGINS=18.48|KREFMAG=11.38|KREFERR=0.01,0,1.296,Z,17.11,18.48,,ZZ Mic,,STD,,,,
2460568.139987,9.65,0.0,,V,NLX,,UCAC4 237-172142,237-172119,X38805ALB,|VMAGINS=16.52|CMAGINS=17.10|CREFMAG=10.23|CREFERR=0.00|KMAGINS=18.48|KREFMAG=11.38|KREFERR=0.01,0,1.297,Z,17.1,18.48,,ZZ Mic,,STD,,,,
2460568.140308,9.67,0.0,,V,NLX,,UCAC4 237-172142,237-172119,X38805ALB,|VMAGINS=16.54|CMAGINS=17.10|CREFMAG=10.23|CREFERR=0.00|KMAGINS=18.47|KREFMAG=11.38|KREFERR=0.01,0,1.299,Z,17.1,18.47,,ZZ Mic,,STD,,,,
2460568.140562,9.65,0.0,,V,NLX,,UCAC4 237-172142,237-172119,X38805ALB,|VMAGINS=16.53|CMAGINS=17.11|CREFMAG=10.23|CREFERR=0.00|KMAGINS=18.47|KREFMAG=11.38|KREFERR=0.01,0,1.3,Z,17.11,18.47,,ZZ Mic,,STD,,,,
2460568.140814,9.67,0.0,,V,NLX,,UCAC4 237-172142,237-172119,X38805ALB,|VMAGINS=16.54|CMAGINS=17.10|CREFMAG=10.23|CREFERR=0.00|KMAGINS=18.49|KREFMAG=11.38|KREFERR=0.01,0,1.301,Z,17.1,18.49,,ZZ Mic,,STD,,,,
2460568.141069,9.66,0.0,,V,NLX,,UCAC4 237-172142,237-172119,X38805ALB,|VMAGINS=16.56|CMAGINS=17.13|CREFMAG=10.23|CREFERR=0.01|KMAGINS=18.49|KREFMAG=11.38|KREFERR=0.01,0,1.303,Z,17.13,18.49,,ZZ Mic,,STD,,,,
2460568.141398,9.67,0.0,,V,NLX,,UCAC4 237-172142,237-172119,X38805ALB,|VMAGINS=16.55|CMAGINS=17.11|CREFMAG=10.23|CREFERR=0.01|KMAGINS=18.48|KREFMAG=11.38|KREFERR=0.01,0,1.304,Z,17.11,18.48,,ZZ Mic,,STD,,,,
2460568.141651,9.68,0.0,,V,NLX,,UCAC4 237-172142,237-172119,X38805ALB,|VMAGINS=16.56|CMAGINS=17.11|CREFMAG=10.23|CREFERR=0.00|KMAGINS=18.48|KREFMAG=11.38|KREFERR=0.01,0,1.305,Z,17.11,18.48,,ZZ Mic,,STD,,,,
2460568.141902,9.67,0.0,,V,NLX,,UCAC4 237-172142,237-172119,X38805ALB,|VMAGINS=16.55|CMAGINS=17.11|CREFMAG=10.23|CREFERR=0.00|KMAGINS=18.48|KREFMAG=11.38|KREFERR=0.01,0,1.307,Z,17.11,18.48,,ZZ Mic,,STD,,,,
2460568.14222,9.67,0.0,,V,NLX,,UCAC4 237-172142,237-172119,X38805ALB,|VMAGINS=16.55|CMAGINS=17.11|CREFMAG=10.23|CREFERR=0.01|KMAGINS=18.46|KREFMAG=11.38|KREFERR=0.01,0,1.308,Z,17.11,18.46,,ZZ Mic,,STD,,,,
2460568.142473,9.67,0.0,,V,NLX,,UCAC4 237-172142,237-172119,X38805ALB,|VMAGINS=16.56|CMAGINS=17.12|CREFMAG=10.23|CREFERR=0.01|KMAGINS=18.49|KREFMAG=11.38|KREFERR=0.01,0,1.31,Z,17.12,18.49,,ZZ Mic,,STD,,,,
2460568.142724,9.68,0.0,,V,NLX,,UCAC4 237-172142,237-172119,X38805ALB,|VMAGINS=16.55|CMAGINS=17.11|CREFMAG=10.23|CREFERR=0.01|KMAGINS=18.46|KREFMAG=11.38|KREFERR=0.01,0,1.311,Z,17.11,18.46,,ZZ Mic,,STD,,,,
2460568.142977,9.69,0.0,,V,NLX,,UCAC4 237-172142,237-172119,X38805ALB,|VMAGINS=16.57|CMAGINS=17.11|CREFMAG=10.23|CREFERR=0.00|KMAGINS=18.50|KREFMAG=11.38|KREFERR=0.01,0,1.312,Z,17.11,18.5,,ZZ Mic,,STD,,,,
2460568.143297,9.68,0.0,,V,NLX,,UCAC4 237-172142,237-172119,X38805ALB,|VMAGINS=16.57|CMAGINS=17.12|CREFMAG=10.23|CREFERR=0.01|KMAGINS=18.49|KREFMAG=11.38|KREFERR=0.01,0,1.314,Z,17.12,18.49,,ZZ Mic,,STD,,,,
2460568.143549,9.69,0.0,,V,NLX,,UCAC4 237-172142,237-172119,X38805ALB,|VMAGINS=16.56|CMAGINS=17.11|CREFMAG=10.23|CREFERR=0.00|KMAGINS=18.48|KREFMAG=11.38|KREFERR=0.01,0,1.315,Z,17.11,18.48,,ZZ Mic,,STD,,,,
2460568.143797,9.69,0.0,,V,NLX,,UCAC4 237-172142,237-172119,X38805ALB,|VMAGINS=16.56|CMAGINS=17.10|CREFMAG=10.23|CREFERR=0.01|KMAGINS=18.48|KREFMAG=11.38|KREFERR=0.01,0,1.316,Z,17.1,18.48,,ZZ Mic,,STD,,,,
2460568.144048,9.69,0.0,,V,NLX,,UCAC4 237-172142,237-172119,X38805ALB,|VMAGINS=16.58|CMAGINS=17.12|CREFMAG=10.23|CREFERR=0.01|KMAGINS=18.49|KREFMAG=11.38|KREFERR=0.01,0,1.318,Z,17.12,18.49,,ZZ Mic,,STD,,,,
2460568.144302,9.69,0.0,,V,NLX,,UCAC4 237-172142,237-172119,X38805ALB,|VMAGINS=16.59|CMAGINS=17.12|CREFMAG=10.23|CREFERR=0.01|KMAGINS=18.49|KREFMAG=11.38|KREFERR=0.01,0,1.319,Z,17.12,18.49,,ZZ Mic,,STD,,,,
2460568.14462,9.69,0.0,,V,NLX,,UCAC4 237-172142,237-172119,X38805ALB,|VMAGINS=16.59|CMAGINS=17.13|CREFMAG=10.23|CREFERR=0.01|KMAGINS=18.49|KREFMAG=11.38|KREFERR=0.01,0,1.321,Z,17.13,18.49,,ZZ Mic,,STD,,,,
2460568.144873,9.69,0.0,,V,NLX,,UCAC4 237-172142,237-172119,X38805ALB,|VMAGINS=16.58|CMAGINS=17.12|CREFMAG=10.23|CREFERR=0.01|KMAGINS=18.49|KREFMAG=11.38|KREFERR=0.01,0,1.322,Z,17.12,18.49,,ZZ Mic,,STD,,,,
2460568.145122,9.68,0.0,,V,NLX,,UCAC4 237-172142,237-172119,X38805ALB,|VMAGINS=16.58|CMAGINS=17.13|CREFMAG=10.23|CREFERR=0.01|KMAGINS=18.47|KREFMAG=11.38|KREFERR=0.01,0,1.323,Z,17.13,18.47,,ZZ Mic,,STD,,,,
2460568.145377,9.7,0.0,,V,NLX,,UCAC4 237-172142,237-172119,X38805ALB,|VMAGINS=16.60|CMAGINS=17.13|CREFMAG=10.23|CREFERR=0.01|KMAGINS=18.49|KREFMAG=11.38|KREFERR=0.01,0,1.325,Z,17.13,18.49,,ZZ Mic,,STD,,,,
2460568.145627,9.7,0.0,,V,NLX,,UCAC4 237-172142,237-172119,X38805ALB,|VMAGINS=16.59|CMAGINS=17.12|CREFMAG=10.23|CREFERR=0.01|KMAGINS=18.49|KREFMAG=11.38|KREFERR=0.01,0,1.326,Z,17.12,18.49,,ZZ Mic,,STD,,,,
2460568.145946,9.71,0.0,,V,NLX,,UCAC4 237-172142,237-172119,X38805ALB,|VMAGINS=16.61|CMAGINS=17.13|CREFMAG=10.23|CREFERR=0.01|KMAGINS=18.50|KREFMAG=11.38|KREFERR=0.01,0,1.327,Z,17.13,18.5,,ZZ Mic,,STD,,,,
2460568.146199,9.7,0.0,,V,NLX,,UCAC4 237-172142,237-172119,X38805ALB,|VMAGINS=16.63|CMAGINS=17.16|CREFMAG=10.23|CREFERR=0.01|KMAGINS=18.53|KREFMAG=11.38|KREFERR=0.01,0,1.329,Z,17.16,18.53,,ZZ Mic,,STD,,,,
2460568.146454,9.68,0.0,,V,NLX,,UCAC4 237-172142,237-172119,X38805ALB,|VMAGINS=16.60|CMAGINS=17.15|CREFMAG=10.23|CREFERR=0.01|KMAGINS=18.51|KREFMAG=11.38|KREFERR=0.01,0,1.33,Z,17.15,18.51,,ZZ Mic,,STD,,,,
2460568.146707,9.7,0.0,,V,NLX,,UCAC4 237-172142,237-172119,X38805ALB,|VMAGINS=16.60|CMAGINS=17.12|CREFMAG=10.23|CREFERR=0.01|KMAGINS=18.48|KREFMAG=11.38|KREFERR=0.01,0,1.332,Z,17.12,18.48,,ZZ Mic,,STD,,,,
2460568.146957,9.71,0.0,,V,NLX,,UCAC4 237-172142,237-172119,X38805ALB,|VMAGINS=16.61|CMAGINS=17.13|CREFMAG=10.23|CREFERR=0.01|KMAGINS=18.51|KREFMAG=11.38|KREFERR=0.01,0,1.333,Z,17.13,18.51,,ZZ Mic,,STD,,,,
2460568.147208,9.7,0.0,,V,NLX,,UCAC4 237-172142,237-172119,X38805ALB,|VMAGINS=16.61|CMAGINS=17.14|CREFMAG=10.23|CREFERR=0.01|KMAGINS=18.50|KREFMAG=11.38|KREFERR=0.01,0,1.334,Z,17.14,18.5,,ZZ Mic,,STD,,,,
2460568.14753,9.7,0.0,,V,NLX,,UCAC4 237-172142,237-172119,X38805ALB,|VMAGINS=16.60|CMAGINS=17.13|CREFMAG=10.23|CREFERR=0.01|KMAGINS=18.51|KREFMAG=11.38|KREFERR=0.01,0,1.336,Z,17.13,18.51,,ZZ Mic,,STD,,,,
2460568.147856,9.72,0.0,,V,NLX,,UCAC4 237-172142,237-172119,X38805ALB,|VMAGINS=16.64|CMAGINS=17.15|CREFMAG=10.23|CREFERR=0.01|KMAGINS=18.53|KREFMAG=11.38|KREFERR=0.01,0,1.338,Z,17.15,18.53,,ZZ Mic,,STD,,,,
2460568.148108,9.7,0.0,,V,NLX,,UCAC4 237-172142,237-172119,X38805ALB,|VMAGINS=16.62|CMAGINS=17.15|CREFMAG=10.23|CREFERR=0.01|KMAGINS=18.50|KREFMAG=11.38|KREFERR=0.01,0,1.339,Z,17.15,18.5,,ZZ Mic,,STD,,,,
2460568.14836,9.72,0.0,,V,NLX,,UCAC4 237-172142,237-172119,X38805ALB,|VMAGINS=16.61|CMAGINS=17.12|CREFMAG=10.23|CREFERR=0.01|KMAGINS=18.49|KREFMAG=11.38|KREFERR=0.01,0,1.34,Z,17.12,18.49,,ZZ Mic,,STD,,,,
2460568.148615,9.71,0.0,,V,NLX,,UCAC4 237-172142,237-172119,X38805ALB,|VMAGINS=16.62|CMAGINS=17.14|CREFMAG=10.23|CREFERR=0.01|KMAGINS=18.52|KREFMAG=11.38|KREFERR=0.01,0,1.342,Z,17.14,18.52,,ZZ Mic,,STD,,,,
2460568.148942,9.71,0.0,,V,NLX,,UCAC4 237-172142,237-172119,X38805ALB,|VMAGINS=16.61|CMAGINS=17.13|CREFMAG=10.23|CREFERR=0.01|KMAGINS=18.50|KREFMAG=11.38|KREFERR=0.01,0,1.344,Z,17.13,18.5,,ZZ Mic,,STD,,,,
2460568.149194,9.73,0.0,,V,NLX,,UCAC4 237-172142,237-172119,X38805ALB,|VMAGINS=16.62|CMAGINS=17.12|CREFMAG=10.23|CREFERR=0.01|KMAGINS=18.50|KREFMAG=11.38|KREFERR=0.01,0,1.345,Z,17.12,18.5,,ZZ Mic,,STD,,,,
2460568.149445,9.71,0.0,,V,NLX,,UCAC4 237-172142,237-172119,X38805ALB,|VMAGINS=16.61|CMAGINS=17.13|CREFMAG=10.23|CREFERR=0.01|KMAGINS=18.49|KREFMAG=11.38|KREFERR=0.01,0,1.346,Z,17.13,18.49,,ZZ Mic,,STD,,,,
2460568.149697,9.71,0.0,,V,NLX,,UCAC4 237-172142,237-172119,X38805ALB,|VMAGINS=16.60|CMAGINS=17.12|CREFMAG=10.23|CREFERR=0.01|KMAGINS=18.49|KREFMAG=11.38|KREFERR=0.01,0,1.348,Z,17.12,18.49,,ZZ Mic,,STD,,,,
2460568.149948,9.72,0.0,,V,NLX,,UCAC4 237-172142,237-172119,X38805ALB,|VMAGINS=16.62|CMAGINS=17.13|CREFMAG=10.23|CREFERR=0.01|KMAGINS=18.52|KREFMAG=11.38|KREFERR=0.01,0,1.349,Z,17.13,18.52,,ZZ Mic,,STD,,,,
2460568.150274,9.71,0.0,,V,NLX,,UCAC4 237-172142,237-172119,X38805ALB,|VMAGINS=16.61|CMAGINS=17.13|CREFMAG=10.23|CREFERR=0.01|KMAGINS=18.49|KREFMAG=11.38|KREFERR=0.01,0,1.351,Z,17.13,18.49,,ZZ Mic,,STD,,,,
2460568.150527,9.73,0.0,,V,NLX,,UCAC4 237-172142,237-172119,X38805ALB,|VMAGINS=16.63|CMAGINS=17.13|CREFMAG=10.23|CREFERR=0.01|KMAGINS=18.50|KREFMAG=11.38|KREFERR=0.01,0,1.352,Z,17.13,18.5,,ZZ Mic,,STD,,,,
2460568.150777,9.72,0.0,,V,NLX,,UCAC4 237-172142,237-172119,X38805ALB,|VMAGINS=16.62|CMAGINS=17.13|CREFMAG=10.23|CREFERR=0.01|KMAGINS=18.49|KREFMAG=11.38|KREFERR=0.01,0,1.354,Z,17.13,18.49,,ZZ Mic,,STD,,,,
2460568.151028,9.73,0.0,,V,NLX,,UCAC4 237-172142,237-172119,X38805ALB,|VMAGINS=16.63|CMAGINS=17.14|CREFMAG=10.23|CREFERR=0.01|KMAGINS=18.51|KREFMAG=11.38|KREFERR=0.01,0,1.355,Z,17.14,18.51,,ZZ Mic,,STD,,,,
2460568.151282,9.72,0.0,,V,NLX,,UCAC4 237-172142,237-172119,X38805ALB,|VMAGINS=16.63|CMAGINS=17.13|CREFMAG=10.23|CREFERR=0.01|KMAGINS=18.51|KREFMAG=11.38|KREFERR=0.01,0,1.357,Z,17.13,18.51,,ZZ Mic,,STD,,,,
2460568.151607,9.72,0.0,,V,NLX,,UCAC4 237-172142,237-172119,X38805ALB,|VMAGINS=16.63|CMAGINS=17.14|CREFMAG=10.23|CREFERR=0.01|KMAGINS=18.50|KREFMAG=11.38|KREFERR=0.01,0,1.358,Z,17.14,18.5,,ZZ Mic,,STD,,,,
2460568.151858,9.73,0.0,,V,NLX,,UCAC4 237-172142,237-172119,X38805ALB,|VMAGINS=16.63|CMAGINS=17.14|CREFMAG=10.23|CREFERR=0.01|KMAGINS=18.51|KREFMAG=11.38|KREFERR=0.01,0,1.36,Z,17.14,18.51,,ZZ Mic,,STD,,,,
2460568.15211,9.73,0.0,,V,NLX,,UCAC4 237-172142,237-172119,X38805ALB,|VMAGINS=16.62|CMAGINS=17.12|CREFMAG=10.23|CREFERR=0.01|KMAGINS=18.50|KREFMAG=11.38|KREFERR=0.01,0,1.361,Z,17.12,18.5,,ZZ Mic,,STD,,,,
2460568.152363,9.72,0.0,,V,NLX,,UCAC4 237-172142,237-172119,X38805ALB,|VMAGINS=16.62|CMAGINS=17.13|CREFMAG=10.23|CREFERR=0.01|KMAGINS=18.50|KREFMAG=11.38|KREFERR=0.01,0,1.363,Z,17.13,18.5,,ZZ Mic,,STD,,,,
2460568.152681,9.72,0.0,,V,NLX,,UCAC4 237-172142,237-172119,X38805ALB,|VMAGINS=16.62|CMAGINS=17.14|CREFMAG=10.23|CREFERR=0.01|KMAGINS=18.49|KREFMAG=11.38|KREFERR=0.01,0,1.365,Z,17.14,18.49,,ZZ Mic,,STD,,,,
2460568.152934,9.72,0.0,,V,NLX,,UCAC4 237-172142,237-172119,X38805ALB,|VMAGINS=16.63|CMAGINS=17.14|CREFMAG=10.23|CREFERR=0.01|KMAGINS=18.50|KREFMAG=11.38|KREFERR=0.01,0,1.366,Z,17.14,18.5,,ZZ Mic,,STD,,,,
2460568.153184,9.72,0.0,,V,NLX,,UCAC4 237-172142,237-172119,X38805ALB,|VMAGINS=16.63|CMAGINS=17.13|CREFMAG=10.23|CREFERR=0.01|KMAGINS=18.51|KREFMAG=11.38|KREFERR=0.01,0,1.367,Z,17.13,18.51,,ZZ Mic,,STD,,,,
2460568.153436,9.71,0.0,,V,NLX,,UCAC4 237-172142,237-172119,X38805ALB,|VMAGINS=16.64|CMAGINS=17.16|CREFMAG=10.23|CREFERR=0.01|KMAGINS=18.52|KREFMAG=11.38|KREFERR=0.01,0,1.369,Z,17.16,18.52,,ZZ Mic,,STD,,,,
2460568.153686,9.73,0.0,,V,NLX,,UCAC4 237-172142,237-172119,X38805ALB,|VMAGINS=16.64|CMAGINS=17.14|CREFMAG=10.23|CREFERR=0.01|KMAGINS=18.51|KREFMAG=11.38|KREFERR=0.01,0,1.37,Z,17.14,18.51,,ZZ Mic,,STD,,,,
2460568.154006,9.74,0.0,,V,NLX,,UCAC4 237-172142,237-172119,X38805ALB,|VMAGINS=16.64|CMAGINS=17.14|CREFMAG=10.23|CREFERR=0.01|KMAGINS=18.51|KREFMAG=11.38|KREFERR=0.01,0,1.372,Z,17.14,18.51,,ZZ Mic,,STD,,,,
2460568.15426,9.72,0.0,,V,NLX,,UCAC4 237-172142,237-172119,X38805ALB,|VMAGINS=16.64|CMAGINS=17.15|CREFMAG=10.23|CREFERR=0.01|KMAGINS=18.52|KREFMAG=11.38|KREFERR=0.01,0,1.374,Z,17.15,18.52,,ZZ Mic,,STD,,,,
2460568.154513,9.72,0.0,,V,NLX,,UCAC4 237-172142,237-172119,X38805ALB,|VMAGINS=16.64|CMAGINS=17.15|CREFMAG=10.23|CREFERR=0.01|KMAGINS=18.52|KREFMAG=11.38|KREFERR=0.01,0,1.375,Z,17.15,18.52,,ZZ Mic,,STD,,,,
2460568.154762,9.74,0.0,,V,NLX,,UCAC4 237-172142,237-172119,X38805ALB,|VMAGINS=16.66|CMAGINS=17.15|CREFMAG=10.23|CREFERR=0.01|KMAGINS=18.52|KREFMAG=11.38|KREFERR=0.01,0,1.377,Z,17.15,18.52,,ZZ Mic,,STD,,,,
2460568.155085,9.74,0.0,,V,NLX,,UCAC4 237-172142,237-172119,X38805ALB,|VMAGINS=16.64|CMAGINS=17.13|CREFMAG=10.23|CREFERR=0.01|KMAGINS=18.49|KREFMAG=11.38|KREFERR=0.01,0,1.379,Z,17.13,18.49,,ZZ Mic,,STD,,,,
2460568.155486,9.73,0.0,,V,NLX,,UCAC4 237-172142,237-172119,X38805ALB,|VMAGINS=16.68|CMAGINS=17.18|CREFMAG=10.23|CREFERR=0.01|KMAGINS=18.54|KREFMAG=11.38|KREFERR=0.01,0,1.381,Z,17.18,18.54,,ZZ Mic,,STD,,,,
2460568.155735,9.73,0.0,,V,NLX,,UCAC4 237-172142,237-172119,X38805ALB,|VMAGINS=16.65|CMAGINS=17.15|CREFMAG=10.23|CREFERR=0.01|KMAGINS=18.53|KREFMAG=11.38|KREFERR=0.01,0,1.382,Z,17.15,18.53,,ZZ Mic,,STD,,,,
2460568.155987,9.72,0.0,,V,NLX,,UCAC4 237-172142,237-172119,X38805ALB,|VMAGINS=16.64|CMAGINS=17.14|CREFMAG=10.23|CREFERR=0.01|KMAGINS=18.52|KREFMAG=11.38|KREFERR=0.01,0,1.384,Z,17.14,18.52,,ZZ Mic,,STD,,,,
2460568.156238,9.72,0.0,,V,NLX,,UCAC4 237-172142,237-172119,X38805ALB,|VMAGINS=16.65|CMAGINS=17.15|CREFMAG=10.23|CREFERR=0.01|KMAGINS=18.53|KREFMAG=11.38|KREFERR=0.01,0,1.385,Z,17.15,18.53,,ZZ Mic,,STD,,,,
2460568.156558,9.72,0.0,,V,NLX,,UCAC4 237-172142,237-172119,X38805ALB,|VMAGINS=16.64|CMAGINS=17.15|CREFMAG=10.23|CREFERR=0.01|KMAGINS=18.50|KREFMAG=11.38|KREFERR=0.01,0,1.387,Z,17.15,18.5,,ZZ Mic,,STD,,,,
2460568.156812,9.73,0.0,,V,NLX,,UCAC4 237-172142,237-172119,X38805ALB,|VMAGINS=16.63|CMAGINS=17.13|CREFMAG=10.23|CREFERR=0.01|KMAGINS=18.51|KREFMAG=11.38|KREFERR=0.01,0,1.389,Z,17.13,18.51,,ZZ Mic,,STD,,,,
2460568.157063,9.72,0.0,,V,NLX,,UCAC4 237-172142,237-172119,X38805ALB,|VMAGINS=16.64|CMAGINS=17.15|CREFMAG=10.23|CREFERR=0.01|KMAGINS=18.51|KREFMAG=11.38|KREFERR=0.01,0,1.39,Z,17.15,18.51,,ZZ Mic,,STD,,,,
2460568.157315,9.72,0.0,,V,NLX,,UCAC4 237-172142,237-172119,X38805ALB,|VMAGINS=16.63|CMAGINS=17.14|CREFMAG=10.23|CREFERR=0.01|KMAGINS=18.51|KREFMAG=11.38|KREFERR=0.01,0,1.392,Z,17.14,18.51,,ZZ Mic,,STD,,,,
2460568.157634,9.72,0.0,,V,NLX,,UCAC4 237-172142,237-172119,X38805ALB,|VMAGINS=16.63|CMAGINS=17.14|CREFMAG=10.23|CREFERR=0.01|KMAGINS=18.50|KREFMAG=11.38|KREFERR=0.01,0,1.394,Z,17.14,18.5,,ZZ Mic,,STD,,,,
2460568.157887,9.71,0.0,,V,NLX,,UCAC4 237-172142,237-172119,X38805ALB,|VMAGINS=16.62|CMAGINS=17.14|CREFMAG=10.23|CREFERR=0.01|KMAGINS=18.52|KREFMAG=11.38|KREFERR=0.01,0,1.395,Z,17.14,18.52,,ZZ Mic,,STD,,,,
2460568.158142,9.7,0.0,,V,NLX,,UCAC4 237-172142,237-172119,X38805ALB,|VMAGINS=16.62|CMAGINS=17.14|CREFMAG=10.23|CREFERR=0.01|KMAGINS=18.50|KREFMAG=11.38|KREFERR=0.01,0,1.397,Z,17.14,18.5,,ZZ Mic,,STD,,,,
2460568.158391,9.71,0.0,,V,NLX,,UCAC4 237-172142,237-172119,X38805ALB,|VMAGINS=16.62|CMAGINS=17.14|CREFMAG=10.23|CREFERR=0.01|KMAGINS=18.50|KREFMAG=11.38|KREFERR=0.01,0,1.399,Z,17.14,18.5,,ZZ Mic,,STD,,,,
2460568.158643,9.71,0.0,,V,NLX,,UCAC4 237-172142,237-172119,X38805ALB,|VMAGINS=16.61|CMAGINS=17.13|CREFMAG=10.23|CREFERR=0.01|KMAGINS=18.52|KREFMAG=11.38|KREFERR=0.01,0,1.4,Z,17.13,18.52,,ZZ Mic,,STD,,,,
2460568.158963,9.71,0.0,,V,NLX,,UCAC4 237-172142,237-172119,X38805ALB,|VMAGINS=16.62|CMAGINS=17.14|CREFMAG=10.23|CREFERR=0.01|KMAGINS=18.49|KREFMAG=11.38|KREFERR=0.01,0,1.402,Z,17.14,18.49,,ZZ Mic,,STD,,,,
2460568.159216,9.71,0.0,,V,NLX,,UCAC4 237-172142,237-172119,X38805ALB,|VMAGINS=16.61|CMAGINS=17.13|CREFMAG=10.23|CREFERR=0.01|KMAGINS=18.50|KREFMAG=11.38|KREFERR=0.01,0,1.404,Z,17.13,18.5,,ZZ Mic,,STD,,,,
2460568.159465,9.72,0.0,,V,NLX,,UCAC4 237-172142,237-172119,X38805ALB,|VMAGINS=16.62|CMAGINS=17.14|CREFMAG=10.23|CREFERR=0.01|KMAGINS=18.52|KREFMAG=11.38|KREFERR=0.01,0,1.405,Z,17.14,18.52,,ZZ Mic,,STD,,,,
2460568.159787,9.7,0.0,,V,NLX,,UCAC4 237-172142,237-172119,X38805ALB,|VMAGINS=16.60|CMAGINS=17.13|CREFMAG=10.23|CREFERR=0.01|KMAGINS=18.52|KREFMAG=11.38|KREFERR=0.01,0,1.407,Z,17.13,18.52,,ZZ Mic,,STD,,,,
2460568.160039,9.7,0.0,,V,NLX,,UCAC4 237-172142,237-172119,X38805ALB,|VMAGINS=16.60|CMAGINS=17.13|CREFMAG=10.23|CREFERR=0.01|KMAGINS=18.49|KREFMAG=11.38|KREFERR=0.01,0,1.409,Z,17.13,18.49,,ZZ Mic,,STD,,,,
2460568.160294,9.7,0.0,,V,NLX,,UCAC4 237-172142,237-172119,X38805ALB,|VMAGINS=16.60|CMAGINS=17.13|CREFMAG=10.23|CREFERR=0.01|KMAGINS=18.50|KREFMAG=11.38|KREFERR=0.01,0,1.41,Z,17.13,18.5,,ZZ Mic,,STD,,,,
2460568.160549,9.7,0.0,,V,NLX,,UCAC4 237-172142,237-172119,X38805ALB,|VMAGINS=16.61|CMAGINS=17.14|CREFMAG=10.23|CREFERR=0.01|KMAGINS=18.50|KREFMAG=11.38|KREFERR=0.01,0,1.412,Z,17.14,18.5,,ZZ Mic,,STD,,,,
2460568.160799,9.71,0.0,,V,NLX,,UCAC4 237-172142,237-172119,X38805ALB,|VMAGINS=16.61|CMAGINS=17.13|CREFMAG=10.23|CREFERR=0.01|KMAGINS=18.51|KREFMAG=11.38|KREFERR=0.01,0,1.414,Z,17.13,18.51,,ZZ Mic,,STD,,,,
2460568.161124,9.69,0.0,,V,NLX,,UCAC4 237-172142,237-172119,X38805ALB,|VMAGINS=16.59|CMAGINS=17.13|CREFMAG=10.23|CREFERR=0.01|KMAGINS=18.51|KREFMAG=11.38|KREFERR=0.01,0,1.416,Z,17.13,18.51,,ZZ Mic,,STD,,,,
2460568.161442,9.69,0.0,,V,NLX,,UCAC4 237-172142,237-172119,X38805ALB,|VMAGINS=16.59|CMAGINS=17.14|CREFMAG=10.23|CREFERR=0.01|KMAGINS=18.51|KREFMAG=11.38|KREFERR=0.01,0,1.418,Z,17.14,18.51,,ZZ Mic,,STD,,,,
2460568.16169,9.69,0.0,,V,NLX,,UCAC4 237-172142,237-172119,X38805ALB,|VMAGINS=16.61|CMAGINS=17.15|CREFMAG=10.23|CREFERR=0.01|KMAGINS=18.49|KREFMAG=11.38|KREFERR=0.01,0,1.419,Z,17.15,18.49,,ZZ Mic,,STD,,,,
2460568.161942,9.68,0.0,,V,NLX,,UCAC4 237-172142,237-172119,X38805ALB,|VMAGINS=16.60|CMAGINS=17.15|CREFMAG=10.23|CREFERR=0.01|KMAGINS=18.49|KREFMAG=11.38|KREFERR=0.01,0,1.421,Z,17.15,18.49,,ZZ Mic,,STD,,,,
2460568.162194,9.68,0.0,,V,NLX,,UCAC4 237-172142,237-172119,X38805ALB,|VMAGINS=16.58|CMAGINS=17.13|CREFMAG=10.23|CREFERR=0.01|KMAGINS=18.48|KREFMAG=11.38|KREFERR=0.01,0,1.423,Z,17.13,18.48,,ZZ Mic,,STD,,,,
2460568.162444,9.7,0.0,,V,NLX,,UCAC4 237-172142,237-172119,X38805ALB,|VMAGINS=16.59|CMAGINS=17.12|CREFMAG=10.23|CREFERR=0.01|KMAGINS=18.51|KREFMAG=11.38|KREFERR=0.01,0,1.424,Z,17.12,18.51,,ZZ Mic,,STD,,,,
2460568.162765,9.67,0.0,,V,NLX,,UCAC4 237-172142,237-172119,X38805ALB,|VMAGINS=16.58|CMAGINS=17.14|CREFMAG=10.23|CREFERR=0.01|KMAGINS=18.51|KREFMAG=11.38|KREFERR=0.01,0,1.426,Z,17.14,18.51,,ZZ Mic,,STD,,,,
2460568.163014,9.68,0.0,,V,NLX,,UCAC4 237-172142,237-172119,X38805ALB,|VMAGINS=16.59|CMAGINS=17.14|CREFMAG=10.23|CREFERR=0.01|KMAGINS=18.48|KREFMAG=11.38|KREFERR=0.01,0,1.428,Z,17.14,18.48,,ZZ Mic,,STD,,,,
2460568.163264,9.67,0.0,,V,NLX,,UCAC4 237-172142,237-172119,X38805ALB,|VMAGINS=16.59|CMAGINS=17.15|CREFMAG=10.23|CREFERR=0.01|KMAGINS=18.49|KREFMAG=11.38|KREFERR=0.01,0,1.429,Z,17.15,18.49,,ZZ Mic,,STD,,,,
2460568.163514,9.66,0.0,,V,NLX,,UCAC4 237-172142,237-172119,X38805ALB,|VMAGINS=16.57|CMAGINS=17.14|CREFMAG=10.23|CREFERR=0.01|KMAGINS=18.50|KREFMAG=11.38|KREFERR=0.01,0,1.431,Z,17.14,18.5,,ZZ Mic,,STD,,,,
2460568.163837,9.67,0.0,,V,NLX,,UCAC4 237-172142,237-172119,X38805ALB,|VMAGINS=16.55|CMAGINS=17.11|CREFMAG=10.23|CREFERR=0.01|KMAGINS=18.50|KREFMAG=11.38|KREFERR=0.01,0,1.433,Z,17.11,18.5,,ZZ Mic,,STD,,,,
2460568.164089,9.66,0.0,,V,NLX,,UCAC4 237-172142,237-172119,X38805ALB,|VMAGINS=16.55|CMAGINS=17.12|CREFMAG=10.23|CREFERR=0.01|KMAGINS=18.51|KREFMAG=11.38|KREFERR=0.01,0,1.435,Z,17.12,18.51,,ZZ Mic,,STD,,,,
2460568.164339,9.66,0.0,,V,NLX,,UCAC4 237-172142,237-172119,X38805ALB,|VMAGINS=16.56|CMAGINS=17.13|CREFMAG=10.23|CREFERR=0.01|KMAGINS=18.50|KREFMAG=11.38|KREFERR=0.01,0,1.437,Z,17.13,18.5,,ZZ Mic,,STD,,,,
2460568.164591,9.65,0.0,,V,NLX,,UCAC4 237-172142,237-172119,X38805ALB,|VMAGINS=16.55|CMAGINS=17.13|CREFMAG=10.23|CREFERR=0.01|KMAGINS=18.51|KREFMAG=11.38|KREFERR=0.01,0,1.438,Z,17.13,18.51,,ZZ Mic,,STD,,,,
2460568.164841,9.64,0.0,,V,NLX,,UCAC4 237-172142,237-172119,X38805ALB,|VMAGINS=16.55|CMAGINS=17.14|CREFMAG=10.23|CREFERR=0.01|KMAGINS=18.50|KREFMAG=11.38|KREFERR=0.01,0,1.44,Z,17.14,18.5,,ZZ Mic,,STD,,,,
2460568.165158,9.66,0.0,,V,NLX,,UCAC4 237-172142,237-172119,X38805ALB,|VMAGINS=16.55|CMAGINS=17.12|CREFMAG=10.23|CREFERR=0.01|KMAGINS=18.50|KREFMAG=11.38|KREFERR=0.01,0,1.442,Z,17.12,18.5,,ZZ Mic,,STD,,,,
2460568.165408,9.64,0.0,,V,NLX,,UCAC4 237-172142,237-172119,X38805ALB,|VMAGINS=16.54|CMAGINS=17.13|CREFMAG=10.23|CREFERR=0.01|KMAGINS=18.51|KREFMAG=11.38|KREFERR=0.01,0,1.444,Z,17.13,18.51,,ZZ Mic,,STD,,,,
2460568.165729,9.63,0.0,,V,NLX,,UCAC4 237-172142,237-172119,X38805ALB,|VMAGINS=16.53|CMAGINS=17.13|CREFMAG=10.23|CREFERR=0.01|KMAGINS=18.50|KREFMAG=11.38|KREFERR=0.01,0,1.446,Z,17.13,18.5,,ZZ Mic,,STD,,,,
2460568.165981,9.63,0.0,,V,NLX,,UCAC4 237-172142,237-172119,X38805ALB,|VMAGINS=16.51|CMAGINS=17.12|CREFMAG=10.23|CREFERR=0.01|KMAGINS=18.49|KREFMAG=11.38|KREFERR=0.01,0,1.448,Z,17.12,18.49,,ZZ Mic,,STD,,,,
2460568.166297,9.61,0.0,,V,NLX,,UCAC4 237-172142,237-172119,X38805ALB,|VMAGINS=16.53|CMAGINS=17.15|CREFMAG=10.23|CREFERR=0.01|KMAGINS=18.52|KREFMAG=11.38|KREFERR=0.01,0,1.45,Z,17.15,18.52,,ZZ Mic,,STD,,,,
2460568.166548,9.62,0.0,,V,NLX,,UCAC4 237-172142,237-172119,X38805ALB,|VMAGINS=16.52|CMAGINS=17.13|CREFMAG=10.23|CREFERR=0.01|KMAGINS=18.49|KREFMAG=11.38|KREFERR=0.01,0,1.452,Z,17.13,18.49,,ZZ Mic,,STD,,,,
2460568.1668,9.62,0.0,,V,NLX,,UCAC4 237-172142,237-172119,X38805ALB,|VMAGINS=16.54|CMAGINS=17.15|CREFMAG=10.23|CREFERR=0.01|KMAGINS=18.54|KREFMAG=11.38|KREFERR=0.01,0,1.453,Z,17.15,18.54,,ZZ Mic,,STD,,,,
2460568.167051,9.61,0.0,,V,NLX,,UCAC4 237-172142,237-172119,X38805ALB,|VMAGINS=16.51|CMAGINS=17.13|CREFMAG=10.23|CREFERR=0.01|KMAGINS=18.52|KREFMAG=11.38|KREFERR=0.01,0,1.455,Z,17.13,18.52,,ZZ Mic,,STD,,,,
2460568.167379,9.61,0.0,,V,NLX,,UCAC4 237-172142,237-172119,X38805ALB,|VMAGINS=16.50|CMAGINS=17.13|CREFMAG=10.23|CREFERR=0.01|KMAGINS=18.51|KREFMAG=11.38|KREFERR=0.01,0,1.457,Z,17.13,18.51,,ZZ Mic,,STD,,,,
2460568.167631,9.6,0.0,,V,NLX,,UCAC4 237-172142,237-172119,X38805ALB,|VMAGINS=16.51|CMAGINS=17.14|CREFMAG=10.23|CREFERR=0.01|KMAGINS=18.51|KREFMAG=11.38|KREFERR=0.01,0,1.459,Z,17.14,18.51,,ZZ Mic,,STD,,,,
2460568.167885,9.6,0.0,,V,NLX,,UCAC4 237-172142,237-172119,X38805ALB,|VMAGINS=16.50|CMAGINS=17.13|CREFMAG=10.23|CREFERR=0.01|KMAGINS=18.50|KREFMAG=11.38|KREFERR=0.01,0,1.461,Z,17.13,18.5,,ZZ Mic,,STD,,,,
2460568.168137,9.59,0.0,,V,NLX,,UCAC4 237-172142,237-172119,X38805ALB,|VMAGINS=16.49|CMAGINS=17.13|CREFMAG=10.23|CREFERR=0.01|KMAGINS=18.49|KREFMAG=11.38|KREFERR=0.01,0,1.462,Z,17.13,18.49,,ZZ Mic,,STD,,,,
2460568.168391,9.59,0.0,,V,NLX,,UCAC4 237-172142,237-172119,X38805ALB,|VMAGINS=16.49|CMAGINS=17.13|CREFMAG=10.23|CREFERR=0.01|KMAGINS=18.52|KREFMAG=11.38|KREFERR=0.01,0,1.464,Z,17.13,18.52,,ZZ Mic,,STD,,,,
2460568.168712,9.57,0.0,,V,NLX,,UCAC4 237-172142,237-172119,X38805ALB,|VMAGINS=16.48|CMAGINS=17.14|CREFMAG=10.23|CREFERR=0.01|KMAGINS=18.51|KREFMAG=11.38|KREFERR=0.01,0,1.467,Z,17.14,18.51,,ZZ Mic,,STD,,,,
2460568.168962,9.57,0.0,,V,NLX,,UCAC4 237-172142,237-172119,X38805ALB,|VMAGINS=16.47|CMAGINS=17.13|CREFMAG=10.23|CREFERR=0.01|KMAGINS=18.51|KREFMAG=11.38|KREFERR=0.01,0,1.468,Z,17.13,18.51,,ZZ Mic,,STD,,,,
2460568.169211,9.57,0.0,,V,NLX,,UCAC4 237-172142,237-172119,X38805ALB,|VMAGINS=16.47|CMAGINS=17.13|CREFMAG=10.23|CREFERR=0.01|KMAGINS=18.50|KREFMAG=11.38|KREFERR=0.01,0,1.47,Z,17.13,18.5,,ZZ Mic,,STD,,,,
2460568.169466,9.55,0.0,,V,NLX,,UCAC4 237-172142,237-172119,X38805ALB,|VMAGINS=16.47|CMAGINS=17.14|CREFMAG=10.23|CREFERR=0.01|KMAGINS=18.52|KREFMAG=11.38|KREFERR=0.01,0,1.472,Z,17.14,18.52,,ZZ Mic,,STD,,,,
2460568.169718,9.55,0.0,,V,NLX,,UCAC4 237-172142,237-172119,X38805ALB,|VMAGINS=16.47|CMAGINS=17.15|CREFMAG=10.23|CREFERR=0.01|KMAGINS=18.50|KREFMAG=11.38|KREFERR=0.01,0,1.474,Z,17.15,18.5,,ZZ Mic,,STD,,,,
2460568.17004,9.53,0.0,,V,NLX,,UCAC4 237-172142,237-172119,X38805ALB,|VMAGINS=16.44|CMAGINS=17.14|CREFMAG=10.23|CREFERR=0.01|KMAGINS=18.50|KREFMAG=11.38|KREFERR=0.01,0,1.476,Z,17.14,18.5,,ZZ Mic,,STD,,,,
2460568.17029,9.54,0.0,,V,NLX,,UCAC4 237-172142,237-172119,X38805ALB,|VMAGINS=16.46|CMAGINS=17.15|CREFMAG=10.23|CREFERR=0.01|KMAGINS=18.51|KREFMAG=11.38|KREFERR=0.01,0,1.478,Z,17.15,18.51,,ZZ Mic,,STD,,,,
2460568.170539,9.53,0.0,,V,NLX,,UCAC4 237-172142,237-172119,X38805ALB,|VMAGINS=16.45|CMAGINS=17.15|CREFMAG=10.23|CREFERR=0.01|KMAGINS=18.52|KREFMAG=11.38|KREFERR=0.01,0,1.48,Z,17.15,18.52,,ZZ Mic,,STD,,,,
2460568.170792,9.53,0.0,,V,NLX,,UCAC4 237-172142,237-172119,X38805ALB,|VMAGINS=16.46|CMAGINS=17.15|CREFMAG=10.23|CREFERR=0.01|KMAGINS=18.52|KREFMAG=11.38|KREFERR=0.01,0,1.481,Z,17.15,18.52,,ZZ Mic,,STD,,,,
2460568.171046,9.52,0.0,,V,NLX,,UCAC4 237-172142,237-172119,X38805ALB,|VMAGINS=16.44|CMAGINS=17.15|CREFMAG=10.23|CREFERR=0.01|KMAGINS=18.53|KREFMAG=11.38|KREFERR=0.01,0,1.483,Z,17.15,18.53,,ZZ Mic,,STD,,,,
2460568.1713,9.5,0.0,,V,NLX,,UCAC4 237-172142,237-172119,X38805ALB,|VMAGINS=16.44|CMAGINS=17.17|CREFMAG=10.23|CREFERR=0.01|KMAGINS=18.52|KREFMAG=11.38|KREFERR=0.01,0,1.485,Z,17.17,18.52,,ZZ Mic,,STD,,,,
2460568.171616,9.5,0.0,,V,NLX,,UCAC4 237-172142,237-172119,X38805ALB,|VMAGINS=16.42|CMAGINS=17.15|CREFMAG=10.23|CREFERR=0.01|KMAGINS=18.53|KREFMAG=11.38|KREFERR=0.01,0,1.487,Z,17.15,18.53,,ZZ Mic,,STD,,,,
2460568.171867,9.49,0.0,,V,NLX,,UCAC4 237-172142,237-172119,X38805ALB,|VMAGINS=16.41|CMAGINS=17.15|CREFMAG=10.23|CREFERR=0.01|KMAGINS=18.51|KREFMAG=11.38|KREFERR=0.01,0,1.489,Z,17.15,18.51,,ZZ Mic,,STD,,,,
2460568.172119,9.49,0.0,,V,NLX,,UCAC4 237-172142,237-172119,X38805ALB,|VMAGINS=16.42|CMAGINS=17.17|CREFMAG=10.23|CREFERR=0.01|KMAGINS=18.53|KREFMAG=11.38|KREFERR=0.01,0,1.491,Z,17.17,18.53,,ZZ Mic,,STD,,,,
2460568.172372,9.48,0.0,,V,NLX,,UCAC4 237-172142,237-172119,X38805ALB,|VMAGINS=16.41|CMAGINS=17.16|CREFMAG=10.23|CREFERR=0.01|KMAGINS=18.53|KREFMAG=11.38|KREFERR=0.01,0,1.493,Z,17.16,18.53,,ZZ Mic,,STD,,,,
2460568.172622,9.48,0.0,,V,NLX,,UCAC4 237-172142,237-172119,X38805ALB,|VMAGINS=16.42|CMAGINS=17.17|CREFMAG=10.23|CREFERR=0.01|KMAGINS=18.55|KREFMAG=11.38|KREFERR=0.01,0,1.495,Z,17.17,18.55,,ZZ Mic,,STD,,,,
2460568.172941,9.46,0.0,,V,NLX,,UCAC4 237-172142,237-172119,X38805ALB,|VMAGINS=16.40|CMAGINS=17.17|CREFMAG=10.23|CREFERR=0.01|KMAGINS=18.53|KREFMAG=11.38|KREFERR=0.01,0,1.497,Z,17.17,18.53,,ZZ Mic,,STD,,,,
2460568.173192,9.46,0.0,,V,NLX,,UCAC4 237-172142,237-172119,X38805ALB,|VMAGINS=16.40|CMAGINS=17.17|CREFMAG=10.23|CREFERR=0.01|KMAGINS=18.57|KREFMAG=11.38|KREFERR=0.01,0,1.499,Z,17.17,18.57,,ZZ Mic,,STD,,,,
2460568.173439,9.44,0.0,,V,NLX,,UCAC4 237-172142,237-172119,X38805ALB,|VMAGINS=16.39|CMAGINS=17.18|CREFMAG=10.23|CREFERR=0.01|KMAGINS=18.53|KREFMAG=11.38|KREFERR=0.01,0,1.501,Z,17.18,18.53,,ZZ Mic,,STD,,,,
2460568.173695,9.44,0.0,,V,NLX,,UCAC4 237-172142,237-172119,X38805ALB,|VMAGINS=16.39|CMAGINS=17.18|CREFMAG=10.23|CREFERR=0.01|KMAGINS=18.55|KREFMAG=11.38|KREFERR=0.01,0,1.503,Z,17.18,18.55,,ZZ Mic,,STD,,,,
2460568.173947,9.43,0.0,,V,NLX,,UCAC4 237-172142,237-172119,X38805ALB,|VMAGINS=16.38|CMAGINS=17.18|CREFMAG=10.23|CREFERR=0.01|KMAGINS=18.55|KREFMAG=11.38|KREFERR=0.01,0,1.505,Z,17.18,18.55,,ZZ Mic,,STD,,,,
2460568.174199,9.42,0.0,,V,NLX,,UCAC4 237-172142,237-172119,X38805ALB,|VMAGINS=16.37|CMAGINS=17.18|CREFMAG=10.23|CREFERR=0.01|KMAGINS=18.54|KREFMAG=11.38|KREFERR=0.01,0,1.507,Z,17.18,18.54,,ZZ Mic,,STD,,,,
2460568.174519,9.42,0.0,,V,NLX,,UCAC4 237-172142,237-172119,X38805ALB,|VMAGINS=16.38|CMAGINS=17.20|CREFMAG=10.23|CREFERR=0.01|KMAGINS=18.56|KREFMAG=11.38|KREFERR=0.01,0,1.509,Z,17.2,18.56,,ZZ Mic,,STD,,,,
2460568.174839,9.41,0.0,,V,NLX,,UCAC4 237-172142,237-172119,X38805ALB,|VMAGINS=16.38|CMAGINS=17.19|CREFMAG=10.23|CREFERR=0.01|KMAGINS=18.55|KREFMAG=11.38|KREFERR=0.01,0,1.511,Z,17.19,18.55,,ZZ Mic,,STD,,,,
2460568.17509,9.4,0.0,,V,NLX,,UCAC4 237-172142,237-172119,X38805ALB,|VMAGINS=16.38|CMAGINS=17.21|CREFMAG=10.23|CREFERR=0.01|KMAGINS=18.60|KREFMAG=11.38|KREFERR=0.01,0,1.513,Z,17.21,18.6,,ZZ Mic,,STD,,,,
2460568.175342,9.39,0.01,,V,NLX,,UCAC4 237-172142,237-172119,X38805ALB,|VMAGINS=16.39|CMAGINS=17.23|CREFMAG=10.23|CREFERR=0.01|KMAGINS=18.59|KREFMAG=11.38|KREFERR=0.01,0,1.515,Z,17.23,18.59,,ZZ Mic,,STD,,,,
2460568.175659,9.4,0.0,,V,NLX,,UCAC4 237-172142,237-172119,X38805ALB,|VMAGINS=16.38|CMAGINS=17.20|CREFMAG=10.23|CREFERR=0.01|KMAGINS=18.57|KREFMAG=11.38|KREFERR=0.01,0,1.518,Z,17.2,18.57,,ZZ Mic,,STD,,,,
2460568.175909,9.39,0.0,,V,NLX,,UCAC4 237-172142,237-172119,X38805ALB,|VMAGINS=16.39|CMAGINS=17.23|CREFMAG=10.23|CREFERR=0.01|KMAGINS=18.62|KREFMAG=11.38|KREFERR=0.01,0,1.52,Z,17.23,18.62,,ZZ Mic,,STD,,,,
2460568.176158,9.41,0.0,,V,NLX,,UCAC4 237-172142,237-172119,X38805ALB,|VMAGINS=16.40|CMAGINS=17.22|CREFMAG=10.23|CREFERR=0.01|KMAGINS=18.60|KREFMAG=11.38|KREFERR=0.01,0,1.521,Z,17.22,18.6,,ZZ Mic,,STD,,,,
2460568.176406,9.37,0.0,,V,NLX,,UCAC4 237-172142,237-172119,X38805ALB,|VMAGINS=16.36|CMAGINS=17.22|CREFMAG=10.23|CREFERR=0.01|KMAGINS=18.59|KREFMAG=11.38|KREFERR=0.01,0,1.523,Z,17.22,18.59,,ZZ Mic,,STD,,,,
2460568.176661,9.35,0.01,,V,NLX,,UCAC4 237-172142,237-172119,X38805ALB,|VMAGINS=16.35|CMAGINS=17.23|CREFMAG=10.23|CREFERR=0.01|KMAGINS=18.59|KREFMAG=11.38|KREFERR=0.01,0,1.525,Z,17.23,18.59,,ZZ Mic,,STD,,,,
2460568.17698,9.37,0.0,,V,NLX,,UCAC4 237-172142,237-172119,X38805ALB,|VMAGINS=16.35|CMAGINS=17.21|CREFMAG=10.23|CREFERR=0.01|KMAGINS=18.59|KREFMAG=11.38|KREFERR=0.01,0,1.528,Z,17.21,18.59,,ZZ Mic,,STD,,,,
2460568.177231,9.35,0.01,,V,NLX,,UCAC4 237-172142,237-172119,X38805ALB,|VMAGINS=16.35|CMAGINS=17.23|CREFMAG=10.23|CREFERR=0.01|KMAGINS=18.61|KREFMAG=11.38|KREFERR=0.01,0,1.53,Z,17.23,18.61,,ZZ Mic,,STD,,,,
2460568.177483,9.36,0.01,,V,NLX,,UCAC4 237-172142,237-172119,X38805ALB,|VMAGINS=16.36|CMAGINS=17.23|CREFMAG=10.23|CREFERR=0.01|KMAGINS=18.60|KREFMAG=11.38|KREFERR=0.01,0,1.532,Z,17.23,18.6,,ZZ Mic,,STD,,,,
2460568.177732,9.36,0.0,,V,NLX,,UCAC4 237-172142,237-172119,X38805ALB,|VMAGINS=16.35|CMAGINS=17.22|CREFMAG=10.23|CREFERR=0.01|KMAGINS=18.60|KREFMAG=11.38|KREFERR=0.01,0,1.534,Z,17.22,18.6,,ZZ Mic,,STD,,,,
2460568.177984,9.34,0.01,,V,NLX,,UCAC4 237-172142,237-172119,X38805ALB,|VMAGINS=16.33|CMAGINS=17.22|CREFMAG=10.23|CREFERR=0.01|KMAGINS=18.59|KREFMAG=11.38|KREFERR=0.01,0,1.536,Z,17.22,18.59,,ZZ Mic,,STD,,,,
2460568.178236,9.34,0.01,,V,NLX,,UCAC4 237-172142,237-172119,X38805ALB,|VMAGINS=16.35|CMAGINS=17.24|CREFMAG=10.23|CREFERR=0.01|KMAGINS=18.60|KREFMAG=11.38|KREFERR=0.01,0,1.538,Z,17.24,18.6,,ZZ Mic,,STD,,,,
2460568.178551,9.33,0.01,,V,NLX,,UCAC4 237-172142,237-172119,X38805ALB,|VMAGINS=16.34|CMAGINS=17.24|CREFMAG=10.23|CREFERR=0.01|KMAGINS=18.60|KREFMAG=11.38|KREFERR=0.01,0,1.54,Z,17.24,18.6,,ZZ Mic,,STD,,,,
2460568.178805,9.33,0.01,,V,NLX,,UCAC4 237-172142,237-172119,X38805ALB,|VMAGINS=16.35|CMAGINS=17.24|CREFMAG=10.23|CREFERR=0.01|KMAGINS=18.60|KREFMAG=11.38|KREFERR=0.01,0,1.542,Z,17.24,18.6,,ZZ Mic,,STD,,,,
2460568.179057,9.34,0.01,,V,NLX,,UCAC4 237-172142,237-172119,X38805ALB,|VMAGINS=16.32|CMAGINS=17.21|CREFMAG=10.23|CREFERR=0.01|KMAGINS=18.59|KREFMAG=11.38|KREFERR=0.01,0,1.544,Z,17.21,18.59,,ZZ Mic,,STD,,,,
2460568.179311,9.34,0.01,,V,NLX,,UCAC4 237-172142,237-172119,X38805ALB,|VMAGINS=16.33|CMAGINS=17.22|CREFMAG=10.23|CREFERR=0.01|KMAGINS=18.58|KREFMAG=11.38|KREFERR=0.01,0,1.546,Z,17.22,18.58,,ZZ Mic,,STD,,,,
2460568.17963,9.33,0.01,,V,NLX,,UCAC4 237-172142,237-172119,X38805ALB,|VMAGINS=16.33|CMAGINS=17.23|CREFMAG=10.23|CREFERR=0.01|KMAGINS=18.62|KREFMAG=11.38|KREFERR=0.01,0,1.549,Z,17.23,18.62,,ZZ Mic,,STD,,,,
2460568.179883,9.35,0.01,,V,NLX,,UCAC4 237-172142,237-172119,X38805ALB,|VMAGINS=16.35|CMAGINS=17.23|CREFMAG=10.23|CREFERR=0.01|KMAGINS=18.59|KREFMAG=11.38|KREFERR=0.01,0,1.551,Z,17.23,18.59,,ZZ Mic,,STD,,,,
2460568.180136,9.34,0.01,,V,NLX,,UCAC4 237-172142,237-172119,X38805ALB,|VMAGINS=16.36|CMAGINS=17.25|CREFMAG=10.23|CREFERR=0.01|KMAGINS=18.63|KREFMAG=11.38|KREFERR=0.01,0,1.553,Z,17.25,18.63,,ZZ Mic,,STD,,,,
2460568.180388,9.34,0.01,,V,NLX,,UCAC4 237-172142,237-172119,X38805ALB,|VMAGINS=16.36|CMAGINS=17.25|CREFMAG=10.23|CREFERR=0.01|KMAGINS=18.63|KREFMAG=11.38|KREFERR=0.01,0,1.555,Z,17.25,18.63,,ZZ Mic,,STD,,,,
2460568.180641,9.33,0.01,,V,NLX,,UCAC4 237-172142,237-172119,X38805ALB,|VMAGINS=16.36|CMAGINS=17.26|CREFMAG=10.23|CREFERR=0.01|KMAGINS=18.64|KREFMAG=11.38|KREFERR=0.01,0,1.557,Z,17.26,18.64,,ZZ Mic,,STD,,,,
2460568.180894,9.32,0.01,,V,NLX,,UCAC4 237-172142,237-172119,X38805ALB,|VMAGINS=16.32|CMAGINS=17.23|CREFMAG=10.23|CREFERR=0.01|KMAGINS=18.60|KREFMAG=11.38|KREFERR=0.01,0,1.559,Z,17.23,18.6,,ZZ Mic,,STD,,,,
2460568.181218,9.33,0.01,,V,NLX,,UCAC4 237-172142,237-172119,X38805ALB,|VMAGINS=16.32|CMAGINS=17.22|CREFMAG=10.23|CREFERR=0.01|KMAGINS=18.59|KREFMAG=11.38|KREFERR=0.01,0,1.562,Z,17.22,18.59,,ZZ Mic,,STD,,,,
2460568.181536,9.33,0.01,,V,NLX,,UCAC4 237-172142,237-172119,X38805ALB,|VMAGINS=16.34|CMAGINS=17.24|CREFMAG=10.23|CREFERR=0.01|KMAGINS=18.61|KREFMAG=11.38|KREFERR=0.01,0,1.565,Z,17.24,18.61,,ZZ Mic,,STD,,,,
2460568.181787,9.33,0.01,,V,NLX,,UCAC4 237-172142,237-172119,X38805ALB,|VMAGINS=16.33|CMAGINS=17.23|CREFMAG=10.23|CREFERR=0.01|KMAGINS=18.60|KREFMAG=11.38|KREFERR=0.01,0,1.567,Z,17.23,18.6,,ZZ Mic,,STD,,,,
2460568.182039,9.34,0.01,,V,NLX,,UCAC4 237-172142,237-172119,X38805ALB,|VMAGINS=16.32|CMAGINS=17.20|CREFMAG=10.23|CREFERR=0.01|KMAGINS=18.58|KREFMAG=11.38|KREFERR=0.01,0,1.569,Z,17.2,18.58,,ZZ Mic,,STD,,,,
2460568.182445,9.35,0.01,,V,NLX,,UCAC4 237-172142,237-172119,X38805ALB,|VMAGINS=16.32|CMAGINS=17.20|CREFMAG=10.23|CREFERR=0.01|KMAGINS=18.58|KREFMAG=11.38|KREFERR=0.01,0,1.572,Z,17.2,18.58,,ZZ Mic,,STD,,,,
2460568.182695,9.33,0.01,,V,NLX,,UCAC4 237-172142,237-172119,X38805ALB,|VMAGINS=16.33|CMAGINS=17.22|CREFMAG=10.23|CREFERR=0.01|KMAGINS=18.57|KREFMAG=11.38|KREFERR=0.01,0,1.574,Z,17.22,18.57,,ZZ Mic,,STD,,,,
2460568.182943,9.34,0.01,,V,NLX,,UCAC4 237-172142,237-172119,X38805ALB,|VMAGINS=16.32|CMAGINS=17.20|CREFMAG=10.23|CREFERR=0.01|KMAGINS=18.57|KREFMAG=11.38|KREFERR=0.01,0,1.577,Z,17.2,18.57,,ZZ Mic,,STD,,,,
2460568.183196,9.34,0.01,,V,NLX,,UCAC4 237-172142,237-172119,X38805ALB,|VMAGINS=16.32|CMAGINS=17.21|CREFMAG=10.23|CREFERR=0.01|KMAGINS=18.58|KREFMAG=11.38|KREFERR=0.01,0,1.579,Z,17.21,18.58,,ZZ Mic,,STD,,,,
2460568.183522,9.34,0.01,,V,NLX,,UCAC4 237-172142,237-172119,X38805ALB,|VMAGINS=16.32|CMAGINS=17.21|CREFMAG=10.23|CREFERR=0.01|KMAGINS=18.57|KREFMAG=11.38|KREFERR=0.01,0,1.581,Z,17.21,18.57,,ZZ Mic,,STD,,,,
2460568.183773,9.35,0.01,,V,NLX,,UCAC4 237-172142,237-172119,X38805ALB,|VMAGINS=16.32|CMAGINS=17.20|CREFMAG=10.23|CREFERR=0.01|KMAGINS=18.57|KREFMAG=11.38|KREFERR=0.01,0,1.584,Z,17.2,18.57,,ZZ Mic,,STD,,,,
2460568.18403,9.34,0.01,,V,NLX,,UCAC4 237-172142,237-172119,X38805ALB,|VMAGINS=16.30|CMAGINS=17.19|CREFMAG=10.23|CREFERR=0.01|KMAGINS=18.55|KREFMAG=11.38|KREFERR=0.01,0,1.586,Z,17.19,18.55,,ZZ Mic,,STD,,,,
2460568.184282,9.36,0.01,,V,NLX,,UCAC4 237-172142,237-172119,X38805ALB,|VMAGINS=16.33|CMAGINS=17.21|CREFMAG=10.23|CREFERR=0.01|KMAGINS=18.55|KREFMAG=11.38|KREFERR=0.01,0,1.588,Z,17.21,18.55,,ZZ Mic,,STD,,,,
2460568.18453,9.35,0.01,,V,NLX,,UCAC4 237-172142,237-172119,X38805ALB,|VMAGINS=16.33|CMAGINS=17.21|CREFMAG=10.23|CREFERR=0.01|KMAGINS=18.57|KREFMAG=11.38|KREFERR=0.01,0,1.59,Z,17.21,18.57,,ZZ Mic,,STD,,,,
2460568.184781,9.37,0.01,,V,NLX,,UCAC4 237-172142,237-172119,X38805ALB,|VMAGINS=16.34|CMAGINS=17.20|CREFMAG=10.23|CREFERR=0.01|KMAGINS=18.57|KREFMAG=11.38|KREFERR=0.01,0,1.592,Z,17.2,18.57,,ZZ Mic,,STD,,,,
2460568.185106,9.36,0.01,,V,NLX,,UCAC4 237-172142,237-172119,X38805ALB,|VMAGINS=16.35|CMAGINS=17.22|CREFMAG=10.23|CREFERR=0.01|KMAGINS=18.61|KREFMAG=11.38|KREFERR=0.01,0,1.595,Z,17.22,18.61,,ZZ Mic,,STD,,,,
2460568.185353,9.36,0.01,,V,NLX,,UCAC4 237-172142,237-172119,X38805ALB,|VMAGINS=16.32|CMAGINS=17.19|CREFMAG=10.23|CREFERR=0.01|KMAGINS=18.57|KREFMAG=11.38|KREFERR=0.01,0,1.597,Z,17.19,18.57,,ZZ Mic,,STD,,,,
2460568.185606,9.37,0.01,,V,NLX,,UCAC4 237-172142,237-172119,X38805ALB,|VMAGINS=16.35|CMAGINS=17.21|CREFMAG=10.23|CREFERR=0.01|KMAGINS=18.57|KREFMAG=11.38|KREFERR=0.01,0,1.599,Z,17.21,18.57,,ZZ Mic,,STD,,,,
2460568.185858,9.38,0.01,,V,NLX,,UCAC4 237-172142,237-172119,X38805ALB,|VMAGINS=16.35|CMAGINS=17.20|CREFMAG=10.23|CREFERR=0.01|KMAGINS=18.61|KREFMAG=11.38|KREFERR=0.01,0,1.602,Z,17.2,18.61,,ZZ Mic,,STD,,,,
2460568.18618,9.36,0.01,,V,NLX,,UCAC4 237-172142,237-172119,X38805ALB,|VMAGINS=16.35|CMAGINS=17.22|CREFMAG=10.23|CREFERR=0.01|KMAGINS=18.57|KREFMAG=11.38|KREFERR=0.01,0,1.605,Z,17.22,18.57,,ZZ Mic,,STD,,,,
2460568.186495,9.39,0.01,,V,NLX,,UCAC4 237-172142,237-172119,X38805ALB,|VMAGINS=16.36|CMAGINS=17.20|CREFMAG=10.23|CREFERR=0.01|KMAGINS=18.58|KREFMAG=11.38|KREFERR=0.01,0,1.607,Z,17.2,18.58,,ZZ Mic,,STD,,,,
2460568.186744,9.39,0.01,,V,NLX,,UCAC4 237-172142,237-172119,X38805ALB,|VMAGINS=16.37|CMAGINS=17.21|CREFMAG=10.23|CREFERR=0.01|KMAGINS=18.58|KREFMAG=11.38|KREFERR=0.01,0,1.61,Z,17.21,18.58,,ZZ Mic,,STD,,,,
2460568.186995,9.39,0.01,,V,NLX,,UCAC4 237-172142,237-172119,X38805ALB,|VMAGINS=16.35|CMAGINS=17.20|CREFMAG=10.23|CREFERR=0.01|KMAGINS=18.57|KREFMAG=11.38|KREFERR=0.01,0,1.612,Z,17.2,18.57,,ZZ Mic,,STD,,,,
2460568.18725,9.4,0.01,,V,NLX,,UCAC4 237-172142,237-172119,X38805ALB,|VMAGINS=16.35|CMAGINS=17.17|CREFMAG=10.23|CREFERR=0.01|KMAGINS=18.55|KREFMAG=11.38|KREFERR=0.01,0,1.614,Z,17.17,18.55,,ZZ Mic,,STD,,,,
2460568.187573,9.42,0.01,,V,NLX,,UCAC4 237-172142,237-172119,X38805ALB,|VMAGINS=16.37|CMAGINS=17.19|CREFMAG=10.23|CREFERR=0.01|KMAGINS=18.58|KREFMAG=11.38|KREFERR=0.01,0,1.617,Z,17.19,18.58,,ZZ Mic,,STD,,,,
2460568.187827,9.41,0.01,,V,NLX,,UCAC4 237-172142,237-172119,X38805ALB,|VMAGINS=16.38|CMAGINS=17.20|CREFMAG=10.23|CREFERR=0.01|KMAGINS=18.57|KREFMAG=11.38|KREFERR=0.01,0,1.619,Z,17.2,18.57,,ZZ Mic,,STD,,,,
2460568.188081,9.41,0.01,,V,NLX,,UCAC4 237-172142,237-172119,X38805ALB,|VMAGINS=16.38|CMAGINS=17.20|CREFMAG=10.23|CREFERR=0.01|KMAGINS=18.58|KREFMAG=11.38|KREFERR=0.01,0,1.622,Z,17.2,18.58,,ZZ Mic,,STD,,,,
2460568.188333,9.41,0.01,,V,NLX,,UCAC4 237-172142,237-172119,X38805ALB,|VMAGINS=16.40|CMAGINS=17.21|CREFMAG=10.23|CREFERR=0.01|KMAGINS=18.60|KREFMAG=11.38|KREFERR=0.01,0,1.624,Z,17.21,18.6,,ZZ Mic,,STD,,,,
2460568.188586,9.43,0.01,,V,NLX,,UCAC4 237-172142,237-172119,X38805ALB,|VMAGINS=16.43|CMAGINS=17.23|CREFMAG=10.23|CREFERR=0.01|KMAGINS=18.62|KREFMAG=11.38|KREFERR=0.01,0,1.626,Z,17.23,18.62,,ZZ Mic,,STD,,,,
2460568.188909,9.43,0.01,,V,NLX,,UCAC4 237-172142,237-172119,X38805ALB,|VMAGINS=16.44|CMAGINS=17.23|CREFMAG=10.23|CREFERR=0.01|KMAGINS=18.64|KREFMAG=11.38|KREFERR=0.01,0,1.629,Z,17.23,18.64,,ZZ Mic,,STD,,,,
2460568.189158,9.41,0.01,,V,NLX,,UCAC4 237-172142,237-172119,X38805ALB,|VMAGINS=16.42|CMAGINS=17.24|CREFMAG=10.23|CREFERR=0.01|KMAGINS=18.59|KREFMAG=11.38|KREFERR=0.01,0,1.631,Z,17.24,18.59,,ZZ Mic,,STD,,,,
2460568.189411,9.44,0.01,,V,NLX,,UCAC4 237-172142,237-172119,X38805ALB,|VMAGINS=16.45|CMAGINS=17.24|CREFMAG=10.23|CREFERR=0.01|KMAGINS=18.62|KREFMAG=11.38|KREFERR=0.01,0,1.634,Z,17.24,18.62,,ZZ Mic,,STD,,,,
2460568.189661,9.44,0.01,,V,NLX,,UCAC4 237-172142,237-172119,X38805ALB,|VMAGINS=16.43|CMAGINS=17.22|CREFMAG=10.23|CREFERR=0.01|KMAGINS=18.61|KREFMAG=11.38|KREFERR=0.01,0,1.636,Z,17.22,18.61,,ZZ Mic,,STD,,,,
2460568.189913,9.45,0.01,,V,NLX,,UCAC4 237-172142,237-172119,X38805ALB,|VMAGINS=16.45|CMAGINS=17.22|CREFMAG=10.23|CREFERR=0.01|KMAGINS=18.60|KREFMAG=11.38|KREFERR=0.01,0,1.638,Z,17.22,18.6,,ZZ Mic,,STD,,,,
2460568.190234,9.43,0.01,,V,NLX,,UCAC4 237-172142,237-172119,X38805ALB,|VMAGINS=16.44|CMAGINS=17.24|CREFMAG=10.23|CREFERR=0.01|KMAGINS=18.60|KREFMAG=11.38|KREFERR=0.01,0,1.641,Z,17.24,18.6,,ZZ Mic,,STD,,,,
2460568.190486,9.46,0.01,,V,NLX,,UCAC4 237-172142,237-172119,X38805ALB,|VMAGINS=16.48|CMAGINS=17.25|CREFMAG=10.23|CREFERR=0.01|KMAGINS=18.64|KREFMAG=11.38|KREFERR=0.01,0,1.644,Z,17.25,18.64,,ZZ Mic,,STD,,,,
2460568.190739,9.45,0.01,,V,NLX,,UCAC4 237-172142,237-172119,X38805ALB,|VMAGINS=16.49|CMAGINS=17.27|CREFMAG=10.23|CREFERR=0.01|KMAGINS=18.65|KREFMAG=11.38|KREFERR=0.01,0,1.646,Z,17.27,18.65,,ZZ Mic,,STD,,,,
2460568.190991,9.45,0.01,,V,NLX,,UCAC4 237-172142,237-172119,X38805ALB,|VMAGINS=16.48|CMAGINS=17.27|CREFMAG=10.23|CREFERR=0.01|KMAGINS=18.65|KREFMAG=11.38|KREFERR=0.01,0,1.649,Z,17.27,18.65,,ZZ Mic,,STD,,,,
2460568.191243,9.46,0.01,,V,NLX,,UCAC4 237-172142,237-172119,X38805ALB,|VMAGINS=16.53|CMAGINS=17.30|CREFMAG=10.23|CREFERR=0.01|KMAGINS=18.68|KREFMAG=11.38|KREFERR=0.01,0,1.651,Z,17.3,18.68,,ZZ Mic,,STD,,,,
2460568.191562,9.46,0.01,,V,NLX,,UCAC4 237-172142,237-172119,X38805ALB,|VMAGINS=16.49|CMAGINS=17.26|CREFMAG=10.23|CREFERR=0.01|KMAGINS=18.63|KREFMAG=11.38|KREFERR=0.01,0,1.654,Z,17.26,18.63,,ZZ Mic,,STD,,,,
2460568.191817,9.47,0.01,,V,NLX,,UCAC4 237-172142,237-172119,X38805ALB,|VMAGINS=16.49|CMAGINS=17.26|CREFMAG=10.23|CREFERR=0.01|KMAGINS=18.64|KREFMAG=11.38|KREFERR=0.01,0,1.656,Z,17.26,18.64,,ZZ Mic,,STD,,,,
2460568.192071,9.47,0.01,,V,NLX,,UCAC4 237-172142,237-172119,X38805ALB,|VMAGINS=16.49|CMAGINS=17.25|CREFMAG=10.23|CREFERR=0.01|KMAGINS=18.62|KREFMAG=11.38|KREFERR=0.01,0,1.659,Z,17.25,18.62,,ZZ Mic,,STD,,,,
2460568.192325,9.48,0.01,,V,NLX,,UCAC4 237-172142,237-172119,X38805ALB,|VMAGINS=16.51|CMAGINS=17.26|CREFMAG=10.23|CREFERR=0.01|KMAGINS=18.63|KREFMAG=11.38|KREFERR=0.01,0,1.661,Z,17.26,18.63,,ZZ Mic,,STD,,,,
2460568.192574,9.49,0.01,,V,NLX,,UCAC4 237-172142,237-172119,X38805ALB,|VMAGINS=16.52|CMAGINS=17.26|CREFMAG=10.23|CREFERR=0.01|KMAGINS=18.64|KREFMAG=11.38|KREFERR=0.01,0,1.664,Z,17.26,18.64,,ZZ Mic,,STD,,,,
2460568.192829,9.47,0.01,,V,NLX,,UCAC4 237-172142,237-172119,X38805ALB,|VMAGINS=16.53|CMAGINS=17.28|CREFMAG=10.23|CREFERR=0.01|KMAGINS=18.66|KREFMAG=11.38|KREFERR=0.01,0,1.666,Z,17.28,18.66,,ZZ Mic,,STD,,,,
2460568.193083,9.49,0.01,,V,NLX,,UCAC4 237-172142,237-172119,X38805ALB,|VMAGINS=16.54|CMAGINS=17.28|CREFMAG=10.23|CREFERR=0.01|KMAGINS=18.67|KREFMAG=11.38|KREFERR=0.01,0,1.669,Z,17.28,18.67,,ZZ Mic,,STD,,,,
2460568.193337,9.49,0.01,,V,NLX,,UCAC4 237-172142,237-172119,X38805ALB,|VMAGINS=16.55|CMAGINS=17.29|CREFMAG=10.23|CREFERR=0.01|KMAGINS=18.66|KREFMAG=11.38|KREFERR=0.01,0,1.671,Z,17.29,18.66,,ZZ Mic,,STD,,,,
2460568.193588,9.47,0.01,,V,NLX,,UCAC4 237-172142,237-172119,X38805ALB,|VMAGINS=16.58|CMAGINS=17.34|CREFMAG=10.23|CREFERR=0.01|KMAGINS=18.70|KREFMAG=11.38|KREFERR=0.01,0,1.674,Z,17.34,18.7,,ZZ Mic,,STD,,,,
2460568.193914,9.49,0.01,,V,NLX,,UCAC4 237-172142,237-172119,X38805ALB,|VMAGINS=16.55|CMAGINS=17.29|CREFMAG=10.23|CREFERR=0.01|KMAGINS=18.67|KREFMAG=11.38|KREFERR=0.01,0,1.677,Z,17.29,18.67,,ZZ Mic,,STD,,,,
2460568.194163,9.49,0.01,,V,NLX,,UCAC4 237-172142,237-172119,X38805ALB,|VMAGINS=16.57|CMAGINS=17.31|CREFMAG=10.23|CREFERR=0.01|KMAGINS=18.67|KREFMAG=11.38|KREFERR=0.01,0,1.679,Z,17.31,18.67,,ZZ Mic,,STD,,,,
2460568.194416,9.5,0.01,,V,NLX,,UCAC4 237-172142,237-172119,X38805ALB,|VMAGINS=16.58|CMAGINS=17.32|CREFMAG=10.23|CREFERR=0.01|KMAGINS=18.67|KREFMAG=11.38|KREFERR=0.01,0,1.682,Z,17.32,18.67,,ZZ Mic,,STD,,,,
2460568.19467,9.51,0.01,,V,NLX,,UCAC4 237-172142,237-172119,X38805ALB,|VMAGINS=16.57|CMAGINS=17.29|CREFMAG=10.23|CREFERR=0.01|KMAGINS=18.66|KREFMAG=11.38|KREFERR=0.01,0,1.684,Z,17.29,18.66,,ZZ Mic,,STD,,,,
2460568.194917,9.5,0.01,,V,NLX,,UCAC4 237-172142,237-172119,X38805ALB,|VMAGINS=16.57|CMAGINS=17.30|CREFMAG=10.23|CREFERR=0.01|KMAGINS=18.67|KREFMAG=11.38|KREFERR=0.01,0,1.687,Z,17.3,18.67,,ZZ Mic,,STD,,,,
2460568.195171,9.52,0.01,,V,NLX,,UCAC4 237-172142,237-172119,X38805ALB,|VMAGINS=16.64|CMAGINS=17.35|CREFMAG=10.23|CREFERR=0.01|KMAGINS=18.73|KREFMAG=11.38|KREFERR=0.01,0,1.689,Z,17.35,18.73,,ZZ Mic,,STD,,,,
2460568.19542,9.51,0.01,,V,NLX,,UCAC4 237-172142,237-172119,X38805ALB,|VMAGINS=16.61|CMAGINS=17.33|CREFMAG=10.23|CREFERR=0.01|KMAGINS=18.69|KREFMAG=11.38|KREFERR=0.01,0,1.692,Z,17.33,18.69,,ZZ Mic,,STD,,,,
2460568.195742,9.53,0.01,,V,NLX,,UCAC4 237-172142,237-172119,X38805ALB,|VMAGINS=16.65|CMAGINS=17.35|CREFMAG=10.23|CREFERR=0.01|KMAGINS=18.71|KREFMAG=11.38|KREFERR=0.01,0,1.695,Z,17.35,18.71,,ZZ Mic,,STD,,,,
2460568.19599,9.53,0.01,,V,NLX,,UCAC4 237-172142,237-172119,X38805ALB,|VMAGINS=16.65|CMAGINS=17.35|CREFMAG=10.23|CREFERR=0.01|KMAGINS=18.72|KREFMAG=11.38|KREFERR=0.01,0,1.698,Z,17.35,18.72,,ZZ Mic,,STD,,,,
2460568.196243,9.54,0.01,,V,NLX,,UCAC4 237-172142,237-172119,X38805ALB,|VMAGINS=16.68|CMAGINS=17.37|CREFMAG=10.23|CREFERR=0.01|KMAGINS=18.74|KREFMAG=11.38|KREFERR=0.01,0,1.7,Z,17.37,18.74,,ZZ Mic,,STD,,,,
2460568.196491,9.53,0.01,,V,NLX,,UCAC4 237-172142,237-172119,X38805ALB,|VMAGINS=16.68|CMAGINS=17.38|CREFMAG=10.23|CREFERR=0.01|KMAGINS=18.75|KREFMAG=11.38|KREFERR=0.01,0,1.703,Z,17.38,18.75,,ZZ Mic,,STD,,,,
2460568.196742,9.55,0.01,,V,NLX,,UCAC4 237-172142,237-172119,X38805ALB,|VMAGINS=16.71|CMAGINS=17.39|CREFMAG=10.23|CREFERR=0.01|KMAGINS=18.76|KREFMAG=11.38|KREFERR=0.01,0,1.705,Z,17.39,18.76,,ZZ Mic,,STD,,,,
2460568.196996,9.56,0.01,,V,NLX,,UCAC4 237-172142,237-172119,X38805ALB,|VMAGINS=16.69|CMAGINS=17.36|CREFMAG=10.23|CREFERR=0.01|KMAGINS=18.75|KREFMAG=11.38|KREFERR=0.01,0,1.708,Z,17.36,18.75,,ZZ Mic,,STD,,,,
2460568.197322,9.56,0.01,,V,NLX,,UCAC4 237-172142,237-172119,X38805ALB,|VMAGINS=16.74|CMAGINS=17.41|CREFMAG=10.23|CREFERR=0.01|KMAGINS=18.77|KREFMAG=11.38|KREFERR=0.01,0,1.711,Z,17.41,18.77,,ZZ Mic,,STD,,,,
2460568.197574,9.55,0.01,,V,NLX,,UCAC4 237-172142,237-172119,X38805ALB,|VMAGINS=16.71|CMAGINS=17.39|CREFMAG=10.23|CREFERR=0.01|KMAGINS=18.76|KREFMAG=11.38|KREFERR=0.01,0,1.714,Z,17.39,18.76,,ZZ Mic,,STD,,,,
2460568.197824,9.56,0.01,,V,NLX,,UCAC4 237-172142,237-172119,X38805ALB,|VMAGINS=16.73|CMAGINS=17.40|CREFMAG=10.23|CREFERR=0.01|KMAGINS=18.79|KREFMAG=11.38|KREFERR=0.01,0,1.716,Z,17.4,18.79,,ZZ Mic,,STD,,,,
2460568.198078,9.56,0.01,,V,NLX,,UCAC4 237-172142,237-172119,X38805ALB,|VMAGINS=16.75|CMAGINS=17.42|CREFMAG=10.23|CREFERR=0.01|KMAGINS=18.82|KREFMAG=11.38|KREFERR=0.01,0,1.719,Z,17.42,18.82,,ZZ Mic,,STD,,,,
2460568.198328,9.55,0.01,,V,NLX,,UCAC4 237-172142,237-172119,X38805ALB,|VMAGINS=16.78|CMAGINS=17.46|CREFMAG=10.23|CREFERR=0.01|KMAGINS=18.83|KREFMAG=11.38|KREFERR=0.01,0,1.722,Z,17.46,18.83,,ZZ Mic,,STD,,,,
2460568.198644,9.57,0.01,,V,NLX,,UCAC4 237-172142,237-172119,X38805ALB,|VMAGINS=16.77|CMAGINS=17.43|CREFMAG=10.23|CREFERR=0.01|KMAGINS=18.81|KREFMAG=11.38|KREFERR=0.01,0,1.725,Z,17.43,18.81,,ZZ Mic,,STD,,,,
2460568.198895,9.57,0.01,,V,NLX,,UCAC4 237-172142,237-172119,X38805ALB,|VMAGINS=16.78|CMAGINS=17.44|CREFMAG=10.23|CREFERR=0.01|KMAGINS=18.81|KREFMAG=11.38|KREFERR=0.01,0,1.728,Z,17.44,18.81,,ZZ Mic,,STD,,,,
2460568.199148,9.58,0.01,,V,NLX,,UCAC4 237-172142,237-172119,X38805ALB,|VMAGINS=16.76|CMAGINS=17.42|CREFMAG=10.23|CREFERR=0.01|KMAGINS=18.79|KREFMAG=11.38|KREFERR=0.01,0,1.73,Z,17.42,18.79,,ZZ Mic,,STD,,,,
2460568.199401,9.57,0.01,,V,NLX,,UCAC4 237-172142,237-172119,X38805ALB,|VMAGINS=16.77|CMAGINS=17.43|CREFMAG=10.23|CREFERR=0.01|KMAGINS=18.79|KREFMAG=11.38|KREFERR=0.01,0,1.733,Z,17.43,18.79,,ZZ Mic,,STD,,,,
2460568.199655,9.55,0.01,,V,NLX,,UCAC4 237-172142,237-172119,X38805ALB,|VMAGINS=16.75|CMAGINS=17.43|CREFMAG=10.23|CREFERR=0.01|KMAGINS=18.83|KREFMAG=11.38|KREFERR=0.01,0,1.736,Z,17.43,18.83,,ZZ Mic,,STD,,,,
2460568.199906,9.59,0.01,,V,NLX,,UCAC4 237-172142,237-172119,X38805ALB,|VMAGINS=16.80|CMAGINS=17.44|CREFMAG=10.23|CREFERR=0.01|KMAGINS=18.82|KREFMAG=11.38|KREFERR=0.01,0,1.738,Z,17.44,18.82,,ZZ Mic,,STD,,,,
2460568.200224,9.61,0.01,,V,NLX,,UCAC4 237-172142,237-172119,X38805ALB,|VMAGINS=16.81|CMAGINS=17.43|CREFMAG=10.23|CREFERR=0.01|KMAGINS=18.84|KREFMAG=11.38|KREFERR=0.01,0,1.742,Z,17.43,18.84,,ZZ Mic,,STD,,,,
2460568.200478,9.58,0.01,,V,NLX,,UCAC4 237-172142,237-172119,X38805ALB,|VMAGINS=16.80|CMAGINS=17.45|CREFMAG=10.23|CREFERR=0.01|KMAGINS=18.84|KREFMAG=11.38|KREFERR=0.01,0,1.744,Z,17.45,18.84,,ZZ Mic,,STD,,,,
2460568.200732,9.6,0.01,,V,NLX,,UCAC4 237-172142,237-172119,X38805ALB,|VMAGINS=16.83|CMAGINS=17.47|CREFMAG=10.23|CREFERR=0.01|KMAGINS=18.85|KREFMAG=11.38|KREFERR=0.01,0,1.747,Z,17.47,18.85,,ZZ Mic,,STD,,,,
2460568.200981,9.61,0.01,,V,NLX,,UCAC4 237-172142,237-172119,X38805ALB,|VMAGINS=16.81|CMAGINS=17.44|CREFMAG=10.23|CREFERR=0.01|KMAGINS=18.84|KREFMAG=11.38|KREFERR=0.01,0,1.75,Z,17.44,18.84,,ZZ Mic,,STD,,,,
2460568.201235,9.59,0.01,,V,NLX,,UCAC4 237-172142,237-172119,X38805ALB,|VMAGINS=16.81|CMAGINS=17.45|CREFMAG=10.23|CREFERR=0.01|KMAGINS=18.83|KREFMAG=11.38|KREFERR=0.01,0,1.753,Z,17.45,18.83,,ZZ Mic,,STD,,,,
2460568.201488,9.61,0.01,,V,NLX,,UCAC4 237-172142,237-172119,X38805ALB,|VMAGINS=16.84|CMAGINS=17.46|CREFMAG=10.23|CREFERR=0.01|KMAGINS=18.82|KREFMAG=11.38|KREFERR=0.01,0,1.755,Z,17.46,18.82,,ZZ Mic,,STD,,,,
2460568.201808,9.63,0.01,,V,NLX,,UCAC4 237-172142,237-172119,X38805ALB,|VMAGINS=16.85|CMAGINS=17.45|CREFMAG=10.23|CREFERR=0.01|KMAGINS=18.83|KREFMAG=11.38|KREFERR=0.01,0,1.759,Z,17.45,18.83,,ZZ Mic,,STD,,,,
2460568.202124,9.62,0.01,,V,NLX,,UCAC4 237-172142,237-172119,X38805ALB,|VMAGINS=16.85|CMAGINS=17.46|CREFMAG=10.23|CREFERR=0.01|KMAGINS=18.83|KREFMAG=11.38|KREFERR=0.01,0,1.762,Z,17.46,18.83,,ZZ Mic,,STD,,,,
2460568.202376,9.61,0.01,,V,NLX,,UCAC4 237-172142,237-172119,X38805ALB,|VMAGINS=16.84|CMAGINS=17.46|CREFMAG=10.23|CREFERR=0.01|KMAGINS=18.82|KREFMAG=11.38|KREFERR=0.01,0,1.765,Z,17.46,18.82,,ZZ Mic,,STD,,,,
2460568.202698,9.64,0.01,,V,NLX,,UCAC4 237-172142,237-172119,X38805ALB,|VMAGINS=16.86|CMAGINS=17.45|CREFMAG=10.23|CREFERR=0.01|KMAGINS=18.83|KREFMAG=11.38|KREFERR=0.01,0,1.769,Z,17.45,18.83,,ZZ Mic,,STD,,,,
2460568.20295,9.62,0.01,,V,NLX,,UCAC4 237-172142,237-172119,X38805ALB,|VMAGINS=16.85|CMAGINS=17.47|CREFMAG=10.23|CREFERR=0.01|KMAGINS=18.84|KREFMAG=11.38|KREFERR=0.01,0,1.772,Z,17.47,18.84,,ZZ Mic,,STD,,,,
2460568.203203,9.62,0.01,,V,NLX,,UCAC4 237-172142,237-172119,X38805ALB,|VMAGINS=16.86|CMAGINS=17.47|CREFMAG=10.23|CREFERR=0.01|KMAGINS=18.83|KREFMAG=11.38|KREFERR=0.01,0,1.774,Z,17.47,18.83,,ZZ Mic,,STD,,,,
2460568.203455,9.64,0.01,,V,NLX,,UCAC4 237-172142,237-172119,X38805ALB,|VMAGINS=16.88|CMAGINS=17.47|CREFMAG=10.23|CREFERR=0.01|KMAGINS=18.86|KREFMAG=11.38|KREFERR=0.01,0,1.777,Z,17.47,18.86,,ZZ Mic,,STD,,,,
2460568.203705,9.64,0.01,,V,NLX,,UCAC4 237-172142,237-172119,X38805ALB,|VMAGINS=16.87|CMAGINS=17.47|CREFMAG=10.23|CREFERR=0.01|KMAGINS=18.84|KREFMAG=11.38|KREFERR=0.01,0,1.78,Z,17.47,18.84,,ZZ Mic,,STD,,,,
2460568.203956,9.62,0.01,,V,NLX,,UCAC4 237-172142,237-172119,X38805ALB,|VMAGINS=16.87|CMAGINS=17.48|CREFMAG=10.23|CREFERR=0.01|KMAGINS=18.87|KREFMAG=11.38|KREFERR=0.01,0,1.783,Z,17.48,18.87,,ZZ Mic,,STD,,,,
2460568.204271,9.63,0.01,,V,NLX,,UCAC4 237-172142,237-172119,X38805ALB,|VMAGINS=16.87|CMAGINS=17.47|CREFMAG=10.23|CREFERR=0.01|KMAGINS=18.84|KREFMAG=11.38|KREFERR=0.01,0,1.786,Z,17.47,18.84,,ZZ Mic,,STD,,,,
2460568.204524,9.64,0.01,,V,NLX,,UCAC4 237-172142,237-172119,X38805ALB,|VMAGINS=16.88|CMAGINS=17.47|CREFMAG=10.23|CREFERR=0.01|KMAGINS=18.84|KREFMAG=11.38|KREFERR=0.01,0,1.789,Z,17.47,18.84,,ZZ Mic,,STD,,,,
2460568.204778,9.65,0.01,,V,NLX,,UCAC4 237-172142,237-172119,X38805ALB,|VMAGINS=16.88|CMAGINS=17.46|CREFMAG=10.23|CREFERR=0.01|KMAGINS=18.85|KREFMAG=11.38|KREFERR=0.01,0,1.792,Z,17.46,18.85,,ZZ Mic,,STD,,,,
2460568.205025,9.64,0.01,,V,NLX,,UCAC4 237-172142,237-172119,X38805ALB,|VMAGINS=16.89|CMAGINS=17.48|CREFMAG=10.23|CREFERR=0.01|KMAGINS=18.86|KREFMAG=11.38|KREFERR=0.01,0,1.795,Z,17.48,18.86,,ZZ Mic,,STD,,,,
2460568.205282,9.64,0.01,,V,NLX,,UCAC4 237-172142,237-172119,X38805ALB,|VMAGINS=16.89|CMAGINS=17.48|CREFMAG=10.23|CREFERR=0.01|KMAGINS=18.84|KREFMAG=11.38|KREFERR=0.01,0,1.798,Z,17.48,18.84,,ZZ Mic,,STD,,,,
2460568.205536,9.63,0.01,,V,NLX,,UCAC4 237-172142,237-172119,X38805ALB,|VMAGINS=16.89|CMAGINS=17.49|CREFMAG=10.23|CREFERR=0.01|KMAGINS=18.88|KREFMAG=11.38|KREFERR=0.01,0,1.801,Z,17.49,18.88,,ZZ Mic,,STD,,,,
2460568.205788,9.64,0.01,,V,NLX,,UCAC4 237-172142,237-172119,X38805ALB,|VMAGINS=16.90|CMAGINS=17.48|CREFMAG=10.23|CREFERR=0.01|KMAGINS=18.85|KREFMAG=11.38|KREFERR=0.01,0,1.804,Z,17.48,18.85,,ZZ Mic,,STD,,,,
2460568.206113,9.65,0.01,,V,NLX,,UCAC4 237-172142,237-172119,X38805ALB,|VMAGINS=16.89|CMAGINS=17.47|CREFMAG=10.23|CREFERR=0.01|KMAGINS=18.84|KREFMAG=11.38|KREFERR=0.01,0,1.808,Z,17.47,18.84,,ZZ Mic,,STD,,,,
2460568.206432,9.65,0.01,,V,NLX,,UCAC4 237-172142,237-172119,X38805ALB,|VMAGINS=16.91|CMAGINS=17.49|CREFMAG=10.23|CREFERR=0.01|KMAGINS=18.86|KREFMAG=11.38|KREFERR=0.01,0,1.812,Z,17.49,18.86,,ZZ Mic,,STD,,,,
2460568.206683,9.65,0.01,,V,NLX,,UCAC4 237-172142,237-172119,X38805ALB,|VMAGINS=16.91|CMAGINS=17.49|CREFMAG=10.23|CREFERR=0.01|KMAGINS=18.86|KREFMAG=11.38|KREFERR=0.01,0,1.814,Z,17.49,18.86,,ZZ Mic,,STD,,,,
2460568.206936,9.67,0.01,,V,NLX,,UCAC4 237-172142,237-172119,X38805ALB,|VMAGINS=16.91|CMAGINS=17.47|CREFMAG=10.23|CREFERR=0.01|KMAGINS=18.87|KREFMAG=11.38|KREFERR=0.01,0,1.817,Z,17.47,18.87,,ZZ Mic,,STD,,,,
2460568.20719,9.65,0.01,,V,NLX,,UCAC4 237-172142,237-172119,X38805ALB,|VMAGINS=16.91|CMAGINS=17.49|CREFMAG=10.23|CREFERR=0.01|KMAGINS=18.86|KREFMAG=11.38|KREFERR=0.01,0,1.821,Z,17.49,18.86,,ZZ Mic,,STD,,,,
2460568.207445,9.66,0.01,,V,NLX,,UCAC4 237-172142,237-172119,X38805ALB,|VMAGINS=16.91|CMAGINS=17.48|CREFMAG=10.23|CREFERR=0.01|KMAGINS=18.87|KREFMAG=11.38|KREFERR=0.01,0,1.824,Z,17.48,18.87,,ZZ Mic,,STD,,,,
2460568.207697,9.66,0.01,,V,NLX,,UCAC4 237-172142,237-172119,X38805ALB,|VMAGINS=16.94|CMAGINS=17.51|CREFMAG=10.23|CREFERR=0.01|KMAGINS=18.89|KREFMAG=11.38|KREFERR=0.01,0,1.827,Z,17.51,18.89,,ZZ Mic,,STD,,,,
2460568.208022,9.65,0.01,,V,NLX,,UCAC4 237-172142,237-172119,X38805ALB,|VMAGINS=16.91|CMAGINS=17.49|CREFMAG=10.23|CREFERR=0.01|KMAGINS=18.87|KREFMAG=11.38|KREFERR=0.01,0,1.83,Z,17.49,18.87,,ZZ Mic,,STD,,,,
2460568.208272,9.66,0.01,,V,NLX,,UCAC4 237-172142,237-172119,X38805ALB,|VMAGINS=16.91|CMAGINS=17.48|CREFMAG=10.23|CREFERR=0.01|KMAGINS=18.87|KREFMAG=11.38|KREFERR=0.01,0,1.833,Z,17.48,18.87,,ZZ Mic,,STD,,,,
2460568.208527,9.68,0.01,,V,NLX,,UCAC4 237-172142,237-172119,X38805ALB,|VMAGINS=16.93|CMAGINS=17.47|CREFMAG=10.23|CREFERR=0.01|KMAGINS=18.89|KREFMAG=11.38|KREFERR=0.01,0,1.837,Z,17.47,18.89,,ZZ Mic,,STD,,,,
2460568.208778,9.67,0.01,,V,NLX,,UCAC4 237-172142,237-172119,X38805ALB,|VMAGINS=16.93|CMAGINS=17.49|CREFMAG=10.23|CREFERR=0.01|KMAGINS=18.87|KREFMAG=11.38|KREFERR=0.01,0,1.84,Z,17.49,18.87,,ZZ Mic,,STD,,,,
2460609.055263,9.588,0.053,,TG,PEX,,NA,,X38591SD,,0,1.149,Z,,,,ZZ MIC,AAVSO,STD,,,,
2460609.055394,9.639,0.006,,TG,PEX,,NA,,X38591SD,,0,1.149,Z,,,,ZZ MIC,AAVSO,STD,,,,
2460609.055524,9.612,0.035,,TG,PEX,,NA,,X38591SD,,0,1.150,Z,,,,ZZ MIC,AAVSO,STD,,,,
2460609.055655,9.652,0.059,,TG,PEX,,NA,,X38591SD,,0,1.150,Z,,,,ZZ MIC,AAVSO,STD,,,,
2460609.055786,9.598,0.032,,TG,PEX,,NA,,X38591SD,,0,1.150,Z,,,,ZZ MIC,AAVSO,STD,,,,
2460609.055999,9.601,0.019,,TG,PEX,,NA,,X38591SD,,0,1.151,Z,,,,ZZ MIC,AAVSO,STD,,,,
2460609.056129,9.579,0.027,,TG,PEX,,NA,,X38591SD,,0,1.151,Z,,,,ZZ MIC,AAVSO,STD,,,,
2460609.056521,9.585,0.016,,TG,PEX,,NA,,X38591SD,,0,1.153,Z,,,,ZZ MIC,AAVSO,STD,,,,
2460609.056652,9.646,0.019,,TG,PEX,,NA,,X38591SD,,0,1.153,Z,,,,ZZ MIC,AAVSO,STD,,,,
2460609.056889,9.699,0.072,,TG,PEX,,NA,,X38591SD,,0,1.154,Z,,,,ZZ MIC,AAVSO,STD,,,,
2460609.057281,9.625,0.042,,TG,PEX,,NA,,X38591SD,,0,1.155,Z,,,,ZZ MIC,AAVSO,STD,,,,
2460609.057412,9.644,0.044,,TG,PEX,,NA,,X38591SD,,0,1.155,Z,,,,ZZ MIC,AAVSO,STD,,,,
2460609.057778,9.610,0.048,,TG,PEX,,NA,,X38591SD,,0,1.156,Z,,,,ZZ MIC,AAVSO,STD,,,,
2460609.057909,9.548,0.036,,TG,PEX,,NA,,X38591SD,,0,1.157,Z,,,,ZZ MIC,AAVSO,STD,,,,
2460609.058039,9.594,0.040,,TG,PEX,,NA,,X38591SD,,0,1.157,Z,,,,ZZ MIC,AAVSO,STD,,,,
2460609.058379,9.674,0.009,,TG,PEX,,NA,,X38591SD,,0,1.158,Z,,,,ZZ MIC,AAVSO,STD,,,,
2460609.058510,9.688,0.032,,TG,PEX,,NA,,X38591SD,,0,1.159,Z,,,,ZZ MIC,AAVSO,STD,,,,
2460609.058640,9.657,0.009,,TG,PEX,,NA,,X38591SD,,0,1.159,Z,,,,ZZ MIC,AAVSO,STD,,,,
2460609.058771,9.649,0.017,,TG,PEX,,NA,,X38591SD,,0,1.159,Z,,,,ZZ MIC,AAVSO,STD,,,,
2460609.059112,9.636,0.016,,TG,PEX,,NA,,X38591SD,,0,1.161,Z,,,,ZZ MIC,AAVSO,STD,,,,
2460609.059506,9.629,0.025,,TG,PEX,,NA,,X38591SD,,0,1.162,Z,,,,ZZ MIC,AAVSO,STD,,,,
2460609.059637,9.643,0.024,,TG,PEX,,NA,,X38591SD,,0,1.162,Z,,,,ZZ MIC,AAVSO,STD,,,,
2460609.059768,9.622,0.008,,TG,PEX,,NA,,X38591SD,,0,1.163,Z,,,,ZZ MIC,AAVSO,STD,,,,
2460609.060001,9.629,0.006,,TG,PEX,,NA,,X38591SD,,0,1.163,Z,,,,ZZ MIC,AAVSO,STD,,,,
2460609.060131,9.688,0.067,,TG,PEX,,NA,,X38591SD,,0,1.164,Z,,,,ZZ MIC,AAVSO,STD,,,,
2460609.060262,9.569,0.005,,TG,PEX,,NA,,X38591SD,,0,1.164,Z,,,,ZZ MIC,AAVSO,STD,,,,
2460609.060392,9.672,0.047,,TG,PEX,,NA,,X38591SD,,0,1.165,Z,,,,ZZ MIC,AAVSO,STD,,,,
2460609.060523,9.653,0.039,,TG,PEX,,NA,,X38591SD,,0,1.165,Z,,,,ZZ MIC,AAVSO,STD,,,,
2460609.060891,9.638,0.030,,TG,PEX,,NA,,X38591SD,,0,1.166,Z,,,,ZZ MIC,AAVSO,STD,,,,
2460609.061021,9.581,0.035,,TG,PEX,,NA,,X38591SD,,0,1.167,Z,,,,ZZ MIC,AAVSO,STD,,,,
2460609.061152,9.759,0.064,,TG,PEX,,NA,,X38591SD,,0,1.167,Z,,,,ZZ MIC,AAVSO,STD,,,,
2460609.061283,9.539,0.050,,TG,PEX,,NA,,X38591SD,,0,1.167,Z,,,,ZZ MIC,AAVSO,STD,,,,
2460609.061514,9.764,0.028,,TG,PEX,,NA,,X38591SD,,0,1.168,Z,,,,ZZ MIC,AAVSO,STD,,,,
2460609.061645,9.634,0.027,,TG,PEX,,NA,,X38591SD,,0,1.169,Z,,,,ZZ MIC,AAVSO,STD,,,,
2460609.061775,9.605,0.062,,TG,PEX,,NA,,X38591SD,,0,1.169,Z,,,,ZZ MIC,AAVSO,STD,,,,
2460609.062037,9.634,0.007,,TG,PEX,,NA,,X38591SD,,0,1.170,Z,,,,ZZ MIC,AAVSO,STD,,,,
2460609.062250,9.601,0.043,,TG,PEX,,NA,,X38591SD,,0,1.171,Z,,,,ZZ MIC,AAVSO,STD,,,,
2460609.062381,9.676,0.017,,TG,PEX,,NA,,X38591SD,,0,1.171,Z,,,,ZZ MIC,AAVSO,STD,,,,
2460609.062512,9.596,0.006,,TG,PEX,,NA,,X38591SD,,0,1.171,Z,,,,ZZ MIC,AAVSO,STD,,,,
2460609.062643,9.601,0.024,,TG,PEX,,NA,,X38591SD,,0,1.172,Z,,,,ZZ MIC,AAVSO,STD,,,,
2460609.063119,9.635,0.027,,TG,PEX,,NA,,X38591SD,,0,1.173,Z,,,,ZZ MIC,AAVSO,STD,,,,
2460609.063249,9.638,0.010,,TG,PEX,,NA,,X38591SD,,0,1.174,Z,,,,ZZ MIC,AAVSO,STD,,,,
2460609.063380,9.634,0.004,,TG,PEX,,NA,,X38591SD,,0,1.174,Z,,,,ZZ MIC,AAVSO,STD,,,,
2460609.063511,9.633,0.005,,TG,PEX,,NA,,X38591SD,,0,1.175,Z,,,,ZZ MIC,AAVSO,STD,,,,
2460609.063742,9.582,0.059,,TG,PEX,,NA,,X38591SD,,0,1.176,Z,,,,ZZ MIC,AAVSO,STD,,,,
2460609.063873,9.637,0.033,,TG,PEX,,NA,,X38591SD,,0,1.176,Z,,,,ZZ MIC,AAVSO,STD,,,,
2460609.064003,9.669,0.023,,TG,PEX,,NA,,X38591SD,,0,1.176,Z,,,,ZZ MIC,AAVSO,STD,,,,
2460609.064135,9.624,0.028,,TG,PEX,,NA,,X38591SD,,0,1.177,Z,,,,ZZ MIC,AAVSO,STD,,,,
2460609.064476,9.682,0.083,,TG,PEX,,NA,,X38591SD,,0,1.178,Z,,,,ZZ MIC,AAVSO,STD,,,,
2460609.064738,9.625,0.100,,TG,PEX,,NA,,X38591SD,,0,1.179,Z,,,,ZZ MIC,AAVSO,STD,,,,
2460609.064868,9.612,0.013,,TG,PEX,,NA,,X38591SD,,0,1.179,Z,,,,ZZ MIC,AAVSO,STD,,,,
2460609.064999,9.746,0.048,,TG,PEX,,NA,,X38591SD,,0,1.180,Z,,,,ZZ MIC,AAVSO,STD,,,,
2460609.065229,9.625,0.032,,TG,PEX,,NA,,X38591SD,,0,1.181,Z,,,,ZZ MIC,AAVSO,STD,,,,
2460609.065361,9.693,0.007,,TG,PEX,,NA,,X38591SD,,0,1.181,Z,,,,ZZ MIC,AAVSO,STD,,,,
2460609.065491,9.613,0.016,,TG,PEX,,NA,,X38591SD,,0,1.181,Z,,,,ZZ MIC,AAVSO,STD,,,,
2460609.065622,9.605,0.005,,TG,PEX,,NA,,X38591SD,,0,1.182,Z,,,,ZZ MIC,AAVSO,STD,,,,
2460609.065752,9.688,0.022,,TG,PEX,,NA,,X38591SD,,0,1.182,Z,,,,ZZ MIC,AAVSO,STD,,,,
2460609.065963,9.717,0.009,,TG,PEX,,NA,,X38591SD,,0,1.183,Z,,,,ZZ MIC,AAVSO,STD,,,,
2460609.066093,9.622,0.005,,TG,PEX,,NA,,X38591SD,,0,1.183,Z,,,,ZZ MIC,AAVSO,STD,,,,
2460609.066224,9.670,0.014,,TG,PEX,,NA,,X38591SD,,0,1.184,Z,,,,ZZ MIC,AAVSO,STD,,,,
2460609.066355,9.590,0.030,,TG,PEX,,NA,,X38591SD,,0,1.184,Z,,,,ZZ MIC,AAVSO,STD,,,,
2460609.066485,9.623,0.007,,TG,PEX,,NA,,X38591SD,,0,1.185,Z,,,,ZZ MIC,AAVSO,STD,,,,
2460609.066695,9.549,0.043,,TG,PEX,,NA,,X38591SD,,0,1.186,Z,,,,ZZ MIC,AAVSO,STD,,,,
2460609.066956,9.609,0.040,,TG,PEX,,NA,,X38591SD,,0,1.186,Z,,,,ZZ MIC,AAVSO,STD,,,,
2460609.067088,9.637,0.024,,TG,PEX,,NA,,X38591SD,,0,1.187,Z,,,,ZZ MIC,AAVSO,STD,,,,
2460609.067218,9.632,0.020,,TG,PEX,,NA,,X38591SD,,0,1.187,Z,,,,ZZ MIC,AAVSO,STD,,,,
2460609.067454,9.716,0.016,,TG,PEX,,NA,,X38591SD,,0,1.188,Z,,,,ZZ MIC,AAVSO,STD,,,,
2460609.067584,9.584,0.014,,TG,PEX,,NA,,X38591SD,,0,1.189,Z,,,,ZZ MIC,AAVSO,STD,,,,
2460609.067715,9.651,0.036,,TG,PEX,,NA,,X38591SD,,0,1.189,Z,,,,ZZ MIC,AAVSO,STD,,,,
2460609.067976,9.680,0.052,,TG,PEX,,NA,,X38591SD,,0,1.190,Z,,,,ZZ MIC,AAVSO,STD,,,,
2460609.068207,9.618,0.005,,TG,PEX,,NA,,X38591SD,,0,1.191,Z,,,,ZZ MIC,AAVSO,STD,,,,
2460609.068338,9.635,0.023,,TG,PEX,,NA,,X38591SD,,0,1.191,Z,,,,ZZ MIC,AAVSO,STD,,,,
2460609.068600,9.553,0.012,,TG,PEX,,NA,,X38591SD,,0,1.192,Z,,,,ZZ MIC,AAVSO,STD,,,,
2460609.068730,9.592,0.035,,TG,PEX,,NA,,X38591SD,,0,1.193,Z,,,,ZZ MIC,AAVSO,STD,,,,
2460609.069070,9.605,0.009,,TG,PEX,,NA,,X38591SD,,0,1.194,Z,,,,ZZ MIC,AAVSO,STD,,,,
2460609.069201,9.619,0.037,,TG,PEX,,NA,,X38591SD,,0,1.194,Z,,,,ZZ MIC,AAVSO,STD,,,,
2460609.069331,9.588,0.004,,TG,PEX,,NA,,X38591SD,,0,1.195,Z,,,,ZZ MIC,AAVSO,STD,,,,
2460609.069462,9.632,0.005,,TG,PEX,,NA,,X38591SD,,0,1.195,Z,,,,ZZ MIC,AAVSO,STD,,,,
2460609.069832,9.562,0.021,,TG,PEX,,NA,,X38591SD,,0,1.197,Z,,,,ZZ MIC,AAVSO,STD,,,,
2460609.069963,9.563,0.024,,TG,PEX,,NA,,X38591SD,,0,1.197,Z,,,,ZZ MIC,AAVSO,STD,,,,
2460609.070093,9.674,0.024,,TG,PEX,,NA,,X38591SD,,0,1.198,Z,,,,ZZ MIC,AAVSO,STD,,,,
2460609.070224,9.612,0.041,,TG,PEX,,NA,,X38591SD,,0,1.198,Z,,,,ZZ MIC,AAVSO,STD,,,,
2460609.070454,9.670,0.038,,TG,PEX,,NA,,X38591SD,,0,1.199,Z,,,,ZZ MIC,AAVSO,STD,,,,
2460609.070584,9.670,0.006,,TG,PEX,,NA,,X38591SD,,0,1.199,Z,,,,ZZ MIC,AAVSO,STD,,,,
2460609.070715,9.665,0.013,,TG,PEX,,NA,,X38591SD,,0,1.200,Z,,,,ZZ MIC,AAVSO,STD,,,,
2460609.070846,9.650,0.010,,TG,PEX,,NA,,X38591SD,,0,1.200,Z,,,,ZZ MIC,AAVSO,STD,,,,
2460609.070978,9.639,0.034,,TG,PEX,,NA,,X38591SD,,0,1.201,Z,,,,ZZ MIC,AAVSO,STD,,,,
2460609.071208,9.624,0.012,,TG,PEX,,NA,,X38591SD,,0,1.202,Z,,,,ZZ MIC,AAVSO,STD,,,,
2460609.071469,9.571,0.012,,TG,PEX,,NA,,X38591SD,,0,1.203,Z,,,,ZZ MIC,AAVSO,STD,,,,
2460609.071600,9.655,0.042,,TG,PEX,,NA,,X38591SD,,0,1.203,Z,,,,ZZ MIC,AAVSO,STD,,,,
2460609.071731,9.651,0.042,,TG,PEX,,NA,,X38591SD,,0,1.204,Z,,,,ZZ MIC,AAVSO,STD,,,,
2460609.071861,9.644,0.134,,TG,PEX,,NA,,X38591SD,,0,1.204,Z,,,,ZZ MIC,AAVSO,STD,,,,
2460609.072095,9.627,0.052,,TG,PEX,,NA,,X38591SD,,0,1.205,Z,,,,ZZ MIC,AAVSO,STD,,,,
2460609.072225,9.671,0.085,,TG,PEX,,NA,,X38591SD,,0,1.206,Z,,,,ZZ MIC,AAVSO,STD,,,,
2460609.072356,9.570,0.052,,TG,PEX,,NA,,X38591SD,,0,1.206,Z,,,,ZZ MIC,AAVSO,STD,,,,
2460609.072487,9.624,0.009,,TG,PEX,,NA,,X38591SD,,0,1.206,Z,,,,ZZ MIC,AAVSO,STD,,,,
2460609.072617,9.557,0.045,,TG,PEX,,NA,,X38591SD,,0,1.207,Z,,,,ZZ MIC,AAVSO,STD,,,,
2460609.072849,9.596,0.085,,TG,PEX,,NA,,X38591SD,,0,1.208,Z,,,,ZZ MIC,AAVSO,STD,,,,
2460609.072980,9.608,0.017,,TG,PEX,,NA,,X38591SD,,0,1.208,Z,,,,ZZ MIC,AAVSO,STD,,,,
2460609.073110,9.677,0.016,,TG,PEX,,NA,,X38591SD,,0,1.209,Z,,,,ZZ MIC,AAVSO,STD,,,,
2460609.073241,9.572,0.017,,TG,PEX,,NA,,X38591SD,,0,1.209,Z,,,,ZZ MIC,AAVSO,STD,,,,
2460609.073371,9.654,0.019,,TG,PEX,,NA,,X38591SD,,0,1.210,Z,,,,ZZ MIC,AAVSO,STD,,,,
2460609.073577,9.618,0.016,,TG,PEX,,NA,,X38591SD,,0,1.211,Z,,,,ZZ MIC,AAVSO,STD,,,,
2460609.073708,9.620,0.030,,TG,PEX,,NA,,X38591SD,,0,1.211,Z,,,,ZZ MIC,AAVSO,STD,,,,
2460609.073839,9.570,0.034,,TG,PEX,,NA,,X38591SD,,0,1.212,Z,,,,ZZ MIC,AAVSO,STD,,,,
2460609.073969,9.633,0.012,,TG,PEX,,NA,,X38591SD,,0,1.212,Z,,,,ZZ MIC,AAVSO,STD,,,,
2460609.074100,9.682,0.034,,TG,PEX,,NA,,X38591SD,,0,1.213,Z,,,,ZZ MIC,AAVSO,STD,,,,
2460609.074331,9.563,0.010,,TG,PEX,,NA,,X38591SD,,0,1.214,Z,,,,ZZ MIC,AAVSO,STD,,,,
2460609.074461,9.548,0.021,,TG,PEX,,NA,,X38591SD,,0,1.214,Z,,,,ZZ MIC,AAVSO,STD,,,,
2460609.074592,9.539,0.011,,TG,PEX,,NA,,X38591SD,,0,1.215,Z,,,,ZZ MIC,AAVSO,STD,,,,
2460609.074723,9.618,0.024,,TG,PEX,,NA,,X38591SD,,0,1.215,Z,,,,ZZ MIC,AAVSO,STD,,,,
2460609.074853,9.568,0.010,,TG,PEX,,NA,,X38591SD,,0,1.216,Z,,,,ZZ MIC,AAVSO,STD,,,,
2460609.075082,9.567,0.036,,TG,PEX,,NA,,X38591SD,,0,1.216,Z,,,,ZZ MIC,AAVSO,STD,,,,
2460609.075346,9.569,0.026,,TG,PEX,,NA,,X38591SD,,0,1.217,Z,,,,ZZ MIC,AAVSO,STD,,,,
2460609.075476,9.636,0.017,,TG,PEX,,NA,,X38591SD,,0,1.218,Z,,,,ZZ MIC,AAVSO,STD,,,,
2460609.075607,9.618,0.033,,TG,PEX,,NA,,X38591SD,,0,1.218,Z,,,,ZZ MIC,AAVSO,STD,,,,
2460609.075738,9.610,0.044,,TG,PEX,,NA,,X38591SD,,0,1.219,Z,,,,ZZ MIC,AAVSO,STD,,,,
2460609.075972,9.551,0.016,,TG,PEX,,NA,,X38591SD,,0,1.220,Z,,,,ZZ MIC,AAVSO,STD,,,,
2460609.076104,9.596,0.024,,TG,PEX,,NA,,X38591SD,,0,1.220,Z,,,,ZZ MIC,AAVSO,STD,,,,
2460609.076235,9.574,0.043,,TG,PEX,,NA,,X38591SD,,0,1.221,Z,,,,ZZ MIC,AAVSO,STD,,,,
2460609.076496,9.582,0.047,,TG,PEX,,NA,,X38591SD,,0,1.222,Z,,,,ZZ MIC,AAVSO,STD,,,,
2460609.076709,9.482,0.005,,TG,PEX,,NA,,X38591SD,,0,1.223,Z,,,,ZZ MIC,AAVSO,STD,,,,
2460609.076840,9.587,0.006,,TG,PEX,,NA,,X38591SD,,0,1.223,Z,,,,ZZ MIC,AAVSO,STD,,,,
2460609.076970,9.647,0.019,,TG,PEX,,NA,,X38591SD,,0,1.224,Z,,,,ZZ MIC,AAVSO,STD,,,,
2460609.077232,9.611,0.026,,TG,PEX,,NA,,X38591SD,,0,1.225,Z,,,,ZZ MIC,AAVSO,STD,,,,
2460609.077865,9.597,0.011,,TG,PEX,,NA,,X38591SD,,0,1.227,Z,,,,ZZ MIC,AAVSO,STD,,,,
2460609.077996,9.597,0.048,,TG,PEX,,NA,,X38591SD,,0,1.228,Z,,,,ZZ MIC,AAVSO,STD,,,,
2460609.078728,9.548,0.064,,TG,PEX,,NA,,X38591SD,,0,1.231,Z,,,,ZZ MIC,AAVSO,STD,,,,
2460609.078939,9.513,0.052,,TG,PEX,,NA,,X38591SD,,0,1.232,Z,,,,ZZ MIC,AAVSO,STD,,,,
2460609.079201,9.535,0.065,,TG,PEX,,NA,,X38591SD,,0,1.233,Z,,,,ZZ MIC,AAVSO,STD,,,,
2460609.079332,9.518,0.019,,TG,PEX,,NA,,X38591SD,,0,1.233,Z,,,,ZZ MIC,AAVSO,STD,,,,
2460609.079462,9.531,0.020,,TG,PEX,,NA,,X38591SD,,0,1.234,Z,,,,ZZ MIC,AAVSO,STD,,,,
2460609.080495,9.445,0.019,,TG,PEX,,NA,,X38591SD,,0,1.238,Z,,,,ZZ MIC,AAVSO,STD,,,,
2460609.080757,9.461,0.016,,TG,PEX,,NA,,X38591SD,,0,1.239,Z,,,,ZZ MIC,AAVSO,STD,,,,
2460609.080887,9.428,0.010,,TG,PEX,,NA,,X38591SD,,0,1.240,Z,,,,ZZ MIC,AAVSO,STD,,,,
2460609.081093,9.509,0.039,,TG,PEX,,NA,,X38591SD,,0,1.241,Z,,,,ZZ MIC,AAVSO,STD,,,,
2460609.081225,9.550,0.043,,TG,PEX,,NA,,X38591SD,,0,1.241,Z,,,,ZZ MIC,AAVSO,STD,,,,
2460609.081851,9.433,0.012,,TG,PEX,,NA,,X38591SD,,0,1.244,Z,,,,ZZ MIC,AAVSO,STD,,,,
2460609.081982,9.428,0.044,,TG,PEX,,NA,,X38591SD,,0,1.245,Z,,,,ZZ MIC,AAVSO,STD,,,,
2460609.082243,9.532,0.006,,TG,PEX,,NA,,X38591SD,,0,1.246,Z,,,,ZZ MIC,AAVSO,STD,,,,
2460609.082374,9.454,0.022,,TG,PEX,,NA,,X38591SD,,0,1.246,Z,,,,ZZ MIC,AAVSO,STD,,,,
2460609.082607,9.458,0.099,,TG,PEX,,NA,,X38591SD,,0,1.247,Z,,,,ZZ MIC,AAVSO,STD,,,,
2460609.083467,9.450,0.040,,TG,PEX,,NA,,X38591SD,,0,1.251,Z,,,,ZZ MIC,AAVSO,STD,,,,
2460609.083597,9.456,0.014,,TG,PEX,,NA,,X38591SD,,0,1.252,Z,,,,ZZ MIC,AAVSO,STD,,,,
2460609.083728,9.430,0.024,,TG,PEX,,NA,,X38591SD,,0,1.252,Z,,,,ZZ MIC,AAVSO,STD,,,,
2460609.085372,9.421,0.016,,TG,PEX,,NA,,X38591SD,,0,1.259,Z,,,,ZZ MIC,AAVSO,STD,,,,
2460609.085504,9.348,0.009,,TG,PEX,,NA,,X38591SD,,0,1.260,Z,,,,ZZ MIC,AAVSO,STD,,,,
2460609.085636,9.481,0.009,,TG,PEX,,NA,,X38591SD,,0,1.261,Z,,,,ZZ MIC,AAVSO,STD,,,,
2460609.086371,9.321,0.072,,TG,PEX,,NA,,X38591SD,,0,1.264,Z,,,,ZZ MIC,AAVSO,STD,,,,
2460609.090583,9.367,0.031,,TG,PEX,,NA,,X38591SD,,0,1.283,Z,,,,ZZ MIC,AAVSO,STD,,,,
2460609.091076,9.383,0.010,,TG,PEX,,NA,,X38591SD,,0,1.286,Z,,,,ZZ MIC,AAVSO,STD,,,,
2460609.091337,9.346,0.013,,TG,PEX,,NA,,X38591SD,,0,1.287,Z,,,,ZZ MIC,AAVSO,STD,,,,
2460609.091599,9.290,0.028,,TG,PEX,,NA,,X38591SD,,0,1.288,Z,,,,ZZ MIC,AAVSO,STD,,,,
2460609.091828,9.345,0.028,,TG,PEX,,NA,,X38591SD,,0,1.289,Z,,,,ZZ MIC,AAVSO,STD,,,,
2460609.092089,9.291,0.018,,TG,PEX,,NA,,X38591SD,,0,1.291,Z,,,,ZZ MIC,AAVSO,STD,,,,
2460609.092350,9.292,0.019,,TG,PEX,,NA,,X38591SD,,0,1.292,Z,,,,ZZ MIC,AAVSO,STD,,,,
2460609.092481,9.275,0.055,,TG,PEX,,NA,,X38591SD,,0,1.293,Z,,,,ZZ MIC,AAVSO,STD,,,,
2460609.092612,9.299,0.025,,TG,PEX,,NA,,X38591SD,,0,1.293,Z,,,,ZZ MIC,AAVSO,STD,,,,
2460609.092843,9.318,0.031,,TG,PEX,,NA,,X38591SD,,0,1.294,Z,,,,ZZ MIC,AAVSO,STD,,,,
2460609.092974,9.226,0.014,,TG,PEX,,NA,,X38591SD,,0,1.295,Z,,,,ZZ MIC,AAVSO,STD,,,,
2460609.093105,9.307,0.005,,TG,PEX,,NA,,X38591SD,,0,1.296,Z,,,,ZZ MIC,AAVSO,STD,,,,
2460609.093235,9.242,0.041,,TG,PEX,,NA,,X38591SD,,0,1.296,Z,,,,ZZ MIC,AAVSO,STD,,,,
2460609.093366,9.317,0.052,,TG,PEX,,NA,,X38591SD,,0,1.297,Z,,,,ZZ MIC,AAVSO,STD,,,,
2460609.093709,9.285,0.030,,TG,PEX,,NA,,X38591SD,,0,1.299,Z,,,,ZZ MIC,AAVSO,STD,,,,
2460609.093839,9.307,0.026,,TG,PEX,,NA,,X38591SD,,0,1.299,Z,,,,ZZ MIC,AAVSO,STD,,,,
2460609.093970,9.245,0.027,,TG,PEX,,NA,,X38591SD,,0,1.300,Z,,,,ZZ MIC,AAVSO,STD,,,,
2460609.094101,9.354,0.039,,TG,PEX,,NA,,X38591SD,,0,1.301,Z,,,,ZZ MIC,AAVSO,STD,,,,
2460609.094464,9.232,0.005,,TG,PEX,,NA,,X38591SD,,0,1.302,Z,,,,ZZ MIC,AAVSO,STD,,,,
2460609.094595,9.232,0.093,,TG,PEX,,NA,,X38591SD,,0,1.303,Z,,,,ZZ MIC,AAVSO,STD,,,,
2460609.094725,9.339,0.071,,TG,PEX,,NA,,X38591SD,,0,1.304,Z,,,,ZZ MIC,AAVSO,STD,,,,
2460609.094856,9.233,0.038,,TG,PEX,,NA,,X38591SD,,0,1.304,Z,,,,ZZ MIC,AAVSO,STD,,,,
2460609.095089,9.255,0.034,,TG,PEX,,NA,,X38591SD,,0,1.306,Z,,,,ZZ MIC,AAVSO,STD,,,,
2460609.095350,9.351,0.109,,TG,PEX,,NA,,X38591SD,,0,1.307,Z,,,,ZZ MIC,AAVSO,STD,,,,
2460609.095481,9.252,0.051,,TG,PEX,,NA,,X38591SD,,0,1.308,Z,,,,ZZ MIC,AAVSO,STD,,,,
2460609.095803,9.310,0.044,,TG,PEX,,NA,,X38591SD,,0,1.309,Z,,,,ZZ MIC,AAVSO,STD,,,,
2460609.095934,9.250,0.012,,TG,PEX,,NA,,X38591SD,,0,1.310,Z,,,,ZZ MIC,AAVSO,STD,,,,
2460609.096065,9.298,0.042,,TG,PEX,,NA,,X38591SD,,0,1.311,Z,,,,ZZ MIC,AAVSO,STD,,,,
2460609.096196,9.274,0.042,,TG,PEX,,NA,,X38591SD,,0,1.311,Z,,,,ZZ MIC,AAVSO,STD,,,,
2460609.096327,9.287,0.022,,TG,PEX,,NA,,X38591SD,,0,1.312,Z,,,,ZZ MIC,AAVSO,STD,,,,
2460609.096535,9.304,0.025,,TG,PEX,,NA,,X38591SD,,0,1.313,Z,,,,ZZ MIC,AAVSO,STD,,,,
2460609.096666,9.310,0.033,,TG,PEX,,NA,,X38591SD,,0,1.314,Z,,,,ZZ MIC,AAVSO,STD,,,,
2460609.096927,9.266,0.103,,TG,PEX,,NA,,X38591SD,,0,1.315,Z,,,,ZZ MIC,AAVSO,STD,,,,
2460609.097058,9.340,0.052,,TG,PEX,,NA,,X38591SD,,0,1.316,Z,,,,ZZ MIC,AAVSO,STD,,,,
2460609.097419,9.358,0.033,,TG,PEX,,NA,,X38591SD,,0,1.318,Z,,,,ZZ MIC,AAVSO,STD,,,,
2460609.097681,9.313,0.040,,TG,PEX,,NA,,X38591SD,,0,1.319,Z,,,,ZZ MIC,AAVSO,STD,,,,
2460609.097812,9.341,0.045,,TG,PEX,,NA,,X38591SD,,0,1.320,Z,,,,ZZ MIC,AAVSO,STD,,,,
2460609.098022,9.261,0.022,,TG,PEX,,NA,,X38591SD,,0,1.321,Z,,,,ZZ MIC,AAVSO,STD,,,,
2460609.098152,9.366,0.019,,TG,PEX,,NA,,X38591SD,,0,1.321,Z,,,,ZZ MIC,AAVSO,STD,,,,
2460609.098283,9.316,0.071,,TG,PEX,,NA,,X38591SD,,0,1.322,Z,,,,ZZ MIC,AAVSO,STD,,,,
2460609.098413,9.295,0.030,,TG,PEX,,NA,,X38591SD,,0,1.323,Z,,,,ZZ MIC,AAVSO,STD,,,,
2460609.098544,9.253,0.015,,TG,PEX,,NA,,X38591SD,,0,1.323,Z,,,,ZZ MIC,AAVSO,STD,,,,
2460609.098776,9.328,0.028,,TG,PEX,,NA,,X38591SD,,0,1.325,Z,,,,ZZ MIC,AAVSO,STD,,,,
2460609.098906,9.345,0.035,,TG,PEX,,NA,,X38591SD,,0,1.325,Z,,,,ZZ MIC,AAVSO,STD,,,,
2460609.099037,9.390,0.049,,TG,PEX,,NA,,X38591SD,,0,1.326,Z,,,,ZZ MIC,AAVSO,STD,,,,
2460609.099429,9.290,0.072,,TG,PEX,,NA,,X38591SD,,0,1.328,Z,,,,ZZ MIC,AAVSO,STD,,,,
2460609.099638,9.292,0.026,,TG,PEX,,NA,,X38591SD,,0,1.329,Z,,,,ZZ MIC,AAVSO,STD,,,,
2460609.099769,9.302,0.059,,TG,PEX,,NA,,X38591SD,,0,1.330,Z,,,,ZZ MIC,AAVSO,STD,,,,
2460609.100390,9.455,0.117,,TG,PEX,,NA,,X38591SD,,0,1.333,Z,,,,ZZ MIC,AAVSO,STD,,,,
2460609.102537,9.428,0.029,,TG,PEX,,NA,,X38591SD,,0,1.345,Z,,,,ZZ MIC,AAVSO,STD,,,,
2460609.102668,9.418,0.035,,TG,PEX,,NA,,X38591SD,,0,1.346,Z,,,,ZZ MIC,AAVSO,STD,,,,
2460609.102798,9.430,0.059,,TG,PEX,,NA,,X38591SD,,0,1.347,Z,,,,ZZ MIC,AAVSO,STD,,,,
2460609.107639,9.473,0.009,,TG,PEX,,NA,,X38591SD,,0,1.375,Z,,,,ZZ MIC,AAVSO,STD,,,,
2460609.107770,9.441,0.034,,TG,PEX,,NA,,X38591SD,,0,1.376,Z,,,,ZZ MIC,AAVSO,STD,,,,
2460609.107902,9.508,0.057,,TG,PEX,,NA,,X38591SD,,0,1.376,Z,,,,ZZ MIC,AAVSO,STD,,,,
2460609.109230,9.459,0.014,,TG,PEX,,NA,,X38591SD,,0,1.384,Z,,,,ZZ MIC,AAVSO,STD,,,,
2460609.109961,9.494,0.015,,TG,PEX,,NA,,X38591SD,,0,1.389,Z,,,,ZZ MIC,AAVSO,STD,,,,
2460609.112539,9.446,0.005,,TG,PEX,,NA,,X38591SD,,0,1.405,Z,,,,ZZ MIC,AAVSO,STD,,,,
2460609.123603,9.675,0.088,,TG,PEX,,NA,,X38591SD,,0,1.481,Z,,,,ZZ MIC,AAVSO,STD,,,,
2460609.124715,9.594,0.036,,TG,PEX,,NA,,X38591SD,,0,1.490,Z,,,,ZZ MIC,AAVSO,STD,,,,
2460609.127628,9.691,0.105,,TG,PEX,,NA,,X38591SD,,0,1.512,Z,,,,ZZ MIC,AAVSO,STD,,,,
2460609.130114,9.625,0.007,,TG,PEX,,NA,,X38591SD,,0,1.532,Z,,,,ZZ MIC,AAVSO,STD,,,,
2460609.130246,9.606,0.026,,TG,PEX,,NA,,X38591SD,,0,1.533,Z,,,,ZZ MIC,AAVSO,STD,,,,
2460609.130377,9.611,0.009,,TG,PEX,,NA,,X38591SD,,0,1.534,Z,,,,ZZ MIC,AAVSO,STD,,,,
2460609.130508,9.641,0.057,,TG,PEX,,NA,,X38591SD,,0,1.535,Z,,,,ZZ MIC,AAVSO,STD,,,,
2460609.130738,9.639,0.105,,TG,PEX,,NA,,X38591SD,,0,1.537,Z,,,,ZZ MIC,AAVSO,STD,,,,
2460609.130999,9.662,0.016,,TG,PEX,,NA,,X38591SD,,0,1.539,Z,,,,ZZ MIC,AAVSO,STD,,,,
2460609.131130,9.643,0.027,,TG,PEX,,NA,,X38591SD,,0,1.540,Z,,,,ZZ MIC,AAVSO,STD,,,,
2460609.131260,9.671,0.006,,TG,PEX,,NA,,X38591SD,,0,1.541,Z,,,,ZZ MIC,AAVSO,STD,,,,
2460609.131472,9.647,0.060,,TG,PEX,,NA,,X38591SD,,0,1.543,Z,,,,ZZ MIC,AAVSO,STD,,,,
2460609.131602,9.711,0.009,,TG,PEX,,NA,,X38591SD,,0,1.544,Z,,,,ZZ MIC,AAVSO,STD,,,,
2460609.133291,9.655,0.031,,TG,PEX,,NA,,X38591SD,,0,1.558,Z,,,,ZZ MIC,AAVSO,STD,,,,
2460609.133683,9.683,0.059,,TG,PEX,,NA,,X38591SD,,0,1.561,Z,,,,ZZ MIC,AAVSO,STD,,,,
2460609.133915,9.584,0.046,,TG,PEX,,NA,,X38591SD,,0,1.563,Z,,,,ZZ MIC,AAVSO,STD,,,,
2460609.134047,9.671,0.097,,TG,PEX,,NA,,X38591SD,,0,1.565,Z,,,,ZZ MIC,AAVSO,STD,,,,
2460609.134308,9.691,0.011,,TG,PEX,,NA,,X38591SD,,0,1.567,Z,,,,ZZ MIC,AAVSO,STD,,,,
2460609.135190,9.687,0.072,,TG,PEX,,NA,,X38591SD,,0,1.574,Z,,,,ZZ MIC,AAVSO,STD,,,,
2460609.135321,9.642,0.129,,TG,PEX,,NA,,X38591SD,,0,1.576,Z,,,,ZZ MIC,AAVSO,STD,,,,
2460609.135552,9.747,0.051,,TG,PEX,,NA,,X38591SD,,0,1.578,Z,,,,ZZ MIC,AAVSO,STD,,,,
2460609.135683,9.571,0.010,,TG,PEX,,NA,,X38591SD,,0,1.579,Z,,,,ZZ MIC,AAVSO,STD,,,,
2460609.135813,9.708,0.052,,TG,PEX,,NA,,X38591SD,,0,1.580,Z,,,,ZZ MIC,AAVSO,STD,,,,
2460609.135945,9.683,0.043,,TG,PEX,,NA,,X38591SD,,0,1.581,Z,,,,ZZ MIC,AAVSO,STD,,,,
2460609.136075,9.653,0.032,,TG,PEX,,NA,,X38591SD,,0,1.582,Z,,,,ZZ MIC,AAVSO,STD,,,,
2460609.136544,9.684,0.037,,TG,PEX,,NA,,X38591SD,,0,1.586,Z,,,,ZZ MIC,AAVSO,STD,,,,
2460609.136675,9.687,0.019,,TG,PEX,,NA,,X38591SD,,0,1.588,Z,,,,ZZ MIC,AAVSO,STD,,,,
2460609.137475,9.712,0.063,,TG,PEX,,NA,,X38591SD,,0,1.595,Z,,,,ZZ MIC,AAVSO,STD,,,,
2460609.137706,9.557,0.042,,TG,PEX,,NA,,X38591SD,,0,1.597,Z,,,,ZZ MIC,AAVSO,STD,,,,
2460609.138590,9.725,0.016,,TG,PEX,,NA,,X38591SD,,0,1.605,Z,,,,ZZ MIC,AAVSO,STD,,,,
2460609.138852,9.784,0.065,,TG,PEX,,NA,,X38591SD,,0,1.607,Z,,,,ZZ MIC,AAVSO,STD,,,,
2460609.139474,9.618,0.093,,TG,PEX,,NA,,X38591SD,,0,1.613,Z,,,,ZZ MIC,AAVSO,STD,,,,
2460609.145002,9.519,0.007,,TG,PEX,,NA,,X38591SD,,0,1.666,Z,,,,ZZ MIC,AAVSO,STD,,,,
2460609.145132,9.638,0.024,,TG,PEX,,NA,,X38591SD,,0,1.668,Z,,,,ZZ MIC,AAVSO,STD,,,,
2460609.148644,9.439,0.012,,TG,PEX,,NA,,X38591SD,,0,1.704,Z,,,,ZZ MIC,AAVSO,STD,,,,
2460609.149961,9.461,0.061,,TG,PEX,,NA,,X38591SD,,0,1.718,Z,,,,ZZ MIC,AAVSO,STD,,,,
2460881.026948,9.249,0.002,,TG,PEX,,210024-424312,210018-425242,X40493BVR,|CNAME=210024-424312|CDEC=-42.72003|CRA=315.10412|CMAGINS=-12.865|CREFMAG=10.165|KNAME=210018-425242|KDEC=-42.87852|KRA=315.07557|KMAGINS=-12.712|KREFMAG=10.318|VMAGINS=-13.782|VMAG=9.249,0,1.660,Z,-12.866,-12.712,,ZZ MIC,AAVSO,STD,,,,
2460881.027989,9.246,0.002,,TG,PEX,,210024-424312,210018-425242,X40493BVR,|CNAME=210024-424312|CDEC=-42.72003|CRA=315.10412|CMAGINS=-12.863|CREFMAG=10.165|KNAME=210018-425242|KDEC=-42.87852|KRA=315.07557|KMAGINS=-12.710|KREFMAG=10.318|VMAGINS=-13.783|VMAG=9.246,0,1.649,Z,-12.864,-12.731,,ZZ MIC,AAVSO,STD,,,,
2460881.029118,9.235,0.002,,TG,PEX,,210024-424312,210018-425242,X40493BVR,|CNAME=210024-424312|CDEC=-42.72003|CRA=315.10412|CMAGINS=-12.885|CREFMAG=10.165|KNAME=210018-425242|KDEC=-42.87852|KRA=315.07557|KMAGINS=-12.732|KREFMAG=10.318|VMAGINS=-13.815|VMAG=9.235,0,1.639,Z,-12.885,-12.693,,ZZ MIC,AAVSO,STD,,,,
2460881.030036,9.296,0.002,,TG,PEX,,210024-424312,210018-425242,X40493BVR,|CNAME=210024-424312|CDEC=-42.72003|CRA=315.10412|CMAGINS=-12.869|CREFMAG=10.165|KNAME=210018-425242|KDEC=-42.87852|KRA=315.07557|KMAGINS=-12.716|KREFMAG=10.318|VMAGINS=-13.738|VMAG=9.296,0,1.630,Z,-12.869,-12.716,,ZZ MIC,AAVSO,STD,,,,
2460881.031001,9.275,0.002,,TG,PEX,,210024-424312,210018-425242,X40493BVR,|CNAME=210024-424312|CDEC=-42.72003|CRA=315.10412|CMAGINS=-12.840|CREFMAG=10.165|KNAME=210018-425242|KDEC=-42.87852|KRA=315.07557|KMAGINS=-12.687|KREFMAG=10.318|VMAGINS=-13.730|VMAG=9.275,0,1.621,Z,-12.840,-12.738,,ZZ MIC,AAVSO,STD,,,,
2460881.031989,9.226,0.002,,TG,PEX,,210024-424312,210018-425242,X40493BVR,|CNAME=210024-424312|CDEC=-42.72003|CRA=315.10412|CMAGINS=-12.889|CREFMAG=10.165|KNAME=210018-425242|KDEC=-42.87852|KRA=315.07557|KMAGINS=-12.736|KREFMAG=10.318|VMAGINS=-13.828|VMAG=9.226,0,1.611,Z,-12.889,-12.702,,ZZ MIC,AAVSO,STD,,,,
2460881.032799,9.280,0.002,,TG,PEX,,210024-424312,210018-425242,X40493BVR,|CNAME=210024-424312|CDEC=-42.72003|CRA=315.10412|CMAGINS=-12.906|CREFMAG=10.165|KNAME=210018-425242|KDEC=-42.87852|KRA=315.07557|KMAGINS=-12.753|KREFMAG=10.318|VMAGINS=-13.792|VMAG=9.280,0,1.604,Z,-12.907,-12.725,,ZZ MIC,AAVSO,STD,,,,
2460881.033534,9.341,0.002,,TG,PEX,,210024-424312,210018-425242,X40493BVR,|CNAME=210024-424312|CDEC=-42.72003|CRA=315.10412|CMAGINS=-12.935|CREFMAG=10.165|KNAME=210018-425242|KDEC=-42.87852|KRA=315.07557|KMAGINS=-12.782|KREFMAG=10.318|VMAGINS=-13.759|VMAG=9.341,0,1.597,Z,-12.935,-12.762,,ZZ MIC,AAVSO,STD,,,,
2460881.034263,9.350,0.002,,TG,PEX,,210024-424312,210018-425242,X40493BVR,|CNAME=210024-424312|CDEC=-42.72003|CRA=315.10412|CMAGINS=-12.936|CREFMAG=10.165|KNAME=210018-425242|KDEC=-42.87852|KRA=315.07557|KMAGINS=-12.783|KREFMAG=10.318|VMAGINS=-13.751|VMAG=9.350,0,1.591,Z,-12.936,-12.735,,ZZ MIC,AAVSO,STD,,,,
2460881.035001,9.309,0.002,,TG,PEX,,210024-424312,210018-425242,X40493BVR,|CNAME=210024-424312|CDEC=-42.72003|CRA=315.10412|CMAGINS=-12.870|CREFMAG=10.165|KNAME=210018-425242|KDEC=-42.87852|KRA=315.07557|KMAGINS=-12.717|KREFMAG=10.318|VMAGINS=-13.726|VMAG=9.309,0,1.584,Z,-12.870,-12.713,,ZZ MIC,AAVSO,STD,,,,
2460881.035736,9.338,0.002,,TG,PEX,,210024-424312,210018-425242,X40493BVR,|CNAME=210024-424312|CDEC=-42.72003|CRA=315.10412|CMAGINS=-12.872|CREFMAG=10.165|KNAME=210018-425242|KDEC=-42.87852|KRA=315.07557|KMAGINS=-12.719|KREFMAG=10.318|VMAGINS=-13.699|VMAG=9.338,0,1.578,Z,-12.872,-12.677,,ZZ MIC,AAVSO,STD,,,,
2460881.036528,9.352,0.002,,TG,PEX,,210024-424312,210018-425242,X40493BVR,|CNAME=210024-424312|CDEC=-42.72003|CRA=315.10412|CMAGINS=-12.834|CREFMAG=10.165|KNAME=210018-425242|KDEC=-42.87852|KRA=315.07557|KMAGINS=-12.681|KREFMAG=10.318|VMAGINS=-13.647|VMAG=9.352,0,1.571,Z,-12.834,-12.679,,ZZ MIC,AAVSO,STD,,,,
2460881.037321,9.341,0.002,,TG,PEX,,210024-424312,210018-425242,X40493BVR,|CNAME=210024-424312|CDEC=-42.72003|CRA=315.10412|CMAGINS=-12.886|CREFMAG=10.165|KNAME=210018-425242|KDEC=-42.87852|KRA=315.07557|KMAGINS=-12.733|KREFMAG=10.318|VMAGINS=-13.710|VMAG=9.341,0,1.564,Z,-12.886,-12.726,,ZZ MIC,AAVSO,STD,,,,
2460881.038058,9.428,0.002,,TG,PEX,,210024-424312,210018-425242,X40493BVR,|CNAME=210024-424312|CDEC=-42.72003|CRA=315.10412|CMAGINS=-12.949|CREFMAG=10.165|KNAME=210018-425242|KDEC=-42.87852|KRA=315.07557|KMAGINS=-12.796|KREFMAG=10.318|VMAGINS=-13.686|VMAG=9.428,0,1.558,Z,-12.950,-12.779,,ZZ MIC,AAVSO,STD,,,,
2460881.039009,9.399,0.002,,TG,PEX,,210024-424312,210018-425242,X40493BVR,|CNAME=210024-424312|CDEC=-42.72003|CRA=315.10412|CMAGINS=-12.911|CREFMAG=10.165|KNAME=210018-425242|KDEC=-42.87852|KRA=315.07557|KMAGINS=-12.758|KREFMAG=10.318|VMAGINS=-13.678|VMAG=9.399,0,1.550,Z,-12.911,-12.699,,ZZ MIC,AAVSO,STD,,,,
2460881.040048,9.391,0.002,,TG,PEX,,210024-424312,210018-425242,X40493BVR,|CNAME=210024-424312|CDEC=-42.72003|CRA=315.10412|CMAGINS=-12.872|CREFMAG=10.165|KNAME=210018-425242|KDEC=-42.87852|KRA=315.07557|KMAGINS=-12.719|KREFMAG=10.318|VMAGINS=-13.647|VMAG=9.391,0,1.541,Z,-12.873,-12.738,,ZZ MIC,AAVSO,STD,,,,
2460881.040915,9.408,0.002,,TG,PEX,,210024-424312,210018-425242,X40493BVR,|CNAME=210024-424312|CDEC=-42.72003|CRA=315.10412|CMAGINS=-12.893|CREFMAG=10.165|KNAME=210018-425242|KDEC=-42.87852|KRA=315.07557|KMAGINS=-12.740|KREFMAG=10.318|VMAGINS=-13.651|VMAG=9.408,0,1.534,Z,-12.893,-12.714,,ZZ MIC,AAVSO,STD,,,,
2460881.041661,9.408,0.002,,TG,PEX,,210024-424312,210018-425242,X40493BVR,|CNAME=210024-424312|CDEC=-42.72003|CRA=315.10412|CMAGINS=-12.897|CREFMAG=10.165|KNAME=210018-425242|KDEC=-42.87852|KRA=315.07557|KMAGINS=-12.744|KREFMAG=10.318|VMAGINS=-13.654|VMAG=9.408,0,1.528,Z,-12.897,-12.756,,ZZ MIC,AAVSO,STD,,,,
2460881.042398,9.460,0.002,,TG,PEX,,210024-424312,210018-425242,X40493BVR,|CNAME=210024-424312|CDEC=-42.72003|CRA=315.10412|CMAGINS=-12.924|CREFMAG=10.165|KNAME=210018-425242|KDEC=-42.87852|KRA=315.07557|KMAGINS=-12.771|KREFMAG=10.318|VMAGINS=-13.629|VMAG=9.460,0,1.522,Z,-12.924,-12.750,,ZZ MIC,AAVSO,STD,,,,
2460881.043136,9.457,0.002,,TG,PEX,,210024-424312,210018-425242,X40493BVR,|CNAME=210024-424312|CDEC=-42.72003|CRA=315.10412|CMAGINS=-12.914|CREFMAG=10.165|KNAME=210018-425242|KDEC=-42.87852|KRA=315.07557|KMAGINS=-12.762|KREFMAG=10.318|VMAGINS=-13.623|VMAG=9.457,0,1.516,Z,-12.915,-12.727,,ZZ MIC,AAVSO,STD,,,,
2460881.043874,9.473,0.002,,TG,PEX,,210024-424312,210018-425242,X40493BVR,|CNAME=210024-424312|CDEC=-42.72003|CRA=315.10412|CMAGINS=-12.891|CREFMAG=10.165|KNAME=210018-425242|KDEC=-42.87852|KRA=315.07557|KMAGINS=-12.738|KREFMAG=10.318|VMAGINS=-13.584|VMAG=9.473,0,1.510,Z,-12.892,-12.725,,ZZ MIC,AAVSO,STD,,,,
2460881.044601,9.478,0.002,,TG,PEX,,210024-424312,210018-425242,X40493BVR,|CNAME=210024-424312|CDEC=-42.72003|CRA=315.10412|CMAGINS=-12.904|CREFMAG=10.165|KNAME=210018-425242|KDEC=-42.87852|KRA=315.07557|KMAGINS=-12.751|KREFMAG=10.318|VMAGINS=-13.591|VMAG=9.478,0,1.505,Z,-12.904,-12.748,,ZZ MIC,AAVSO,STD,,,,
2460881.045390,9.515,0.002,,TG,PEX,,210024-424312,210018-425242,X40493BVR,|CNAME=210024-424312|CDEC=-42.72003|CRA=315.10412|CMAGINS=-12.900|CREFMAG=10.165|KNAME=210018-425242|KDEC=-42.87852|KRA=315.07557|KMAGINS=-12.747|KREFMAG=10.318|VMAGINS=-13.550|VMAG=9.515,0,1.499,Z,-12.900,-12.728,,ZZ MIC,AAVSO,STD,,,,
2460881.046233,9.507,0.002,,TG,PEX,,210024-424312,210018-425242,X40493BVR,|CNAME=210024-424312|CDEC=-42.72003|CRA=315.10412|CMAGINS=-12.914|CREFMAG=10.165|KNAME=210018-425242|KDEC=-42.87852|KRA=315.07557|KMAGINS=-12.761|KREFMAG=10.318|VMAGINS=-13.573|VMAG=9.507,0,1.492,Z,-12.914,-12.730,,ZZ MIC,AAVSO,STD,,,,
2460881.046960,9.473,0.002,,TG,PEX,,210024-424312,210018-425242,X40493BVR,|CNAME=210024-424312|CDEC=-42.72003|CRA=315.10412|CMAGINS=-12.887|CREFMAG=10.165|KNAME=210018-425242|KDEC=-42.87852|KRA=315.07557|KMAGINS=-12.735|KREFMAG=10.318|VMAGINS=-13.580|VMAG=9.473,0,1.487,Z,-12.888,-12.714,,ZZ MIC,AAVSO,STD,,,,
2460881.047682,9.502,0.002,,TG,PEX,,210024-424312,210018-425242,X40493BVR,|CNAME=210024-424312|CDEC=-42.72003|CRA=315.10412|CMAGINS=-12.906|CREFMAG=10.165|KNAME=210018-425242|KDEC=-42.87852|KRA=315.07557|KMAGINS=-12.753|KREFMAG=10.318|VMAGINS=-13.570|VMAG=9.502,0,1.481,Z,-12.907,-12.731,,ZZ MIC,AAVSO,STD,,,,
2460881.048408,9.522,0.002,,TG,PEX,,210024-424312,210018-425242,X40493BVR,|CNAME=210024-424312|CDEC=-42.72003|CRA=315.10412|CMAGINS=-12.919|CREFMAG=10.165|KNAME=210018-425242|KDEC=-42.87852|KRA=315.07557|KMAGINS=-12.766|KREFMAG=10.318|VMAGINS=-13.563|VMAG=9.522,0,1.476,Z,-12.919,-12.715,,ZZ MIC,AAVSO,STD,,,,
2460881.049133,9.519,0.002,,TG,PEX,,210024-424312,210018-425242,X40493BVR,|CNAME=210024-424312|CDEC=-42.72003|CRA=315.10412|CMAGINS=-12.925|CREFMAG=10.165|KNAME=210018-425242|KDEC=-42.87852|KRA=315.07557|KMAGINS=-12.772|KREFMAG=10.318|VMAGINS=-13.571|VMAG=9.519,0,1.471,Z,-12.926,-12.734,,ZZ MIC,AAVSO,STD,,,,
2460881.049879,9.567,0.002,,TG,PEX,,210024-424312,210018-425242,X40493BVR,|CNAME=210024-424312|CDEC=-42.72003|CRA=315.10412|CMAGINS=-12.941|CREFMAG=10.165|KNAME=210018-425242|KDEC=-42.87852|KRA=315.07557|KMAGINS=-12.788|KREFMAG=10.318|VMAGINS=-13.540|VMAG=9.567,0,1.465,Z,-12.941,-12.741,,ZZ MIC,AAVSO,STD,,,,
2460881.050607,9.554,0.002,,TG,PEX,,210024-424312,210018-425242,X40493BVR,|CNAME=210024-424312|CDEC=-42.72003|CRA=315.10412|CMAGINS=-12.922|CREFMAG=10.165|KNAME=210018-425242|KDEC=-42.87852|KRA=315.07557|KMAGINS=-12.769|KREFMAG=10.318|VMAGINS=-13.533|VMAG=9.554,0,1.460,Z,-12.922,-12.721,,ZZ MIC,AAVSO,STD,,,,
2460881.051419,9.564,0.002,,TG,PEX,,210024-424312,210018-425242,X40493BVR,|CNAME=210024-424312|CDEC=-42.72003|CRA=315.10412|CMAGINS=-12.938|CREFMAG=10.165|KNAME=210018-425242|KDEC=-42.87852|KRA=315.07557|KMAGINS=-12.785|KREFMAG=10.318|VMAGINS=-13.539|VMAG=9.564,0,1.454,Z,-12.938,-12.748,,ZZ MIC,AAVSO,STD,,,,
2460881.052460,9.617,0.003,,TG,PEX,,210024-424312,210018-425242,X40493BVR,|CNAME=210024-424312|CDEC=-42.72003|CRA=315.10412|CMAGINS=-12.929|CREFMAG=10.165|KNAME=210018-425242|KDEC=-42.87852|KRA=315.07557|KMAGINS=-12.777|KREFMAG=10.318|VMAGINS=-13.478|VMAG=9.617,0,1.447,Z,-12.930,-12.726,,ZZ MIC,AAVSO,STD,,,,
2460881.053250,9.566,0.002,,TG,PEX,,210024-424312,210018-425242,X40493BVR,|CNAME=210024-424312|CDEC=-42.72003|CRA=315.10412|CMAGINS=-12.919|CREFMAG=10.165|KNAME=210018-425242|KDEC=-42.87852|KRA=315.07557|KMAGINS=-12.766|KREFMAG=10.318|VMAGINS=-13.518|VMAG=9.566,0,1.442,Z,-12.919,-12.752,,ZZ MIC,AAVSO,STD,,,,
2460881.053983,9.559,0.002,,TG,PEX,,210024-424312,210018-425242,X40493BVR,|CNAME=210024-424312|CDEC=-42.72003|CRA=315.10412|CMAGINS=-12.883|CREFMAG=10.165|KNAME=210018-425242|KDEC=-42.87852|KRA=315.07557|KMAGINS=-12.730|KREFMAG=10.318|VMAGINS=-13.490|VMAG=9.559,0,1.437,Z,-12.883,-12.754,,ZZ MIC,AAVSO,STD,,,,
2460881.054730,9.573,0.002,,TG,PEX,,210024-424312,210018-425242,X40493BVR,|CNAME=210024-424312|CDEC=-42.72003|CRA=315.10412|CMAGINS=-12.915|CREFMAG=10.165|KNAME=210018-425242|KDEC=-42.87852|KRA=315.07557|KMAGINS=-12.762|KREFMAG=10.318|VMAGINS=-13.507|VMAG=9.573,0,1.432,Z,-12.915,-12.746,,ZZ MIC,AAVSO,STD,,,,
2460881.055465,9.609,0.002,,TG,PEX,,210024-424312,210018-425242,X40493BVR,|CNAME=210024-424312|CDEC=-42.72003|CRA=315.10412|CMAGINS=-12.946|CREFMAG=10.165|KNAME=210018-425242|KDEC=-42.87852|KRA=315.07557|KMAGINS=-12.793|KREFMAG=10.318|VMAGINS=-13.502|VMAG=9.609,0,1.427,Z,-12.946,-12.732,,ZZ MIC,AAVSO,STD,,,,
2460881.056202,9.624,0.002,,TG,PEX,,210024-424312,210018-425242,X40493BVR,|CNAME=210024-424312|CDEC=-42.72003|CRA=315.10412|CMAGINS=-12.939|CREFMAG=10.165|KNAME=210018-425242|KDEC=-42.87852|KRA=315.07557|KMAGINS=-12.786|KREFMAG=10.318|VMAGINS=-13.481|VMAG=9.624,0,1.422,Z,-12.939,-12.743,,ZZ MIC,AAVSO,STD,,,,
2460881.056938,9.574,0.002,,TG,PEX,,210024-424312,210018-425242,X40493BVR,|CNAME=210024-424312|CDEC=-42.72003|CRA=315.10412|CMAGINS=-12.897|CREFMAG=10.165|KNAME=210018-425242|KDEC=-42.87852|KRA=315.07557|KMAGINS=-12.745|KREFMAG=10.318|VMAGINS=-13.489|VMAG=9.574,0,1.417,Z,-12.898,-12.707,,ZZ MIC,AAVSO,STD,,,,
2460881.057663,9.607,0.002,,TG,PEX,,210024-424312,210018-425242,X40493BVR,|CNAME=210024-424312|CDEC=-42.72003|CRA=315.10412|CMAGINS=-12.943|CREFMAG=10.165|KNAME=210018-425242|KDEC=-42.87852|KRA=315.07557|KMAGINS=-12.790|KREFMAG=10.318|VMAGINS=-13.502|VMAG=9.607,0,1.412,Z,-12.943,-12.755,,ZZ MIC,AAVSO,STD,,,,
2460881.058398,9.601,0.002,,TG,PEX,,210024-424312,210018-425242,X40493BVR,|CNAME=210024-424312|CDEC=-42.72003|CRA=315.10412|CMAGINS=-12.916|CREFMAG=10.165|KNAME=210018-425242|KDEC=-42.87852|KRA=315.07557|KMAGINS=-12.763|KREFMAG=10.318|VMAGINS=-13.481|VMAG=9.601,0,1.407,Z,-12.917,-12.768,,ZZ MIC,AAVSO,STD,,,,
2460881.059133,9.623,0.002,,TG,PEX,,210024-424312,210018-425242,X40493BVR,|CNAME=210024-424312|CDEC=-42.72003|CRA=315.10412|CMAGINS=-12.927|CREFMAG=10.165|KNAME=210018-425242|KDEC=-42.87852|KRA=315.07557|KMAGINS=-12.774|KREFMAG=10.318|VMAGINS=-13.469|VMAG=9.623,0,1.403,Z,-12.927,-12.776,,ZZ MIC,AAVSO,STD,,,,
2460881.059858,9.627,0.002,,TG,PEX,,210024-424312,210018-425242,X40493BVR,|CNAME=210024-424312|CDEC=-42.72003|CRA=315.10412|CMAGINS=-12.937|CREFMAG=10.165|KNAME=210018-425242|KDEC=-42.87852|KRA=315.07557|KMAGINS=-12.784|KREFMAG=10.318|VMAGINS=-13.475|VMAG=9.627,0,1.398,Z,-12.937,-12.757,,ZZ MIC,AAVSO,STD,,,,
2460881.060593,9.611,0.002,,TG,PEX,,210024-424312,210018-425242,X40493BVR,|CNAME=210024-424312|CDEC=-42.72003|CRA=315.10412|CMAGINS=-12.928|CREFMAG=10.165|KNAME=210018-425242|KDEC=-42.87852|KRA=315.07557|KMAGINS=-12.775|KREFMAG=10.318|VMAGINS=-13.483|VMAG=9.611,0,1.393,Z,-12.929,-12.747,,ZZ MIC,AAVSO,STD,,,,
2460881.061327,9.649,0.002,,TG,PEX,,210024-424312,210018-425242,X40493BVR,|CNAME=210024-424312|CDEC=-42.72003|CRA=315.10412|CMAGINS=-12.951|CREFMAG=10.165|KNAME=210018-425242|KDEC=-42.87852|KRA=315.07557|KMAGINS=-12.799|KREFMAG=10.318|VMAGINS=-13.468|VMAG=9.649,0,1.389,Z,-12.952,-12.734,,ZZ MIC,AAVSO,STD,,,,
2460881.062063,9.620,0.002,,TG,PEX,,210024-424312,210018-425242,X40493BVR,|CNAME=210024-424312|CDEC=-42.72003|CRA=315.10412|CMAGINS=-12.943|CREFMAG=10.165|KNAME=210018-425242|KDEC=-42.87852|KRA=315.07557|KMAGINS=-12.790|KREFMAG=10.318|VMAGINS=-13.488|VMAG=9.620,0,1.384,Z,-12.943,-12.767,,ZZ MIC,AAVSO,STD,,,,
2460881.062800,9.627,0.002,,TG,PEX,,210024-424312,210018-425242,X40493BVR,|CNAME=210024-424312|CDEC=-42.72003|CRA=315.10412|CMAGINS=-12.936|CREFMAG=10.165|KNAME=210018-425242|KDEC=-42.87852|KRA=315.07557|KMAGINS=-12.783|KREFMAG=10.318|VMAGINS=-13.474|VMAG=9.627,0,1.380,Z,-12.937,-12.781,,ZZ MIC,AAVSO,STD,,,,
2460881.063535,9.631,0.002,,TG,PEX,,210024-424312,210018-425242,X40493BVR,|CNAME=210024-424312|CDEC=-42.72003|CRA=315.10412|CMAGINS=-12.930|CREFMAG=10.165|KNAME=210018-425242|KDEC=-42.87852|KRA=315.07557|KMAGINS=-12.777|KREFMAG=10.318|VMAGINS=-13.464|VMAG=9.631,0,1.376,Z,-12.930,-12.750,,ZZ MIC,AAVSO,STD,,,,
2460881.064270,9.647,0.002,,TG,PEX,,210024-424312,210018-425242,X40493BVR,|CNAME=210024-424312|CDEC=-42.72003|CRA=315.10412|CMAGINS=-12.931|CREFMAG=10.165|KNAME=210018-425242|KDEC=-42.87852|KRA=315.07557|KMAGINS=-12.778|KREFMAG=10.318|VMAGINS=-13.449|VMAG=9.647,0,1.371,Z,-12.931,-12.763,,ZZ MIC,AAVSO,STD,,,,
2460881.064994,9.663,0.002,,TG,PEX,,210024-424312,210018-425242,X40493BVR,|CNAME=210024-424312|CDEC=-42.72003|CRA=315.10412|CMAGINS=-12.957|CREFMAG=10.165|KNAME=210018-425242|KDEC=-42.87852|KRA=315.07557|KMAGINS=-12.804|KREFMAG=10.318|VMAGINS=-13.459|VMAG=9.663,0,1.367,Z,-12.958,-12.773,,ZZ MIC,AAVSO,STD,,,,
2460881.065720,9.611,0.002,,TG,PEX,,210024-424312,210018-425242,X40493BVR,|CNAME=210024-424312|CDEC=-42.72003|CRA=315.10412|CMAGINS=-12.921|CREFMAG=10.165|KNAME=210018-425242|KDEC=-42.87852|KRA=315.07557|KMAGINS=-12.768|KREFMAG=10.318|VMAGINS=-13.476|VMAG=9.611,0,1.363,Z,-12.922,-12.772,,ZZ MIC,AAVSO,STD,,,,
2460881.066456,9.671,0.002,,TG,PEX,,210024-424312,210018-425242,X40493BVR,|CNAME=210024-424312|CDEC=-42.72003|CRA=315.10412|CMAGINS=-12.946|CREFMAG=10.165|KNAME=210018-425242|KDEC=-42.87852|KRA=315.07557|KMAGINS=-12.793|KREFMAG=10.318|VMAGINS=-13.441|VMAG=9.671,0,1.358,Z,-12.946,-12.776,,ZZ MIC,AAVSO,STD,,,,
2460881.067202,9.659,0.002,,TG,PEX,,210024-424312,210018-425242,X40493BVR,|CNAME=210024-424312|CDEC=-42.72003|CRA=315.10412|CMAGINS=-12.936|CREFMAG=10.165|KNAME=210018-425242|KDEC=-42.87852|KRA=315.07557|KMAGINS=-12.783|KREFMAG=10.318|VMAGINS=-13.442|VMAG=9.659,0,1.354,Z,-12.936,-12.753,,ZZ MIC,AAVSO,STD,,,,
2460881.067937,9.679,0.002,,TG,PEX,,210024-424312,210018-425242,X40493BVR,|CNAME=210024-424312|CDEC=-42.72003|CRA=315.10412|CMAGINS=-12.971|CREFMAG=10.165|KNAME=210018-425242|KDEC=-42.87852|KRA=315.07557|KMAGINS=-12.819|KREFMAG=10.318|VMAGINS=-13.458|VMAG=9.679,0,1.350,Z,-12.972,-12.754,,ZZ MIC,AAVSO,STD,,,,
2460881.068664,9.650,0.002,,TG,PEX,,210024-424312,210018-425242,X40493BVR,|CNAME=210024-424312|CDEC=-42.72003|CRA=315.10412|CMAGINS=-12.927|CREFMAG=10.165|KNAME=210018-425242|KDEC=-42.87852|KRA=315.07557|KMAGINS=-12.774|KREFMAG=10.318|VMAGINS=-13.442|VMAG=9.650,0,1.346,Z,-12.927,-12.718,,ZZ MIC,AAVSO,STD,,,,
2460881.069401,9.618,0.002,,TG,PEX,,210024-424312,210018-425242,X40493BVR,|CNAME=210024-424312|CDEC=-42.72003|CRA=315.10412|CMAGINS=-12.923|CREFMAG=10.165|KNAME=210018-425242|KDEC=-42.87852|KRA=315.07557|KMAGINS=-12.770|KREFMAG=10.318|VMAGINS=-13.470|VMAG=9.618,0,1.342,Z,-12.924,-12.760,,ZZ MIC,AAVSO,STD,,,,
2460881.070135,9.670,0.002,,TG,PEX,,210024-424312,210018-425242,X40493BVR,|CNAME=210024-424312|CDEC=-42.72003|CRA=315.10412|CMAGINS=-12.960|CREFMAG=10.165|KNAME=210018-425242|KDEC=-42.87852|KRA=315.07557|KMAGINS=-12.807|KREFMAG=10.318|VMAGINS=-13.456|VMAG=9.670,0,1.338,Z,-12.960,-12.756,,ZZ MIC,AAVSO,STD,,,,
2460881.070860,9.659,0.002,,TG,PEX,,210024-424312,210018-425242,X40493BVR,|CNAME=210024-424312|CDEC=-42.72003|CRA=315.10412|CMAGINS=-12.940|CREFMAG=10.165|KNAME=210018-425242|KDEC=-42.87852|KRA=315.07557|KMAGINS=-12.787|KREFMAG=10.318|VMAGINS=-13.446|VMAG=9.659,0,1.334,Z,-12.940,-12.771,,ZZ MIC,AAVSO,STD,,,,
2460881.071597,9.624,0.002,,TG,PEX,,210024-424312,210018-425242,X40493BVR,|CNAME=210024-424312|CDEC=-42.72003|CRA=315.10412|CMAGINS=-12.922|CREFMAG=10.165|KNAME=210018-425242|KDEC=-42.87852|KRA=315.07557|KMAGINS=-12.769|KREFMAG=10.318|VMAGINS=-13.463|VMAG=9.624,0,1.330,Z,-12.922,-12.757,,ZZ MIC,AAVSO,STD,,,,
2460881.072334,9.663,0.002,,TG,PEX,,210024-424312,210018-425242,X40493BVR,|CNAME=210024-424312|CDEC=-42.72003|CRA=315.10412|CMAGINS=-12.927|CREFMAG=10.165|KNAME=210018-425242|KDEC=-42.87852|KRA=315.07557|KMAGINS=-12.774|KREFMAG=10.318|VMAGINS=-13.429|VMAG=9.663,0,1.326,Z,-12.927,-12.747,,ZZ MIC,AAVSO,STD,,,,
2460881.073070,9.594,0.002,,TG,PEX,,210024-424312,210018-425242,X40493BVR,|CNAME=210024-424312|CDEC=-42.72003|CRA=315.10412|CMAGINS=-12.909|CREFMAG=10.165|KNAME=210018-425242|KDEC=-42.87852|KRA=315.07557|KMAGINS=-12.756|KREFMAG=10.318|VMAGINS=-13.480|VMAG=9.594,0,1.322,Z,-12.909,-12.765,,ZZ MIC,AAVSO,STD,,,,
2460881.073807,9.618,0.002,,TG,PEX,,210024-424312,210018-425242,X40493BVR,|CNAME=210024-424312|CDEC=-42.72003|CRA=315.10412|CMAGINS=-12.935|CREFMAG=10.165|KNAME=210018-425242|KDEC=-42.87852|KRA=315.07557|KMAGINS=-12.782|KREFMAG=10.318|VMAGINS=-13.482|VMAG=9.618,0,1.318,Z,-12.935,-12.754,,ZZ MIC,AAVSO,STD,,,,
2460881.074534,9.624,0.002,,TG,PEX,,210024-424312,210018-425242,X40493BVR,|CNAME=210024-424312|CDEC=-42.72003|CRA=315.10412|CMAGINS=-12.926|CREFMAG=10.165|KNAME=210018-425242|KDEC=-42.87852|KRA=315.07557|KMAGINS=-12.773|KREFMAG=10.318|VMAGINS=-13.467|VMAG=9.624,0,1.314,Z,-12.927,-12.775,,ZZ MIC,AAVSO,STD,,,,
2460881.075261,9.646,0.002,,TG,PEX,,210024-424312,210018-425242,X40493BVR,|CNAME=210024-424312|CDEC=-42.72003|CRA=315.10412|CMAGINS=-12.943|CREFMAG=10.165|KNAME=210018-425242|KDEC=-42.87852|KRA=315.07557|KMAGINS=-12.790|KREFMAG=10.318|VMAGINS=-13.462|VMAG=9.646,0,1.310,Z,-12.943,-12.791,,ZZ MIC,AAVSO,STD,,,,
2460881.075997,9.676,0.002,,TG,PEX,,210024-424312,210018-425242,X40493BVR,|CNAME=210024-424312|CDEC=-42.72003|CRA=315.10412|CMAGINS=-12.968|CREFMAG=10.165|KNAME=210018-425242|KDEC=-42.87852|KRA=315.07557|KMAGINS=-12.815|KREFMAG=10.318|VMAGINS=-13.457|VMAG=9.676,0,1.307,Z,-12.969,-12.774,,ZZ MIC,AAVSO,STD,,,,
2460881.076734,9.607,0.002,,TG,PEX,,210024-424312,210018-425242,X40493BVR,|CNAME=210024-424312|CDEC=-42.72003|CRA=315.10412|CMAGINS=-12.951|CREFMAG=10.165|KNAME=210018-425242|KDEC=-42.87852|KRA=315.07557|KMAGINS=-12.798|KREFMAG=10.318|VMAGINS=-13.509|VMAG=9.607,0,1.303,Z,-12.951,-12.781,,ZZ MIC,AAVSO,STD,,,,
2460881.077469,9.614,0.002,,TG,PEX,,210024-424312,210018-425242,X40493BVR,|CNAME=210024-424312|CDEC=-42.72003|CRA=315.10412|CMAGINS=-12.959|CREFMAG=10.165|KNAME=210018-425242|KDEC=-42.87852|KRA=315.07557|KMAGINS=-12.806|KREFMAG=10.318|VMAGINS=-13.510|VMAG=9.614,0,1.299,Z,-12.959,-12.781,,ZZ MIC,AAVSO,STD,,,,
2460881.078205,9.617,0.002,,TG,PEX,,210024-424312,210018-425242,X40493BVR,|CNAME=210024-424312|CDEC=-42.72003|CRA=315.10412|CMAGINS=-12.957|CREFMAG=10.165|KNAME=210018-425242|KDEC=-42.87852|KRA=315.07557|KMAGINS=-12.804|KREFMAG=10.318|VMAGINS=-13.505|VMAG=9.617,0,1.296,Z,-12.957,-12.769,,ZZ MIC,AAVSO,STD,,,,
2460881.078933,9.601,0.002,,TG,PEX,,210024-424312,210018-425242,X40493BVR,|CNAME=210024-424312|CDEC=-42.72003|CRA=315.10412|CMAGINS=-12.978|CREFMAG=10.165|KNAME=210018-425242|KDEC=-42.87852|KRA=315.07557|KMAGINS=-12.825|KREFMAG=10.318|VMAGINS=-13.542|VMAG=9.601,0,1.292,Z,-12.978,-12.792,,ZZ MIC,AAVSO,STD,,,,
2460881.079660,9.598,0.002,,TG,PEX,,210024-424312,210018-425242,X40493BVR,|CNAME=210024-424312|CDEC=-42.72003|CRA=315.10412|CMAGINS=-12.942|CREFMAG=10.165|KNAME=210018-425242|KDEC=-42.87852|KRA=315.07557|KMAGINS=-12.789|KREFMAG=10.318|VMAGINS=-13.508|VMAG=9.598,0,1.288,Z,-12.942,-12.760,,ZZ MIC,AAVSO,STD,,,,
2460881.080395,9.605,0.002,,TG,PEX,,210024-424312,210018-425242,X40493BVR,|CNAME=210024-424312|CDEC=-42.72003|CRA=315.10412|CMAGINS=-12.970|CREFMAG=10.165|KNAME=210018-425242|KDEC=-42.87852|KRA=315.07557|KMAGINS=-12.817|KREFMAG=10.318|VMAGINS=-13.531|VMAG=9.605,0,1.285,Z,-12.971,-12.793,,ZZ MIC,AAVSO,STD,,,,
2460881.081141,9.554,0.002,,TG,PEX,,210024-424312,210018-425242,X40493BVR,|CNAME=210024-424312|CDEC=-42.72003|CRA=315.10412|CMAGINS=-12.952|CREFMAG=10.165|KNAME=210018-425242|KDEC=-42.87852|KRA=315.07557|KMAGINS=-12.799|KREFMAG=10.318|VMAGINS=-13.563|VMAG=9.554,0,1.281,Z,-12.953,-12.770,,ZZ MIC,AAVSO,STD,,,,
2460881.081876,9.539,0.002,,TG,PEX,,210024-424312,210018-425242,X40493BVR,|CNAME=210024-424312|CDEC=-42.72003|CRA=315.10412|CMAGINS=-12.947|CREFMAG=10.165|KNAME=210018-425242|KDEC=-42.87852|KRA=315.07557|KMAGINS=-12.794|KREFMAG=10.318|VMAGINS=-13.574|VMAG=9.539,0,1.278,Z,-12.948,-12.808,,ZZ MIC,AAVSO,STD,,,,
2460881.082603,9.568,0.002,,TG,PEX,,210024-424312,210018-425242,X40493BVR,|CNAME=210024-424312|CDEC=-42.72003|CRA=315.10412|CMAGINS=-12.984|CREFMAG=10.165|KNAME=210018-425242|KDEC=-42.87852|KRA=315.07557|KMAGINS=-12.831|KREFMAG=10.318|VMAGINS=-13.581|VMAG=9.568,0,1.274,Z,-12.984,-12.791,,ZZ MIC,AAVSO,STD,,,,
2460881.083331,9.515,0.002,,TG,PEX,,210024-424312,210018-425242,X40493BVR,|CNAME=210024-424312|CDEC=-42.72003|CRA=315.10412|CMAGINS=-12.941|CREFMAG=10.165|KNAME=210018-425242|KDEC=-42.87852|KRA=315.07557|KMAGINS=-12.788|KREFMAG=10.318|VMAGINS=-13.591|VMAG=9.515,0,1.271,Z,-12.941,-12.753,,ZZ MIC,AAVSO,STD,,,,
2460881.084067,9.507,0.002,,TG,PEX,,210024-424312,210018-425242,X40493BVR,|CNAME=210024-424312|CDEC=-42.72003|CRA=315.10412|CMAGINS=-12.962|CREFMAG=10.165|KNAME=210018-425242|KDEC=-42.87852|KRA=315.07557|KMAGINS=-12.809|KREFMAG=10.318|VMAGINS=-13.620|VMAG=9.507,0,1.268,Z,-12.962,-12.765,,ZZ MIC,AAVSO,STD,,,,
2460881.084812,9.521,0.002,,TG,PEX,,210024-424312,210018-425242,X40493BVR,|CNAME=210024-424312|CDEC=-42.72003|CRA=315.10412|CMAGINS=-12.979|CREFMAG=10.165|KNAME=210018-425242|KDEC=-42.87852|KRA=315.07557|KMAGINS=-12.827|KREFMAG=10.318|VMAGINS=-13.624|VMAG=9.521,0,1.264,Z,-12.980,-12.777,,ZZ MIC,AAVSO,STD,,,,
2460881.085557,9.457,0.002,,TG,PEX,,210024-424312,210018-425242,X40493BVR,|CNAME=210024-424312|CDEC=-42.72003|CRA=315.10412|CMAGINS=-12.952|CREFMAG=10.165|KNAME=210018-425242|KDEC=-42.87852|KRA=315.07557|KMAGINS=-12.799|KREFMAG=10.318|VMAGINS=-13.660|VMAG=9.457,0,1.261,Z,-12.952,-12.766,,ZZ MIC,AAVSO,STD,,,,
2460881.086294,9.452,0.002,,TG,PEX,,210024-424312,210018-425242,X40493BVR,|CNAME=210024-424312|CDEC=-42.72003|CRA=315.10412|CMAGINS=-12.942|CREFMAG=10.165|KNAME=210018-425242|KDEC=-42.87852|KRA=315.07557|KMAGINS=-12.789|KREFMAG=10.318|VMAGINS=-13.655|VMAG=9.452,0,1.258,Z,-12.942,-12.792,,ZZ MIC,AAVSO,STD,,,,
2460881.087076,9.421,0.002,,TG,PEX,,210024-424312,210018-425242,X40493BVR,|CNAME=210024-424312|CDEC=-42.72003|CRA=315.10412|CMAGINS=-12.957|CREFMAG=10.165|KNAME=210018-425242|KDEC=-42.87852|KRA=315.07557|KMAGINS=-12.804|KREFMAG=10.318|VMAGINS=-13.702|VMAG=9.421,0,1.254,Z,-12.958,-12.783,,ZZ MIC,AAVSO,STD,,,,
2460881.087868,9.407,0.002,,TG,PEX,,210024-424312,210018-425242,X40493BVR,|CNAME=210024-424312|CDEC=-42.72003|CRA=315.10412|CMAGINS=-12.962|CREFMAG=10.165|KNAME=210018-425242|KDEC=-42.87852|KRA=315.07557|KMAGINS=-12.809|KREFMAG=10.318|VMAGINS=-13.720|VMAG=9.407,0,1.251,Z,-12.962,-12.806,,ZZ MIC,AAVSO,STD,,,,
2460881.088605,9.370,0.002,,TG,PEX,,210024-424312,210018-425242,X40493BVR,|CNAME=210024-424312|CDEC=-42.72003|CRA=315.10412|CMAGINS=-12.950|CREFMAG=10.165|KNAME=210018-425242|KDEC=-42.87852|KRA=315.07557|KMAGINS=-12.797|KREFMAG=10.318|VMAGINS=-13.745|VMAG=9.370,0,1.248,Z,-12.950,-12.785,,ZZ MIC,AAVSO,STD,,,,
2460881.089342,9.379,0.002,,TG,PEX,,210024-424312,210018-425242,X40493BVR,|CNAME=210024-424312|CDEC=-42.72003|CRA=315.10412|CMAGINS=-12.961|CREFMAG=10.165|KNAME=210018-425242|KDEC=-42.87852|KRA=315.07557|KMAGINS=-12.808|KREFMAG=10.318|VMAGINS=-13.748|VMAG=9.379,0,1.244,Z,-12.962,-12.808,,ZZ MIC,AAVSO,STD,,,,
2460881.090088,9.331,0.002,,TG,PEX,,210024-424312,210018-425242,X40493BVR,|CNAME=210024-424312|CDEC=-42.72003|CRA=315.10412|CMAGINS=-12.961|CREFMAG=10.165|KNAME=210018-425242|KDEC=-42.87852|KRA=315.07557|KMAGINS=-12.808|KREFMAG=10.318|VMAGINS=-13.795|VMAG=9.331,0,1.241,Z,-12.961,-12.728,,ZZ MIC,AAVSO,STD,,,,
2460881.090826,9.337,0.002,,TG,PEX,,210024-424312,210018-425242,X40493BVR,|CNAME=210024-424312|CDEC=-42.72003|CRA=315.10412|CMAGINS=-12.967|CREFMAG=10.165|KNAME=210018-425242|KDEC=-42.87852|KRA=315.07557|KMAGINS=-12.814|KREFMAG=10.318|VMAGINS=-13.796|VMAG=9.337,0,1.238,Z,-12.968,-12.735,,ZZ MIC,AAVSO,STD,,,,
2460881.091563,9.311,0.001,,TG,PEX,,210024-424312,210018-425242,X40493BVR,|CNAME=210024-424312|CDEC=-42.72003|CRA=315.10412|CMAGINS=-12.958|CREFMAG=10.165|KNAME=210018-425242|KDEC=-42.87852|KRA=315.07557|KMAGINS=-12.805|KREFMAG=10.318|VMAGINS=-13.812|VMAG=9.311,0,1.235,Z,-12.958,-12.801,,ZZ MIC,AAVSO,STD,,,,
2460881.092299,9.319,0.002,,TG,PEX,,210024-424312,210018-425242,X40493BVR,|CNAME=210024-424312|CDEC=-42.72003|CRA=315.10412|CMAGINS=-12.963|CREFMAG=10.165|KNAME=210018-425242|KDEC=-42.87852|KRA=315.07557|KMAGINS=-12.810|KREFMAG=10.318|VMAGINS=-13.810|VMAG=9.319,0,1.232,Z,-12.963,-12.813,,ZZ MIC,AAVSO,STD,,,,
2460881.093037,9.284,0.002,,TG,PEX,,210024-424312,210018-425242,X40493BVR,|CNAME=210024-424312|CDEC=-42.72003|CRA=315.10412|CMAGINS=-12.955|CREFMAG=10.165|KNAME=210018-425242|KDEC=-42.87852|KRA=315.07557|KMAGINS=-12.802|KREFMAG=10.318|VMAGINS=-13.836|VMAG=9.284,0,1.229,Z,-12.955,-12.799,,ZZ MIC,AAVSO,STD,,,,
2460881.093773,9.282,0.001,,TG,PEX,,210024-424312,210018-425242,X40493BVR,|CNAME=210024-424312|CDEC=-42.72003|CRA=315.10412|CMAGINS=-12.957|CREFMAG=10.165|KNAME=210018-425242|KDEC=-42.87852|KRA=315.07557|KMAGINS=-12.804|KREFMAG=10.318|VMAGINS=-13.840|VMAG=9.282,0,1.226,Z,-12.957,-12.782,,ZZ MIC,AAVSO,STD,,,,
2460881.094500,9.288,0.001,,TG,PEX,,210024-424312,210018-425242,X40493BVR,|CNAME=210024-424312|CDEC=-42.72003|CRA=315.10412|CMAGINS=-12.968|CREFMAG=10.165|KNAME=210018-425242|KDEC=-42.87852|KRA=315.07557|KMAGINS=-12.815|KREFMAG=10.318|VMAGINS=-13.845|VMAG=9.288,0,1.223,Z,-12.968,-12.781,,ZZ MIC,AAVSO,STD,,,,
2460881.095237,9.280,0.001,,TG,PEX,,210024-424312,210018-425242,X40493BVR,|CNAME=210024-424312|CDEC=-42.72003|CRA=315.10412|CMAGINS=-12.978|CREFMAG=10.165|KNAME=210018-425242|KDEC=-42.87852|KRA=315.07557|KMAGINS=-12.825|KREFMAG=10.318|VMAGINS=-13.864|VMAG=9.280,0,1.220,Z,-12.979,-12.786,,ZZ MIC,AAVSO,STD,,,,
2460881.095973,9.255,0.002,,TG,PEX,,210024-424312,210018-425242,X40493BVR,|CNAME=210024-424312|CDEC=-42.72003|CRA=315.10412|CMAGINS=-12.961|CREFMAG=10.165|KNAME=210018-425242|KDEC=-42.87852|KRA=315.07557|KMAGINS=-12.808|KREFMAG=10.318|VMAGINS=-13.872|VMAG=9.255,0,1.217,Z,-12.962,-12.792,,ZZ MIC,AAVSO,STD,,,,
2460881.096698,9.244,0.002,,TG,PEX,,210024-424312,210018-425242,X40493BVR,|CNAME=210024-424312|CDEC=-42.72003|CRA=315.10412|CMAGINS=-12.946|CREFMAG=10.165|KNAME=210018-425242|KDEC=-42.87852|KRA=315.07557|KMAGINS=-12.793|KREFMAG=10.318|VMAGINS=-13.867|VMAG=9.244,0,1.215,Z,-12.947,-12.789,,ZZ MIC,AAVSO,STD,,,,
2460881.097422,9.254,0.001,,TG,PEX,,210024-424312,210018-425242,X40493BVR,|CNAME=210024-424312|CDEC=-42.72003|CRA=315.10412|CMAGINS=-12.961|CREFMAG=10.165|KNAME=210018-425242|KDEC=-42.87852|KRA=315.07557|KMAGINS=-12.808|KREFMAG=10.318|VMAGINS=-13.872|VMAG=9.254,0,1.212,Z,-12.962,-12.779,,ZZ MIC,AAVSO,STD,,,,
2460881.098156,9.238,0.001,,TG,PEX,,210024-424312,210018-425242,X40493BVR,|CNAME=210024-424312|CDEC=-42.72003|CRA=315.10412|CMAGINS=-12.963|CREFMAG=10.165|KNAME=210018-425242|KDEC=-42.87852|KRA=315.07557|KMAGINS=-12.810|KREFMAG=10.318|VMAGINS=-13.890|VMAG=9.238,0,1.209,Z,-12.963,-12.805,,ZZ MIC,AAVSO,STD,,,,
2460881.098891,9.225,0.002,,TG,PEX,,210024-424312,210018-425242,X40493BVR,|CNAME=210024-424312|CDEC=-42.72003|CRA=315.10412|CMAGINS=-12.946|CREFMAG=10.165|KNAME=210018-425242|KDEC=-42.87852|KRA=315.07557|KMAGINS=-12.794|KREFMAG=10.318|VMAGINS=-13.887|VMAG=9.225,0,1.206,Z,-12.947,-12.806,,ZZ MIC,AAVSO,STD,,,,
2460881.099615,9.283,0.001,,TG,PEX,,210024-424312,210018-425242,X40493BVR,|CNAME=210024-424312|CDEC=-42.72003|CRA=315.10412|CMAGINS=-12.978|CREFMAG=10.165|KNAME=210018-425242|KDEC=-42.87852|KRA=315.07557|KMAGINS=-12.825|KREFMAG=10.318|VMAGINS=-13.861|VMAG=9.283,0,1.204,Z,-12.978,-12.806,,ZZ MIC,AAVSO,STD,,,,
2460881.100352,9.286,0.001,,TG,PEX,,210024-424312,210018-425242,X40493BVR,|CNAME=210024-424312|CDEC=-42.72003|CRA=315.10412|CMAGINS=-12.982|CREFMAG=10.165|KNAME=210018-425242|KDEC=-42.87852|KRA=315.07557|KMAGINS=-12.829|KREFMAG=10.318|VMAGINS=-13.861|VMAG=9.286,0,1.201,Z,-12.982,-12.810,,ZZ MIC,AAVSO,STD,,,,
2460881.101089,9.328,0.002,,TG,PEX,,210024-424312,210018-425242,X40493BVR,|CNAME=210024-424312|CDEC=-42.72003|CRA=315.10412|CMAGINS=-12.982|CREFMAG=10.165|KNAME=210018-425242|KDEC=-42.87852|KRA=315.07557|KMAGINS=-12.829|KREFMAG=10.318|VMAGINS=-13.819|VMAG=9.328,0,1.198,Z,-12.982,-12.783,,ZZ MIC,AAVSO,STD,,,,
2460881.101825,9.334,0.002,,TG,PEX,,210024-424312,210018-425242,X40493BVR,|CNAME=210024-424312|CDEC=-42.72003|CRA=315.10412|CMAGINS=-12.993|CREFMAG=10.165|KNAME=210018-425242|KDEC=-42.87852|KRA=315.07557|KMAGINS=-12.840|KREFMAG=10.318|VMAGINS=-13.824|VMAG=9.334,0,1.195,Z,-12.993,-12.790,,ZZ MIC,AAVSO,STD,,,,
2460881.102637,9.324,0.002,,TG,PEX,,210024-424312,210018-425242,X40493BVR,|CNAME=210024-424312|CDEC=-42.72003|CRA=315.10412|CMAGINS=-12.967|CREFMAG=10.165|KNAME=210018-425242|KDEC=-42.87852|KRA=315.07557|KMAGINS=-12.814|KREFMAG=10.318|VMAGINS=-13.808|VMAG=9.324,0,1.192,Z,-12.967,-12.830,,ZZ MIC,AAVSO,STD,,,,
2460881.103438,9.370,0.002,,TG,PEX,,210024-424312,210018-425242,X40493BVR,|CNAME=210024-424312|CDEC=-42.72003|CRA=315.10412|CMAGINS=-12.975|CREFMAG=10.165|KNAME=210018-425242|KDEC=-42.87852|KRA=315.07557|KMAGINS=-12.822|KREFMAG=10.318|VMAGINS=-13.771|VMAG=9.370,0,1.190,Z,-12.976,-12.796,,ZZ MIC,AAVSO,STD,,,,
2460881.104164,9.359,0.001,,TG,PEX,,210024-424312,210018-425242,X40493BVR,|CNAME=210024-424312|CDEC=-42.72003|CRA=315.10412|CMAGINS=-12.973|CREFMAG=10.165|KNAME=210018-425242|KDEC=-42.87852|KRA=315.07557|KMAGINS=-12.821|KREFMAG=10.318|VMAGINS=-13.780|VMAG=9.359,0,1.187,Z,-12.974,-12.778,,ZZ MIC,AAVSO,STD,,,,
2460881.104901,9.350,0.001,,TG,PEX,,210024-424312,210018-425242,X40493BVR,|CNAME=210024-424312|CDEC=-42.72003|CRA=315.10412|CMAGINS=-12.970|CREFMAG=10.165|KNAME=210018-425242|KDEC=-42.87852|KRA=315.07557|KMAGINS=-12.818|KREFMAG=10.318|VMAGINS=-13.786|VMAG=9.350,0,1.185,Z,-12.971,-12.795,,ZZ MIC,AAVSO,STD,,,,
2460881.105639,9.343,0.002,,TG,PEX,,210024-424312,210018-425242,X40493BVR,|CNAME=210024-424312|CDEC=-42.72003|CRA=315.10412|CMAGINS=-12.940|CREFMAG=10.165|KNAME=210018-425242|KDEC=-42.87852|KRA=315.07557|KMAGINS=-12.788|KREFMAG=10.318|VMAGINS=-13.763|VMAG=9.343,0,1.182,Z,-12.941,-12.786,,ZZ MIC,AAVSO,STD,,,,
2460881.106376,9.412,0.002,,TG,PEX,,210024-424312,210018-425242,X40493BVR,|CNAME=210024-424312|CDEC=-42.72003|CRA=315.10412|CMAGINS=-12.993|CREFMAG=10.165|KNAME=210018-425242|KDEC=-42.87852|KRA=315.07557|KMAGINS=-12.840|KREFMAG=10.318|VMAGINS=-13.746|VMAG=9.412,0,1.179,Z,-12.993,-12.794,,ZZ MIC,AAVSO,STD,,,,
2460881.107112,9.392,0.001,,TG,PEX,,210024-424312,210018-425242,X40493BVR,|CNAME=210024-424312|CDEC=-42.72003|CRA=315.10412|CMAGINS=-12.971|CREFMAG=10.165|KNAME=210018-425242|KDEC=-42.87852|KRA=315.07557|KMAGINS=-12.818|KREFMAG=10.318|VMAGINS=-13.745|VMAG=9.392,0,1.177,Z,-12.972,-12.811,,ZZ MIC,AAVSO,STD,,,,
2460881.107848,9.400,0.002,,TG,PEX,,210024-424312,210018-425242,X40493BVR,|CNAME=210024-424312|CDEC=-42.72003|CRA=315.10412|CMAGINS=-12.949|CREFMAG=10.165|KNAME=210018-425242|KDEC=-42.87852|KRA=315.07557|KMAGINS=-12.796|KREFMAG=10.318|VMAGINS=-13.715|VMAG=9.400,0,1.175,Z,-12.949,-12.780,,ZZ MIC,AAVSO,STD,,,,
2460881.108584,9.427,0.002,,TG,PEX,,210024-424312,210018-425242,X40493BVR,|CNAME=210024-424312|CDEC=-42.72003|CRA=315.10412|CMAGINS=-12.977|CREFMAG=10.165|KNAME=210018-425242|KDEC=-42.87852|KRA=315.07557|KMAGINS=-12.824|KREFMAG=10.318|VMAGINS=-13.715|VMAG=9.427,0,1.172,Z,-12.977,-12.799,,ZZ MIC,AAVSO,STD,,,,
2460881.109309,9.434,0.002,,TG,PEX,,210024-424312,210018-425242,X40493BVR,|CNAME=210024-424312|CDEC=-42.72003|CRA=315.10412|CMAGINS=-12.952|CREFMAG=10.165|KNAME=210018-425242|KDEC=-42.87852|KRA=315.07557|KMAGINS=-12.799|KREFMAG=10.318|VMAGINS=-13.683|VMAG=9.434,0,1.170,Z,-12.952,-12.793,,ZZ MIC,AAVSO,STD,,,,
2460881.110033,9.456,0.002,,TG,PEX,,210024-424312,210018-425242,X40493BVR,|CNAME=210024-424312|CDEC=-42.72003|CRA=315.10412|CMAGINS=-12.975|CREFMAG=10.165|KNAME=210018-425242|KDEC=-42.87852|KRA=315.07557|KMAGINS=-12.822|KREFMAG=10.318|VMAGINS=-13.684|VMAG=9.456,0,1.167,Z,-12.976,-12.795,,ZZ MIC,AAVSO,STD,,,,
2460881.110768,9.470,0.002,,TG,PEX,,210024-424312,210018-425242,X40493BVR,|CNAME=210024-424312|CDEC=-42.72003|CRA=315.10412|CMAGINS=-12.976|CREFMAG=10.165|KNAME=210018-425242|KDEC=-42.87852|KRA=315.07557|KMAGINS=-12.823|KREFMAG=10.318|VMAGINS=-13.671|VMAG=9.470,0,1.165,Z,-12.976,-12.800,,ZZ MIC,AAVSO,STD,,,,
2460881.111504,9.461,0.002,,TG,PEX,,210024-424312,210018-425242,X40493BVR,|CNAME=210024-424312|CDEC=-42.72003|CRA=315.10412|CMAGINS=-12.980|CREFMAG=10.165|KNAME=210018-425242|KDEC=-42.87852|KRA=315.07557|KMAGINS=-12.827|KREFMAG=10.318|VMAGINS=-13.685|VMAG=9.461,0,1.163,Z,-12.981,-12.817,,ZZ MIC,AAVSO,STD,,,,
2460881.112240,9.474,0.002,,TG,PEX,,210024-424312,210018-425242,X40493BVR,|CNAME=210024-424312|CDEC=-42.72003|CRA=315.10412|CMAGINS=-12.966|CREFMAG=10.165|KNAME=210018-425242|KDEC=-42.87852|KRA=315.07557|KMAGINS=-12.813|KREFMAG=10.318|VMAGINS=-13.657|VMAG=9.474,0,1.160,Z,-12.966,-12.822,,ZZ MIC,AAVSO,STD,,,,
2460881.112978,9.494,0.001,,TG,PEX,,210024-424312,210018-425242,X40493BVR,|CNAME=210024-424312|CDEC=-42.72003|CRA=315.10412|CMAGINS=-12.963|CREFMAG=10.165|KNAME=210018-425242|KDEC=-42.87852|KRA=315.07557|KMAGINS=-12.810|KREFMAG=10.318|VMAGINS=-13.635|VMAG=9.494,0,1.158,Z,-12.964,-12.790,,ZZ MIC,AAVSO,STD,,,,
2460881.113716,9.480,0.002,,TG,PEX,,210024-424312,210018-425242,X40493BVR,|CNAME=210024-424312|CDEC=-42.72003|CRA=315.10412|CMAGINS=-12.963|CREFMAG=10.165|KNAME=210018-425242|KDEC=-42.87852|KRA=315.07557|KMAGINS=-12.810|KREFMAG=10.318|VMAGINS=-13.648|VMAG=9.480,0,1.156,Z,-12.963,-12.781,,ZZ MIC,AAVSO,STD,,,,
2460881.114453,9.505,0.002,,TG,PEX,,210024-424312,210018-425242,X40493BVR,|CNAME=210024-424312|CDEC=-42.72003|CRA=315.10412|CMAGINS=-12.937|CREFMAG=10.165|KNAME=210018-425242|KDEC=-42.87852|KRA=315.07557|KMAGINS=-12.784|KREFMAG=10.318|VMAGINS=-13.598|VMAG=9.505,0,1.154,Z,-12.938,-12.764,,ZZ MIC,AAVSO,STD,,,,
2460881.115180,9.515,0.002,,TG,PEX,,210024-424312,210018-425242,X40493BVR,|CNAME=210024-424312|CDEC=-42.72003|CRA=315.10412|CMAGINS=-12.974|CREFMAG=10.165|KNAME=210018-425242|KDEC=-42.87852|KRA=315.07557|KMAGINS=-12.821|KREFMAG=10.318|VMAGINS=-13.625|VMAG=9.515,0,1.151,Z,-12.974,-12.819,,ZZ MIC,AAVSO,STD,,,,
2460881.115916,9.538,0.002,,TG,PEX,,210024-424312,210018-425242,X40493BVR,|CNAME=210024-424312|CDEC=-42.72003|CRA=315.10412|CMAGINS=-12.980|CREFMAG=10.165|KNAME=210018-425242|KDEC=-42.87852|KRA=315.07557|KMAGINS=-12.827|KREFMAG=10.318|VMAGINS=-13.607|VMAG=9.538,0,1.149,Z,-12.980,-12.825,,ZZ MIC,AAVSO,STD,,,,
2460881.116654,9.524,0.002,,TG,PEX,,210024-424312,210018-425242,X40493BVR,|CNAME=210024-424312|CDEC=-42.72003|CRA=315.10412|CMAGINS=-12.965|CREFMAG=10.165|KNAME=210018-425242|KDEC=-42.87852|KRA=315.07557|KMAGINS=-12.812|KREFMAG=10.318|VMAGINS=-13.606|VMAG=9.524,0,1.147,Z,-12.966,-12.786,,ZZ MIC,AAVSO,STD,,,,
2460881.117382,9.541,0.002,,TG,PEX,,210024-424312,210018-425242,X40493BVR,|CNAME=210024-424312|CDEC=-42.72003|CRA=315.10412|CMAGINS=-12.969|CREFMAG=10.165|KNAME=210018-425242|KDEC=-42.87852|KRA=315.07557|KMAGINS=-12.816|KREFMAG=10.318|VMAGINS=-13.593|VMAG=9.541,0,1.145,Z,-12.969,-12.826,,ZZ MIC,AAVSO,STD,,,,
2460881.118121,9.482,0.002,,TG,PEX,,210024-424312,210018-425242,X40493BVR,|CNAME=210024-424312|CDEC=-42.72003|CRA=315.10412|CMAGINS=-12.947|CREFMAG=10.165|KNAME=210018-425242|KDEC=-42.87852|KRA=315.07557|KMAGINS=-12.794|KREFMAG=10.318|VMAGINS=-13.629|VMAG=9.482,0,1.143,Z,-12.947,-12.810,,ZZ MIC,AAVSO,STD,,,,
2460881.118866,9.569,0.002,,TG,PEX,,210024-424312,210018-425242,X40493BVR,|CNAME=210024-424312|CDEC=-42.72003|CRA=315.10412|CMAGINS=-12.989|CREFMAG=10.165|KNAME=210018-425242|KDEC=-42.87852|KRA=315.07557|KMAGINS=-12.837|KREFMAG=10.318|VMAGINS=-13.586|VMAG=9.569,0,1.141,Z,-12.990,-12.787,,ZZ MIC,AAVSO,STD,,,,
2460881.119677,9.537,0.002,,TG,PEX,,210024-424312,210018-425242,X40493BVR,|CNAME=210024-424312|CDEC=-42.72003|CRA=315.10412|CMAGINS=-12.957|CREFMAG=10.165|KNAME=210018-425242|KDEC=-42.87852|KRA=315.07557|KMAGINS=-12.804|KREFMAG=10.318|VMAGINS=-13.585|VMAG=9.537,0,1.138,Z,-12.958,-12.797,,ZZ MIC,AAVSO,STD,,,,
2460881.120489,9.578,0.002,,TG,PEX,,210024-424312,210018-425242,X40493BVR,|CNAME=210024-424312|CDEC=-42.72003|CRA=315.10412|CMAGINS=-12.995|CREFMAG=10.165|KNAME=210018-425242|KDEC=-42.87852|KRA=315.07557|KMAGINS=-12.842|KREFMAG=10.318|VMAGINS=-13.582|VMAG=9.578,0,1.136,Z,-12.995,-12.791,,ZZ MIC,AAVSO,STD,,,,
2460881.121223,9.577,0.002,,TG,PEX,,210024-424312,210018-425242,X40493BVR,|CNAME=210024-424312|CDEC=-42.72003|CRA=315.10412|CMAGINS=-12.948|CREFMAG=10.165|KNAME=210018-425242|KDEC=-42.87852|KRA=315.07557|KMAGINS=-12.795|KREFMAG=10.318|VMAGINS=-13.537|VMAG=9.577,0,1.134,Z,-12.948,-12.748,,ZZ MIC,AAVSO,STD,,,,
2460881.121957,9.545,0.002,,TG,PEX,,210024-424312,210018-425242,X40493BVR,|CNAME=210024-424312|CDEC=-42.72003|CRA=315.10412|CMAGINS=-12.929|CREFMAG=10.165|KNAME=210018-425242|KDEC=-42.87852|KRA=315.07557|KMAGINS=-12.776|KREFMAG=10.318|VMAGINS=-13.549|VMAG=9.545,0,1.132,Z,-12.929,-12.760,,ZZ MIC,AAVSO,STD,,,,
2460881.122693,9.632,0.002,,TG,PEX,,210024-424312,210018-425242,X40493BVR,|CNAME=210024-424312|CDEC=-42.72003|CRA=315.10412|CMAGINS=-12.987|CREFMAG=10.165|KNAME=210018-425242|KDEC=-42.87852|KRA=315.07557|KMAGINS=-12.834|KREFMAG=10.318|VMAGINS=-13.520|VMAG=9.632,0,1.130,Z,-12.987,-12.816,,ZZ MIC,AAVSO,STD,,,,
2460881.123421,9.643,0.002,,TG,PEX,,210024-424312,210018-425242,X40493BVR,|CNAME=210024-424312|CDEC=-42.72003|CRA=315.10412|CMAGINS=-13.010|CREFMAG=10.165|KNAME=210018-425242|KDEC=-42.87852|KRA=315.07557|KMAGINS=-12.857|KREFMAG=10.318|VMAGINS=-13.532|VMAG=9.643,0,1.128,Z,-13.010,-12.815,,ZZ MIC,AAVSO,STD,,,,
2460881.124149,9.631,0.002,,TG,PEX,,210024-424312,210018-425242,X40493BVR,|CNAME=210024-424312|CDEC=-42.72003|CRA=315.10412|CMAGINS=-12.981|CREFMAG=10.165|KNAME=210018-425242|KDEC=-42.87852|KRA=315.07557|KMAGINS=-12.828|KREFMAG=10.318|VMAGINS=-13.516|VMAG=9.631,0,1.126,Z,-12.982,-12.793,,ZZ MIC,AAVSO,STD,,,,
2460881.124876,9.622,0.002,,TG,PEX,,210024-424312,210018-425242,X40493BVR,|CNAME=210024-424312|CDEC=-42.72003|CRA=315.10412|CMAGINS=-12.997|CREFMAG=10.165|KNAME=210018-425242|KDEC=-42.87852|KRA=315.07557|KMAGINS=-12.844|KREFMAG=10.318|VMAGINS=-13.541|VMAG=9.622,0,1.124,Z,-12.998,-12.838,,ZZ MIC,AAVSO,STD,,,,
2460881.125610,9.622,0.002,,TG,PEX,,210024-424312,210018-425242,X40493BVR,|CNAME=210024-424312|CDEC=-42.72003|CRA=315.10412|CMAGINS=-12.978|CREFMAG=10.165|KNAME=210018-425242|KDEC=-42.87852|KRA=315.07557|KMAGINS=-12.825|KREFMAG=10.318|VMAGINS=-13.521|VMAG=9.622,0,1.122,Z,-12.979,-12.812,,ZZ MIC,AAVSO,STD,,,,
2460881.126347,9.599,0.002,,TG,PEX,,210024-424312,210018-425242,X40493BVR,|CNAME=210024-424312|CDEC=-42.72003|CRA=315.10412|CMAGINS=-12.981|CREFMAG=10.165|KNAME=210018-425242|KDEC=-42.87852|KRA=315.07557|KMAGINS=-12.828|KREFMAG=10.318|VMAGINS=-13.548|VMAG=9.599,0,1.120,Z,-12.982,-12.820,,ZZ MIC,AAVSO,STD,,,,
2460881.127075,9.660,0.002,,TG,PEX,,210024-424312,210018-425242,X40493BVR,|CNAME=210024-424312|CDEC=-42.72003|CRA=315.10412|CMAGINS=-12.990|CREFMAG=10.165|KNAME=210018-425242|KDEC=-42.87852|KRA=315.07557|KMAGINS=-12.837|KREFMAG=10.318|VMAGINS=-13.495|VMAG=9.660,0,1.119,Z,-12.990,-12.793,,ZZ MIC,AAVSO,STD,,,,
2460881.127803,9.622,0.002,,TG,PEX,,210024-424312,210018-425242,X40493BVR,|CNAME=210024-424312|CDEC=-42.72003|CRA=315.10412|CMAGINS=-13.000|CREFMAG=10.165|KNAME=210018-425242|KDEC=-42.87852|KRA=315.07557|KMAGINS=-12.847|KREFMAG=10.318|VMAGINS=-13.543|VMAG=9.622,0,1.117,Z,-13.000,-12.797,,ZZ MIC,AAVSO,STD,,,,
2460881.128541,9.625,0.002,,TG,PEX,,210024-424312,210018-425242,X40493BVR,|CNAME=210024-424312|CDEC=-42.72003|CRA=315.10412|CMAGINS=-12.966|CREFMAG=10.165|KNAME=210018-425242|KDEC=-42.87852|KRA=315.07557|KMAGINS=-12.813|KREFMAG=10.318|VMAGINS=-13.507|VMAG=9.625,0,1.115,Z,-12.967,-12.815,,ZZ MIC,AAVSO,STD,,,,
2460881.129278,9.647,0.002,,TG,PEX,,210024-424312,210018-425242,X40493BVR,|CNAME=210024-424312|CDEC=-42.72003|CRA=315.10412|CMAGINS=-12.987|CREFMAG=10.165|KNAME=210018-425242|KDEC=-42.87852|KRA=315.07557|KMAGINS=-12.834|KREFMAG=10.318|VMAGINS=-13.506|VMAG=9.647,0,1.113,Z,-12.987,-12.819,,ZZ MIC,AAVSO,STD,,,,
2460881.130005,9.626,0.002,,TG,PEX,,210024-424312,210018-425242,X40493BVR,|CNAME=210024-424312|CDEC=-42.72003|CRA=315.10412|CMAGINS=-12.978|CREFMAG=10.165|KNAME=210018-425242|KDEC=-42.87852|KRA=315.07557|KMAGINS=-12.826|KREFMAG=10.318|VMAGINS=-13.518|VMAG=9.626,0,1.111,Z,-12.979,-12.826,,ZZ MIC,AAVSO,STD,,,,
2460881.130742,9.608,0.002,,TG,PEX,,210024-424312,210018-425242,X40493BVR,|CNAME=210024-424312|CDEC=-42.72003|CRA=315.10412|CMAGINS=-12.964|CREFMAG=10.165|KNAME=210018-425242|KDEC=-42.87852|KRA=315.07557|KMAGINS=-12.811|KREFMAG=10.318|VMAGINS=-13.521|VMAG=9.608,0,1.110,Z,-12.964,-12.801,,ZZ MIC,AAVSO,STD,,,,
2460881.131477,9.631,0.002,,TG,PEX,,210024-424312,210018-425242,X40493BVR,|CNAME=210024-424312|CDEC=-42.72003|CRA=315.10412|CMAGINS=-12.978|CREFMAG=10.165|KNAME=210018-425242|KDEC=-42.87852|KRA=315.07557|KMAGINS=-12.826|KREFMAG=10.318|VMAGINS=-13.513|VMAG=9.631,0,1.108,Z,-12.979,-12.814,,ZZ MIC,AAVSO,STD,,,,
2460881.132212,9.663,0.002,,TG,PEX,,210024-424312,210018-425242,X40493BVR,|CNAME=210024-424312|CDEC=-42.72003|CRA=315.10412|CMAGINS=-12.991|CREFMAG=10.165|KNAME=210018-425242|KDEC=-42.87852|KRA=315.07557|KMAGINS=-12.838|KREFMAG=10.318|VMAGINS=-13.494|VMAG=9.663,0,1.106,Z,-12.992,-12.828,,ZZ MIC,AAVSO,STD,,,,
2460881.132949,9.650,0.002,,TG,PEX,,210024-424312,210018-425242,X40493BVR,|CNAME=210024-424312|CDEC=-42.72003|CRA=315.10412|CMAGINS=-12.992|CREFMAG=10.165|KNAME=210018-425242|KDEC=-42.87852|KRA=315.07557|KMAGINS=-12.839|KREFMAG=10.318|VMAGINS=-13.507|VMAG=9.650,0,1.104,Z,-12.992,-12.783,,ZZ MIC,AAVSO,STD,,,,
2460881.133677,9.624,0.002,,TG,PEX,,210024-424312,210018-425242,X40493BVR,|CNAME=210024-424312|CDEC=-42.72003|CRA=315.10412|CMAGINS=-12.960|CREFMAG=10.165|KNAME=210018-425242|KDEC=-42.87852|KRA=315.07557|KMAGINS=-12.808|KREFMAG=10.318|VMAGINS=-13.502|VMAG=9.624,0,1.103,Z,-12.961,-12.758,,ZZ MIC,AAVSO,STD,,,,
2460881.134414,9.611,0.002,,TG,PEX,,210024-424312,210018-425242,X40493BVR,|CNAME=210024-424312|CDEC=-42.72003|CRA=315.10412|CMAGINS=-12.961|CREFMAG=10.165|KNAME=210018-425242|KDEC=-42.87852|KRA=315.07557|KMAGINS=-12.808|KREFMAG=10.318|VMAGINS=-13.515|VMAG=9.611,0,1.101,Z,-12.961,-12.794,,ZZ MIC,AAVSO,STD,,,,
2460881.135151,9.668,0.002,,TG,PEX,,210024-424312,210018-425242,X40493BVR,|CNAME=210024-424312|CDEC=-42.72003|CRA=315.10412|CMAGINS=-12.995|CREFMAG=10.165|KNAME=210018-425242|KDEC=-42.87852|KRA=315.07557|KMAGINS=-12.842|KREFMAG=10.318|VMAGINS=-13.492|VMAG=9.668,0,1.099,Z,-12.995,-12.809,,ZZ MIC,AAVSO,STD,,,,
2460881.135877,9.682,0.002,,TG,PEX,,210024-424312,210018-425242,X40493BVR,|CNAME=210024-424312|CDEC=-42.72003|CRA=315.10412|CMAGINS=-12.991|CREFMAG=10.165|KNAME=210018-425242|KDEC=-42.87852|KRA=315.07557|KMAGINS=-12.838|KREFMAG=10.318|VMAGINS=-13.474|VMAG=9.682,0,1.098,Z,-12.991,-12.808,,ZZ MIC,AAVSO,STD,,,,
2460881.136614,9.621,0.002,,TG,PEX,,210024-424312,210018-425242,X40493BVR,|CNAME=210024-424312|CDEC=-42.72003|CRA=315.10412|CMAGINS=-12.948|CREFMAG=10.165|KNAME=210018-425242|KDEC=-42.87852|KRA=315.07557|KMAGINS=-12.795|KREFMAG=10.318|VMAGINS=-13.492|VMAG=9.621,0,1.096,Z,-12.948,-12.807,,ZZ MIC,AAVSO,STD,,,,
2460881.137351,9.640,0.002,,TG,PEX,,210024-424312,210018-425242,X40493BVR,|CNAME=210024-424312|CDEC=-42.72003|CRA=315.10412|CMAGINS=-12.959|CREFMAG=10.165|KNAME=210018-425242|KDEC=-42.87852|KRA=315.07557|KMAGINS=-12.806|KREFMAG=10.318|VMAGINS=-13.484|VMAG=9.640,0,1.095,Z,-12.959,-12.808,,ZZ MIC,AAVSO,STD,,,,
2460881.138079,9.659,0.002,,TG,PEX,,210024-424312,210018-425242,X40493BVR,|CNAME=210024-424312|CDEC=-42.72003|CRA=315.10412|CMAGINS=-12.974|CREFMAG=10.165|KNAME=210018-425242|KDEC=-42.87852|KRA=315.07557|KMAGINS=-12.821|KREFMAG=10.318|VMAGINS=-13.480|VMAG=9.659,0,1.093,Z,-12.975,-12.793,,ZZ MIC,AAVSO,STD,,,,
2460881.138816,9.681,0.002,,TG,PEX,,210024-424312,210018-425242,X40493BVR,|CNAME=210024-424312|CDEC=-42.72003|CRA=315.10412|CMAGINS=-13.009|CREFMAG=10.165|KNAME=210018-425242|KDEC=-42.87852|KRA=315.07557|KMAGINS=-12.856|KREFMAG=10.318|VMAGINS=-13.494|VMAG=9.681,0,1.091,Z,-13.009,-12.821,,ZZ MIC,AAVSO,STD,,,,
2460881.139562,9.662,0.002,,TG,PEX,,210024-424312,210018-425242,X40493BVR,|CNAME=210024-424312|CDEC=-42.72003|CRA=315.10412|CMAGINS=-12.998|CREFMAG=10.165|KNAME=210018-425242|KDEC=-42.87852|KRA=315.07557|KMAGINS=-12.845|KREFMAG=10.318|VMAGINS=-13.502|VMAG=9.662,0,1.090,Z,-12.998,-12.792,,ZZ MIC,AAVSO,STD,,,,
2460881.140299,9.677,0.002,,TG,PEX,,210024-424312,210018-425242,X40493BVR,|CNAME=210024-424312|CDEC=-42.72003|CRA=315.10412|CMAGINS=-13.009|CREFMAG=10.165|KNAME=210018-425242|KDEC=-42.87852|KRA=315.07557|KMAGINS=-12.856|KREFMAG=10.318|VMAGINS=-13.498|VMAG=9.677,0,1.088,Z,-13.010,-12.813,,ZZ MIC,AAVSO,STD,,,,
2460881.141025,9.667,0.002,,TG,PEX,,210024-424312,210018-425242,X40493BVR,|CNAME=210024-424312|CDEC=-42.72003|CRA=315.10412|CMAGINS=-12.987|CREFMAG=10.165|KNAME=210018-425242|KDEC=-42.87852|KRA=315.07557|KMAGINS=-12.834|KREFMAG=10.318|VMAGINS=-13.485|VMAG=9.667,0,1.087,Z,-12.987,-12.807,,ZZ MIC,AAVSO,STD,,,,
2460881.141750,9.611,0.002,,TG,PEX,,210024-424312,210018-425242,X40493BVR,|CNAME=210024-424312|CDEC=-42.72003|CRA=315.10412|CMAGINS=-12.991|CREFMAG=10.165|KNAME=210018-425242|KDEC=-42.87852|KRA=315.07557|KMAGINS=-12.838|KREFMAG=10.318|VMAGINS=-13.545|VMAG=9.611,0,1.085,Z,-12.992,-12.836,,ZZ MIC,AAVSO,STD,,,,
2460881.142484,9.637,0.002,,TG,PEX,,210024-424312,210018-425242,X40493BVR,|CNAME=210024-424312|CDEC=-42.72003|CRA=315.10412|CMAGINS=-12.994|CREFMAG=10.165|KNAME=210018-425242|KDEC=-42.87852|KRA=315.07557|KMAGINS=-12.841|KREFMAG=10.318|VMAGINS=-13.523|VMAG=9.637,0,1.084,Z,-12.995,-12.830,,ZZ MIC,AAVSO,STD,,,,
2460881.143297,9.615,0.002,,TG,PEX,,210024-424312,210018-425242,X40493BVR,|CNAME=210024-424312|CDEC=-42.72003|CRA=315.10412|CMAGINS=-12.990|CREFMAG=10.165|KNAME=210018-425242|KDEC=-42.87852|KRA=315.07557|KMAGINS=-12.837|KREFMAG=10.318|VMAGINS=-13.541|VMAG=9.615,0,1.082,Z,-12.991,-12.811,,ZZ MIC,AAVSO,STD,,,,
2460881.144109,9.623,0.002,,TG,PEX,,210024-424312,210018-425242,X40493BVR,|CNAME=210024-424312|CDEC=-42.72003|CRA=315.10412|CMAGINS=-13.008|CREFMAG=10.165|KNAME=210018-425242|KDEC=-42.87852|KRA=315.07557|KMAGINS=-12.855|KREFMAG=10.318|VMAGINS=-13.550|VMAG=9.623,0,1.081,Z,-13.008,-12.840,,ZZ MIC,AAVSO,STD,,,,
2460881.144843,9.630,0.002,,TG,PEX,,210024-424312,210018-425242,X40493BVR,|CNAME=210024-424312|CDEC=-42.72003|CRA=315.10412|CMAGINS=-12.998|CREFMAG=10.165|KNAME=210018-425242|KDEC=-42.87852|KRA=315.07557|KMAGINS=-12.845|KREFMAG=10.318|VMAGINS=-13.533|VMAG=9.630,0,1.079,Z,-12.998,-12.803,,ZZ MIC,AAVSO,STD,,,,
2460881.145577,9.579,0.002,,TG,PEX,,210024-424312,210018-425242,X40493BVR,|CNAME=210024-424312|CDEC=-42.72003|CRA=315.10412|CMAGINS=-12.966|CREFMAG=10.165|KNAME=210018-425242|KDEC=-42.87852|KRA=315.07557|KMAGINS=-12.813|KREFMAG=10.318|VMAGINS=-13.552|VMAG=9.579,0,1.078,Z,-12.966,-12.814,,ZZ MIC,AAVSO,STD,,,,
2460881.146315,9.587,0.002,,TG,PEX,,210024-424312,210018-425242,X40493BVR,|CNAME=210024-424312|CDEC=-42.72003|CRA=315.10412|CMAGINS=-12.994|CREFMAG=10.165|KNAME=210018-425242|KDEC=-42.87852|KRA=315.07557|KMAGINS=-12.841|KREFMAG=10.318|VMAGINS=-13.572|VMAG=9.587,0,1.077,Z,-12.994,-12.838,,ZZ MIC,AAVSO,STD,,,,
2460881.147051,9.545,0.002,,TG,PEX,,210024-424312,210018-425242,X40493BVR,|CNAME=210024-424312|CDEC=-42.72003|CRA=315.10412|CMAGINS=-12.971|CREFMAG=10.165|KNAME=210018-425242|KDEC=-42.87852|KRA=315.07557|KMAGINS=-12.818|KREFMAG=10.318|VMAGINS=-13.592|VMAG=9.545,0,1.075,Z,-12.972,-12.786,,ZZ MIC,AAVSO,STD,,,,
2460881.147786,9.551,0.002,,TG,PEX,,210024-424312,210018-425242,X40493BVR,|CNAME=210024-424312|CDEC=-42.72003|CRA=315.10412|CMAGINS=-12.982|CREFMAG=10.165|KNAME=210018-425242|KDEC=-42.87852|KRA=315.07557|KMAGINS=-12.829|KREFMAG=10.318|VMAGINS=-13.596|VMAG=9.551,0,1.074,Z,-12.983,-12.806,,ZZ MIC,AAVSO,STD,,,,
2460881.148522,9.533,0.002,,TG,PEX,,210024-424312,210018-425242,X40493BVR,|CNAME=210024-424312|CDEC=-42.72003|CRA=315.10412|CMAGINS=-12.980|CREFMAG=10.165|KNAME=210018-425242|KDEC=-42.87852|KRA=315.07557|KMAGINS=-12.827|KREFMAG=10.318|VMAGINS=-13.613|VMAG=9.533,0,1.073,Z,-12.980,-12.796,,ZZ MIC,AAVSO,STD,,,,
2460881.149259,9.528,0.002,,TG,PEX,,210024-424312,210018-425242,X40493BVR,|CNAME=210024-424312|CDEC=-42.72003|CRA=315.10412|CMAGINS=-12.979|CREFMAG=10.165|KNAME=210018-425242|KDEC=-42.87852|KRA=315.07557|KMAGINS=-12.826|KREFMAG=10.318|VMAGINS=-13.616|VMAG=9.528,0,1.071,Z,-12.979,-12.796,,ZZ MIC,AAVSO,STD,,,,
2460881.149986,9.509,0.001,,TG,PEX,,210024-424312,210018-425242,X40493BVR,|CNAME=210024-424312|CDEC=-42.72003|CRA=315.10412|CMAGINS=-13.003|CREFMAG=10.165|KNAME=210018-425242|KDEC=-42.87852|KRA=315.07557|KMAGINS=-12.850|KREFMAG=10.318|VMAGINS=-13.659|VMAG=9.509,0,1.070,Z,-13.003,-12.824,,ZZ MIC,AAVSO,STD,,,,
2460881.150723,9.471,0.001,,TG,PEX,,210024-424312,210018-425242,X40493BVR,|CNAME=210024-424312|CDEC=-42.72003|CRA=315.10412|CMAGINS=-12.954|CREFMAG=10.165|KNAME=210018-425242|KDEC=-42.87852|KRA=315.07557|KMAGINS=-12.801|KREFMAG=10.318|VMAGINS=-13.649|VMAG=9.471,0,1.069,Z,-12.954,-12.806,,ZZ MIC,AAVSO,STD,,,,
2460881.151460,9.522,0.002,,TG,PEX,,210024-424312,210018-425242,X40493BVR,|CNAME=210024-424312|CDEC=-42.72003|CRA=315.10412|CMAGINS=-13.012|CREFMAG=10.165|KNAME=210018-425242|KDEC=-42.87852|KRA=315.07557|KMAGINS=-12.859|KREFMAG=10.318|VMAGINS=-13.655|VMAG=9.522,0,1.067,Z,-13.012,-12.819,,ZZ MIC,AAVSO,STD,,,,
2460881.152122,9.488,0.002,,TG,PEX,,210024-424312,210018-425242,X40493BVR,|CNAME=210024-424312|CDEC=-42.72003|CRA=315.10412|CMAGINS=-13.039|CREFMAG=10.165|KNAME=210018-425242|KDEC=-42.87852|KRA=315.07557|KMAGINS=-12.886|KREFMAG=10.318|VMAGINS=-13.717|VMAG=9.488,0,1.066,Z,-13.040,-12.857,,ZZ MIC,AAVSO,STD,,,,
2460881.152727,9.474,0.002,,TG,PEX,,210024-424312,210018-425242,X40493BVR,|CNAME=210024-424312|CDEC=-42.72003|CRA=315.10412|CMAGINS=-13.037|CREFMAG=10.165|KNAME=210018-425242|KDEC=-42.87852|KRA=315.07557|KMAGINS=-12.884|KREFMAG=10.318|VMAGINS=-13.729|VMAG=9.474,0,1.065,Z,-13.037,-12.874,,ZZ MIC,AAVSO,STD,,,,
2460881.153298,9.485,0.002,,TG,PEX,,210024-424312,210018-425242,X40493BVR,|CNAME=210024-424312|CDEC=-42.72003|CRA=315.10412|CMAGINS=-13.055|CREFMAG=10.165|KNAME=210018-425242|KDEC=-42.87852|KRA=315.07557|KMAGINS=-12.902|KREFMAG=10.318|VMAGINS=-13.736|VMAG=9.485,0,1.064,Z,-13.056,-12.877,,ZZ MIC,AAVSO,STD,,,,
2460881.153892,9.456,0.002,,TG,PEX,,210024-424312,210018-425242,X40493BVR,|CNAME=210024-424312|CDEC=-42.72003|CRA=315.10412|CMAGINS=-13.055|CREFMAG=10.165|KNAME=210018-425242|KDEC=-42.87852|KRA=315.07557|KMAGINS=-12.902|KREFMAG=10.318|VMAGINS=-13.765|VMAG=9.456,0,1.063,Z,-13.056,-12.865,,ZZ MIC,AAVSO,STD,,,,
2460881.154454,9.406,0.002,,TG,PEX,,210024-424312,210018-425242,X40493BVR,|CNAME=210024-424312|CDEC=-42.72003|CRA=315.10412|CMAGINS=-13.051|CREFMAG=10.165|KNAME=210018-425242|KDEC=-42.87852|KRA=315.07557|KMAGINS=-12.898|KREFMAG=10.318|VMAGINS=-13.810|VMAG=9.406,0,1.063,Z,-13.052,-12.874,,ZZ MIC,AAVSO,STD,,,,
2460881.155049,9.401,0.002,,TG,PEX,,210024-424312,210018-425242,X40493BVR,|CNAME=210024-424312|CDEC=-42.72003|CRA=315.10412|CMAGINS=-13.049|CREFMAG=10.165|KNAME=210018-425242|KDEC=-42.87852|KRA=315.07557|KMAGINS=-12.897|KREFMAG=10.318|VMAGINS=-13.814|VMAG=9.401,0,1.062,Z,-13.050,-12.910,,ZZ MIC,AAVSO,STD,,,,
2460881.155654,9.330,0.002,,TG,PEX,,210024-424312,210018-425242,X40493BVR,|CNAME=210024-424312|CDEC=-42.72003|CRA=315.10412|CMAGINS=-13.037|CREFMAG=10.165|KNAME=210018-425242|KDEC=-42.87852|KRA=315.07557|KMAGINS=-12.884|KREFMAG=10.318|VMAGINS=-13.872|VMAG=9.330,0,1.061,Z,-13.037,-12.872,,ZZ MIC,AAVSO,STD,,,,
2460881.156225,9.350,0.001,,TG,PEX,,210024-424312,210018-425242,X40493BVR,|CNAME=210024-424312|CDEC=-42.72003|CRA=315.10412|CMAGINS=-13.042|CREFMAG=10.165|KNAME=210018-425242|KDEC=-42.87852|KRA=315.07557|KMAGINS=-12.890|KREFMAG=10.318|VMAGINS=-13.857|VMAG=9.350,0,1.060,Z,-13.043,-12.929,,ZZ MIC,AAVSO,STD,,,,
2460881.156840,9.364,0.002,,TG,PEX,,210024-424312,210018-425242,X40493BVR,|CNAME=210024-424312|CDEC=-42.72003|CRA=315.10412|CMAGINS=-13.053|CREFMAG=10.165|KNAME=210018-425242|KDEC=-42.87852|KRA=315.07557|KMAGINS=-12.900|KREFMAG=10.318|VMAGINS=-13.855|VMAG=9.364,0,1.059,Z,-13.053,-12.853,,ZZ MIC,AAVSO,STD,,,,
2460881.157403,9.333,0.001,,TG,PEX,,210024-424312,210018-425242,X40493BVR,|CNAME=210024-424312|CDEC=-42.72003|CRA=315.10412|CMAGINS=-13.071|CREFMAG=10.165|KNAME=210018-425242|KDEC=-42.87852|KRA=315.07557|KMAGINS=-12.918|KREFMAG=10.318|VMAGINS=-13.903|VMAG=9.333,0,1.058,Z,-13.071,-12.889,,ZZ MIC,AAVSO,STD,,,,
2460881.157999,9.405,0.001,,TG,PEX,,210024-424312,210018-425242,X40493BVR,|CNAME=210024-424312|CDEC=-42.72003|CRA=315.10412|CMAGINS=-13.123|CREFMAG=10.165|KNAME=210018-425242|KDEC=-42.87852|KRA=315.07557|KMAGINS=-12.970|KREFMAG=10.318|VMAGINS=-13.884|VMAG=9.405,0,1.057,Z,-13.123,-12.892,,ZZ MIC,AAVSO,STD,,,,
2460881.158605,9.293,0.001,,TG,PEX,,210024-424312,210018-425242,X40493BVR,|CNAME=210024-424312|CDEC=-42.72003|CRA=315.10412|CMAGINS=-13.031|CREFMAG=10.165|KNAME=210018-425242|KDEC=-42.87852|KRA=315.07557|KMAGINS=-12.878|KREFMAG=10.318|VMAGINS=-13.904|VMAG=9.293,0,1.056,Z,-13.031,-12.885,,ZZ MIC,AAVSO,STD,,,,
2460881.159177,9.316,0.001,,TG,PEX,,210024-424312,210018-425242,X40493BVR,|CNAME=210024-424312|CDEC=-42.72003|CRA=315.10412|CMAGINS=-13.052|CREFMAG=10.165|KNAME=210018-425242|KDEC=-42.87852|KRA=315.07557|KMAGINS=-12.899|KREFMAG=10.318|VMAGINS=-13.902|VMAG=9.316,0,1.055,Z,-13.053,-12.885,,ZZ MIC,AAVSO,STD,,,,
2460881.159773,9.314,0.001,,TG,PEX,,210024-424312,210018-425242,X40493BVR,|CNAME=210024-424312|CDEC=-42.72003|CRA=315.10412|CMAGINS=-13.068|CREFMAG=10.165|KNAME=210018-425242|KDEC=-42.87852|KRA=315.07557|KMAGINS=-12.915|KREFMAG=10.318|VMAGINS=-13.920|VMAG=9.314,0,1.055,Z,-13.069,-12.861,,ZZ MIC,AAVSO,STD,,,,
2460881.160336,9.241,0.001,,TG,PEX,,210024-424312,210018-425242,X40493BVR,|CNAME=210024-424312|CDEC=-42.72003|CRA=315.10412|CMAGINS=-13.043|CREFMAG=10.165|KNAME=210018-425242|KDEC=-42.87852|KRA=315.07557|KMAGINS=-12.890|KREFMAG=10.318|VMAGINS=-13.967|VMAG=9.241,0,1.054,Z,-13.043,-12.868,,ZZ MIC,AAVSO,STD,,,,
2460881.160941,9.292,0.001,,TG,PEX,,210024-424312,210018-425242,X40493BVR,|CNAME=210024-424312|CDEC=-42.72003|CRA=315.10412|CMAGINS=-13.044|CREFMAG=10.165|KNAME=210018-425242|KDEC=-42.87852|KRA=315.07557|KMAGINS=-12.891|KREFMAG=10.318|VMAGINS=-13.917|VMAG=9.292,0,1.053,Z,-13.045,-12.850,,ZZ MIC,AAVSO,STD,,,,
2460881.161545,9.271,0.001,,TG,PEX,,210024-424312,210018-425242,X40493BVR,|CNAME=210024-424312|CDEC=-42.72003|CRA=315.10412|CMAGINS=-13.038|CREFMAG=10.165|KNAME=210018-425242|KDEC=-42.87852|KRA=315.07557|KMAGINS=-12.885|KREFMAG=10.318|VMAGINS=-13.932|VMAG=9.271,0,1.052,Z,-13.038,-12.869,,ZZ MIC,AAVSO,STD,,,,
2460881.162107,9.306,0.001,,TG,PEX,,210024-424312,210018-425242,X40493BVR,|CNAME=210024-424312|CDEC=-42.72003|CRA=315.10412|CMAGINS=-13.067|CREFMAG=10.165|KNAME=210018-425242|KDEC=-42.87852|KRA=315.07557|KMAGINS=-12.914|KREFMAG=10.318|VMAGINS=-13.927|VMAG=9.306,0,1.051,Z,-13.067,-12.853,,ZZ MIC,AAVSO,STD,,,,
2460881.162855,9.233,0.001,,TG,PEX,,210024-424312,210018-425242,X40493BVR,|CNAME=210024-424312|CDEC=-42.72003|CRA=315.10412|CMAGINS=-13.045|CREFMAG=10.165|KNAME=210018-425242|KDEC=-42.87852|KRA=315.07557|KMAGINS=-12.892|KREFMAG=10.318|VMAGINS=-13.977|VMAG=9.233,0,1.050,Z,-13.045,-12.836,,ZZ MIC,AAVSO,STD,,,,
2460881.163550,9.219,0.001,,TG,PEX,,210024-424312,210018-425242,X40493BVR,|CNAME=210024-424312|CDEC=-42.72003|CRA=315.10412|CMAGINS=-13.050|CREFMAG=10.165|KNAME=210018-425242|KDEC=-42.87852|KRA=315.07557|KMAGINS=-12.897|KREFMAG=10.318|VMAGINS=-13.996|VMAG=9.219,0,1.049,Z,-13.050,-12.879,,ZZ MIC,AAVSO,STD,,,,
2460881.164155,9.241,0.001,,TG,PEX,,210024-424312,210018-425242,X40493BVR,|CNAME=210024-424312|CDEC=-42.72003|CRA=315.10412|CMAGINS=-13.041|CREFMAG=10.165|KNAME=210018-425242|KDEC=-42.87852|KRA=315.07557|KMAGINS=-12.888|KREFMAG=10.318|VMAGINS=-13.965|VMAG=9.241,0,1.049,Z,-13.041,-12.878,,ZZ MIC,AAVSO,STD,,,,
2460881.164761,9.276,0.001,,TG,PEX,,210024-424312,210018-425242,X40493BVR,|CNAME=210024-424312|CDEC=-42.72003|CRA=315.10412|CMAGINS=-13.048|CREFMAG=10.165|KNAME=210018-425242|KDEC=-42.87852|KRA=315.07557|KMAGINS=-12.895|KREFMAG=10.318|VMAGINS=-13.937|VMAG=9.276,0,1.048,Z,-13.049,-12.849,,ZZ MIC,AAVSO,STD,,,,
2460881.165322,9.284,0.001,,TG,PEX,,210024-424312,210018-425242,X40493BVR,|CNAME=210024-424312|CDEC=-42.72003|CRA=315.10412|CMAGINS=-13.053|CREFMAG=10.165|KNAME=210018-425242|KDEC=-42.87852|KRA=315.07557|KMAGINS=-12.900|KREFMAG=10.318|VMAGINS=-13.935|VMAG=9.284,0,1.047,Z,-13.054,-12.865,,ZZ MIC,AAVSO,STD,,,,
2460881.165916,9.285,0.001,,TG,PEX,,210024-424312,210018-425242,X40493BVR,|CNAME=210024-424312|CDEC=-42.72003|CRA=315.10412|CMAGINS=-13.047|CREFMAG=10.165|KNAME=210018-425242|KDEC=-42.87852|KRA=315.07557|KMAGINS=-12.895|KREFMAG=10.318|VMAGINS=-13.928|VMAG=9.285,0,1.046,Z,-13.048,-12.897,,ZZ MIC,AAVSO,STD,,,,
2460881.166489,9.316,0.001,,TG,PEX,,210024-424312,210018-425242,X40493BVR,|CNAME=210024-424312|CDEC=-42.72003|CRA=315.10412|CMAGINS=-13.043|CREFMAG=10.165|KNAME=210018-425242|KDEC=-42.87852|KRA=315.07557|KMAGINS=-12.890|KREFMAG=10.318|VMAGINS=-13.892|VMAG=9.316,0,1.046,Z,-13.044,-12.874,,ZZ MIC,AAVSO,STD,,,,
2460881.167104,9.291,0.001,,TG,PEX,,210024-424312,210018-425242,X40493BVR,|CNAME=210024-424312|CDEC=-42.72003|CRA=315.10412|CMAGINS=-13.052|CREFMAG=10.165|KNAME=210018-425242|KDEC=-42.87852|KRA=315.07557|KMAGINS=-12.899|KREFMAG=10.318|VMAGINS=-13.926|VMAG=9.291,0,1.045,Z,-13.052,-12.836,,ZZ MIC,AAVSO,STD,,,,
2460881.167709,9.279,0.001,,TG,PEX,,210024-424312,210018-425242,X40493BVR,|CNAME=210024-424312|CDEC=-42.72003|CRA=315.10412|CMAGINS=-13.051|CREFMAG=10.165|KNAME=210018-425242|KDEC=-42.87852|KRA=315.07557|KMAGINS=-12.898|KREFMAG=10.318|VMAGINS=-13.938|VMAG=9.279,0,1.044,Z,-13.052,-12.879,,ZZ MIC,AAVSO,STD,,,,
2460881.168271,9.287,0.001,,TG,PEX,,210024-424312,210018-425242,X40493BVR,|CNAME=210024-424312|CDEC=-42.72003|CRA=315.10412|CMAGINS=-13.027|CREFMAG=10.165|KNAME=210018-425242|KDEC=-42.87852|KRA=315.07557|KMAGINS=-12.874|KREFMAG=10.318|VMAGINS=-13.905|VMAG=9.287,0,1.043,Z,-13.027,-12.834,,ZZ MIC,AAVSO,STD,,,,
2460881.168864,9.293,0.001,,TG,PEX,,210024-424312,210018-425242,X40493BVR,|CNAME=210024-424312|CDEC=-42.72003|CRA=315.10412|CMAGINS=-13.035|CREFMAG=10.165|KNAME=210018-425242|KDEC=-42.87852|KRA=315.07557|KMAGINS=-12.882|KREFMAG=10.318|VMAGINS=-13.907|VMAG=9.293,0,1.043,Z,-13.036,-12.886,,ZZ MIC,AAVSO,STD,,,,
2460881.169436,9.278,0.001,,TG,PEX,,210024-424312,210018-425242,X40493BVR,|CNAME=210024-424312|CDEC=-42.72003|CRA=315.10412|CMAGINS=-13.027|CREFMAG=10.165|KNAME=210018-425242|KDEC=-42.87852|KRA=315.07557|KMAGINS=-12.874|KREFMAG=10.318|VMAGINS=-13.915|VMAG=9.278,0,1.042,Z,-13.027,-12.912,,ZZ MIC,AAVSO,STD,,,,
2460881.170042,9.318,0.001,,TG,PEX,,210024-424312,210018-425242,X40493BVR,|CNAME=210024-424312|CDEC=-42.72003|CRA=315.10412|CMAGINS=-13.073|CREFMAG=10.165|KNAME=210018-425242|KDEC=-42.87852|KRA=315.07557|KMAGINS=-12.920|KREFMAG=10.318|VMAGINS=-13.920|VMAG=9.318,0,1.041,Z,-13.074,-12.893,,ZZ MIC,AAVSO,STD,,,,
2460881.170637,9.282,0.001,,TG,PEX,,210024-424312,210018-425242,X40493BVR,|CNAME=210024-424312|CDEC=-42.72003|CRA=315.10412|CMAGINS=-13.068|CREFMAG=10.165|KNAME=210018-425242|KDEC=-42.87852|KRA=315.07557|KMAGINS=-12.915|KREFMAG=10.318|VMAGINS=-13.951|VMAG=9.282,0,1.041,Z,-13.068,-12.897,,ZZ MIC,AAVSO,STD,,,,
2460881.171201,9.394,0.001,,TG,PEX,,210024-424312,210018-425242,X40493BVR,|CNAME=210024-424312|CDEC=-42.72003|CRA=315.10412|CMAGINS=-13.082|CREFMAG=10.165|KNAME=210018-425242|KDEC=-42.87852|KRA=315.07557|KMAGINS=-12.929|KREFMAG=10.318|VMAGINS=-13.853|VMAG=9.394,0,1.040,Z,-13.082,-12.871,,ZZ MIC,AAVSO,STD,,,,
2460881.171820,9.389,0.001,,TG,PEX,,210024-424312,210018-425242,X40493BVR,|CNAME=210024-424312|CDEC=-42.72003|CRA=315.10412|CMAGINS=-13.073|CREFMAG=10.165|KNAME=210018-425242|KDEC=-42.87852|KRA=315.07557|KMAGINS=-12.920|KREFMAG=10.318|VMAGINS=-13.849|VMAG=9.389,0,1.039,Z,-13.073,-12.883,,ZZ MIC,AAVSO,STD,,,,
2460881.172381,9.391,0.001,,TG,PEX,,210024-424312,210018-425242,X40493BVR,|CNAME=210024-424312|CDEC=-42.72003|CRA=315.10412|CMAGINS=-13.075|CREFMAG=10.165|KNAME=210018-425242|KDEC=-42.87852|KRA=315.07557|KMAGINS=-12.922|KREFMAG=10.318|VMAGINS=-13.849|VMAG=9.391,0,1.039,Z,-13.075,-12.889,,ZZ MIC,AAVSO,STD,,,,
2460881.172975,9.404,0.001,,TG,PEX,,210024-424312,210018-425242,X40493BVR,|CNAME=210024-424312|CDEC=-42.72003|CRA=315.10412|CMAGINS=-13.070|CREFMAG=10.165|KNAME=210018-425242|KDEC=-42.87852|KRA=315.07557|KMAGINS=-12.917|KREFMAG=10.318|VMAGINS=-13.831|VMAG=9.404,0,1.038,Z,-13.071,-12.883,,ZZ MIC,AAVSO,STD,,,,
2460881.173580,9.386,0.001,,TG,PEX,,210024-424312,210018-425242,X40493BVR,|CNAME=210024-424312|CDEC=-42.72003|CRA=315.10412|CMAGINS=-13.072|CREFMAG=10.165|KNAME=210018-425242|KDEC=-42.87852|KRA=315.07557|KMAGINS=-12.919|KREFMAG=10.318|VMAGINS=-13.851|VMAG=9.386,0,1.038,Z,-13.073,-12.849,,ZZ MIC,AAVSO,STD,,,,
2460881.174152,9.416,0.001,,TG,PEX,,210024-424312,210018-425242,X40493BVR,|CNAME=210024-424312|CDEC=-42.72003|CRA=315.10412|CMAGINS=-13.088|CREFMAG=10.165|KNAME=210018-425242|KDEC=-42.87852|KRA=315.07557|KMAGINS=-12.935|KREFMAG=10.318|VMAGINS=-13.837|VMAG=9.416,0,1.037,Z,-13.089,-12.859,,ZZ MIC,AAVSO,STD,,,,
2460881.174748,9.392,0.001,,TG,PEX,,210024-424312,210018-425242,X40493BVR,|CNAME=210024-424312|CDEC=-42.72003|CRA=315.10412|CMAGINS=-13.054|CREFMAG=10.165|KNAME=210018-425242|KDEC=-42.87852|KRA=315.07557|KMAGINS=-12.901|KREFMAG=10.318|VMAGINS=-13.828|VMAG=9.392,0,1.036,Z,-13.054,-12.902,,ZZ MIC,AAVSO,STD,,,,
2460881.175311,9.379,0.001,,TG,PEX,,210024-424312,210018-425242,X40493BVR,|CNAME=210024-424312|CDEC=-42.72003|CRA=315.10412|CMAGINS=-13.031|CREFMAG=10.165|KNAME=210018-425242|KDEC=-42.87852|KRA=315.07557|KMAGINS=-12.878|KREFMAG=10.318|VMAGINS=-13.818|VMAG=9.379,0,1.036,Z,-13.032,-12.858,,ZZ MIC,AAVSO,STD,,,,
2460881.175917,9.405,0.001,,TG,PEX,,210024-424312,210018-425242,X40493BVR,|CNAME=210024-424312|CDEC=-42.72003|CRA=315.10412|CMAGINS=-13.039|CREFMAG=10.165|KNAME=210018-425242|KDEC=-42.87852|KRA=315.07557|KMAGINS=-12.887|KREFMAG=10.318|VMAGINS=-13.800|VMAG=9.405,0,1.035,Z,-13.040,-12.847,,ZZ MIC,AAVSO,STD,,,,
2460881.176520,9.479,0.001,,TG,PEX,,210024-424312,210018-425242,X40493BVR,|CNAME=210024-424312|CDEC=-42.72003|CRA=315.10412|CMAGINS=-13.096|CREFMAG=10.165|KNAME=210018-425242|KDEC=-42.87852|KRA=315.07557|KMAGINS=-12.943|KREFMAG=10.318|VMAGINS=-13.782|VMAG=9.479,0,1.035,Z,-13.096,-12.905,,ZZ MIC,AAVSO,STD,,,,
2460881.177081,9.419,0.001,,TG,PEX,,210024-424312,210018-425242,X40493BVR,|CNAME=210024-424312|CDEC=-42.72003|CRA=315.10412|CMAGINS=-13.052|CREFMAG=10.165|KNAME=210018-425242|KDEC=-42.87852|KRA=315.07557|KMAGINS=-12.899|KREFMAG=10.318|VMAGINS=-13.798|VMAG=9.419,0,1.034,Z,-13.052,-12.883,,ZZ MIC,AAVSO,STD,,,,
2460881.177678,9.441,0.002,,TG,PEX,,210024-424312,210018-425242,X40493BVR,|CNAME=210024-424312|CDEC=-42.72003|CRA=315.10412|CMAGINS=-13.047|CREFMAG=10.165|KNAME=210018-425242|KDEC=-42.87852|KRA=315.07557|KMAGINS=-12.894|KREFMAG=10.318|VMAGINS=-13.772|VMAG=9.441,0,1.034,Z,-13.048,-12.908,,ZZ MIC,AAVSO,STD,,,,
2460881.178250,9.486,0.002,,TG,PEX,,210024-424312,210018-425242,X40493BVR,|CNAME=210024-424312|CDEC=-42.72003|CRA=315.10412|CMAGINS=-13.087|CREFMAG=10.165|KNAME=210018-425242|KDEC=-42.87852|KRA=315.07557|KMAGINS=-12.934|KREFMAG=10.318|VMAGINS=-13.767|VMAG=9.486,0,1.033,Z,-13.088,-12.869,,ZZ MIC,AAVSO,STD,,,,
2460881.178857,9.493,0.002,,TG,PEX,,210024-424312,210018-425242,X40493BVR,|CNAME=210024-424312|CDEC=-42.72003|CRA=315.10412|CMAGINS=-13.067|CREFMAG=10.165|KNAME=210018-425242|KDEC=-42.87852|KRA=315.07557|KMAGINS=-12.915|KREFMAG=10.318|VMAGINS=-13.740|VMAG=9.493,0,1.032,Z,-13.068,-12.898,,ZZ MIC,AAVSO,STD,,,,
2460881.179463,9.473,0.002,,TG,PEX,,210024-424312,210018-425242,X40493BVR,|CNAME=210024-424312|CDEC=-42.72003|CRA=315.10412|CMAGINS=-13.041|CREFMAG=10.165|KNAME=210018-425242|KDEC=-42.87852|KRA=315.07557|KMAGINS=-12.888|KREFMAG=10.318|VMAGINS=-13.733|VMAG=9.473,0,1.032,Z,-13.042,-12.858,,ZZ MIC,AAVSO,STD,,,,
2460881.180036,9.474,0.002,,TG,PEX,,210024-424312,210018-425242,X40493BVR,|CNAME=210024-424312|CDEC=-42.72003|CRA=315.10412|CMAGINS=-13.040|CREFMAG=10.165|KNAME=210018-425242|KDEC=-42.87852|KRA=315.07557|KMAGINS=-12.887|KREFMAG=10.318|VMAGINS=-13.731|VMAG=9.474,0,1.031,Z,-13.040,-12.894,,ZZ MIC,AAVSO,STD,,,,
2460881.180629,9.502,0.001,,TG,PEX,,210024-424312,210018-425242,X40493BVR,|CNAME=210024-424312|CDEC=-42.72003|CRA=315.10412|CMAGINS=-13.057|CREFMAG=10.165|KNAME=210018-425242|KDEC=-42.87852|KRA=315.07557|KMAGINS=-12.904|KREFMAG=10.318|VMAGINS=-13.720|VMAG=9.502,0,1.031,Z,-13.057,-12.850,,ZZ MIC,AAVSO,STD,,,,
2460881.181201,9.512,0.001,,TG,PEX,,210024-424312,210018-425242,X40493BVR,|CNAME=210024-424312|CDEC=-42.72003|CRA=315.10412|CMAGINS=-13.058|CREFMAG=10.165|KNAME=210018-425242|KDEC=-42.87852|KRA=315.07557|KMAGINS=-12.905|KREFMAG=10.318|VMAGINS=-13.711|VMAG=9.512,0,1.030,Z,-13.059,-12.848,,ZZ MIC,AAVSO,STD,,,,
2460881.181816,9.506,0.002,,TG,PEX,,210024-424312,210018-425242,X40493BVR,|CNAME=210024-424312|CDEC=-42.72003|CRA=315.10412|CMAGINS=-13.076|CREFMAG=10.165|KNAME=210018-425242|KDEC=-42.87852|KRA=315.07557|KMAGINS=-12.923|KREFMAG=10.318|VMAGINS=-13.735|VMAG=9.506,0,1.030,Z,-13.076,-12.867,,ZZ MIC,AAVSO,STD,,,,
2460881.182487,9.521,0.002,,TG,PEX,,210024-424312,210018-425242,X40493BVR,|CNAME=210024-424312|CDEC=-42.72003|CRA=315.10412|CMAGINS=-13.031|CREFMAG=10.165|KNAME=210018-425242|KDEC=-42.87852|KRA=315.07557|KMAGINS=-12.878|KREFMAG=10.318|VMAGINS=-13.675|VMAG=9.521,0,1.029,Z,-13.031,-12.859,,ZZ MIC,AAVSO,STD,,,,
2460881.183116,9.533,0.002,,TG,PEX,,210024-424312,210018-425242,X40493BVR,|CNAME=210024-424312|CDEC=-42.72003|CRA=315.10412|CMAGINS=-13.062|CREFMAG=10.165|KNAME=210018-425242|KDEC=-42.87852|KRA=315.07557|KMAGINS=-12.909|KREFMAG=10.318|VMAGINS=-13.694|VMAG=9.533,0,1.029,Z,-13.062,-12.877,,ZZ MIC,AAVSO,STD,,,,
2460881.183731,9.541,0.002,,TG,PEX,,210024-424312,210018-425242,X40493BVR,|CNAME=210024-424312|CDEC=-42.72003|CRA=315.10412|CMAGINS=-13.068|CREFMAG=10.165|KNAME=210018-425242|KDEC=-42.87852|KRA=315.07557|KMAGINS=-12.915|KREFMAG=10.318|VMAGINS=-13.693|VMAG=9.541,0,1.028,Z,-13.068,-12.881,,ZZ MIC,AAVSO,STD,,,,
2460881.184293,9.530,0.002,,TG,PEX,,210024-424312,210018-425242,X40493BVR,|CNAME=210024-424312|CDEC=-42.72003|CRA=315.10412|CMAGINS=-13.051|CREFMAG=10.165|KNAME=210018-425242|KDEC=-42.87852|KRA=315.07557|KMAGINS=-12.898|KREFMAG=10.318|VMAGINS=-13.686|VMAG=9.530,0,1.028,Z,-13.051,-12.875,,ZZ MIC,AAVSO,STD,,,,
2460881.184898,9.585,0.002,,TG,PEX,,210024-424312,210018-425242,X40493BVR,|CNAME=210024-424312|CDEC=-42.72003|CRA=315.10412|CMAGINS=-13.069|CREFMAG=10.165|KNAME=210018-425242|KDEC=-42.87852|KRA=315.07557|KMAGINS=-12.916|KREFMAG=10.318|VMAGINS=-13.650|VMAG=9.585,0,1.028,Z,-13.070,-12.878,,ZZ MIC,AAVSO,STD,,,,
2460881.185514,9.571,0.001,,TG,PEX,,210024-424312,210018-425242,X40493BVR,|CNAME=210024-424312|CDEC=-42.72003|CRA=315.10412|CMAGINS=-13.057|CREFMAG=10.165|KNAME=210018-425242|KDEC=-42.87852|KRA=315.07557|KMAGINS=-12.904|KREFMAG=10.318|VMAGINS=-13.652|VMAG=9.571,0,1.027,Z,-13.058,-12.852,,ZZ MIC,AAVSO,STD,,,,
2460881.186087,9.554,0.002,,TG,PEX,,210024-424312,210018-425242,X40493BVR,|CNAME=210024-424312|CDEC=-42.72003|CRA=315.10412|CMAGINS=-13.055|CREFMAG=10.165|KNAME=210018-425242|KDEC=-42.87852|KRA=315.07557|KMAGINS=-12.902|KREFMAG=10.318|VMAGINS=-13.666|VMAG=9.554,0,1.027,Z,-13.055,-12.892,,ZZ MIC,AAVSO,STD,,,,
2460881.186682,9.568,0.002,,TG,PEX,,210024-424312,210018-425242,X40493BVR,|CNAME=210024-424312|CDEC=-42.72003|CRA=315.10412|CMAGINS=-13.035|CREFMAG=10.165|KNAME=210018-425242|KDEC=-42.87852|KRA=315.07557|KMAGINS=-12.882|KREFMAG=10.318|VMAGINS=-13.632|VMAG=9.568,0,1.026,Z,-13.035,-12.856,,ZZ MIC,AAVSO,STD,,,,
2460881.187255,9.563,0.002,,TG,PEX,,210024-424312,210018-425242,X40493BVR,|CNAME=210024-424312|CDEC=-42.72003|CRA=315.10412|CMAGINS=-13.046|CREFMAG=10.165|KNAME=210018-425242|KDEC=-42.87852|KRA=315.07557|KMAGINS=-12.894|KREFMAG=10.318|VMAGINS=-13.649|VMAG=9.563,0,1.026,Z,-13.047,-12.908,,ZZ MIC,AAVSO,STD,,,,
2460881.187872,9.583,0.001,,TG,PEX,,210024-424312,210018-425242,X40493BVR,|CNAME=210024-424312|CDEC=-42.72003|CRA=315.10412|CMAGINS=-13.065|CREFMAG=10.165|KNAME=210018-425242|KDEC=-42.87852|KRA=315.07557|KMAGINS=-12.912|KREFMAG=10.318|VMAGINS=-13.648|VMAG=9.583,0,1.026,Z,-13.066,-12.857,,ZZ MIC,AAVSO,STD,,,,
2460881.188478,9.564,0.002,,TG,PEX,,210024-424312,210018-425242,X40493BVR,|CNAME=210024-424312|CDEC=-42.72003|CRA=315.10412|CMAGINS=-13.057|CREFMAG=10.165|KNAME=210018-425242|KDEC=-42.87852|KRA=315.07557|KMAGINS=-12.904|KREFMAG=10.318|VMAGINS=-13.658|VMAG=9.564,0,1.025,Z,-13.057,-12.914,,ZZ MIC,AAVSO,STD,,,,
2460881.189039,9.570,0.002,,TG,PEX,,210024-424312,210018-425242,X40493BVR,|CNAME=210024-424312|CDEC=-42.72003|CRA=315.10412|CMAGINS=-13.044|CREFMAG=10.165|KNAME=210018-425242|KDEC=-42.87852|KRA=315.07557|KMAGINS=-12.891|KREFMAG=10.318|VMAGINS=-13.639|VMAG=9.570,0,1.025,Z,-13.045,-12.862,,ZZ MIC,AAVSO,STD,,,,
2460881.189630,9.567,0.002,,TG,PEX,,210024-424312,210018-425242,X40493BVR,|CNAME=210024-424312|CDEC=-42.72003|CRA=315.10412|CMAGINS=-13.043|CREFMAG=10.165|KNAME=210018-425242|KDEC=-42.87852|KRA=315.07557|KMAGINS=-12.891|KREFMAG=10.318|VMAGINS=-13.641|VMAG=9.567,0,1.024,Z,-13.044,-12.897,,ZZ MIC,AAVSO,STD,,,,
2460881.190193,9.579,0.002,,TG,PEX,,210024-424312,210018-425242,X40493BVR,|CNAME=210024-424312|CDEC=-42.72003|CRA=315.10412|CMAGINS=-13.066|CREFMAG=10.165|KNAME=210018-425242|KDEC=-42.87852|KRA=315.07557|KMAGINS=-12.913|KREFMAG=10.318|VMAGINS=-13.652|VMAG=9.579,0,1.024,Z,-13.066,-12.891,,ZZ MIC,AAVSO,STD,,,,
2460881.190789,9.619,0.002,,TG,PEX,,210024-424312,210018-425242,X40493BVR,|CNAME=210024-424312|CDEC=-42.72003|CRA=315.10412|CMAGINS=-13.079|CREFMAG=10.165|KNAME=210018-425242|KDEC=-42.87852|KRA=315.07557|KMAGINS=-12.926|KREFMAG=10.318|VMAGINS=-13.625|VMAG=9.619,0,1.024,Z,-13.080,-12.873,,ZZ MIC,AAVSO,STD,,,,
2460881.191394,9.604,0.002,,TG,PEX,,210024-424312,210018-425242,X40493BVR,|CNAME=210024-424312|CDEC=-42.72003|CRA=315.10412|CMAGINS=-13.072|CREFMAG=10.165|KNAME=210018-425242|KDEC=-42.87852|KRA=315.07557|KMAGINS=-12.919|KREFMAG=10.318|VMAGINS=-13.633|VMAG=9.604,0,1.023,Z,-13.072,-12.872,,ZZ MIC,AAVSO,STD,,,,
2460881.191966,9.598,0.002,,TG,PEX,,210024-424312,210018-425242,X40493BVR,|CNAME=210024-424312|CDEC=-42.72003|CRA=315.10412|CMAGINS=-13.058|CREFMAG=10.165|KNAME=210018-425242|KDEC=-42.87852|KRA=315.07557|KMAGINS=-12.905|KREFMAG=10.318|VMAGINS=-13.625|VMAG=9.598,0,1.023,Z,-13.058,-12.874,,ZZ MIC,AAVSO,STD,,,,
2460881.192581,9.572,0.002,,TG,PEX,,210024-424312,210018-425242,X40493BVR,|CNAME=210024-424312|CDEC=-42.72003|CRA=315.10412|CMAGINS=-13.025|CREFMAG=10.165|KNAME=210018-425242|KDEC=-42.87852|KRA=315.07557|KMAGINS=-12.872|KREFMAG=10.318|VMAGINS=-13.619|VMAG=9.572,0,1.023,Z,-13.025,-12.887,,ZZ MIC,AAVSO,STD,,,,
2460881.193144,9.636,0.002,,TG,PEX,,210024-424312,210018-425242,X40493BVR,|CNAME=210024-424312|CDEC=-42.72003|CRA=315.10412|CMAGINS=-13.092|CREFMAG=10.165|KNAME=210018-425242|KDEC=-42.87852|KRA=315.07557|KMAGINS=-12.940|KREFMAG=10.318|VMAGINS=-13.622|VMAG=9.636,0,1.022,Z,-13.093,-12.863,,ZZ MIC,AAVSO,STD,,,,
2460881.193741,9.612,0.002,,TG,PEX,,210024-424312,210018-425242,X40493BVR,|CNAME=210024-424312|CDEC=-42.72003|CRA=315.10412|CMAGINS=-13.086|CREFMAG=10.165|KNAME=210018-425242|KDEC=-42.87852|KRA=315.07557|KMAGINS=-12.933|KREFMAG=10.318|VMAGINS=-13.639|VMAG=9.612,0,1.022,Z,-13.086,-12.883,,ZZ MIC,AAVSO,STD,,,,
2460881.194346,9.590,0.002,,TG,PEX,,210024-424312,210018-425242,X40493BVR,|CNAME=210024-424312|CDEC=-42.72003|CRA=315.10412|CMAGINS=-13.052|CREFMAG=10.165|KNAME=210018-425242|KDEC=-42.87852|KRA=315.07557|KMAGINS=-12.899|KREFMAG=10.318|VMAGINS=-13.627|VMAG=9.590,0,1.022,Z,-13.052,-12.887,,ZZ MIC,AAVSO,STD,,,,
2460881.194918,9.591,0.002,,TG,PEX,,210024-424312,210018-425242,X40493BVR,|CNAME=210024-424312|CDEC=-42.72003|CRA=315.10412|CMAGINS=-13.014|CREFMAG=10.165|KNAME=210018-425242|KDEC=-42.87852|KRA=315.07557|KMAGINS=-12.861|KREFMAG=10.318|VMAGINS=-13.588|VMAG=9.591,0,1.022,Z,-13.014,-12.853,,ZZ MIC,AAVSO,STD,,,,
2460881.195515,9.618,0.002,,TG,PEX,,210024-424312,210018-425242,X40493BVR,|CNAME=210024-424312|CDEC=-42.72003|CRA=315.10412|CMAGINS=-13.050|CREFMAG=10.165|KNAME=210018-425242|KDEC=-42.87852|KRA=315.07557|KMAGINS=-12.897|KREFMAG=10.318|VMAGINS=-13.597|VMAG=9.618,0,1.021,Z,-13.050,-12.889,,ZZ MIC,AAVSO,STD,,,,
2460881.196087,9.690,0.002,,TG,PEX,,210024-424312,210018-425242,X40493BVR,|CNAME=210024-424312|CDEC=-42.72003|CRA=315.10412|CMAGINS=-13.086|CREFMAG=10.165|KNAME=210018-425242|KDEC=-42.87852|KRA=315.07557|KMAGINS=-12.934|KREFMAG=10.318|VMAGINS=-13.562|VMAG=9.690,0,1.021,Z,-13.087,-12.867,,ZZ MIC,AAVSO,STD,,,,
2460881.196757,9.658,0.002,,TG,PEX,,210024-424312,210018-425242,X40493BVR,|CNAME=210024-424312|CDEC=-42.72003|CRA=315.10412|CMAGINS=-13.081|CREFMAG=10.165|KNAME=210018-425242|KDEC=-42.87852|KRA=315.07557|KMAGINS=-12.928|KREFMAG=10.318|VMAGINS=-13.588|VMAG=9.658,0,1.021,Z,-13.081,-12.880,,ZZ MIC,AAVSO,STD,,,,
2460881.197420,9.615,0.002,,TG,PEX,,210024-424312,210018-425242,X40493BVR,|CNAME=210024-424312|CDEC=-42.72003|CRA=315.10412|CMAGINS=-13.036|CREFMAG=10.165|KNAME=210018-425242|KDEC=-42.87852|KRA=315.07557|KMAGINS=-12.883|KREFMAG=10.318|VMAGINS=-13.586|VMAG=9.615,0,1.021,Z,-13.036,-12.881,,ZZ MIC,AAVSO,STD,,,,
2460881.197982,9.617,0.002,,TG,PEX,,210024-424312,210018-425242,X40493BVR,|CNAME=210024-424312|CDEC=-42.72003|CRA=315.10412|CMAGINS=-13.018|CREFMAG=10.165|KNAME=210018-425242|KDEC=-42.87852|KRA=315.07557|KMAGINS=-12.865|KREFMAG=10.318|VMAGINS=-13.567|VMAG=9.617,0,1.020,Z,-13.019,-12.866,,ZZ MIC,AAVSO,STD,,,,
2460881.198579,9.650,0.002,,TG,PEX,,210024-424312,210018-425242,X40493BVR,|CNAME=210024-424312|CDEC=-42.72003|CRA=315.10412|CMAGINS=-13.112|CREFMAG=10.165|KNAME=210018-425242|KDEC=-42.87852|KRA=315.07557|KMAGINS=-12.959|KREFMAG=10.318|VMAGINS=-13.627|VMAG=9.650,0,1.020,Z,-13.112,-12.915,,ZZ MIC,AAVSO,STD,,,,
2460881.199151,9.628,0.002,,TG,PEX,,210024-424312,210018-425242,X40493BVR,|CNAME=210024-424312|CDEC=-42.72003|CRA=315.10412|CMAGINS=-13.078|CREFMAG=10.165|KNAME=210018-425242|KDEC=-42.87852|KRA=315.07557|KMAGINS=-12.925|KREFMAG=10.318|VMAGINS=-13.616|VMAG=9.628,0,1.020,Z,-13.079,-12.896,,ZZ MIC,AAVSO,STD,,,,
2460881.199765,9.643,0.002,,TG,PEX,,210024-424312,210018-425242,X40493BVR,|CNAME=210024-424312|CDEC=-42.72003|CRA=315.10412|CMAGINS=-13.069|CREFMAG=10.165|KNAME=210018-425242|KDEC=-42.87852|KRA=315.07557|KMAGINS=-12.917|KREFMAG=10.318|VMAGINS=-13.592|VMAG=9.643,0,1.020,Z,-13.070,-12.900,,ZZ MIC,AAVSO,STD,,,,
2460881.200369,9.597,0.002,,TG,PEX,,210024-424312,210018-425242,X40493BVR,|CNAME=210024-424312|CDEC=-42.72003|CRA=315.10412|CMAGINS=-13.049|CREFMAG=10.165|KNAME=210018-425242|KDEC=-42.87852|KRA=315.07557|KMAGINS=-12.896|KREFMAG=10.318|VMAGINS=-13.618|VMAG=9.597,0,1.019,Z,-13.050,-12.919,,ZZ MIC,AAVSO,STD,,,,
2460881.200931,9.626,0.002,,TG,PEX,,210024-424312,210018-425242,X40493BVR,|CNAME=210024-424312|CDEC=-42.72003|CRA=315.10412|CMAGINS=-13.033|CREFMAG=10.165|KNAME=210018-425242|KDEC=-42.87852|KRA=315.07557|KMAGINS=-12.880|KREFMAG=10.318|VMAGINS=-13.573|VMAG=9.626,0,1.019,Z,-13.033,-12.886,,ZZ MIC,AAVSO,STD,,,,
2460881.201612,9.624,0.002,,TG,PEX,,210024-424312,210018-425242,X40493BVR,|CNAME=210024-424312|CDEC=-42.72003|CRA=315.10412|CMAGINS=-13.048|CREFMAG=10.165|KNAME=210018-425242|KDEC=-42.87852|KRA=315.07557|KMAGINS=-12.895|KREFMAG=10.318|VMAGINS=-13.589|VMAG=9.624,0,1.019,Z,-13.048,-12.892,,ZZ MIC,AAVSO,STD,,,,
2460881.202239,9.624,0.002,,TG,PEX,,210024-424312,210018-425242,X40493BVR,|CNAME=210024-424312|CDEC=-42.72003|CRA=315.10412|CMAGINS=-13.050|CREFMAG=10.165|KNAME=210018-425242|KDEC=-42.87852|KRA=315.07557|KMAGINS=-12.898|KREFMAG=10.318|VMAGINS=-13.592|VMAG=9.624,0,1.019,Z,-13.051,-12.862,,ZZ MIC,AAVSO,STD,,,,
2460881.202834,9.656,0.002,,TG,PEX,,210024-424312,210018-425242,X40493BVR,|CNAME=210024-424312|CDEC=-42.72003|CRA=315.10412|CMAGINS=-13.071|CREFMAG=10.165|KNAME=210018-425242|KDEC=-42.87852|KRA=315.07557|KMAGINS=-12.918|KREFMAG=10.318|VMAGINS=-13.580|VMAG=9.656,0,1.019,Z,-13.072,-12.911,,ZZ MIC,AAVSO,STD,,,,
2460881.203441,9.619,0.002,,TG,PEX,,210024-424312,210018-425242,X40493BVR,|CNAME=210024-424312|CDEC=-42.72003|CRA=315.10412|CMAGINS=-13.040|CREFMAG=10.165|KNAME=210018-425242|KDEC=-42.87852|KRA=315.07557|KMAGINS=-12.887|KREFMAG=10.318|VMAGINS=-13.586|VMAG=9.619,0,1.019,Z,-13.040,-12.903,,ZZ MIC,AAVSO,STD,,,,
2460881.204013,9.667,0.002,,TG,PEX,,210024-424312,210018-425242,X40493BVR,|CNAME=210024-424312|CDEC=-42.72003|CRA=315.10412|CMAGINS=-13.067|CREFMAG=10.165|KNAME=210018-425242|KDEC=-42.87852|KRA=315.07557|KMAGINS=-12.914|KREFMAG=10.318|VMAGINS=-13.566|VMAG=9.667,0,1.018,Z,-13.068,-12.880,,ZZ MIC,AAVSO,STD,,,,
2460881.204606,9.644,0.002,,TG,PEX,,210024-424312,210018-425242,X40493BVR,|CNAME=210024-424312|CDEC=-42.72003|CRA=315.10412|CMAGINS=-13.037|CREFMAG=10.165|KNAME=210018-425242|KDEC=-42.87852|KRA=315.07557|KMAGINS=-12.884|KREFMAG=10.318|VMAGINS=-13.558|VMAG=9.644,0,1.018,Z,-13.037,-12.874,,ZZ MIC,AAVSO,STD,,,,
2460881.205178,9.629,0.002,,TG,PEX,,210024-424312,210018-425242,X40493BVR,|CNAME=210024-424312|CDEC=-42.72003|CRA=315.10412|CMAGINS=-13.030|CREFMAG=10.165|KNAME=210018-425242|KDEC=-42.87852|KRA=315.07557|KMAGINS=-12.877|KREFMAG=10.318|VMAGINS=-13.567|VMAG=9.629,0,1.018,Z,-13.031,-12.910,,ZZ MIC,AAVSO,STD,,,,
2460881.205783,9.716,0.002,,TG,PEX,,210024-424312,210018-425242,X40493BVR,|CNAME=210024-424312|CDEC=-42.72003|CRA=315.10412|CMAGINS=-13.096|CREFMAG=10.165|KNAME=210018-425242|KDEC=-42.87852|KRA=315.07557|KMAGINS=-12.943|KREFMAG=10.318|VMAGINS=-13.545|VMAG=9.716,0,1.018,Z,-13.096,-12.860,,ZZ MIC,AAVSO,STD,,,,
2460881.206379,9.653,0.002,,TG,PEX,,210024-424312,210018-425242,X40493BVR,|CNAME=210024-424312|CDEC=-42.72003|CRA=315.10412|CMAGINS=-13.059|CREFMAG=10.165|KNAME=210018-425242|KDEC=-42.87852|KRA=315.07557|KMAGINS=-12.907|KREFMAG=10.318|VMAGINS=-13.572|VMAG=9.653,0,1.018,Z,-13.060,-12.895,,ZZ MIC,AAVSO,STD,,,,
2460881.206943,9.604,0.002,,TG,PEX,,210024-424312,210018-425242,X40493BVR,|CNAME=210024-424312|CDEC=-42.72003|CRA=315.10412|CMAGINS=-13.023|CREFMAG=10.165|KNAME=210018-425242|KDEC=-42.87852|KRA=315.07557|KMAGINS=-12.870|KREFMAG=10.318|VMAGINS=-13.585|VMAG=9.604,0,1.018,Z,-13.024,-12.852,,ZZ MIC,AAVSO,STD,,,,
2460881.207536,9.581,0.002,,TG,PEX,,210024-424312,210018-425242,X40493BVR,|CNAME=210024-424312|CDEC=-42.72003|CRA=315.10412|CMAGINS=-13.022|CREFMAG=10.165|KNAME=210018-425242|KDEC=-42.87852|KRA=315.07557|KMAGINS=-12.870|KREFMAG=10.318|VMAGINS=-13.607|VMAG=9.581,0,1.018,Z,-13.023,-12.907,,ZZ MIC,AAVSO,STD,,,,
2460881.208107,9.620,0.002,,TG,PEX,,210024-424312,210018-425242,X40493BVR,|CNAME=210024-424312|CDEC=-42.72003|CRA=315.10412|CMAGINS=-13.046|CREFMAG=10.165|KNAME=210018-425242|KDEC=-42.87852|KRA=315.07557|KMAGINS=-12.893|KREFMAG=10.318|VMAGINS=-13.591|VMAG=9.620,0,1.018,Z,-13.046,-12.871,,ZZ MIC,AAVSO,STD,,,,
2460881.208713,9.660,0.002,,TG,PEX,,210024-424312,210018-425242,X40493BVR,|CNAME=210024-424312|CDEC=-42.72003|CRA=315.10412|CMAGINS=-13.078|CREFMAG=10.165|KNAME=210018-425242|KDEC=-42.87852|KRA=315.07557|KMAGINS=-12.925|KREFMAG=10.318|VMAGINS=-13.583|VMAG=9.660,0,1.018,Z,-13.078,-12.861,,ZZ MIC,AAVSO,STD,,,,
2460881.209318,9.620,0.002,,TG,PEX,,210024-424312,210018-425242,X40493BVR,|CNAME=210024-424312|CDEC=-42.72003|CRA=315.10412|CMAGINS=-13.049|CREFMAG=10.165|KNAME=210018-425242|KDEC=-42.87852|KRA=315.07557|KMAGINS=-12.896|KREFMAG=10.318|VMAGINS=-13.595|VMAG=9.620,0,1.018,Z,-13.050,-12.874,,ZZ MIC,AAVSO,STD,,,,
2460881.209890,9.635,0.002,,TG,PEX,,210024-424312,210018-425242,X40493BVR,|CNAME=210024-424312|CDEC=-42.72003|CRA=315.10412|CMAGINS=-13.060|CREFMAG=10.165|KNAME=210018-425242|KDEC=-42.87852|KRA=315.07557|KMAGINS=-12.907|KREFMAG=10.318|VMAGINS=-13.590|VMAG=9.635,0,1.018,Z,-13.060,-12.894,,ZZ MIC,AAVSO,STD,,,,
2460881.210481,9.633,0.002,,TG,PEX,,210024-424312,210018-425242,X40493BVR,|CNAME=210024-424312|CDEC=-42.72003|CRA=315.10412|CMAGINS=-13.048|CREFMAG=10.165|KNAME=210018-425242|KDEC=-42.87852|KRA=315.07557|KMAGINS=-12.895|KREFMAG=10.318|VMAGINS=-13.581|VMAG=9.633,0,1.018,Z,-13.049,-12.850,,ZZ MIC,AAVSO,STD,,,,
2460881.211043,9.633,0.002,,TG,PEX,,210024-424312,210018-425242,X40493BVR,|CNAME=210024-424312|CDEC=-42.72003|CRA=315.10412|CMAGINS=-13.052|CREFMAG=10.165|KNAME=210018-425242|KDEC=-42.87852|KRA=315.07557|KMAGINS=-12.900|KREFMAG=10.318|VMAGINS=-13.585|VMAG=9.633,0,1.018,Z,-13.053,-12.868,,ZZ MIC,AAVSO,STD,,,,
2460881.211650,9.594,0.002,,TG,PEX,,210024-424312,210018-425242,X40493BVR,|CNAME=210024-424312|CDEC=-42.72003|CRA=315.10412|CMAGINS=-13.044|CREFMAG=10.165|KNAME=210018-425242|KDEC=-42.87852|KRA=315.07557|KMAGINS=-12.891|KREFMAG=10.318|VMAGINS=-13.615|VMAG=9.594,0,1.017,Z,-13.044,-12.877,,ZZ MIC,AAVSO,STD,,,,
2460881.212265,9.604,0.002,,TG,PEX,,210024-424312,210018-425242,X40493BVR,|CNAME=210024-424312|CDEC=-42.72003|CRA=315.10412|CMAGINS=-13.062|CREFMAG=10.165|KNAME=210018-425242|KDEC=-42.87852|KRA=315.07557|KMAGINS=-12.909|KREFMAG=10.318|VMAGINS=-13.623|VMAG=9.604,0,1.017,Z,-13.062,-12.864,,ZZ MIC,AAVSO,STD,,,,
2460881.212836,9.614,0.002,,TG,PEX,,210024-424312,210018-425242,X40493BVR,|CNAME=210024-424312|CDEC=-42.72003|CRA=315.10412|CMAGINS=-13.062|CREFMAG=10.165|KNAME=210018-425242|KDEC=-42.87852|KRA=315.07557|KMAGINS=-12.909|KREFMAG=10.318|VMAGINS=-13.614|VMAG=9.614,0,1.017,Z,-13.063,-12.863,,ZZ MIC,AAVSO,STD,,,,
2460881.213516,9.598,0.002,,TG,PEX,,210024-424312,210018-425242,X40493BVR,|CNAME=210024-424312|CDEC=-42.72003|CRA=315.10412|CMAGINS=-13.066|CREFMAG=10.165|KNAME=210018-425242|KDEC=-42.87852|KRA=315.07557|KMAGINS=-12.913|KREFMAG=10.318|VMAGINS=-13.633|VMAG=9.598,0,1.017,Z,-13.066,-12.869,,ZZ MIC,AAVSO,STD,,,,
2461245.050117,9.651,0.003,,TG,PEX,,205919-425311,210024-424312,X42781CML,|CNAME=205919-425311|CDEC=-42.88661|CRA=314.82917|CMAGINS=-13.460|CREFMAG=9.877|KNAME=210024-424312|KDEC=-42.72003|KRA=315.10412|KMAGINS=-13.172|KREFMAG=10.165|VMAGINS=-13.687|VMAG=9.651,0,1.489,Z,-13.461,-13.164,None,ZZ Mic,AAVSO,STD,,,,
2461245.050879,9.62,0.003,,TG,PEX,,205919-425311,210024-424312,X42781CML,|CNAME=205919-425311|CDEC=-42.88661|CRA=314.82917|CMAGINS=-13.417|CREFMAG=9.877|KNAME=210024-424312|KDEC=-42.72003|KRA=315.10412|KMAGINS=-13.129|KREFMAG=10.165|VMAGINS=-13.675|VMAG=9.620,0,1.483,Z,-13.417,-13.161,None,ZZ Mic,AAVSO,STD,,,,
2461245.051639,9.674,0.003,,TG,PEX,,205919-425311,210024-424312,X42781CML,|CNAME=205919-425311|CDEC=-42.88661|CRA=314.82917|CMAGINS=-13.466|CREFMAG=9.877|KNAME=210024-424312|KDEC=-42.72003|KRA=315.10412|KMAGINS=-13.178|KREFMAG=10.165|VMAGINS=-13.669|VMAG=9.674,0,1.477,Z,-13.466,-13.18,None,ZZ Mic,AAVSO,STD,,,,
2461245.052396,9.629,0.003,,TG,PEX,,205919-425311,210024-424312,X42781CML,|CNAME=205919-425311|CDEC=-42.88661|CRA=314.82917|CMAGINS=-13.441|CREFMAG=9.877|KNAME=210024-424312|KDEC=-42.72003|KRA=315.10412|KMAGINS=-13.153|KREFMAG=10.165|VMAGINS=-13.690|VMAG=9.629,0,1.472,Z,-13.441,-13.169,None,ZZ Mic,AAVSO,STD,,,,
2461245.053163,9.64,0.003,,TG,PEX,,205919-425311,210024-424312,X42781CML,|CNAME=205919-425311|CDEC=-42.88661|CRA=314.82917|CMAGINS=-13.457|CREFMAG=9.877|KNAME=210024-424312|KDEC=-42.72003|KRA=315.10412|KMAGINS=-13.169|KREFMAG=10.165|VMAGINS=-13.694|VMAG=9.640,0,1.466,Z,-13.458,-13.173,None,ZZ Mic,AAVSO,STD,,,,
2461245.05393,9.613,0.003,,TG,PEX,,205919-425311,210024-424312,X42781CML,|CNAME=205919-425311|CDEC=-42.88661|CRA=314.82917|CMAGINS=-13.467|CREFMAG=9.877|KNAME=210024-424312|KDEC=-42.72003|KRA=315.10412|KMAGINS=-13.178|KREFMAG=10.165|VMAGINS=-13.731|VMAG=9.613,0,1.461,Z,-13.467,-13.161,None,ZZ Mic,AAVSO,STD,,,,
2461245.054688,9.638,0.003,,TG,PEX,,205919-425311,210024-424312,X42781CML,|CNAME=205919-425311|CDEC=-42.88661|CRA=314.82917|CMAGINS=-13.463|CREFMAG=9.877|KNAME=210024-424312|KDEC=-42.72003|KRA=315.10412|KMAGINS=-13.175|KREFMAG=10.165|VMAGINS=-13.702|VMAG=9.638,0,1.455,Z,-13.464,-13.177,None,ZZ Mic,AAVSO,STD,,,,
2461245.055446,9.572,0.003,,TG,PEX,,205919-425311,210024-424312,X42781CML,|CNAME=205919-425311|CDEC=-42.88661|CRA=314.82917|CMAGINS=-13.432|CREFMAG=9.877|KNAME=210024-424312|KDEC=-42.72003|KRA=315.10412|KMAGINS=-13.144|KREFMAG=10.165|VMAGINS=-13.737|VMAG=9.572,0,1.45,Z,-13.433,-13.165,None,ZZ Mic,AAVSO,STD,,,,
2461245.056201,9.609,0.003,,TG,PEX,,205919-425311,210024-424312,X42781CML,|CNAME=205919-425311|CDEC=-42.88661|CRA=314.82917|CMAGINS=-13.471|CREFMAG=9.877|KNAME=210024-424312|KDEC=-42.72003|KRA=315.10412|KMAGINS=-13.182|KREFMAG=10.165|VMAGINS=-13.739|VMAG=9.609,0,1.445,Z,-13.471,-13.179,None,ZZ Mic,AAVSO,STD,,,,
2461245.056956,9.537,0.003,,TG,PEX,,205919-425311,210024-424312,X42781CML,|CNAME=205919-425311|CDEC=-42.88661|CRA=314.82917|CMAGINS=-13.430|CREFMAG=9.877|KNAME=210024-424312|KDEC=-42.72003|KRA=315.10412|KMAGINS=-13.142|KREFMAG=10.165|VMAGINS=-13.771|VMAG=9.537,0,1.439,Z,-13.431,-13.208,None,ZZ Mic,AAVSO,STD,,,,
2461245.057715,9.576,0.003,,TG,PEX,,205919-425311,210024-424312,X42781CML,|CNAME=205919-425311|CDEC=-42.88661|CRA=314.82917|CMAGINS=-13.468|CREFMAG=9.877|KNAME=210024-424312|KDEC=-42.72003|KRA=315.10412|KMAGINS=-13.180|KREFMAG=10.165|VMAGINS=-13.769|VMAG=9.576,0,1.434,Z,-13.469,-13.187,None,ZZ Mic,AAVSO,STD,,,,
2461245.058477,9.55,0.002,,TG,PEX,,205919-425311,210024-424312,X42781CML,|CNAME=205919-425311|CDEC=-42.88661|CRA=314.82917|CMAGINS=-13.463|CREFMAG=9.877|KNAME=210024-424312|KDEC=-42.72003|KRA=315.10412|KMAGINS=-13.175|KREFMAG=10.165|VMAGINS=-13.791|VMAG=9.550,0,1.429,Z,-13.464,-13.172,None,ZZ Mic,AAVSO,STD,,,,
2461245.059232,9.54,0.002,,TG,PEX,,205919-425311,210024-424312,X42781CML,|CNAME=205919-425311|CDEC=-42.88661|CRA=314.82917|CMAGINS=-13.461|CREFMAG=9.877|KNAME=210024-424312|KDEC=-42.72003|KRA=315.10412|KMAGINS=-13.173|KREFMAG=10.165|VMAGINS=-13.798|VMAG=9.540,0,1.424,Z,-13.461,-13.139,None,ZZ Mic,AAVSO,STD,,,,
2461245.059986,9.603,0.003,,TG,PEX,,205919-425311,210024-424312,X42781CML,|CNAME=205919-425311|CDEC=-42.88661|CRA=314.82917|CMAGINS=-13.496|CREFMAG=9.877|KNAME=210024-424312|KDEC=-42.72003|KRA=315.10412|KMAGINS=-13.208|KREFMAG=10.165|VMAGINS=-13.770|VMAG=9.603,0,1.419,Z,-13.496,-13.18,None,ZZ Mic,AAVSO,STD,,,,
2461245.060742,9.516,0.002,,TG,PEX,,205919-425311,210024-424312,X42781CML,|CNAME=205919-425311|CDEC=-42.88661|CRA=314.82917|CMAGINS=-13.456|CREFMAG=9.877|KNAME=210024-424312|KDEC=-42.72003|KRA=315.10412|KMAGINS=-13.168|KREFMAG=10.165|VMAGINS=-13.817|VMAG=9.516,0,1.414,Z,-13.456,-13.187,None,ZZ Mic,AAVSO,STD,,,,
2461245.062925,9.427,0.002,,TG,PEX,,205919-425311,210024-424312,X42781CML,|CNAME=205919-425311|CDEC=-42.88661|CRA=314.82917|CMAGINS=-13.467|CREFMAG=9.877|KNAME=210024-424312|KDEC=-42.72003|KRA=315.10412|KMAGINS=-13.179|KREFMAG=10.165|VMAGINS=-13.917|VMAG=9.427,0,1.4,Z,-13.468,-13.166,None,ZZ Mic,AAVSO,STD,,,,
2461245.065109,9.432,0.002,,TG,PEX,,205919-425311,210024-424312,X42781CML,|CNAME=205919-425311|CDEC=-42.88661|CRA=314.82917|CMAGINS=-13.500|CREFMAG=9.877|KNAME=210024-424312|KDEC=-42.72003|KRA=315.10412|KMAGINS=-13.212|KREFMAG=10.165|VMAGINS=-13.945|VMAG=9.432,0,1.387,Z,-13.5,-13.205,None,ZZ Mic,AAVSO,STD,,,,
2461245.065888,9.363,0.002,,TG,PEX,,205919-425311,210024-424312,X42781CML,|CNAME=205919-425311|CDEC=-42.88661|CRA=314.82917|CMAGINS=-13.454|CREFMAG=9.877|KNAME=210024-424312|KDEC=-42.72003|KRA=315.10412|KMAGINS=-13.166|KREFMAG=10.165|VMAGINS=-13.968|VMAG=9.363,0,1.382,Z,-13.454,-13.207,None,ZZ Mic,AAVSO,STD,,,,
2461245.066665,9.359,0.002,,TG,PEX,,205919-425311,210024-424312,X42781CML,|CNAME=205919-425311|CDEC=-42.88661|CRA=314.82917|CMAGINS=-13.488|CREFMAG=9.877|KNAME=210024-424312|KDEC=-42.72003|KRA=315.10412|KMAGINS=-13.200|KREFMAG=10.165|VMAGINS=-14.006|VMAG=9.359,0,1.377,Z,-13.488,-13.19,None,ZZ Mic,AAVSO,STD,,,,
2461245.067434,9.326,0.002,,TG,PEX,,205919-425311,210024-424312,X42781CML,|CNAME=205919-425311|CDEC=-42.88661|CRA=314.82917|CMAGINS=-13.484|CREFMAG=9.877|KNAME=210024-424312|KDEC=-42.72003|KRA=315.10412|KMAGINS=-13.196|KREFMAG=10.165|VMAGINS=-14.036|VMAG=9.326,0,1.372,Z,-13.485,-13.208,None,ZZ Mic,AAVSO,STD,,,,
2461245.068207,9.273,0.002,,TG,PEX,,205919-425311,210024-424312,X42781CML,|CNAME=205919-425311|CDEC=-42.88661|CRA=314.82917|CMAGINS=-13.435|CREFMAG=9.877|KNAME=210024-424312|KDEC=-42.72003|KRA=315.10412|KMAGINS=-13.147|KREFMAG=10.165|VMAGINS=-14.040|VMAG=9.273,0,1.368,Z,-13.436,-13.189,None,ZZ Mic,AAVSO,STD,,,,
2461245.068981,9.268,0.002,,TG,PEX,,205919-425311,210024-424312,X42781CML,|CNAME=205919-425311|CDEC=-42.88661|CRA=314.82917|CMAGINS=-13.447|CREFMAG=9.877|KNAME=210024-424312|KDEC=-42.72003|KRA=315.10412|KMAGINS=-13.159|KREFMAG=10.165|VMAGINS=-14.056|VMAG=9.268,0,1.363,Z,-13.448,-13.185,None,ZZ Mic,AAVSO,STD,,,,
2461245.069751,9.213,0.002,,TG,PEX,,205919-425311,210024-424312,X42781CML,|CNAME=205919-425311|CDEC=-42.88661|CRA=314.82917|CMAGINS=-13.413|CREFMAG=9.877|KNAME=210024-424312|KDEC=-42.72003|KRA=315.10412|KMAGINS=-13.125|KREFMAG=10.165|VMAGINS=-14.077|VMAG=9.213,0,1.359,Z,-13.414,-13.179,None,ZZ Mic,AAVSO,STD,,,,
2461245.070515,9.255,0.002,,TG,PEX,,205919-425311,210024-424312,X42781CML,|CNAME=205919-425311|CDEC=-42.88661|CRA=314.82917|CMAGINS=-13.465|CREFMAG=9.877|KNAME=210024-424312|KDEC=-42.72003|KRA=315.10412|KMAGINS=-13.177|KREFMAG=10.165|VMAGINS=-14.087|VMAG=9.255,0,1.355,Z,-13.465,-13.197,None,ZZ Mic,AAVSO,STD,,,,
2461245.071272,9.254,0.002,,TG,PEX,,205919-425311,210024-424312,X42781CML,|CNAME=205919-425311|CDEC=-42.88661|CRA=314.82917|CMAGINS=-13.477|CREFMAG=9.877|KNAME=210024-424312|KDEC=-42.72003|KRA=315.10412|KMAGINS=-13.189|KREFMAG=10.165|VMAGINS=-14.101|VMAG=9.254,0,1.35,Z,-13.477,-13.178,None,ZZ Mic,AAVSO,STD,,,,
2461245.07203,9.288,0.002,,TG,PEX,,205919-425311,210024-424312,X42781CML,|CNAME=205919-425311|CDEC=-42.88661|CRA=314.82917|CMAGINS=-13.487|CREFMAG=9.877|KNAME=210024-424312|KDEC=-42.72003|KRA=315.10412|KMAGINS=-13.199|KREFMAG=10.165|VMAGINS=-14.076|VMAG=9.288,0,1.346,Z,-13.487,-13.196,None,ZZ Mic,AAVSO,STD,,,,
2461245.072788,9.249,0.002,,TG,PEX,,205919-425311,210024-424312,X42781CML,|CNAME=205919-425311|CDEC=-42.88661|CRA=314.82917|CMAGINS=-13.459|CREFMAG=9.877|KNAME=210024-424312|KDEC=-42.72003|KRA=315.10412|KMAGINS=-13.171|KREFMAG=10.165|VMAGINS=-14.088|VMAG=9.249,0,1.342,Z,-13.46,-13.173,None,ZZ Mic,AAVSO,STD,,,,
2461245.073777,9.258,0.002,,TG,PEX,,205919-425311,210024-424312,X42781CML,|CNAME=205919-425311|CDEC=-42.88661|CRA=314.82917|CMAGINS=-13.478|CREFMAG=9.877|KNAME=210024-424312|KDEC=-42.72003|KRA=315.10412|KMAGINS=-13.189|KREFMAG=10.165|VMAGINS=-14.097|VMAG=9.258,0,1.336,Z,-13.478,-13.193,None,ZZ Mic,AAVSO,STD,,,,
2461245.074771,9.264,0.002,,TG,PEX,,205919-425311,210024-424312,X42781CML,|CNAME=205919-425311|CDEC=-42.88661|CRA=314.82917|CMAGINS=-13.472|CREFMAG=9.877|KNAME=210024-424312|KDEC=-42.72003|KRA=315.10412|KMAGINS=-13.183|KREFMAG=10.165|VMAGINS=-14.085|VMAG=9.264,0,1.331,Z,-13.472,-13.209,None,ZZ Mic,AAVSO,STD,,,,
2461245.075526,9.269,0.002,,TG,PEX,,205919-425311,210024-424312,X42781CML,|CNAME=205919-425311|CDEC=-42.88661|CRA=314.82917|CMAGINS=-13.481|CREFMAG=9.877|KNAME=210024-424312|KDEC=-42.72003|KRA=315.10412|KMAGINS=-13.193|KREFMAG=10.165|VMAGINS=-14.089|VMAG=9.269,0,1.327,Z,-13.481,-13.184,None,ZZ Mic,AAVSO,STD,,,,
2461245.076282,9.248,0.002,,TG,PEX,,205919-425311,210024-424312,X42781CML,|CNAME=205919-425311|CDEC=-42.88661|CRA=314.82917|CMAGINS=-13.462|CREFMAG=9.877|KNAME=210024-424312|KDEC=-42.72003|KRA=315.10412|KMAGINS=-13.174|KREFMAG=10.165|VMAGINS=-14.092|VMAG=9.248,0,1.323,Z,-13.462,-13.186,None,ZZ Mic,AAVSO,STD,,,,
2461245.077037,9.259,0.002,,TG,PEX,,205919-425311,210024-424312,X42781CML,|CNAME=205919-425311|CDEC=-42.88661|CRA=314.82917|CMAGINS=-13.455|CREFMAG=9.877|KNAME=210024-424312|KDEC=-42.72003|KRA=315.10412|KMAGINS=-13.166|KREFMAG=10.165|VMAGINS=-14.073|VMAG=9.259,0,1.319,Z,-13.455,-13.176,None,ZZ Mic,AAVSO,STD,,,,
2461245.077797,9.293,0.002,,TG,PEX,,205919-425311,210024-424312,X42781CML,|CNAME=205919-425311|CDEC=-42.88661|CRA=314.82917|CMAGINS=-13.462|CREFMAG=9.877|KNAME=210024-424312|KDEC=-42.72003|KRA=315.10412|KMAGINS=-13.173|KREFMAG=10.165|VMAGINS=-14.046|VMAG=9.293,0,1.315,Z,-13.462,-13.162,None,ZZ Mic,AAVSO,STD,,,,
2461245.078559,9.294,0.002,,TG,PEX,,205919-425311,210024-424312,X42781CML,|CNAME=205919-425311|CDEC=-42.88661|CRA=314.82917|CMAGINS=-13.474|CREFMAG=9.877|KNAME=210024-424312|KDEC=-42.72003|KRA=315.10412|KMAGINS=-13.185|KREFMAG=10.165|VMAGINS=-14.057|VMAG=9.294,0,1.311,Z,-13.474,-13.195,None,ZZ Mic,AAVSO,STD,,,,
2461245.079315,9.304,0.002,,TG,PEX,,205919-425311,210024-424312,X42781CML,|CNAME=205919-425311|CDEC=-42.88661|CRA=314.82917|CMAGINS=-13.470|CREFMAG=9.877|KNAME=210024-424312|KDEC=-42.72003|KRA=315.10412|KMAGINS=-13.181|KREFMAG=10.165|VMAGINS=-14.043|VMAG=9.304,0,1.307,Z,-13.47,-13.179,None,ZZ Mic,AAVSO,STD,,,,
2461245.080071,9.303,0.002,,TG,PEX,,205919-425311,210024-424312,X42781CML,|CNAME=205919-425311|CDEC=-42.88661|CRA=314.82917|CMAGINS=-13.445|CREFMAG=9.877|KNAME=210024-424312|KDEC=-42.72003|KRA=315.10412|KMAGINS=-13.157|KREFMAG=10.165|VMAGINS=-14.019|VMAG=9.303,0,1.303,Z,-13.445,-13.172,None,ZZ Mic,AAVSO,STD,,,,
2461245.080836,9.352,0.002,,TG,PEX,,205919-425311,210024-424312,X42781CML,|CNAME=205919-425311|CDEC=-42.88661|CRA=314.82917|CMAGINS=-13.450|CREFMAG=9.877|KNAME=210024-424312|KDEC=-42.72003|KRA=315.10412|KMAGINS=-13.162|KREFMAG=10.165|VMAGINS=-13.975|VMAG=9.352,0,1.299,Z,-13.45,-13.148,None,ZZ Mic,AAVSO,STD,,,,
2461245.081601,9.355,0.002,,TG,PEX,,205919-425311,210024-424312,X42781CML,|CNAME=205919-425311|CDEC=-42.88661|CRA=314.82917|CMAGINS=-13.457|CREFMAG=9.877|KNAME=210024-424312|KDEC=-42.72003|KRA=315.10412|KMAGINS=-13.168|KREFMAG=10.165|VMAGINS=-13.979|VMAG=9.355,0,1.296,Z,-13.457,-13.168,None,ZZ Mic,AAVSO,STD,,,,
2461245.082359,9.35,0.002,,TG,PEX,,205919-425311,210024-424312,X42781CML,|CNAME=205919-425311|CDEC=-42.88661|CRA=314.82917|CMAGINS=-13.457|CREFMAG=9.877|KNAME=210024-424312|KDEC=-42.72003|KRA=315.10412|KMAGINS=-13.168|KREFMAG=10.165|VMAGINS=-13.984|VMAG=9.350,0,1.292,Z,-13.457,-13.186,None,ZZ Mic,AAVSO,STD,,,,
2461245.08336,9.378,0.002,,TG,PEX,,205919-425311,210024-424312,X42781CML,|CNAME=205919-425311|CDEC=-42.88661|CRA=314.82917|CMAGINS=-13.469|CREFMAG=9.877|KNAME=210024-424312|KDEC=-42.72003|KRA=315.10412|KMAGINS=-13.181|KREFMAG=10.165|VMAGINS=-13.968|VMAG=9.378,0,1.287,Z,-13.469,-13.16,None,ZZ Mic,AAVSO,STD,,,,
2461245.084358,9.34,0.002,,TG,PEX,,205919-425311,210024-424312,X42781CML,|CNAME=205919-425311|CDEC=-42.88661|CRA=314.82917|CMAGINS=-13.392|CREFMAG=9.877|KNAME=210024-424312|KDEC=-42.72003|KRA=315.10412|KMAGINS=-13.104|KREFMAG=10.165|VMAGINS=-13.930|VMAG=9.340,0,1.282,Z,-13.393,-13.195,None,ZZ Mic,AAVSO,STD,,,,
2461245.085114,9.419,0.002,,TG,PEX,,205919-425311,210024-424312,X42781CML,|CNAME=205919-425311|CDEC=-42.88661|CRA=314.82917|CMAGINS=-13.426|CREFMAG=9.877|KNAME=210024-424312|KDEC=-42.72003|KRA=315.10412|KMAGINS=-13.138|KREFMAG=10.165|VMAGINS=-13.885|VMAG=9.419,0,1.279,Z,-13.426,-13.152,None,ZZ Mic,AAVSO,STD,,,,
2461245.085871,9.458,0.002,,TG,PEX,,205919-425311,210024-424312,X42781CML,|CNAME=205919-425311|CDEC=-42.88661|CRA=314.82917|CMAGINS=-13.485|CREFMAG=9.877|KNAME=210024-424312|KDEC=-42.72003|KRA=315.10412|KMAGINS=-13.197|KREFMAG=10.165|VMAGINS=-13.905|VMAG=9.458,0,1.275,Z,-13.485,-13.176,None,ZZ Mic,AAVSO,STD,,,,
2461245.086626,9.43,0.002,,TG,PEX,,205919-425311,210024-424312,X42781CML,|CNAME=205919-425311|CDEC=-42.88661|CRA=314.82917|CMAGINS=-13.446|CREFMAG=9.877|KNAME=210024-424312|KDEC=-42.72003|KRA=315.10412|KMAGINS=-13.158|KREFMAG=10.165|VMAGINS=-13.893|VMAG=9.430,0,1.272,Z,-13.446,-13.177,None,ZZ Mic,AAVSO,STD,,,,
2461245.087385,9.427,0.002,,TG,PEX,,205919-425311,210024-424312,X42781CML,|CNAME=205919-425311|CDEC=-42.88661|CRA=314.82917|CMAGINS=-13.445|CREFMAG=9.877|KNAME=210024-424312|KDEC=-42.72003|KRA=315.10412|KMAGINS=-13.157|KREFMAG=10.165|VMAGINS=-13.895|VMAG=9.427,0,1.268,Z,-13.445,-13.186,None,ZZ Mic,AAVSO,STD,,,,
2461245.088141,9.472,0.002,,TG,PEX,,205919-425311,210024-424312,X42781CML,|CNAME=205919-425311|CDEC=-42.88661|CRA=314.82917|CMAGINS=-13.470|CREFMAG=9.877|KNAME=210024-424312|KDEC=-42.72003|KRA=315.10412|KMAGINS=-13.182|KREFMAG=10.165|VMAGINS=-13.875|VMAG=9.472,0,1.265,Z,-13.47,-13.199,None,ZZ Mic,AAVSO,STD,,,,
2461245.0889,9.485,0.002,,TG,PEX,,205919-425311,210024-424312,X42781CML,|CNAME=205919-425311|CDEC=-42.88661|CRA=314.82917|CMAGINS=-13.494|CREFMAG=9.877|KNAME=210024-424312|KDEC=-42.72003|KRA=315.10412|KMAGINS=-13.205|KREFMAG=10.165|VMAGINS=-13.886|VMAG=9.485,0,1.261,Z,-13.494,-13.179,None,ZZ Mic,AAVSO,STD,,,,
2461245.089655,9.466,0.002,,TG,PEX,,205919-425311,210024-424312,X42781CML,|CNAME=205919-425311|CDEC=-42.88661|CRA=314.82917|CMAGINS=-13.438|CREFMAG=9.877|KNAME=210024-424312|KDEC=-42.72003|KRA=315.10412|KMAGINS=-13.150|KREFMAG=10.165|VMAGINS=-13.849|VMAG=9.466,0,1.258,Z,-13.438,-13.186,None,ZZ Mic,AAVSO,STD,,,,
2461245.090415,9.46,0.002,,TG,PEX,,205919-425311,210024-424312,X42781CML,|CNAME=205919-425311|CDEC=-42.88661|CRA=314.82917|CMAGINS=-13.438|CREFMAG=9.877|KNAME=210024-424312|KDEC=-42.72003|KRA=315.10412|KMAGINS=-13.150|KREFMAG=10.165|VMAGINS=-13.855|VMAG=9.460,0,1.254,Z,-13.438,-13.18,None,ZZ Mic,AAVSO,STD,,,,
2461245.091094,9.493,0.003,,TG,PEX,,205919-425311,210024-424312,X42781CML,|CNAME=205919-425311|CDEC=-42.88661|CRA=314.82917|CMAGINS=-13.486|CREFMAG=9.877|KNAME=210024-424312|KDEC=-42.72003|KRA=315.10412|KMAGINS=-13.198|KREFMAG=10.165|VMAGINS=-13.870|VMAG=9.493,0,1.252,Z,-13.486,-13.181,None,ZZ Mic,AAVSO,STD,,,,
2461245.091698,9.521,0.002,,TG,PEX,,205919-425311,210024-424312,X42781CML,|CNAME=205919-425311|CDEC=-42.88661|CRA=314.82917|CMAGINS=-13.499|CREFMAG=9.877|KNAME=210024-424312|KDEC=-42.72003|KRA=315.10412|KMAGINS=-13.210|KREFMAG=10.165|VMAGINS=-13.855|VMAG=9.521,0,1.249,Z,-13.499,-13.227,None,ZZ Mic,AAVSO,STD,,,,
2461245.092309,9.479,0.002,,TG,PEX,,205919-425311,210024-424312,X42781CML,|CNAME=205919-425311|CDEC=-42.88661|CRA=314.82917|CMAGINS=-13.471|CREFMAG=9.877|KNAME=210024-424312|KDEC=-42.72003|KRA=315.10412|KMAGINS=-13.183|KREFMAG=10.165|VMAGINS=-13.869|VMAG=9.479,0,1.246,Z,-13.471,-13.228,None,ZZ Mic,AAVSO,STD,,,,
2461245.092919,9.532,0.003,,TG,PEX,,205919-425311,210024-424312,X42781CML,|CNAME=205919-425311|CDEC=-42.88661|CRA=314.82917|CMAGINS=-13.535|CREFMAG=9.877|KNAME=210024-424312|KDEC=-42.72003|KRA=315.10412|KMAGINS=-13.246|KREFMAG=10.165|VMAGINS=-13.880|VMAG=9.532,0,1.244,Z,-13.535,-13.211,None,ZZ Mic,AAVSO,STD,,,,
2461245.093523,9.507,0.003,,TG,PEX,,205919-425311,210024-424312,X42781CML,|CNAME=205919-425311|CDEC=-42.88661|CRA=314.82917|CMAGINS=-13.477|CREFMAG=9.877|KNAME=210024-424312|KDEC=-42.72003|KRA=315.10412|KMAGINS=-13.188|KREFMAG=10.165|VMAGINS=-13.847|VMAG=9.507,0,1.241,Z,-13.477,-13.227,None,ZZ Mic,AAVSO,STD,,,,
2461245.094131,9.571,0.003,,TG,PEX,,205919-425311,210024-424312,X42781CML,|CNAME=205919-425311|CDEC=-42.88661|CRA=314.82917|CMAGINS=-13.545|CREFMAG=9.877|KNAME=210024-424312|KDEC=-42.72003|KRA=315.10412|KMAGINS=-13.257|KREFMAG=10.165|VMAGINS=-13.851|VMAG=9.571,0,1.239,Z,-13.545,-13.243,None,ZZ Mic,AAVSO,STD,,,,
2461245.094739,9.549,0.003,,TG,PEX,,205919-425311,210024-424312,X42781CML,|CNAME=205919-425311|CDEC=-42.88661|CRA=314.82917|CMAGINS=-13.486|CREFMAG=9.877|KNAME=210024-424312|KDEC=-42.72003|KRA=315.10412|KMAGINS=-13.198|KREFMAG=10.165|VMAGINS=-13.814|VMAG=9.549,0,1.236,Z,-13.486,-13.205,None,ZZ Mic,AAVSO,STD,,,,
2461245.095347,9.582,0.003,,TG,PEX,,205919-425311,210024-424312,X42781CML,|CNAME=205919-425311|CDEC=-42.88661|CRA=314.82917|CMAGINS=-13.502|CREFMAG=9.877|KNAME=210024-424312|KDEC=-42.72003|KRA=315.10412|KMAGINS=-13.214|KREFMAG=10.165|VMAGINS=-13.797|VMAG=9.582,0,1.233,Z,-13.502,-13.183,None,ZZ Mic,AAVSO,STD,,,,
2461245.095953,9.538,0.002,,TG,PEX,,205919-425311,210024-424312,X42781CML,|CNAME=205919-425311|CDEC=-42.88661|CRA=314.82917|CMAGINS=-13.474|CREFMAG=9.877|KNAME=210024-424312|KDEC=-42.72003|KRA=315.10412|KMAGINS=-13.186|KREFMAG=10.165|VMAGINS=-13.814|VMAG=9.538,0,1.231,Z,-13.475,-13.25,None,ZZ Mic,AAVSO,STD,,,,
2461245.09656,9.571,0.003,,TG,PEX,,205919-425311,210024-424312,X42781CML,|CNAME=205919-425311|CDEC=-42.88661|CRA=314.82917|CMAGINS=-13.506|CREFMAG=9.877|KNAME=210024-424312|KDEC=-42.72003|KRA=315.10412|KMAGINS=-13.218|KREFMAG=10.165|VMAGINS=-13.813|VMAG=9.571,0,1.229,Z,-13.506,-13.253,None,ZZ Mic,AAVSO,STD,,,,
2461245.097386,9.584,0.002,,TG,PEX,,205919-425311,210024-424312,X42781CML,|CNAME=205919-425311|CDEC=-42.88661|CRA=314.82917|CMAGINS=-13.512|CREFMAG=9.877|KNAME=210024-424312|KDEC=-42.72003|KRA=315.10412|KMAGINS=-13.223|KREFMAG=10.165|VMAGINS=-13.805|VMAG=9.584,0,1.225,Z,-13.512,-13.185,None,ZZ Mic,AAVSO,STD,,,,
2461245.09821,9.571,0.003,,TG,PEX,,205919-425311,210024-424312,X42781CML,|CNAME=205919-425311|CDEC=-42.88661|CRA=314.82917|CMAGINS=-13.501|CREFMAG=9.877|KNAME=210024-424312|KDEC=-42.72003|KRA=315.10412|KMAGINS=-13.213|KREFMAG=10.165|VMAGINS=-13.807|VMAG=9.571,0,1.222,Z,-13.501,-13.246,None,ZZ Mic,AAVSO,STD,,,,
2461245.09882,9.626,0.003,,TG,PEX,,205919-425311,210024-424312,X42781CML,|CNAME=205919-425311|CDEC=-42.88661|CRA=314.82917|CMAGINS=-13.526|CREFMAG=9.877|KNAME=210024-424312|KDEC=-42.72003|KRA=315.10412|KMAGINS=-13.237|KREFMAG=10.165|VMAGINS=-13.776|VMAG=9.626,0,1.22,Z,-13.526,-13.255,None,ZZ Mic,AAVSO,STD,,,,
2461245.099429,9.575,0.003,,TG,PEX,,205919-425311,210024-424312,X42781CML,|CNAME=205919-425311|CDEC=-42.88661|CRA=314.82917|CMAGINS=-13.476|CREFMAG=9.877|KNAME=210024-424312|KDEC=-42.72003|KRA=315.10412|KMAGINS=-13.187|KREFMAG=10.165|VMAGINS=-13.778|VMAG=9.575,0,1.217,Z,-13.476,-13.214,None,ZZ Mic,AAVSO,STD,,,,
2461245.100038,9.64,0.003,,TG,PEX,,205919-425311,210024-424312,X42781CML,|CNAME=205919-425311|CDEC=-42.88661|CRA=314.82917|CMAGINS=-13.533|CREFMAG=9.877|KNAME=210024-424312|KDEC=-42.72003|KRA=315.10412|KMAGINS=-13.245|KREFMAG=10.165|VMAGINS=-13.770|VMAG=9.640,0,1.215,Z,-13.533,-13.223,None,ZZ Mic,AAVSO,STD,,,,
2461245.100646,9.61,0.002,,TG,PEX,,205919-425311,210024-424312,X42781CML,|CNAME=205919-425311|CDEC=-42.88661|CRA=314.82917|CMAGINS=-13.521|CREFMAG=9.877|KNAME=210024-424312|KDEC=-42.72003|KRA=315.10412|KMAGINS=-13.233|KREFMAG=10.165|VMAGINS=-13.789|VMAG=9.610,0,1.212,Z,-13.522,-13.19,None,ZZ Mic,AAVSO,STD,,,,
2461245.101259,9.618,0.002,,TG,PEX,,205919-425311,210024-424312,X42781CML,|CNAME=205919-425311|CDEC=-42.88661|CRA=314.82917|CMAGINS=-13.518|CREFMAG=9.877|KNAME=210024-424312|KDEC=-42.72003|KRA=315.10412|KMAGINS=-13.230|KREFMAG=10.165|VMAGINS=-13.777|VMAG=9.618,0,1.21,Z,-13.519,-13.253,None,ZZ Mic,AAVSO,STD,,,,
2461245.101874,9.64,0.003,,TG,PEX,,205919-425311,210024-424312,X42781CML,|CNAME=205919-425311|CDEC=-42.88661|CRA=314.82917|CMAGINS=-13.549|CREFMAG=9.877|KNAME=210024-424312|KDEC=-42.72003|KRA=315.10412|KMAGINS=-13.261|KREFMAG=10.165|VMAGINS=-13.786|VMAG=9.640,0,1.208,Z,-13.549,-13.212,None,ZZ Mic,AAVSO,STD,,,,
2461245.102487,9.593,0.003,,TG,PEX,,205919-425311,210024-424312,X42781CML,|CNAME=205919-425311|CDEC=-42.88661|CRA=314.82917|CMAGINS=-13.490|CREFMAG=9.877|KNAME=210024-424312|KDEC=-42.72003|KRA=315.10412|KMAGINS=-13.202|KREFMAG=10.165|VMAGINS=-13.774|VMAG=9.593,0,1.205,Z,-13.49,-13.219,None,ZZ Mic,AAVSO,STD,,,,
2461245.103096,9.583,0.003,,TG,PEX,,205919-425311,210024-424312,X42781CML,|CNAME=205919-425311|CDEC=-42.88661|CRA=314.82917|CMAGINS=-13.491|CREFMAG=9.877|KNAME=210024-424312|KDEC=-42.72003|KRA=315.10412|KMAGINS=-13.203|KREFMAG=10.165|VMAGINS=-13.785|VMAG=9.583,0,1.203,Z,-13.491,-13.264,None,ZZ Mic,AAVSO,STD,,,,
2461245.103711,9.551,0.003,,TG,PEX,,205919-425311,210024-424312,X42781CML,|CNAME=205919-425311|CDEC=-42.88661|CRA=314.82917|CMAGINS=-13.483|CREFMAG=9.877|KNAME=210024-424312|KDEC=-42.72003|KRA=315.10412|KMAGINS=-13.195|KREFMAG=10.165|VMAGINS=-13.810|VMAG=9.551,0,1.201,Z,-13.484,-13.217,None,ZZ Mic,AAVSO,STD,,,,
2461245.104321,9.636,0.003,,TG,PEX,,205919-425311,210024-424312,X42781CML,|CNAME=205919-425311|CDEC=-42.88661|CRA=314.82917|CMAGINS=-13.502|CREFMAG=9.877|KNAME=210024-424312|KDEC=-42.72003|KRA=315.10412|KMAGINS=-13.214|KREFMAG=10.165|VMAGINS=-13.743|VMAG=9.636,0,1.199,Z,-13.502,-13.203,None,ZZ Mic,AAVSO,STD,,,,
2461245.104931,9.65,0.003,,TG,PEX,,205919-425311,210024-424312,X42781CML,|CNAME=205919-425311|CDEC=-42.88661|CRA=314.82917|CMAGINS=-13.516|CREFMAG=9.877|KNAME=210024-424312|KDEC=-42.72003|KRA=315.10412|KMAGINS=-13.228|KREFMAG=10.165|VMAGINS=-13.743|VMAG=9.650,0,1.196,Z,-13.516,-13.226,None,ZZ Mic,AAVSO,STD,,,,
2461245.105541,9.589,0.003,,TG,PEX,,205919-425311,210024-424312,X42781CML,|CNAME=205919-425311|CDEC=-42.88661|CRA=314.82917|CMAGINS=-13.462|CREFMAG=9.877|KNAME=210024-424312|KDEC=-42.72003|KRA=315.10412|KMAGINS=-13.174|KREFMAG=10.165|VMAGINS=-13.750|VMAG=9.589,0,1.194,Z,-13.462,-13.218,None,ZZ Mic,AAVSO,STD,,,,
2461245.106154,9.622,0.003,,TG,PEX,,205919-425311,210024-424312,X42781CML,|CNAME=205919-425311|CDEC=-42.88661|CRA=314.82917|CMAGINS=-13.499|CREFMAG=9.877|KNAME=210024-424312|KDEC=-42.72003|KRA=315.10412|KMAGINS=-13.211|KREFMAG=10.165|VMAGINS=-13.754|VMAG=9.622,0,1.192,Z,-13.499,-13.219,None,ZZ Mic,AAVSO,STD,,,,
2461245.106771,9.618,0.003,,TG,PEX,,205919-425311,210024-424312,X42781CML,|CNAME=205919-425311|CDEC=-42.88661|CRA=314.82917|CMAGINS=-13.481|CREFMAG=9.877|KNAME=210024-424312|KDEC=-42.72003|KRA=315.10412|KMAGINS=-13.192|KREFMAG=10.165|VMAGINS=-13.740|VMAG=9.618,0,1.19,Z,-13.481,-13.255,None,ZZ Mic,AAVSO,STD,,,,
2461245.107388,9.656,0.003,,TG,PEX,,205919-425311,210024-424312,X42781CML,|CNAME=205919-425311|CDEC=-42.88661|CRA=314.82917|CMAGINS=-13.515|CREFMAG=9.877|KNAME=210024-424312|KDEC=-42.72003|KRA=315.10412|KMAGINS=-13.227|KREFMAG=10.165|VMAGINS=-13.736|VMAG=9.656,0,1.188,Z,-13.516,-13.213,None,ZZ Mic,AAVSO,STD,,,,
2461245.108006,9.62,0.003,,TG,PEX,,205919-425311,210024-424312,X42781CML,|CNAME=205919-425311|CDEC=-42.88661|CRA=314.82917|CMAGINS=-13.515|CREFMAG=9.877|KNAME=210024-424312|KDEC=-42.72003|KRA=315.10412|KMAGINS=-13.226|KREFMAG=10.165|VMAGINS=-13.772|VMAG=9.620,0,1.186,Z,-13.515,-13.245,None,ZZ Mic,AAVSO,STD,,,,
2461245.108623,9.617,0.003,,TG,PEX,,205919-425311,210024-424312,X42781CML,|CNAME=205919-425311|CDEC=-42.88661|CRA=314.82917|CMAGINS=-13.498|CREFMAG=9.877|KNAME=210024-424312|KDEC=-42.72003|KRA=315.10412|KMAGINS=-13.210|KREFMAG=10.165|VMAGINS=-13.758|VMAG=9.617,0,1.183,Z,-13.498,-13.269,None,ZZ Mic,AAVSO,STD,,,,
2461245.10923,9.665,0.003,,TG,PEX,,205919-425311,210024-424312,X42781CML,|CNAME=205919-425311|CDEC=-42.88661|CRA=314.82917|CMAGINS=-13.534|CREFMAG=9.877|KNAME=210024-424312|KDEC=-42.72003|KRA=315.10412|KMAGINS=-13.246|KREFMAG=10.165|VMAGINS=-13.746|VMAG=9.665,0,1.181,Z,-13.534,-13.223,None,ZZ Mic,AAVSO,STD,,,,
2461245.109838,9.613,0.003,,TG,PEX,,205919-425311,210024-424312,X42781CML,|CNAME=205919-425311|CDEC=-42.88661|CRA=314.82917|CMAGINS=-13.503|CREFMAG=9.877|KNAME=210024-424312|KDEC=-42.72003|KRA=315.10412|KMAGINS=-13.215|KREFMAG=10.165|VMAGINS=-13.767|VMAG=9.613,0,1.179,Z,-13.503,-13.262,None,ZZ Mic,AAVSO,STD,,,,
2461245.11045,9.663,0.003,,TG,PEX,,205919-425311,210024-424312,X42781CML,|CNAME=205919-425311|CDEC=-42.88661|CRA=314.82917|CMAGINS=-13.550|CREFMAG=9.877|KNAME=210024-424312|KDEC=-42.72003|KRA=315.10412|KMAGINS=-13.262|KREFMAG=10.165|VMAGINS=-13.765|VMAG=9.663,0,1.177,Z,-13.55,-13.26,None,ZZ Mic,AAVSO,STD,,,,
2461245.111531,9.602,0.002,,TG,PEX,,205919-425311,210024-424312,X42781CML,|CNAME=205919-425311|CDEC=-42.88661|CRA=314.82917|CMAGINS=-13.476|CREFMAG=9.877|KNAME=210024-424312|KDEC=-42.72003|KRA=315.10412|KMAGINS=-13.188|KREFMAG=10.165|VMAGINS=-13.751|VMAG=9.602,0,1.174,Z,-13.476,-13.233,None,ZZ Mic,AAVSO,STD,,,,
2461245.112609,9.648,0.003,,TG,PEX,,205919-425311,210024-424312,X42781CML,|CNAME=205919-425311|CDEC=-42.88661|CRA=314.82917|CMAGINS=-13.514|CREFMAG=9.877|KNAME=210024-424312|KDEC=-42.72003|KRA=315.10412|KMAGINS=-13.226|KREFMAG=10.165|VMAGINS=-13.743|VMAG=9.648,0,1.17,Z,-13.514,-13.258,None,ZZ Mic,AAVSO,STD,,,,
2461245.113217,9.656,0.003,,TG,PEX,,205919-425311,210024-424312,X42781CML,|CNAME=205919-425311|CDEC=-42.88661|CRA=314.82917|CMAGINS=-13.510|CREFMAG=9.877|KNAME=210024-424312|KDEC=-42.72003|KRA=315.10412|KMAGINS=-13.221|KREFMAG=10.165|VMAGINS=-13.731|VMAG=9.656,0,1.168,Z,-13.51,-13.256,None,ZZ Mic,AAVSO,STD,,,,
2461245.11383,9.625,0.003,,TG,PEX,,205919-425311,210024-424312,X42781CML,|CNAME=205919-425311|CDEC=-42.88661|CRA=314.82917|CMAGINS=-13.483|CREFMAG=9.877|KNAME=210024-424312|KDEC=-42.72003|KRA=315.10412|KMAGINS=-13.195|KREFMAG=10.165|VMAGINS=-13.735|VMAG=9.625,0,1.166,Z,-13.483,-13.233,None,ZZ Mic,AAVSO,STD,,,,
2461245.114449,9.618,0.003,,TG,PEX,,205919-425311,210024-424312,X42781CML,|CNAME=205919-425311|CDEC=-42.88661|CRA=314.82917|CMAGINS=-13.472|CREFMAG=9.877|KNAME=210024-424312|KDEC=-42.72003|KRA=315.10412|KMAGINS=-13.184|KREFMAG=10.165|VMAGINS=-13.731|VMAG=9.618,0,1.164,Z,-13.472,-13.192,None,ZZ Mic,AAVSO,STD,,,,
2461245.115064,9.661,0.003,,TG,PEX,,205919-425311,210024-424312,X42781CML,|CNAME=205919-425311|CDEC=-42.88661|CRA=314.82917|CMAGINS=-13.476|CREFMAG=9.877|KNAME=210024-424312|KDEC=-42.72003|KRA=315.10412|KMAGINS=-13.188|KREFMAG=10.165|VMAGINS=-13.692|VMAG=9.661,0,1.162,Z,-13.476,-13.192,None,ZZ Mic,AAVSO,STD,,,,
2461245.115678,9.676,0.003,,TG,PEX,,205919-425311,210024-424312,X42781CML,|CNAME=205919-425311|CDEC=-42.88661|CRA=314.82917|CMAGINS=-13.520|CREFMAG=9.877|KNAME=210024-424312|KDEC=-42.72003|KRA=315.10412|KMAGINS=-13.232|KREFMAG=10.165|VMAGINS=-13.721|VMAG=9.676,0,1.16,Z,-13.52,-13.211,None,ZZ Mic,AAVSO,STD,,,,
2461245.116297,9.671,0.003,,TG,PEX,,205919-425311,210024-424312,X42781CML,|CNAME=205919-425311|CDEC=-42.88661|CRA=314.82917|CMAGINS=-13.500|CREFMAG=9.877|KNAME=210024-424312|KDEC=-42.72003|KRA=315.10412|KMAGINS=-13.212|KREFMAG=10.165|VMAGINS=-13.706|VMAG=9.671,0,1.158,Z,-13.5,-13.234,None,ZZ Mic,AAVSO,STD,,,,
2461245.116916,9.655,0.003,,TG,PEX,,205919-425311,210024-424312,X42781CML,|CNAME=205919-425311|CDEC=-42.88661|CRA=314.82917|CMAGINS=-13.521|CREFMAG=9.877|KNAME=210024-424312|KDEC=-42.72003|KRA=315.10412|KMAGINS=-13.233|KREFMAG=10.165|VMAGINS=-13.743|VMAG=9.655,0,1.156,Z,-13.521,-13.227,None,ZZ Mic,AAVSO,STD,,,,
2461245.11753,9.617,0.003,,TG,PEX,,205919-425311,210024-424312,X42781CML,|CNAME=205919-425311|CDEC=-42.88661|CRA=314.82917|CMAGINS=-13.478|CREFMAG=9.877|KNAME=210024-424312|KDEC=-42.72003|KRA=315.10412|KMAGINS=-13.190|KREFMAG=10.165|VMAGINS=-13.738|VMAG=9.617,0,1.155,Z,-13.478,-13.192,None,ZZ Mic,AAVSO,STD,,,,
2461245.118146,9.614,0.003,,TG,PEX,,205919-425311,210024-424312,X42781CML,|CNAME=205919-425311|CDEC=-42.88661|CRA=314.82917|CMAGINS=-13.466|CREFMAG=9.877|KNAME=210024-424312|KDEC=-42.72003|KRA=315.10412|KMAGINS=-13.178|KREFMAG=10.165|VMAGINS=-13.729|VMAG=9.614,0,1.153,Z,-13.466,-13.189,None,ZZ Mic,AAVSO,STD,,,,
2461245.11876,9.618,0.003,,TG,PEX,,205919-425311,210024-424312,X42781CML,|CNAME=205919-425311|CDEC=-42.88661|CRA=314.82917|CMAGINS=-13.478|CREFMAG=9.877|KNAME=210024-424312|KDEC=-42.72003|KRA=315.10412|KMAGINS=-13.189|KREFMAG=10.165|VMAGINS=-13.736|VMAG=9.618,0,1.151,Z,-13.478,-13.199,None,ZZ Mic,AAVSO,STD,,,,
2461245.119372,9.636,0.003,,TG,PEX,,205919-425311,210024-424312,X42781CML,|CNAME=205919-425311|CDEC=-42.88661|CRA=314.82917|CMAGINS=-13.522|CREFMAG=9.877|KNAME=210024-424312|KDEC=-42.72003|KRA=315.10412|KMAGINS=-13.234|KREFMAG=10.165|VMAGINS=-13.763|VMAG=9.636,0,1.149,Z,-13.523,-13.231,None,ZZ Mic,AAVSO,STD,,,,
2461245.119987,9.607,0.003,,TG,PEX,,205919-425311,210024-424312,X42781CML,|CNAME=205919-425311|CDEC=-42.88661|CRA=314.82917|CMAGINS=-13.475|CREFMAG=9.877|KNAME=210024-424312|KDEC=-42.72003|KRA=315.10412|KMAGINS=-13.187|KREFMAG=10.165|VMAGINS=-13.745|VMAG=9.607,0,1.147,Z,-13.476,-13.254,None,ZZ Mic,AAVSO,STD,,,,
2461245.120613,9.627,0.003,,TG,PEX,,205919-425311,210024-424312,X42781CML,|CNAME=205919-425311|CDEC=-42.88661|CRA=314.82917|CMAGINS=-13.484|CREFMAG=9.877|KNAME=210024-424312|KDEC=-42.72003|KRA=315.10412|KMAGINS=-13.196|KREFMAG=10.165|VMAGINS=-13.734|VMAG=9.627,0,1.145,Z,-13.485,-13.227,None,ZZ Mic,AAVSO,STD,,,,
2461245.121226,9.577,0.002,,TG,PEX,,205919-425311,210024-424312,X42781CML,|CNAME=205919-425311|CDEC=-42.88661|CRA=314.82917|CMAGINS=-13.507|CREFMAG=9.877|KNAME=210024-424312|KDEC=-42.72003|KRA=315.10412|KMAGINS=-13.219|KREFMAG=10.165|VMAGINS=-13.807|VMAG=9.577,0,1.144,Z,-13.508,-13.234,None,ZZ Mic,AAVSO,STD,,,,
2461245.121834,9.631,0.002,,TG,PEX,,205919-425311,210024-424312,X42781CML,|CNAME=205919-425311|CDEC=-42.88661|CRA=314.82917|CMAGINS=-13.538|CREFMAG=9.877|KNAME=210024-424312|KDEC=-42.72003|KRA=315.10412|KMAGINS=-13.249|KREFMAG=10.165|VMAGINS=-13.784|VMAG=9.631,0,1.142,Z,-13.538,-13.263,None,ZZ Mic,AAVSO,STD,,,,
2461245.122444,9.599,0.002,,TG,PEX,,205919-425311,210024-424312,X42781CML,|CNAME=205919-425311|CDEC=-42.88661|CRA=314.82917|CMAGINS=-13.516|CREFMAG=9.877|KNAME=210024-424312|KDEC=-42.72003|KRA=315.10412|KMAGINS=-13.228|KREFMAG=10.165|VMAGINS=-13.794|VMAG=9.599,0,1.14,Z,-13.516,-13.211,None,ZZ Mic,AAVSO,STD,,,,
2461245.123061,9.603,0.002,,TG,PEX,,205919-425311,210024-424312,X42781CML,|CNAME=205919-425311|CDEC=-42.88661|CRA=314.82917|CMAGINS=-13.530|CREFMAG=9.877|KNAME=210024-424312|KDEC=-42.72003|KRA=315.10412|KMAGINS=-13.242|KREFMAG=10.165|VMAGINS=-13.804|VMAG=9.603,0,1.138,Z,-13.531,-13.267,None,ZZ Mic,AAVSO,STD,,,,
2461245.123678,9.572,0.002,,TG,PEX,,205919-425311,210024-424312,X42781CML,|CNAME=205919-425311|CDEC=-42.88661|CRA=314.82917|CMAGINS=-13.537|CREFMAG=9.877|KNAME=210024-424312|KDEC=-42.72003|KRA=315.10412|KMAGINS=-13.249|KREFMAG=10.165|VMAGINS=-13.842|VMAG=9.572,0,1.137,Z,-13.538,-13.23,None,ZZ Mic,AAVSO,STD,,,,
2461245.124291,9.571,0.002,,TG,PEX,,205919-425311,210024-424312,X42781CML,|CNAME=205919-425311|CDEC=-42.88661|CRA=314.82917|CMAGINS=-13.530|CREFMAG=9.877|KNAME=210024-424312|KDEC=-42.72003|KRA=315.10412|KMAGINS=-13.241|KREFMAG=10.165|VMAGINS=-13.836|VMAG=9.571,0,1.135,Z,-13.53,-13.259,None,ZZ Mic,AAVSO,STD,,,,
2461245.124905,9.529,0.002,,TG,PEX,,205919-425311,210024-424312,X42781CML,|CNAME=205919-425311|CDEC=-42.88661|CRA=314.82917|CMAGINS=-13.495|CREFMAG=9.877|KNAME=210024-424312|KDEC=-42.72003|KRA=315.10412|KMAGINS=-13.207|KREFMAG=10.165|VMAGINS=-13.843|VMAG=9.529,0,1.133,Z,-13.495,-13.209,None,ZZ Mic,AAVSO,STD,,,,
2461245.125525,9.534,0.002,,TG,PEX,,205919-425311,210024-424312,X42781CML,|CNAME=205919-425311|CDEC=-42.88661|CRA=314.82917|CMAGINS=-13.524|CREFMAG=9.877|KNAME=210024-424312|KDEC=-42.72003|KRA=315.10412|KMAGINS=-13.236|KREFMAG=10.165|VMAGINS=-13.868|VMAG=9.534,0,1.131,Z,-13.525,-13.228,None,ZZ Mic,AAVSO,STD,,,,
2461245.128185,9.48,0.002,,TG,PEX,,205919-425311,210024-424312,X42781CML,|CNAME=205919-425311|CDEC=-42.88661|CRA=314.82917|CMAGINS=-13.533|CREFMAG=9.877|KNAME=210024-424312|KDEC=-42.72003|KRA=315.10412|KMAGINS=-13.244|KREFMAG=10.165|VMAGINS=-13.929|VMAG=9.480,0,1.124,Z,-13.533,-13.261,None,ZZ Mic,AAVSO,STD,,,,
2461245.130841,9.443,0.002,,TG,PEX,,205919-425311,210024-424312,X42781CML,|CNAME=205919-425311|CDEC=-42.88661|CRA=314.82917|CMAGINS=-13.541|CREFMAG=9.877|KNAME=210024-424312|KDEC=-42.72003|KRA=315.10412|KMAGINS=-13.253|KREFMAG=10.165|VMAGINS=-13.976|VMAG=9.443,0,1.118,Z,-13.541,-13.253,None,ZZ Mic,AAVSO,STD,,,,
2461245.131453,9.401,0.002,,TG,PEX,,205919-425311,210024-424312,X42781CML,|CNAME=205919-425311|CDEC=-42.88661|CRA=314.82917|CMAGINS=-13.530|CREFMAG=9.877|KNAME=210024-424312|KDEC=-42.72003|KRA=315.10412|KMAGINS=-13.242|KREFMAG=10.165|VMAGINS=-14.007|VMAG=9.401,0,1.116,Z,-13.531,-13.274,None,ZZ Mic,AAVSO,STD,,,,
2461245.132074,9.44,0.002,,TG,PEX,,205919-425311,210024-424312,X42781CML,|CNAME=205919-425311|CDEC=-42.88661|CRA=314.82917|CMAGINS=-13.549|CREFMAG=9.877|KNAME=210024-424312|KDEC=-42.72003|KRA=315.10412|KMAGINS=-13.261|KREFMAG=10.165|VMAGINS=-13.987|VMAG=9.440,0,1.115,Z,-13.549,-13.269,None,ZZ Mic,AAVSO,STD,,,,
2461245.13269,9.373,0.002,,TG,PEX,,205919-425311,210024-424312,X42781CML,|CNAME=205919-425311|CDEC=-42.88661|CRA=314.82917|CMAGINS=-13.520|CREFMAG=9.877|KNAME=210024-424312|KDEC=-42.72003|KRA=315.10412|KMAGINS=-13.232|KREFMAG=10.165|VMAGINS=-14.025|VMAG=9.373,0,1.113,Z,-13.52,-13.236,None,ZZ Mic,AAVSO,STD,,,,
2461245.133311,9.376,0.002,,TG,PEX,,205919-425311,210024-424312,X42781CML,|CNAME=205919-425311|CDEC=-42.88661|CRA=314.82917|CMAGINS=-13.551|CREFMAG=9.877|KNAME=210024-424312|KDEC=-42.72003|KRA=315.10412|KMAGINS=-13.263|KREFMAG=10.165|VMAGINS=-14.053|VMAG=9.376,0,1.112,Z,-13.551,-13.248,None,ZZ Mic,AAVSO,STD,,,,
2461245.133924,9.359,0.002,,TG,PEX,,205919-425311,210024-424312,X42781CML,|CNAME=205919-425311|CDEC=-42.88661|CRA=314.82917|CMAGINS=-13.521|CREFMAG=9.877|KNAME=210024-424312|KDEC=-42.72003|KRA=315.10412|KMAGINS=-13.233|KREFMAG=10.165|VMAGINS=-14.040|VMAG=9.359,0,1.11,Z,-13.522,-13.282,None,ZZ Mic,AAVSO,STD,,,,
2461245.134532,9.331,0.002,,TG,PEX,,205919-425311,210024-424312,X42781CML,|CNAME=205919-425311|CDEC=-42.88661|CRA=314.82917|CMAGINS=-13.530|CREFMAG=9.877|KNAME=210024-424312|KDEC=-42.72003|KRA=315.10412|KMAGINS=-13.242|KREFMAG=10.165|VMAGINS=-14.076|VMAG=9.331,0,1.109,Z,-13.53,-13.245,None,ZZ Mic,AAVSO,STD,,,,
2461245.135155,9.33,0.002,,TG,PEX,,205919-425311,210024-424312,X42781CML,|CNAME=205919-425311|CDEC=-42.88661|CRA=314.82917|CMAGINS=-13.550|CREFMAG=9.877|KNAME=210024-424312|KDEC=-42.72003|KRA=315.10412|KMAGINS=-13.262|KREFMAG=10.165|VMAGINS=-14.098|VMAG=9.330,0,1.107,Z,-13.551,-13.243,None,ZZ Mic,AAVSO,STD,,,,
2461245.135782,9.276,0.002,,TG,PEX,,205919-425311,210024-424312,X42781CML,|CNAME=205919-425311|CDEC=-42.88661|CRA=314.82917|CMAGINS=-13.517|CREFMAG=9.877|KNAME=210024-424312|KDEC=-42.72003|KRA=315.10412|KMAGINS=-13.228|KREFMAG=10.165|VMAGINS=-14.118|VMAG=9.276,0,1.106,Z,-13.517,-13.262,None,ZZ Mic,AAVSO,STD,,,,
2461245.136397,9.298,0.002,,TG,PEX,,205919-425311,210024-424312,X42781CML,|CNAME=205919-425311|CDEC=-42.88661|CRA=314.82917|CMAGINS=-13.517|CREFMAG=9.877|KNAME=210024-424312|KDEC=-42.72003|KRA=315.10412|KMAGINS=-13.229|KREFMAG=10.165|VMAGINS=-14.096|VMAG=9.298,0,1.104,Z,-13.518,-13.27,None,ZZ Mic,AAVSO,STD,,,,
2461245.137015,9.303,0.002,,TG,PEX,,205919-425311,210024-424312,X42781CML,|CNAME=205919-425311|CDEC=-42.88661|CRA=314.82917|CMAGINS=-13.540|CREFMAG=9.877|KNAME=210024-424312|KDEC=-42.72003|KRA=315.10412|KMAGINS=-13.252|KREFMAG=10.165|VMAGINS=-14.115|VMAG=9.303,0,1.103,Z,-13.541,-13.273,None,ZZ Mic,AAVSO,STD,,,,
2461245.137628,9.271,0.002,,TG,PEX,,205919-425311,210024-424312,X42781CML,|CNAME=205919-425311|CDEC=-42.88661|CRA=314.82917|CMAGINS=-13.540|CREFMAG=9.877|KNAME=210024-424312|KDEC=-42.72003|KRA=315.10412|KMAGINS=-13.252|KREFMAG=10.165|VMAGINS=-14.147|VMAG=9.271,0,1.101,Z,-13.54,-13.245,None,ZZ Mic,AAVSO,STD,,,,
2461245.138239,9.255,0.002,,TG,PEX,,205919-425311,210024-424312,X42781CML,|CNAME=205919-425311|CDEC=-42.88661|CRA=314.82917|CMAGINS=-13.547|CREFMAG=9.877|KNAME=210024-424312|KDEC=-42.72003|KRA=315.10412|KMAGINS=-13.259|KREFMAG=10.165|VMAGINS=-14.169|VMAG=9.255,0,1.1,Z,-13.547,-13.276,None,ZZ Mic,AAVSO,STD,,,,
2461245.138857,9.268,0.002,,TG,PEX,,205919-425311,210024-424312,X42781CML,|CNAME=205919-425311|CDEC=-42.88661|CRA=314.82917|CMAGINS=-13.537|CREFMAG=9.877|KNAME=210024-424312|KDEC=-42.72003|KRA=315.10412|KMAGINS=-13.248|KREFMAG=10.165|VMAGINS=-14.146|VMAG=9.268,0,1.099,Z,-13.537,-13.248,None,ZZ Mic,AAVSO,STD,,,,
2461245.139697,9.269,0.002,,TG,PEX,,205919-425311,210024-424312,X42781CML,|CNAME=205919-425311|CDEC=-42.88661|CRA=314.82917|CMAGINS=-13.528|CREFMAG=9.877|KNAME=210024-424312|KDEC=-42.72003|KRA=315.10412|KMAGINS=-13.240|KREFMAG=10.165|VMAGINS=-14.136|VMAG=9.269,0,1.097,Z,-13.528,-13.292,None,ZZ Mic,AAVSO,STD,,,,
2461245.140547,9.268,0.002,,TG,PEX,,205919-425311,210024-424312,X42781CML,|CNAME=205919-425311|CDEC=-42.88661|CRA=314.82917|CMAGINS=-13.535|CREFMAG=9.877|KNAME=210024-424312|KDEC=-42.72003|KRA=315.10412|KMAGINS=-13.246|KREFMAG=10.165|VMAGINS=-14.143|VMAG=9.268,0,1.095,Z,-13.535,-13.28,None,ZZ Mic,AAVSO,STD,,,,
2461245.141162,9.238,0.002,,TG,PEX,,205919-425311,210024-424312,X42781CML,|CNAME=205919-425311|CDEC=-42.88661|CRA=314.82917|CMAGINS=-13.527|CREFMAG=9.877|KNAME=210024-424312|KDEC=-42.72003|KRA=315.10412|KMAGINS=-13.239|KREFMAG=10.165|VMAGINS=-14.167|VMAG=9.238,0,1.094,Z,-13.528,-13.229,None,ZZ Mic,AAVSO,STD,,,,
2461245.141783,9.245,0.002,,TG,PEX,,205919-425311,210024-424312,X42781CML,|CNAME=205919-425311|CDEC=-42.88661|CRA=314.82917|CMAGINS=-13.537|CREFMAG=9.877|KNAME=210024-424312|KDEC=-42.72003|KRA=315.10412|KMAGINS=-13.249|KREFMAG=10.165|VMAGINS=-14.169|VMAG=9.245,0,1.092,Z,-13.538,-13.245,None,ZZ Mic,AAVSO,STD,,,,
2461245.142397,9.277,0.002,,TG,PEX,,205919-425311,210024-424312,X42781CML,|CNAME=205919-425311|CDEC=-42.88661|CRA=314.82917|CMAGINS=-13.551|CREFMAG=9.877|KNAME=210024-424312|KDEC=-42.72003|KRA=315.10412|KMAGINS=-13.263|KREFMAG=10.165|VMAGINS=-14.151|VMAG=9.277,0,1.091,Z,-13.551,-13.248,None,ZZ Mic,AAVSO,STD,,,,
2461245.143011,9.232,0.002,,TG,PEX,,205919-425311,210024-424312,X42781CML,|CNAME=205919-425311|CDEC=-42.88661|CRA=314.82917|CMAGINS=-13.529|CREFMAG=9.877|KNAME=210024-424312|KDEC=-42.72003|KRA=315.10412|KMAGINS=-13.241|KREFMAG=10.165|VMAGINS=-14.175|VMAG=9.232,0,1.09,Z,-13.529,-13.243,None,ZZ Mic,AAVSO,STD,,,,
2461245.143627,9.297,0.002,,TG,PEX,,205919-425311,210024-424312,X42781CML,|CNAME=205919-425311|CDEC=-42.88661|CRA=314.82917|CMAGINS=-13.555|CREFMAG=9.877|KNAME=210024-424312|KDEC=-42.72003|KRA=315.10412|KMAGINS=-13.267|KREFMAG=10.165|VMAGINS=-14.135|VMAG=9.297,0,1.088,Z,-13.555,-13.249,None,ZZ Mic,AAVSO,STD,,,,
2461245.144244,9.302,0.002,,TG,PEX,,205919-425311,210024-424312,X42781CML,|CNAME=205919-425311|CDEC=-42.88661|CRA=314.82917|CMAGINS=-13.551|CREFMAG=9.877|KNAME=210024-424312|KDEC=-42.72003|KRA=315.10412|KMAGINS=-13.263|KREFMAG=10.165|VMAGINS=-14.126|VMAG=9.302,0,1.087,Z,-13.551,-13.215,None,ZZ Mic,AAVSO,STD,,,,
2461245.144859,9.295,0.002,,TG,PEX,,205919-425311,210024-424312,X42781CML,|CNAME=205919-425311|CDEC=-42.88661|CRA=314.82917|CMAGINS=-13.538|CREFMAG=9.877|KNAME=210024-424312|KDEC=-42.72003|KRA=315.10412|KMAGINS=-13.250|KREFMAG=10.165|VMAGINS=-14.121|VMAG=9.295,0,1.086,Z,-13.538,-13.259,None,ZZ Mic,AAVSO,STD,,,,
2461245.145476,9.28,0.002,,TG,PEX,,205919-425311,210024-424312,X42781CML,|CNAME=205919-425311|CDEC=-42.88661|CRA=314.82917|CMAGINS=-13.521|CREFMAG=9.877|KNAME=210024-424312|KDEC=-42.72003|KRA=315.10412|KMAGINS=-13.233|KREFMAG=10.165|VMAGINS=-14.118|VMAG=9.280,0,1.085,Z,-13.521,-13.201,None,ZZ Mic,AAVSO,STD,,,,
2461245.146094,9.285,0.002,,TG,PEX,,205919-425311,210024-424312,X42781CML,|CNAME=205919-425311|CDEC=-42.88661|CRA=314.82917|CMAGINS=-13.527|CREFMAG=9.877|KNAME=210024-424312|KDEC=-42.72003|KRA=315.10412|KMAGINS=-13.238|KREFMAG=10.165|VMAGINS=-14.118|VMAG=9.285,0,1.083,Z,-13.527,-13.261,None,ZZ Mic,AAVSO,STD,,,,
2461245.146708,9.29,0.002,,TG,PEX,,205919-425311,210024-424312,X42781CML,|CNAME=205919-425311|CDEC=-42.88661|CRA=314.82917|CMAGINS=-13.512|CREFMAG=9.877|KNAME=210024-424312|KDEC=-42.72003|KRA=315.10412|KMAGINS=-13.224|KREFMAG=10.165|VMAGINS=-14.099|VMAG=9.290,0,1.082,Z,-13.512,-13.253,None,ZZ Mic,AAVSO,STD,,,,
2461245.147315,9.327,0.002,,TG,PEX,,205919-425311,210024-424312,X42781CML,|CNAME=205919-425311|CDEC=-42.88661|CRA=314.82917|CMAGINS=-13.559|CREFMAG=9.877|KNAME=210024-424312|KDEC=-42.72003|KRA=315.10412|KMAGINS=-13.271|KREFMAG=10.165|VMAGINS=-14.109|VMAG=9.327,0,1.081,Z,-13.559,-13.252,None,ZZ Mic,AAVSO,STD,,,,
2461245.147926,9.326,0.002,,TG,PEX,,205919-425311,210024-424312,X42781CML,|CNAME=205919-425311|CDEC=-42.88661|CRA=314.82917|CMAGINS=-13.511|CREFMAG=9.877|KNAME=210024-424312|KDEC=-42.72003|KRA=315.10412|KMAGINS=-13.223|KREFMAG=10.165|VMAGINS=-14.062|VMAG=9.326,0,1.08,Z,-13.511,-13.274,None,ZZ Mic,AAVSO,STD,,,,
2461245.148543,9.298,0.002,,TG,PEX,,205919-425311,210024-424312,X42781CML,|CNAME=205919-425311|CDEC=-42.88661|CRA=314.82917|CMAGINS=-13.498|CREFMAG=9.877|KNAME=210024-424312|KDEC=-42.72003|KRA=315.10412|KMAGINS=-13.209|KREFMAG=10.165|VMAGINS=-14.077|VMAG=9.298,0,1.079,Z,-13.498,-13.275,None,ZZ Mic,AAVSO,STD,,,,
2461245.149157,9.393,0.002,,TG,PEX,,205919-425311,210024-424312,X42781CML,|CNAME=205919-425311|CDEC=-42.88661|CRA=314.82917|CMAGINS=-13.561|CREFMAG=9.877|KNAME=210024-424312|KDEC=-42.72003|KRA=315.10412|KMAGINS=-13.273|KREFMAG=10.165|VMAGINS=-14.045|VMAG=9.393,0,1.078,Z,-13.561,-13.256,None,ZZ Mic,AAVSO,STD,,,,
2461245.149776,9.334,0.002,,TG,PEX,,205919-425311,210024-424312,X42781CML,|CNAME=205919-425311|CDEC=-42.88661|CRA=314.82917|CMAGINS=-13.531|CREFMAG=9.877|KNAME=210024-424312|KDEC=-42.72003|KRA=315.10412|KMAGINS=-13.243|KREFMAG=10.165|VMAGINS=-14.074|VMAG=9.334,0,1.076,Z,-13.531,-13.203,None,ZZ Mic,AAVSO,STD,,,,
2461245.150389,9.371,0.002,,TG,PEX,,205919-425311,210024-424312,X42781CML,|CNAME=205919-425311|CDEC=-42.88661|CRA=314.82917|CMAGINS=-13.518|CREFMAG=9.877|KNAME=210024-424312|KDEC=-42.72003|KRA=315.10412|KMAGINS=-13.229|KREFMAG=10.165|VMAGINS=-14.024|VMAG=9.371,0,1.075,Z,-13.518,-13.261,None,ZZ Mic,AAVSO,STD,,,,
2461245.151008,9.381,0.002,,TG,PEX,,205919-425311,210024-424312,X42781CML,|CNAME=205919-425311|CDEC=-42.88661|CRA=314.82917|CMAGINS=-13.530|CREFMAG=9.877|KNAME=210024-424312|KDEC=-42.72003|KRA=315.10412|KMAGINS=-13.242|KREFMAG=10.165|VMAGINS=-14.027|VMAG=9.381,0,1.074,Z,-13.53,-13.267,None,ZZ Mic,AAVSO,STD,,,,
2461245.152591,9.417,0.002,,TG,PEX,,205919-425311,210024-424312,X42781CML,|CNAME=205919-425311|CDEC=-42.88661|CRA=314.82917|CMAGINS=-13.531|CREFMAG=9.877|KNAME=210024-424312|KDEC=-42.72003|KRA=315.10412|KMAGINS=-13.242|KREFMAG=10.165|VMAGINS=-13.991|VMAG=9.417,0,1.071,Z,-13.531,-13.251,None,ZZ Mic,AAVSO,STD,,,,
2461245.15321,9.454,0.002,,TG,PEX,,205919-425311,210024-424312,X42781CML,|CNAME=205919-425311|CDEC=-42.88661|CRA=314.82917|CMAGINS=-13.551|CREFMAG=9.877|KNAME=210024-424312|KDEC=-42.72003|KRA=315.10412|KMAGINS=-13.263|KREFMAG=10.165|VMAGINS=-13.975|VMAG=9.454,0,1.07,Z,-13.551,-13.253,None,ZZ Mic,AAVSO,STD,,,,
2461245.153827,9.415,0.002,,TG,PEX,,205919-425311,210024-424312,X42781CML,|CNAME=205919-425311|CDEC=-42.88661|CRA=314.82917|CMAGINS=-13.528|CREFMAG=9.877|KNAME=210024-424312|KDEC=-42.72003|KRA=315.10412|KMAGINS=-13.240|KREFMAG=10.165|VMAGINS=-13.990|VMAG=9.415,0,1.069,Z,-13.528,-13.23,None,ZZ Mic,AAVSO,STD,,,,
2461245.154444,9.39,0.002,,TG,PEX,,205919-425311,210024-424312,X42781CML,|CNAME=205919-425311|CDEC=-42.88661|CRA=314.82917|CMAGINS=-13.530|CREFMAG=9.877|KNAME=210024-424312|KDEC=-42.72003|KRA=315.10412|KMAGINS=-13.242|KREFMAG=10.165|VMAGINS=-14.017|VMAG=9.390,0,1.068,Z,-13.53,-13.218,None,ZZ Mic,AAVSO,STD,,,,
2461245.155054,9.467,0.002,,TG,PEX,,205919-425311,210024-424312,X42781CML,|CNAME=205919-425311|CDEC=-42.88661|CRA=314.82917|CMAGINS=-13.544|CREFMAG=9.877|KNAME=210024-424312|KDEC=-42.72003|KRA=315.10412|KMAGINS=-13.256|KREFMAG=10.165|VMAGINS=-13.954|VMAG=9.467,0,1.067,Z,-13.544,-13.286,None,ZZ Mic,AAVSO,STD,,,,
2461245.155665,9.441,0.002,,TG,PEX,,205919-425311,210024-424312,X42781CML,|CNAME=205919-425311|CDEC=-42.88661|CRA=314.82917|CMAGINS=-13.528|CREFMAG=9.877|KNAME=210024-424312|KDEC=-42.72003|KRA=315.10412|KMAGINS=-13.240|KREFMAG=10.165|VMAGINS=-13.964|VMAG=9.441,0,1.066,Z,-13.528,-13.271,None,ZZ Mic,AAVSO,STD,,,,
2461245.156279,9.457,0.002,,TG,PEX,,205919-425311,210024-424312,X42781CML,|CNAME=205919-425311|CDEC=-42.88661|CRA=314.82917|CMAGINS=-13.554|CREFMAG=9.877|KNAME=210024-424312|KDEC=-42.72003|KRA=315.10412|KMAGINS=-13.266|KREFMAG=10.165|VMAGINS=-13.974|VMAG=9.457,0,1.065,Z,-13.554,-13.237,None,ZZ Mic,AAVSO,STD,,,,
2461245.156891,9.508,0.002,,TG,PEX,,205919-425311,210024-424312,X42781CML,|CNAME=205919-425311|CDEC=-42.88661|CRA=314.82917|CMAGINS=-13.563|CREFMAG=9.877|KNAME=210024-424312|KDEC=-42.72003|KRA=315.10412|KMAGINS=-13.274|KREFMAG=10.165|VMAGINS=-13.931|VMAG=9.508,0,1.064,Z,-13.563,-13.261,None,ZZ Mic,AAVSO,STD,,,,
2461245.157509,9.478,0.002,,TG,PEX,,205919-425311,210024-424312,X42781CML,|CNAME=205919-425311|CDEC=-42.88661|CRA=314.82917|CMAGINS=-13.549|CREFMAG=9.877|KNAME=210024-424312|KDEC=-42.72003|KRA=315.10412|KMAGINS=-13.261|KREFMAG=10.165|VMAGINS=-13.949|VMAG=9.478,0,1.063,Z,-13.549,-13.251,None,ZZ Mic,AAVSO,STD,,,,
2461245.158131,9.509,0.002,,TG,PEX,,205919-425311,210024-424312,X42781CML,|CNAME=205919-425311|CDEC=-42.88661|CRA=314.82917|CMAGINS=-13.534|CREFMAG=9.877|KNAME=210024-424312|KDEC=-42.72003|KRA=315.10412|KMAGINS=-13.246|KREFMAG=10.165|VMAGINS=-13.903|VMAG=9.509,0,1.062,Z,-13.535,-13.255,None,ZZ Mic,AAVSO,STD,,,,
2461245.158753,9.512,0.002,,TG,PEX,,205919-425311,210024-424312,X42781CML,|CNAME=205919-425311|CDEC=-42.88661|CRA=314.82917|CMAGINS=-13.525|CREFMAG=9.877|KNAME=210024-424312|KDEC=-42.72003|KRA=315.10412|KMAGINS=-13.237|KREFMAG=10.165|VMAGINS=-13.890|VMAG=9.512,0,1.061,Z,-13.525,-13.253,None,ZZ Mic,AAVSO,STD,,,,
2461245.159374,9.478,0.002,,TG,PEX,,205919-425311,210024-424312,X42781CML,|CNAME=205919-425311|CDEC=-42.88661|CRA=314.82917|CMAGINS=-13.513|CREFMAG=9.877|KNAME=210024-424312|KDEC=-42.72003|KRA=315.10412|KMAGINS=-13.225|KREFMAG=10.165|VMAGINS=-13.913|VMAG=9.478,0,1.06,Z,-13.514,-13.235,None,ZZ Mic,AAVSO,STD,,,,
2461245.160018,9.553,0.002,,TG,PEX,,205919-425311,210024-424312,X42781CML,|CNAME=205919-425311|CDEC=-42.88661|CRA=314.82917|CMAGINS=-13.549|CREFMAG=9.877|KNAME=210024-424312|KDEC=-42.72003|KRA=315.10412|KMAGINS=-13.261|KREFMAG=10.165|VMAGINS=-13.874|VMAG=9.553,0,1.059,Z,-13.549,-13.32,None,ZZ Mic,AAVSO,STD,,,,
2461245.160636,9.504,0.002,,TG,PEX,,205919-425311,210024-424312,X42781CML,|CNAME=205919-425311|CDEC=-42.88661|CRA=314.82917|CMAGINS=-13.501|CREFMAG=9.877|KNAME=210024-424312|KDEC=-42.72003|KRA=315.10412|KMAGINS=-13.213|KREFMAG=10.165|VMAGINS=-13.875|VMAG=9.504,0,1.058,Z,-13.502,-13.226,None,ZZ Mic,AAVSO,STD,,,,
2461245.161251,9.48,0.002,,TG,PEX,,205919-425311,210024-424312,X42781CML,|CNAME=205919-425311|CDEC=-42.88661|CRA=314.82917|CMAGINS=-13.502|CREFMAG=9.877|KNAME=210024-424312|KDEC=-42.72003|KRA=315.10412|KMAGINS=-13.214|KREFMAG=10.165|VMAGINS=-13.899|VMAG=9.480,0,1.057,Z,-13.502,-13.267,None,ZZ Mic,AAVSO,STD,,,,
2461245.161866,9.588,0.002,,TG,PEX,,205919-425311,210024-424312,X42781CML,|CNAME=205919-425311|CDEC=-42.88661|CRA=314.82917|CMAGINS=-13.554|CREFMAG=9.877|KNAME=210024-424312|KDEC=-42.72003|KRA=315.10412|KMAGINS=-13.265|KREFMAG=10.165|VMAGINS=-13.843|VMAG=9.588,0,1.056,Z,-13.554,-13.303,None,ZZ Mic,AAVSO,STD,,,,
2461245.162473,9.534,0.002,,TG,PEX,,205919-425311,210024-424312,X42781CML,|CNAME=205919-425311|CDEC=-42.88661|CRA=314.82917|CMAGINS=-13.519|CREFMAG=9.877|KNAME=210024-424312|KDEC=-42.72003|KRA=315.10412|KMAGINS=-13.231|KREFMAG=10.165|VMAGINS=-13.862|VMAG=9.534,0,1.056,Z,-13.519,-13.247,None,ZZ Mic,AAVSO,STD,,,,
2461245.163083,9.546,0.002,,TG,PEX,,205919-425311,210024-424312,X42781CML,|CNAME=205919-425311|CDEC=-42.88661|CRA=314.82917|CMAGINS=-13.527|CREFMAG=9.877|KNAME=210024-424312|KDEC=-42.72003|KRA=315.10412|KMAGINS=-13.239|KREFMAG=10.165|VMAGINS=-13.859|VMAG=9.546,0,1.055,Z,-13.528,-13.267,None,ZZ Mic,AAVSO,STD,,,,
2461245.163775,9.558,0.002,,TG,PEX,,205919-425311,210024-424312,X42781CML,|CNAME=205919-425311|CDEC=-42.88661|CRA=314.82917|CMAGINS=-13.531|CREFMAG=9.877|KNAME=210024-424312|KDEC=-42.72003|KRA=315.10412|KMAGINS=-13.243|KREFMAG=10.165|VMAGINS=-13.850|VMAG=9.558,0,1.054,Z,-13.531,-13.218,None,ZZ Mic,AAVSO,STD,,,,
2461245.164519,9.546,0.002,,TG,PEX,,205919-425311,210024-424312,X42781CML,|CNAME=205919-425311|CDEC=-42.88661|CRA=314.82917|CMAGINS=-13.522|CREFMAG=9.877|KNAME=210024-424312|KDEC=-42.72003|KRA=315.10412|KMAGINS=-13.234|KREFMAG=10.165|VMAGINS=-13.854|VMAG=9.546,0,1.053,Z,-13.523,-13.269,None,ZZ Mic,AAVSO,STD,,,,
2461245.165194,9.502,0.002,,TG,PEX,,205919-425311,210024-424312,X42781CML,|CNAME=205919-425311|CDEC=-42.88661|CRA=314.82917|CMAGINS=-13.483|CREFMAG=9.877|KNAME=210024-424312|KDEC=-42.72003|KRA=315.10412|KMAGINS=-13.194|KREFMAG=10.165|VMAGINS=-13.858|VMAG=9.502,0,1.052,Z,-13.483,-13.261,None,ZZ Mic,AAVSO,STD,,,,
2461245.165815,9.569,0.002,,TG,PEX,,205919-425311,210024-424312,X42781CML,|CNAME=205919-425311|CDEC=-42.88661|CRA=314.82917|CMAGINS=-13.522|CREFMAG=9.877|KNAME=210024-424312|KDEC=-42.72003|KRA=315.10412|KMAGINS=-13.234|KREFMAG=10.165|VMAGINS=-13.830|VMAG=9.569,0,1.051,Z,-13.522,-13.268,None,ZZ Mic,AAVSO,STD,,,,
2461245.166433,9.554,0.002,,TG,PEX,,205919-425311,210024-424312,X42781CML,|CNAME=205919-425311|CDEC=-42.88661|CRA=314.82917|CMAGINS=-13.510|CREFMAG=9.877|KNAME=210024-424312|KDEC=-42.72003|KRA=315.10412|KMAGINS=-13.221|KREFMAG=10.165|VMAGINS=-13.833|VMAG=9.554,0,1.05,Z,-13.51,-13.286,None,ZZ Mic,AAVSO,STD,,,,
2461245.167053,9.593,0.002,,TG,PEX,,205919-425311,210024-424312,X42781CML,|CNAME=205919-425311|CDEC=-42.88661|CRA=314.82917|CMAGINS=-13.528|CREFMAG=9.877|KNAME=210024-424312|KDEC=-42.72003|KRA=315.10412|KMAGINS=-13.240|KREFMAG=10.165|VMAGINS=-13.812|VMAG=9.593,0,1.049,Z,-13.528,-13.237,None,ZZ Mic,AAVSO,STD,,,,
2461245.167664,9.548,0.002,,TG,PEX,,205919-425311,210024-424312,X42781CML,|CNAME=205919-425311|CDEC=-42.88661|CRA=314.82917|CMAGINS=-13.493|CREFMAG=9.877|KNAME=210024-424312|KDEC=-42.72003|KRA=315.10412|KMAGINS=-13.204|KREFMAG=10.165|VMAGINS=-13.822|VMAG=9.548,0,1.048,Z,-13.493,-13.254,None,ZZ Mic,AAVSO,STD,,,,
2461245.168276,9.603,0.002,,TG,PEX,,205919-425311,210024-424312,X42781CML,|CNAME=205919-425311|CDEC=-42.88661|CRA=314.82917|CMAGINS=-13.515|CREFMAG=9.877|KNAME=210024-424312|KDEC=-42.72003|KRA=315.10412|KMAGINS=-13.227|KREFMAG=10.165|VMAGINS=-13.789|VMAG=9.603,0,1.048,Z,-13.515,-13.257,None,ZZ Mic,AAVSO,STD,,,,
2461245.168894,9.638,0.002,,TG,PEX,,205919-425311,210024-424312,X42781CML,|CNAME=205919-425311|CDEC=-42.88661|CRA=314.82917|CMAGINS=-13.559|CREFMAG=9.877|KNAME=210024-424312|KDEC=-42.72003|KRA=315.10412|KMAGINS=-13.271|KREFMAG=10.165|VMAGINS=-13.798|VMAG=9.638,0,1.047,Z,-13.559,-13.261,None,ZZ Mic,AAVSO,STD,,,,
2461245.169508,9.572,0.002,,TG,PEX,,205919-425311,210024-424312,X42781CML,|CNAME=205919-425311|CDEC=-42.88661|CRA=314.82917|CMAGINS=-13.498|CREFMAG=9.877|KNAME=210024-424312|KDEC=-42.72003|KRA=315.10412|KMAGINS=-13.210|KREFMAG=10.165|VMAGINS=-13.804|VMAG=9.572,0,1.046,Z,-13.499,-13.289,None,ZZ Mic,AAVSO,STD,,,,
2461245.170122,9.633,0.002,,TG,PEX,,205919-425311,210024-424312,X42781CML,|CNAME=205919-425311|CDEC=-42.88661|CRA=314.82917|CMAGINS=-13.554|CREFMAG=9.877|KNAME=210024-424312|KDEC=-42.72003|KRA=315.10412|KMAGINS=-13.266|KREFMAG=10.165|VMAGINS=-13.799|VMAG=9.633,0,1.045,Z,-13.554,-13.252,None,ZZ Mic,AAVSO,STD,,,,
2461245.170727,9.596,0.002,,TG,PEX,,205919-425311,210024-424312,X42781CML,|CNAME=205919-425311|CDEC=-42.88661|CRA=314.82917|CMAGINS=-13.520|CREFMAG=9.877|KNAME=210024-424312|KDEC=-42.72003|KRA=315.10412|KMAGINS=-13.232|KREFMAG=10.165|VMAGINS=-13.802|VMAG=9.596,0,1.045,Z,-13.52,-13.257,None,ZZ Mic,AAVSO,STD,,,,
2461245.171757,9.562,0.002,,TG,PEX,,205919-425311,210024-424312,X42781CML,|CNAME=205919-425311|CDEC=-42.88661|CRA=314.82917|CMAGINS=-13.534|CREFMAG=9.877|KNAME=210024-424312|KDEC=-42.72003|KRA=315.10412|KMAGINS=-13.245|KREFMAG=10.165|VMAGINS=-13.849|VMAG=9.562,0,1.043,Z,-13.534,-13.266,None,ZZ Mic,AAVSO,STD,,,,
2461245.172376,9.626,0.002,,TG,PEX,,205919-425311,210024-424312,X42781CML,|CNAME=205919-425311|CDEC=-42.88661|CRA=314.82917|CMAGINS=-13.519|CREFMAG=9.877|KNAME=210024-424312|KDEC=-42.72003|KRA=315.10412|KMAGINS=-13.230|KREFMAG=10.165|VMAGINS=-13.769|VMAG=9.626,0,1.043,Z,-13.519,-13.243,None,ZZ Mic,AAVSO,STD,,,,
2461245.172986,9.623,0.002,,TG,PEX,,205919-425311,210024-424312,X42781CML,|CNAME=205919-425311|CDEC=-42.88661|CRA=314.82917|CMAGINS=-13.540|CREFMAG=9.877|KNAME=210024-424312|KDEC=-42.72003|KRA=315.10412|KMAGINS=-13.252|KREFMAG=10.165|VMAGINS=-13.794|VMAG=9.623,0,1.042,Z,-13.54,-13.287,None,ZZ Mic,AAVSO,STD,,,,
2461245.1736,9.641,0.002,,TG,PEX,,205919-425311,210024-424312,X42781CML,|CNAME=205919-425311|CDEC=-42.88661|CRA=314.82917|CMAGINS=-13.529|CREFMAG=9.877|KNAME=210024-424312|KDEC=-42.72003|KRA=315.10412|KMAGINS=-13.241|KREFMAG=10.165|VMAGINS=-13.766|VMAG=9.641,0,1.041,Z,-13.53,-13.265,None,ZZ Mic,AAVSO,STD,,,,
2461245.174215,9.606,0.002,,TG,PEX,,205919-425311,210024-424312,X42781CML,|CNAME=205919-425311|CDEC=-42.88661|CRA=314.82917|CMAGINS=-13.504|CREFMAG=9.877|KNAME=210024-424312|KDEC=-42.72003|KRA=315.10412|KMAGINS=-13.216|KREFMAG=10.165|VMAGINS=-13.775|VMAG=9.606,0,1.04,Z,-13.504,-13.255,None,ZZ Mic,AAVSO,STD,,,,
2461245.174826,9.633,0.002,,TG,PEX,,205919-425311,210024-424312,X42781CML,|CNAME=205919-425311|CDEC=-42.88661|CRA=314.82917|CMAGINS=-13.505|CREFMAG=9.877|KNAME=210024-424312|KDEC=-42.72003|KRA=315.10412|KMAGINS=-13.217|KREFMAG=10.165|VMAGINS=-13.750|VMAG=9.633,0,1.04,Z,-13.505,-13.242,None,ZZ Mic,AAVSO,STD,,,,
2461245.175437,9.651,0.002,,TG,PEX,,205919-425311,210024-424312,X42781CML,|CNAME=205919-425311|CDEC=-42.88661|CRA=314.82917|CMAGINS=-13.501|CREFMAG=9.877|KNAME=210024-424312|KDEC=-42.72003|KRA=315.10412|KMAGINS=-13.212|KREFMAG=10.165|VMAGINS=-13.727|VMAG=9.651,0,1.039,Z,-13.501,-13.29,None,ZZ Mic,AAVSO,STD,,,,
2461245.17605,9.645,0.002,,TG,PEX,,205919-425311,210024-424312,X42781CML,|CNAME=205919-425311|CDEC=-42.88661|CRA=314.82917|CMAGINS=-13.503|CREFMAG=9.877|KNAME=210024-424312|KDEC=-42.72003|KRA=315.10412|KMAGINS=-13.214|KREFMAG=10.165|VMAGINS=-13.734|VMAG=9.645,0,1.039,Z,-13.503,-13.21,None,ZZ Mic,AAVSO,STD,,,,
2461245.176653,9.631,0.002,,TG,PEX,,205919-425311,210024-424312,X42781CML,|CNAME=205919-425311|CDEC=-42.88661|CRA=314.82917|CMAGINS=-13.515|CREFMAG=9.877|KNAME=210024-424312|KDEC=-42.72003|KRA=315.10412|KMAGINS=-13.226|KREFMAG=10.165|VMAGINS=-13.760|VMAG=9.631,0,1.038,Z,-13.515,-13.25,None,ZZ Mic,AAVSO,STD,,,,
2461245.177266,9.679,0.003,,TG,PEX,,205919-425311,210024-424312,X42781CML,|CNAME=205919-425311|CDEC=-42.88661|CRA=314.82917|CMAGINS=-13.527|CREFMAG=9.877|KNAME=210024-424312|KDEC=-42.72003|KRA=315.10412|KMAGINS=-13.239|KREFMAG=10.165|VMAGINS=-13.726|VMAG=9.679,0,1.037,Z,-13.528,-13.249,None,ZZ Mic,AAVSO,STD,,,,
2461245.177881,9.673,0.002,,TG,PEX,,205919-425311,210024-424312,X42781CML,|CNAME=205919-425311|CDEC=-42.88661|CRA=314.82917|CMAGINS=-13.541|CREFMAG=9.877|KNAME=210024-424312|KDEC=-42.72003|KRA=315.10412|KMAGINS=-13.253|KREFMAG=10.165|VMAGINS=-13.746|VMAG=9.673,0,1.037,Z,-13.542,-13.222,None,ZZ Mic,AAVSO,STD,,,,
2461245.178499,9.579,0.002,,TG,PEX,,205919-425311,210024-424312,X42781CML,|CNAME=205919-425311|CDEC=-42.88661|CRA=314.82917|CMAGINS=-13.546|CREFMAG=9.877|KNAME=210024-424312|KDEC=-42.72003|KRA=315.10412|KMAGINS=-13.258|KREFMAG=10.165|VMAGINS=-13.844|VMAG=9.579,0,1.036,Z,-13.546,-13.307,None,ZZ Mic,AAVSO,STD,,,,
2461245.179115,9.651,0.002,,TG,PEX,,205919-425311,210024-424312,X42781CML,|CNAME=205919-425311|CDEC=-42.88661|CRA=314.82917|CMAGINS=-13.528|CREFMAG=9.877|KNAME=210024-424312|KDEC=-42.72003|KRA=315.10412|KMAGINS=-13.240|KREFMAG=10.165|VMAGINS=-13.755|VMAG=9.651,0,1.035,Z,-13.528,-13.242,None,ZZ Mic,AAVSO,STD,,,,
2461245.179728,9.649,0.002,,TG,PEX,,205919-425311,210024-424312,X42781CML,|CNAME=205919-425311|CDEC=-42.88661|CRA=314.82917|CMAGINS=-13.546|CREFMAG=9.877|KNAME=210024-424312|KDEC=-42.72003|KRA=315.10412|KMAGINS=-13.258|KREFMAG=10.165|VMAGINS=-13.774|VMAG=9.649,0,1.035,Z,-13.546,-13.251,None,ZZ Mic,AAVSO,STD,,,,
2461245.180343,9.686,0.002,,TG,PEX,,205919-425311,210024-424312,X42781CML,|CNAME=205919-425311|CDEC=-42.88661|CRA=314.82917|CMAGINS=-13.542|CREFMAG=9.877|KNAME=210024-424312|KDEC=-42.72003|KRA=315.10412|KMAGINS=-13.254|KREFMAG=10.165|VMAGINS=-13.733|VMAG=9.686,0,1.034,Z,-13.543,-13.245,None,ZZ Mic,AAVSO,STD,,,,
2461245.181373,9.701,0.002,,TG,PEX,,205919-425311,210024-424312,X42781CML,|CNAME=205919-425311|CDEC=-42.88661|CRA=314.82917|CMAGINS=-13.565|CREFMAG=9.877|KNAME=210024-424312|KDEC=-42.72003|KRA=315.10412|KMAGINS=-13.277|KREFMAG=10.165|VMAGINS=-13.742|VMAG=9.701,0,1.033,Z,-13.565,-13.268,None,ZZ Mic,AAVSO,STD,,,,
2461245.181983,9.685,0.002,,TG,PEX,,205919-425311,210024-424312,X42781CML,|CNAME=205919-425311|CDEC=-42.88661|CRA=314.82917|CMAGINS=-13.551|CREFMAG=9.877|KNAME=210024-424312|KDEC=-42.72003|KRA=315.10412|KMAGINS=-13.263|KREFMAG=10.165|VMAGINS=-13.743|VMAG=9.685,0,1.033,Z,-13.551,-13.215,None,ZZ Mic,AAVSO,STD,,,,
2461245.182593,9.687,0.002,,TG,PEX,,205919-425311,210024-424312,X42781CML,|CNAME=205919-425311|CDEC=-42.88661|CRA=314.82917|CMAGINS=-13.532|CREFMAG=9.877|KNAME=210024-424312|KDEC=-42.72003|KRA=315.10412|KMAGINS=-13.243|KREFMAG=10.165|VMAGINS=-13.722|VMAG=9.687,0,1.032,Z,-13.532,-13.27,None,ZZ Mic,AAVSO,STD,,,,
2461245.183192,9.656,0.002,,TG,PEX,,205919-425311,210024-424312,X42781CML,|CNAME=205919-425311|CDEC=-42.88661|CRA=314.82917|CMAGINS=-13.552|CREFMAG=9.877|KNAME=210024-424312|KDEC=-42.72003|KRA=315.10412|KMAGINS=-13.264|KREFMAG=10.165|VMAGINS=-13.773|VMAG=9.656,0,1.032,Z,-13.552,-13.234,None,ZZ Mic,AAVSO,STD,,,,
2461245.183805,9.625,0.002,,TG,PEX,,205919-425311,210024-424312,X42781CML,|CNAME=205919-425311|CDEC=-42.88661|CRA=314.82917|CMAGINS=-13.523|CREFMAG=9.877|KNAME=210024-424312|KDEC=-42.72003|KRA=315.10412|KMAGINS=-13.235|KREFMAG=10.165|VMAGINS=-13.775|VMAG=9.625,0,1.031,Z,-13.523,-13.262,None,ZZ Mic,AAVSO,STD,,,,
2461245.184429,9.613,0.002,,TG,PEX,,205919-425311,210024-424312,X42781CML,|CNAME=205919-425311|CDEC=-42.88661|CRA=314.82917|CMAGINS=-13.540|CREFMAG=9.877|KNAME=210024-424312|KDEC=-42.72003|KRA=315.10412|KMAGINS=-13.252|KREFMAG=10.165|VMAGINS=-13.804|VMAG=9.613,0,1.031,Z,-13.54,-13.235,None,ZZ Mic,AAVSO,STD,,,,
2461245.185049,9.638,0.002,,TG,PEX,,205919-425311,210024-424312,X42781CML,|CNAME=205919-425311|CDEC=-42.88661|CRA=314.82917|CMAGINS=-13.529|CREFMAG=9.877|KNAME=210024-424312|KDEC=-42.72003|KRA=315.10412|KMAGINS=-13.241|KREFMAG=10.165|VMAGINS=-13.769|VMAG=9.638,0,1.03,Z,-13.53,-13.239,None,ZZ Mic,AAVSO,STD,,,,
2461245.18567,9.622,0.002,,TG,PEX,,205919-425311,210024-424312,X42781CML,|CNAME=205919-425311|CDEC=-42.88661|CRA=314.82917|CMAGINS=-13.528|CREFMAG=9.877|KNAME=210024-424312|KDEC=-42.72003|KRA=315.10412|KMAGINS=-13.240|KREFMAG=10.165|VMAGINS=-13.783|VMAG=9.622,0,1.03,Z,-13.529,-13.252,None,ZZ Mic,AAVSO,STD,,,,
2461245.186282,9.629,0.002,,TG,PEX,,205919-425311,210024-424312,X42781CML,|CNAME=205919-425311|CDEC=-42.88661|CRA=314.82917|CMAGINS=-13.510|CREFMAG=9.877|KNAME=210024-424312|KDEC=-42.72003|KRA=315.10412|KMAGINS=-13.222|KREFMAG=10.165|VMAGINS=-13.758|VMAG=9.629,0,1.029,Z,-13.51,-13.242,None,ZZ Mic,AAVSO,STD,,,,
2461245.186889,9.626,0.002,,TG,PEX,,205919-425311,210024-424312,X42781CML,|CNAME=205919-425311|CDEC=-42.88661|CRA=314.82917|CMAGINS=-13.537|CREFMAG=9.877|KNAME=210024-424312|KDEC=-42.72003|KRA=315.10412|KMAGINS=-13.249|KREFMAG=10.165|VMAGINS=-13.789|VMAG=9.626,0,1.029,Z,-13.538,-13.239,None,ZZ Mic,AAVSO,STD,,,,
2461245.187506,9.645,0.002,,TG,PEX,,205919-425311,210024-424312,X42781CML,|CNAME=205919-425311|CDEC=-42.88661|CRA=314.82917|CMAGINS=-13.516|CREFMAG=9.877|KNAME=210024-424312|KDEC=-42.72003|KRA=315.10412|KMAGINS=-13.228|KREFMAG=10.165|VMAGINS=-13.748|VMAG=9.645,0,1.028,Z,-13.516,-13.223,None,ZZ Mic,AAVSO,STD,,,,
2461245.188127,9.64,0.002,,TG,PEX,,205919-425311,210024-424312,X42781CML,|CNAME=205919-425311|CDEC=-42.88661|CRA=314.82917|CMAGINS=-13.514|CREFMAG=9.877|KNAME=210024-424312|KDEC=-42.72003|KRA=315.10412|KMAGINS=-13.226|KREFMAG=10.165|VMAGINS=-13.751|VMAG=9.640,0,1.028,Z,-13.514,-13.226,None,ZZ Mic,AAVSO,STD,,,,
2461245.188743,9.584,0.002,,TG,PEX,,205919-425311,210024-424312,X42781CML,|CNAME=205919-425311|CDEC=-42.88661|CRA=314.82917|CMAGINS=-13.487|CREFMAG=9.877|KNAME=210024-424312|KDEC=-42.72003|KRA=315.10412|KMAGINS=-13.199|KREFMAG=10.165|VMAGINS=-13.780|VMAG=9.584,0,1.027,Z,-13.488,-13.235,None,ZZ Mic,AAVSO,STD,,,,
2461245.18936,9.6,0.002,,TG,PEX,,205919-425311,210024-424312,X42781CML,|CNAME=205919-425311|CDEC=-42.88661|CRA=314.82917|CMAGINS=-13.537|CREFMAG=9.877|KNAME=210024-424312|KDEC=-42.72003|KRA=315.10412|KMAGINS=-13.249|KREFMAG=10.165|VMAGINS=-13.814|VMAG=9.600,0,1.027,Z,-13.537,-13.224,None,ZZ Mic,AAVSO,STD,,,,
2461245.189972,9.54,0.002,,TG,PEX,,205919-425311,210024-424312,X42781CML,|CNAME=205919-425311|CDEC=-42.88661|CRA=314.82917|CMAGINS=-13.480|CREFMAG=9.877|KNAME=210024-424312|KDEC=-42.72003|KRA=315.10412|KMAGINS=-13.192|KREFMAG=10.165|VMAGINS=-13.817|VMAG=9.540,0,1.026,Z,-13.48,-13.252,None,ZZ Mic,AAVSO,STD,,,,
2461245.190588,9.577,0.002,,TG,PEX,,205919-425311,210024-424312,X42781CML,|CNAME=205919-425311|CDEC=-42.88661|CRA=314.82917|CMAGINS=-13.489|CREFMAG=9.877|KNAME=210024-424312|KDEC=-42.72003|KRA=315.10412|KMAGINS=-13.200|KREFMAG=10.165|VMAGINS=-13.789|VMAG=9.577,0,1.026,Z,-13.489,-13.25,None,ZZ Mic,AAVSO,STD,,,,
2461245.191196,9.62,0.002,,TG,PEX,,205919-425311,210024-424312,X42781CML,|CNAME=205919-425311|CDEC=-42.88661|CRA=314.82917|CMAGINS=-13.535|CREFMAG=9.877|KNAME=210024-424312|KDEC=-42.72003|KRA=315.10412|KMAGINS=-13.247|KREFMAG=10.165|VMAGINS=-13.792|VMAG=9.620,0,1.026,Z,-13.536,-13.254,None,ZZ Mic,AAVSO,STD,,,,
2461245.191809,9.623,0.002,,TG,PEX,,205919-425311,210024-424312,X42781CML,|CNAME=205919-425311|CDEC=-42.88661|CRA=314.82917|CMAGINS=-13.550|CREFMAG=9.877|KNAME=210024-424312|KDEC=-42.72003|KRA=315.10412|KMAGINS=-13.262|KREFMAG=10.165|VMAGINS=-13.805|VMAG=9.623,0,1.025,Z,-13.55,-13.248,None,ZZ Mic,AAVSO,STD,,,,
2461245.192426,9.548,0.002,,TG,PEX,,205919-425311,210024-424312,X42781CML,|CNAME=205919-425311|CDEC=-42.88661|CRA=314.82917|CMAGINS=-13.531|CREFMAG=9.877|KNAME=210024-424312|KDEC=-42.72003|KRA=315.10412|KMAGINS=-13.242|KREFMAG=10.165|VMAGINS=-13.859|VMAG=9.548,0,1.025,Z,-13.531,-13.223,None,ZZ Mic,AAVSO,STD,,,,
2461245.193031,9.522,0.002,,TG,PEX,,205919-425311,210024-424312,X42781CML,|CNAME=205919-425311|CDEC=-42.88661|CRA=314.82917|CMAGINS=-13.490|CREFMAG=9.877|KNAME=210024-424312|KDEC=-42.72003|KRA=315.10412|KMAGINS=-13.202|KREFMAG=10.165|VMAGINS=-13.846|VMAG=9.522,0,1.024,Z,-13.49,-13.242,None,ZZ Mic,AAVSO,STD,,,,
2461245.193638,9.532,0.002,,TG,PEX,,205919-425311,210024-424312,X42781CML,|CNAME=205919-425311|CDEC=-42.88661|CRA=314.82917|CMAGINS=-13.545|CREFMAG=9.877|KNAME=210024-424312|KDEC=-42.72003|KRA=315.10412|KMAGINS=-13.257|KREFMAG=10.165|VMAGINS=-13.891|VMAG=9.532,0,1.024,Z,-13.546,-13.229,None,ZZ Mic,AAVSO,STD,,,,
2461245.194245,9.56,0.002,,TG,PEX,,205919-425311,210024-424312,X42781CML,|CNAME=205919-425311|CDEC=-42.88661|CRA=314.82917|CMAGINS=-13.536|CREFMAG=9.877|KNAME=210024-424312|KDEC=-42.72003|KRA=315.10412|KMAGINS=-13.248|KREFMAG=10.165|VMAGINS=-13.853|VMAG=9.560,0,1.024,Z,-13.536,-13.229,None,ZZ Mic,AAVSO,STD,,,,
2461245.195075,9.514,0.002,,TG,PEX,,205919-425311,210024-424312,X42781CML,|CNAME=205919-425311|CDEC=-42.88661|CRA=314.82917|CMAGINS=-13.532|CREFMAG=9.877|KNAME=210024-424312|KDEC=-42.72003|KRA=315.10412|KMAGINS=-13.244|KREFMAG=10.165|VMAGINS=-13.895|VMAG=9.514,0,1.023,Z,-13.532,-13.192,None,ZZ Mic,AAVSO,STD,,,,
2461245.195914,9.498,0.002,,TG,PEX,,205919-425311,210024-424312,X42781CML,|CNAME=205919-425311|CDEC=-42.88661|CRA=314.82917|CMAGINS=-13.524|CREFMAG=9.877|KNAME=210024-424312|KDEC=-42.72003|KRA=315.10412|KMAGINS=-13.235|KREFMAG=10.165|VMAGINS=-13.903|VMAG=9.498,0,1.023,Z,-13.524,-13.22,None,ZZ Mic,AAVSO,STD,,,,
2461245.196528,9.473,0.002,,TG,PEX,,205919-425311,210024-424312,X42781CML,|CNAME=205919-425311|CDEC=-42.88661|CRA=314.82917|CMAGINS=-13.566|CREFMAG=9.877|KNAME=210024-424312|KDEC=-42.72003|KRA=315.10412|KMAGINS=-13.278|KREFMAG=10.165|VMAGINS=-13.970|VMAG=9.473,0,1.022,Z,-13.566,-13.214,None,ZZ Mic,AAVSO,STD,,,,
2461245.197138,9.483,0.002,,TG,PEX,,205919-425311,210024-424312,X42781CML,|CNAME=205919-425311|CDEC=-42.88661|CRA=314.82917|CMAGINS=-13.551|CREFMAG=9.877|KNAME=210024-424312|KDEC=-42.72003|KRA=315.10412|KMAGINS=-13.263|KREFMAG=10.165|VMAGINS=-13.945|VMAG=9.483,0,1.022,Z,-13.552,-13.279,None,ZZ Mic,AAVSO,STD,,,,
2461245.197754,9.454,0.002,,TG,PEX,,205919-425311,210024-424312,X42781CML,|CNAME=205919-425311|CDEC=-42.88661|CRA=314.82917|CMAGINS=-13.535|CREFMAG=9.877|KNAME=210024-424312|KDEC=-42.72003|KRA=315.10412|KMAGINS=-13.247|KREFMAG=10.165|VMAGINS=-13.959|VMAG=9.454,0,1.022,Z,-13.535,-13.243,None,ZZ Mic,AAVSO,STD,,,,
2461245.19837,9.42,0.002,,TG,PEX,,205919-425311,210024-424312,X42781CML,|CNAME=205919-425311|CDEC=-42.88661|CRA=314.82917|CMAGINS=-13.514|CREFMAG=9.877|KNAME=210024-424312|KDEC=-42.72003|KRA=315.10412|KMAGINS=-13.225|KREFMAG=10.165|VMAGINS=-13.970|VMAG=9.420,0,1.022,Z,-13.514,-13.267,None,ZZ Mic,AAVSO,STD,,,,
2461245.198977,9.403,0.002,,TG,PEX,,205919-425311,210024-424312,X42781CML,|CNAME=205919-425311|CDEC=-42.88661|CRA=314.82917|CMAGINS=-13.554|CREFMAG=9.877|KNAME=210024-424312|KDEC=-42.72003|KRA=315.10412|KMAGINS=-13.266|KREFMAG=10.165|VMAGINS=-14.028|VMAG=9.403,0,1.021,Z,-13.554,-13.279,None,ZZ Mic,AAVSO,STD,,,,
2461245.199587,9.372,0.002,,TG,PEX,,205919-425311,210024-424312,X42781CML,|CNAME=205919-425311|CDEC=-42.88661|CRA=314.82917|CMAGINS=-13.515|CREFMAG=9.877|KNAME=210024-424312|KDEC=-42.72003|KRA=315.10412|KMAGINS=-13.226|KREFMAG=10.165|VMAGINS=-14.019|VMAG=9.372,0,1.021,Z,-13.515,-13.226,None,ZZ Mic,AAVSO,STD,,,,
2461245.2002,9.342,0.002,,TG,PEX,,205919-425311,210024-424312,X42781CML,|CNAME=205919-425311|CDEC=-42.88661|CRA=314.82917|CMAGINS=-13.493|CREFMAG=9.877|KNAME=210024-424312|KDEC=-42.72003|KRA=315.10412|KMAGINS=-13.204|KREFMAG=10.165|VMAGINS=-14.027|VMAG=9.342,0,1.021,Z,-13.493,-13.269,None,ZZ Mic,AAVSO,STD,,,,
2461245.200814,9.347,0.002,,TG,PEX,,205919-425311,210024-424312,X42781CML,|CNAME=205919-425311|CDEC=-42.88661|CRA=314.82917|CMAGINS=-13.515|CREFMAG=9.877|KNAME=210024-424312|KDEC=-42.72003|KRA=315.10412|KMAGINS=-13.227|KREFMAG=10.165|VMAGINS=-14.045|VMAG=9.347,0,1.021,Z,-13.516,-13.268,None,ZZ Mic,AAVSO,STD,,,,
2461245.201425,9.319,0.002,,TG,PEX,,205919-425311,210024-424312,X42781CML,|CNAME=205919-425311|CDEC=-42.88661|CRA=314.82917|CMAGINS=-13.509|CREFMAG=9.877|KNAME=210024-424312|KDEC=-42.72003|KRA=315.10412|KMAGINS=-13.221|KREFMAG=10.165|VMAGINS=-14.067|VMAG=9.319,0,1.02,Z,-13.509,-13.265,None,ZZ Mic,AAVSO,STD,,,,
2461245.202036,9.3,0.002,,TG,PEX,,205919-425311,210024-424312,X42781CML,|CNAME=205919-425311|CDEC=-42.88661|CRA=314.82917|CMAGINS=-13.484|CREFMAG=9.877|KNAME=210024-424312|KDEC=-42.72003|KRA=315.10412|KMAGINS=-13.196|KREFMAG=10.165|VMAGINS=-14.062|VMAG=9.300,0,1.02,Z,-13.484,-13.214,None,ZZ Mic,AAVSO,STD,,,,
2461245.202647,9.288,0.002,,TG,PEX,,205919-425311,210024-424312,X42781CML,|CNAME=205919-425311|CDEC=-42.88661|CRA=314.82917|CMAGINS=-13.502|CREFMAG=9.877|KNAME=210024-424312|KDEC=-42.72003|KRA=315.10412|KMAGINS=-13.214|KREFMAG=10.165|VMAGINS=-14.092|VMAG=9.288,0,1.02,Z,-13.503,-13.251,None,ZZ Mic,AAVSO,STD,,,,
2461245.203258,9.28,0.002,,TG,PEX,,205919-425311,210024-424312,X42781CML,|CNAME=205919-425311|CDEC=-42.88661|CRA=314.82917|CMAGINS=-13.513|CREFMAG=9.877|KNAME=210024-424312|KDEC=-42.72003|KRA=315.10412|KMAGINS=-13.225|KREFMAG=10.165|VMAGINS=-14.111|VMAG=9.280,0,1.02,Z,-13.514,-13.233,None,ZZ Mic,AAVSO,STD,,,,
2461245.20387,9.269,0.002,,TG,PEX,,205919-425311,210024-424312,X42781CML,|CNAME=205919-425311|CDEC=-42.88661|CRA=314.82917|CMAGINS=-13.533|CREFMAG=9.877|KNAME=210024-424312|KDEC=-42.72003|KRA=315.10412|KMAGINS=-13.244|KREFMAG=10.165|VMAGINS=-14.141|VMAG=9.269,0,1.019,Z,-13.533,-13.249,None,ZZ Mic,AAVSO,STD,,,,
2461245.204474,9.257,0.002,,TG,PEX,,205919-425311,210024-424312,X42781CML,|CNAME=205919-425311|CDEC=-42.88661|CRA=314.82917|CMAGINS=-13.512|CREFMAG=9.877|KNAME=210024-424312|KDEC=-42.72003|KRA=315.10412|KMAGINS=-13.224|KREFMAG=10.165|VMAGINS=-14.132|VMAG=9.257,0,1.019,Z,-13.512,-13.237,None,ZZ Mic,AAVSO,STD,,,,
2461245.205082,9.222,0.002,,TG,PEX,,205919-425311,210024-424312,X42781CML,|CNAME=205919-425311|CDEC=-42.88661|CRA=314.82917|CMAGINS=-13.510|CREFMAG=9.877|KNAME=210024-424312|KDEC=-42.72003|KRA=315.10412|KMAGINS=-13.222|KREFMAG=10.165|VMAGINS=-14.166|VMAG=9.222,0,1.019,Z,-13.51,-13.262,None,ZZ Mic,AAVSO,STD,,,,
2461245.205695,9.205,0.002,,TG,PEX,,205919-425311,210024-424312,X42781CML,|CNAME=205919-425311|CDEC=-42.88661|CRA=314.82917|CMAGINS=-13.498|CREFMAG=9.877|KNAME=210024-424312|KDEC=-42.72003|KRA=315.10412|KMAGINS=-13.210|KREFMAG=10.165|VMAGINS=-14.171|VMAG=9.205,0,1.019,Z,-13.498,-13.274,None,ZZ Mic,AAVSO,STD,,,,
2461245.206304,9.263,0.001,,TG,PEX,,205919-425311,210024-424312,X42781CML,|CNAME=205919-425311|CDEC=-42.88661|CRA=314.82917|CMAGINS=-13.576|CREFMAG=9.877|KNAME=210024-424312|KDEC=-42.72003|KRA=315.10412|KMAGINS=-13.288|KREFMAG=10.165|VMAGINS=-14.191|VMAG=9.263,0,1.019,Z,-13.577,-13.256,None,ZZ Mic,AAVSO,STD,,,,
2461245.20714,9.26,0.002,,TG,PEX,,205919-425311,210024-424312,X42781CML,|CNAME=205919-425311|CDEC=-42.88661|CRA=314.82917|CMAGINS=-13.529|CREFMAG=9.877|KNAME=210024-424312|KDEC=-42.72003|KRA=315.10412|KMAGINS=-13.241|KREFMAG=10.165|VMAGINS=-14.146|VMAG=9.260,0,1.019,Z,-13.529,-13.263,None,ZZ Mic,AAVSO,STD,,,,
2461245.207971,9.218,0.002,,TG,PEX,,205919-425311,210024-424312,X42781CML,|CNAME=205919-425311|CDEC=-42.88661|CRA=314.82917|CMAGINS=-13.504|CREFMAG=9.877|KNAME=210024-424312|KDEC=-42.72003|KRA=315.10412|KMAGINS=-13.216|KREFMAG=10.165|VMAGINS=-14.163|VMAG=9.218,0,1.018,Z,-13.504,-13.223,None,ZZ Mic,AAVSO,STD,,,,
2461245.208605,9.255,0.002,,TG,PEX,,205919-425311,210024-424312,X42781CML,|CNAME=205919-425311|CDEC=-42.88661|CRA=314.82917|CMAGINS=-13.513|CREFMAG=9.877|KNAME=210024-424312|KDEC=-42.72003|KRA=315.10412|KMAGINS=-13.225|KREFMAG=10.165|VMAGINS=-14.136|VMAG=9.255,0,1.018,Z,-13.514,-13.264,None,ZZ Mic,AAVSO,STD,,,,
2461245.209239,9.204,0.002,,TG,PEX,,205919-425311,210024-424312,X42781CML,|CNAME=205919-425311|CDEC=-42.88661|CRA=314.82917|CMAGINS=-13.497|CREFMAG=9.877|KNAME=210024-424312|KDEC=-42.72003|KRA=315.10412|KMAGINS=-13.209|KREFMAG=10.165|VMAGINS=-14.171|VMAG=9.204,0,1.018,Z,-13.497,-13.213,None,ZZ Mic,AAVSO,STD,,,,
2461245.209851,9.25,0.002,,TG,PEX,,205919-425311,210024-424312,X42781CML,|CNAME=205919-425311|CDEC=-42.88661|CRA=314.82917|CMAGINS=-13.510|CREFMAG=9.877|KNAME=210024-424312|KDEC=-42.72003|KRA=315.10412|KMAGINS=-13.222|KREFMAG=10.165|VMAGINS=-14.137|VMAG=9.250,0,1.018,Z,-13.51,-13.209,None,ZZ Mic,AAVSO,STD,,,,
2461245.210472,9.278,0.002,,TG,PEX,,205919-425311,210024-424312,X42781CML,|CNAME=205919-425311|CDEC=-42.88661|CRA=314.82917|CMAGINS=-13.541|CREFMAG=9.877|KNAME=210024-424312|KDEC=-42.72003|KRA=315.10412|KMAGINS=-13.253|KREFMAG=10.165|VMAGINS=-14.141|VMAG=9.278,0,1.018,Z,-13.542,-13.266,None,ZZ Mic,AAVSO,STD,,,,
2461245.211091,9.247,0.002,,TG,PEX,,205919-425311,210024-424312,X42781CML,|CNAME=205919-425311|CDEC=-42.88661|CRA=314.82917|CMAGINS=-13.525|CREFMAG=9.877|KNAME=210024-424312|KDEC=-42.72003|KRA=315.10412|KMAGINS=-13.236|KREFMAG=10.165|VMAGINS=-14.155|VMAG=9.247,0,1.018,Z,-13.525,-13.232,None,ZZ Mic,AAVSO,STD,,,,
2461245.211704,9.252,0.001,,TG,PEX,,205919-425311,210024-424312,X42781CML,|CNAME=205919-425311|CDEC=-42.88661|CRA=314.82917|CMAGINS=-13.515|CREFMAG=9.877|KNAME=210024-424312|KDEC=-42.72003|KRA=315.10412|KMAGINS=-13.227|KREFMAG=10.165|VMAGINS=-14.140|VMAG=9.252,0,1.018,Z,-13.516,-13.212,None,ZZ Mic,AAVSO,STD,,,,
2461245.212335,9.285,0.002,,TG,PEX,,205919-425311,210024-424312,X42781CML,|CNAME=205919-425311|CDEC=-42.88661|CRA=314.82917|CMAGINS=-13.514|CREFMAG=9.877|KNAME=210024-424312|KDEC=-42.72003|KRA=315.10412|KMAGINS=-13.226|KREFMAG=10.165|VMAGINS=-14.107|VMAG=9.285,0,1.018,Z,-13.514,-13.253,None,ZZ Mic,AAVSO,STD,,,,
2461245.21295,9.308,0.002,,TG,PEX,,205919-425311,210024-424312,X42781CML,|CNAME=205919-425311|CDEC=-42.88661|CRA=314.82917|CMAGINS=-13.528|CREFMAG=9.877|KNAME=210024-424312|KDEC=-42.72003|KRA=315.10412|KMAGINS=-13.240|KREFMAG=10.165|VMAGINS=-14.098|VMAG=9.308,0,1.018,Z,-13.529,-13.243,None,ZZ Mic,AAVSO,STD,,,,
2461245.213559,9.303,0.002,,TG,PEX,,205919-425311,210024-424312,X42781CML,|CNAME=205919-425311|CDEC=-42.88661|CRA=314.82917|CMAGINS=-13.501|CREFMAG=9.877|KNAME=210024-424312|KDEC=-42.72003|KRA=315.10412|KMAGINS=-13.213|KREFMAG=10.165|VMAGINS=-14.075|VMAG=9.303,0,1.018,Z,-13.501,-13.222,None,ZZ Mic,AAVSO,STD,,,,
2461245.214179,9.329,0.002,,TG,PEX,,205919-425311,210024-424312,X42781CML,|CNAME=205919-425311|CDEC=-42.88661|CRA=314.82917|CMAGINS=-13.508|CREFMAG=9.877|KNAME=210024-424312|KDEC=-42.72003|KRA=315.10412|KMAGINS=-13.220|KREFMAG=10.165|VMAGINS=-14.056|VMAG=9.329,0,1.018,Z,-13.509,-13.212,None,ZZ Mic,AAVSO,STD,,,,
2461245.214795,9.336,0.002,,TG,PEX,,205919-425311,210024-424312,X42781CML,|CNAME=205919-425311|CDEC=-42.88661|CRA=314.82917|CMAGINS=-13.503|CREFMAG=9.877|KNAME=210024-424312|KDEC=-42.72003|KRA=315.10412|KMAGINS=-13.214|KREFMAG=10.165|VMAGINS=-14.044|VMAG=9.336,0,1.017,Z,-13.503,-13.251,None,ZZ Mic,AAVSO,STD,,,,
2461245.21541,9.346,0.002,,TG,PEX,,205919-425311,210024-424312,X42781CML,|CNAME=205919-425311|CDEC=-42.88661|CRA=314.82917|CMAGINS=-13.480|CREFMAG=9.877|KNAME=210024-424312|KDEC=-42.72003|KRA=315.10412|KMAGINS=-13.192|KREFMAG=10.165|VMAGINS=-14.011|VMAG=9.346,0,1.017,Z,-13.48,-13.196,None,ZZ Mic,AAVSO,STD,,,,
2461245.216029,9.356,0.002,,TG,PEX,,205919-425311,210024-424312,X42781CML,|CNAME=205919-425311|CDEC=-42.88661|CRA=314.82917|CMAGINS=-13.499|CREFMAG=9.877|KNAME=210024-424312|KDEC=-42.72003|KRA=315.10412|KMAGINS=-13.211|KREFMAG=10.165|VMAGINS=-14.020|VMAG=9.356,0,1.017,Z,-13.499,-13.251,None,ZZ Mic,AAVSO,STD,,,,
2461245.216645,9.345,0.002,,TG,PEX,,205919-425311,210024-424312,X42781CML,|CNAME=205919-425311|CDEC=-42.88661|CRA=314.82917|CMAGINS=-13.472|CREFMAG=9.877|KNAME=210024-424312|KDEC=-42.72003|KRA=315.10412|KMAGINS=-13.184|KREFMAG=10.165|VMAGINS=-14.004|VMAG=9.345,0,1.017,Z,-13.473,-13.219,None,ZZ Mic,AAVSO,STD,,,,
2461245.217263,9.4,0.002,,TG,PEX,,205919-425311,210024-424312,X42781CML,|CNAME=205919-425311|CDEC=-42.88661|CRA=314.82917|CMAGINS=-13.523|CREFMAG=9.877|KNAME=210024-424312|KDEC=-42.72003|KRA=315.10412|KMAGINS=-13.235|KREFMAG=10.165|VMAGINS=-14.001|VMAG=9.400,0,1.017,Z,-13.523,-13.213,None,ZZ Mic,AAVSO,STD,,,,
2461245.217884,9.379,0.002,,TG,PEX,,205919-425311,210024-424312,X42781CML,|CNAME=205919-425311|CDEC=-42.88661|CRA=314.82917|CMAGINS=-13.500|CREFMAG=9.877|KNAME=210024-424312|KDEC=-42.72003|KRA=315.10412|KMAGINS=-13.212|KREFMAG=10.165|VMAGINS=-13.998|VMAG=9.379,0,1.017,Z,-13.5,-13.174,None,ZZ Mic,AAVSO,STD,,,,
2461245.218506,9.404,0.002,,TG,PEX,,205919-425311,210024-424312,X42781CML,|CNAME=205919-425311|CDEC=-42.88661|CRA=314.82917|CMAGINS=-13.511|CREFMAG=9.877|KNAME=210024-424312|KDEC=-42.72003|KRA=315.10412|KMAGINS=-13.223|KREFMAG=10.165|VMAGINS=-13.984|VMAG=9.404,0,1.018,Z,-13.511,-13.209,None,ZZ Mic,AAVSO,STD,,,,
2461245.219128,9.39,0.002,,TG,PEX,,205919-425311,210024-424312,X42781CML,|CNAME=205919-425311|CDEC=-42.88661|CRA=314.82917|CMAGINS=-13.463|CREFMAG=9.877|KNAME=210024-424312|KDEC=-42.72003|KRA=315.10412|KMAGINS=-13.174|KREFMAG=10.165|VMAGINS=-13.950|VMAG=9.390,0,1.018,Z,-13.463,-13.162,None,ZZ Mic,AAVSO,STD,,,,
2461245.219745,9.38,0.002,,TG,PEX,,205919-425311,210024-424312,X42781CML,|CNAME=205919-425311|CDEC=-42.88661|CRA=314.82917|CMAGINS=-13.456|CREFMAG=9.877|KNAME=210024-424312|KDEC=-42.72003|KRA=315.10412|KMAGINS=-13.167|KREFMAG=10.165|VMAGINS=-13.952|VMAG=9.380,0,1.018,Z,-13.456,-13.196,None,ZZ Mic,AAVSO,STD,,,,
2461245.220358,9.443,0.002,,TG,PEX,,205919-425311,210024-424312,X42781CML,|CNAME=205919-425311|CDEC=-42.88661|CRA=314.82917|CMAGINS=-13.461|CREFMAG=9.877|KNAME=210024-424312|KDEC=-42.72003|KRA=315.10412|KMAGINS=-13.173|KREFMAG=10.165|VMAGINS=-13.896|VMAG=9.443,0,1.018,Z,-13.461,-13.148,None,ZZ Mic,AAVSO,STD,,,,
2461245.221195,9.41,0.002,,TG,PEX,,205919-425311,210024-424312,X42781CML,|CNAME=205919-425311|CDEC=-42.88661|CRA=314.82917|CMAGINS=-13.472|CREFMAG=9.877|KNAME=210024-424312|KDEC=-42.72003|KRA=315.10412|KMAGINS=-13.184|KREFMAG=10.165|VMAGINS=-13.939|VMAG=9.410,0,1.018,Z,-13.472,-13.234,None,ZZ Mic,AAVSO,STD,,,,
2461245.22204,9.458,0.002,,TG,PEX,,205919-425311,210024-424312,X42781CML,|CNAME=205919-425311|CDEC=-42.88661|CRA=314.82917|CMAGINS=-13.507|CREFMAG=9.877|KNAME=210024-424312|KDEC=-42.72003|KRA=315.10412|KMAGINS=-13.219|KREFMAG=10.165|VMAGINS=-13.926|VMAG=9.458,0,1.018,Z,-13.508,-13.213,None,ZZ Mic,AAVSO,STD,,,,
